JockeyId,LastOff,JockeyNumberOfPriorRaces,JockeyWinPercentage,JockeyTop3Percentage,JockeyAvgRelFinishingPosition
490,2026-09-20 16:10:00,3.0,0.3333333333333333,0.6666666666666666,0.45555555555555555
662,2026-09-11 13:50:00,1.0,0.0,0.0,0.8461538461538461
719,2026-08-20 18:32:00,1.0,0.0,0.0,0.5
752,2026-09-11 13:50:00,1.0,0.0,0.0,0.9230769230769231
2033,2026-09-02 17:08:00,4.0,0.25,0.25,0.5479166666666666
2150,2026-08-22 16:20:00,6.0,0.0,0.5,0.5146520146520147
2456,2026-09-29 19:30:00,149.0,0.087248322147651,0.2751677852348993,0.6167183340850929
2496,2026-09-11 13:50:00,1.0,0.0,0.0,1.0
2572,2026-09-11 13:50:00,1.0,0.0,0.0,0.6923076923076923
2746,2026-09-11 13:50:00,1.0,0.0,1.0,0.15384615384615385
2891,2026-09-28 12:35:00,8.0,0.125,0.25,0.604680735930736
3487,2026-07-27 20:20:00,5.0,0.0,0.8,0.36291208791208784
3572,2026-09-27 16:20:00,61.0,0.01639344262295082,0.06557377049180328,0.6568166500714844
4043,2026-09-28 12:35:00,22.0,0.13636363636363635,0.4090909090909091,0.51487111373475
6629,2026-09-03 14:56:00,6.0,0.0,0.5,0.44365079365079363
6901,2026-10-01 15:43:00,315.0,0.18730158730158733,0.4126984126984127,0.4871557901562197
7605,2026-09-29 15:25:00,264.0,0.04924242424242424,0.21212121212121213,0.5695048006409004
8414,2026-06-13 10:01:00,2.0,0.0,0.0,0.8166666666666667
8904,2026-09-20 16:10:00,1.0,0.0,0.0,0.7777777777777778
8992,2026-10-01 17:17:00,114.0,0.07017543859649122,0.38596491228070173,0.42573041464356437
9032,2026-08-31 15:35:00,6.0,0.0,0.3333333333333333,0.5971320346320347
9135,2026-08-28 17:25:00,7.0,0.0,0.14285714285714285,0.6027080062794348
9485,2026-08-15 19:57:00,6.0,0.16666666666666666,0.16666666666666666,0.7956349206349206
9594,2026-09-20 16:10:00,3.0,0.3333333333333333,0.6666666666666666,0.5
9815,2026-09-19 14:52:00,18.0,0.0,0.2777777777777778,0.3965247851277263
9836,2026-10-01 18:00:00,322.0,0.15838509316770186,0.4192546583850932,0.5015901904342234
10368,2026-09-05 21:21:00,4.0,0.0,0.5,0.4558982683982684
10407,2026-09-27 19:40:00,25.0,0.12,0.28,0.47201235039470335
10456,2026-08-23 15:30:00,1.0,0.0,0.0,1.0
10766,2026-10-01 10:18:00,105.0,0.14285714285714285,0.4380952380952381,0.5375589401779879
11221,2026-07-18 18:22:00,1.0,0.0,0.0,0.8
11526,2026-05-02 18:25:00,1.0,0.0,0.0,1.0
11644,2026-08-23 15:30:00,1.0,0.0,0.0,0.6666666666666666
11683,2026-09-30 17:55:00,3.0,0.0,0.6666666666666666,0.42857142857142855
11905,2026-09-20 16:10:00,5.0,0.4,0.8,0.373015873015873
12421,2026-04-10 22:16:00,1.0,0.0,0.0,0.8571428571428571
12456,2026-09-13 19:45:00,11.0,0.09090909090909091,0.2727272727272727,0.6684269162210339
12571,2026-10-01 17:17:00,47.0,0.06382978723404255,0.5319148936170213,0.339587680048618
12956,2026-06-21 21:35:00,1.0,0.0,0.0,0.75
13096,2026-04-11 19:45:00,1.0,0.0,0.0,0.8
13203,2026-09-29 14:25:00,344.0,0.07267441860465117,0.29651162790697677,0.545279040889551
13276,2026-05-02 23:57:00,1.0,0.0,0.0,0.9444444444444444
13346,2026-09-12 19:45:00,5.0,0.0,0.2,0.6458333333333333
13645,2026-05-31 17:30:00,5.0,0.0,0.2,0.6245054945054945
13689,2026-09-25 13:15:00,151.0,0.11258278145695365,0.32450331125827814,0.5730848335586656
13699,2026-09-24 15:00:00,111.0,0.1981981981981982,0.4864864864864865,0.4713101745454687
14151,2026-04-14 15:50:00,1.0,0.0,0.0,1.0
14207,2026-09-20 15:48:00,6.0,0.0,0.16666666666666666,0.506084656084656
14332,2026-10-01 18:30:00,333.0,0.08708708708708708,0.3153153153153153,0.5484247691678031
14364,2026-09-20 14:45:00,2.0,0.0,0.0,0.9285714285714286
14469,2026-09-27 12:10:00,7.0,0.0,0.2857142857142857,0.557142857142857
14552,2026-08-08 19:07:00,7.0,0.0,0.2857142857142857,0.4768788284544588
14629,2026-10-01 16:55:00,245.0,0.07346938775510205,0.30612244897959184,0.5974191069479184
75240,2026-08-08 15:32:00,9.0,0.0,0.3333333333333333,0.5718915343915344
75300,2026-05-23 16:50:00,3.0,0.0,0.0,0.7476190476190476
75317,2026-05-14 20:20:00,1.0,0.0,0.0,1.0
75391,2026-09-27 19:40:00,9.0,0.0,0.2222222222222222,0.49135802469135803
75403,2026-06-04 17:23:00,4.0,0.0,0.0,0.7963598901098902
75464,2026-09-11 13:50:00,1.0,0.0,0.0,0.7692307692307693
75499,2026-09-29 14:40:00,185.0,0.0918918918918919,0.23243243243243245,0.5808143508143508
75506,2026-10-01 16:55:00,143.0,0.13986013986013987,0.4195804195804196,0.49605749246291364
75539,2026-09-29 12:55:00,47.0,0.0851063829787234,0.2553191489361702,0.5316656452294751
75566,2026-05-04 13:35:00,5.0,0.0,0.2,0.5359968102073365
75609,2026-10-01 16:30:00,209.0,0.0430622009569378,0.15311004784688995,0.6423534252519137
75620,2026-09-27 19:45:00,40.0,0.15,0.35,0.5189690130131307
75796,2026-09-29 17:35:00,273.0,0.1282051282051282,0.4432234432234432,0.4722005287030407
75804,2026-09-26 17:40:00,2.0,0.0,0.5,0.22767857142857142
75913,2026-09-12 19:45:00,4.0,0.0,0.0,0.5693497474747474
76125,2026-09-29 15:15:00,102.0,0.058823529411764705,0.14705882352941177,0.5741871554371554
76137,2026-09-27 19:40:00,32.0,0.125,0.46875,0.34565958959341314
76497,2026-04-24 16:00:00,8.0,0.0,0.375,0.536068272005772
76602,2026-09-30 17:35:00,296.0,0.12837837837837837,0.36824324324324326,0.5185875776754849
76739,2026-08-20 18:32:00,1.0,0.0,0.0,1.0
76831,2026-10-01 19:30:00,278.0,0.0539568345323741,0.2158273381294964,0.6255392738252176
76838,2026-07-04 16:00:00,3.0,0.0,0.6666666666666666,0.41313131313131307
76872,2026-09-26 17:10:00,333.0,0.10810810810810811,0.3633633633633634,0.5277155998679383
76880,2026-09-29 15:15:00,35.0,0.08571428571428572,0.4857142857142857,0.4612717441288869
76955,2026-06-28 16:55:00,5.0,0.0,0.0,0.723397435897436
76961,2026-05-23 14:30:00,2.0,0.0,0.0,0.7708333333333333
76966,2026-08-29 17:25:00,1.0,0.0,0.0,0.7368421052631579
76975,2026-04-06 16:45:00,1.0,0.0,0.0,0.75
76995,2026-09-19 19:15:00,10.0,0.1,0.2,0.4537581862581862
77014,2026-04-11 16:30:00,1.0,0.0,1.0,0.125
77257,2026-07-04 15:00:00,13.0,0.0,0.0,0.6216480101095486
77268,2026-09-27 19:40:00,12.0,0.0,0.0,0.5616217320261437
77306,2026-06-13 19:44:00,5.0,0.0,0.4,0.5640026640026641
77442,2026-09-20 13:15:00,22.0,0.2727272727272727,0.5909090909090909,0.4641299357208448
77702,2026-09-26 17:40:00,1.0,0.0,0.0,0.9285714285714286
77767,2026-10-01 20:30:00,810.0,0.19876543209876543,0.5320987654320988,0.44585014288091157
77930,2026-08-02 15:55:00,7.0,0.0,0.0,0.7536891679748824
78097,2026-05-23 14:30:00,1.0,0.0,0.0,0.3125
78114,2026-09-20 15:15:00,3.0,0.0,0.3333333333333333,0.5638888888888889
78223,2026-10-01 16:50:00,491.0,0.11608961303462322,0.3971486761710794,0.5017326289443405
78238,2026-09-26 17:15:00,153.0,0.05228758169934641,0.2875816993464052,0.6050789285438408
78252,2026-09-05 13:30:00,7.0,0.14285714285714285,0.7142857142857143,0.35488955488955487
78294,2026-06-27 21:25:00,1.0,0.0,0.0,1.0
78298,2026-08-20 18:32:00,1.0,1.0,1.0,0.125
78387,2026-09-21 19:45:00,11.0,0.0,0.09090909090909091,0.6358241505968779
78398,2026-09-28 16:38:00,201.0,0.05970149253731343,0.22885572139303484,0.6327964982047511
78401,2026-06-28 10:28:00,2.0,0.0,0.0,0.5333333333333333
78482,2026-09-27 19:45:00,28.0,0.07142857142857142,0.21428571428571427,0.6133393567217096
78491,2026-09-19 17:25:00,1.0,0.0,0.0,0.8888888888888888
78624,2026-09-29 14:40:00,80.0,0.075,0.325,0.4984006444943946
78935,2026-09-28 15:50:00,66.0,0.12121212121212122,0.30303030303030304,0.5937590533847218
79143,2026-09-27 19:45:00,53.0,0.09433962264150944,0.32075471698113206,0.455486674812424
79202,2026-09-27 16:20:00,340.0,0.24705882352941178,0.4823529411764706,0.4408719770359954
79203,2026-06-21 19:30:00,3.0,0.0,0.0,0.5264550264550265
79244,2026-06-19 19:45:00,21.0,0.047619047619047616,0.23809523809523808,0.6401879866165581
79273,2026-10-01 14:40:00,53.0,0.1509433962264151,0.4528301886792453,0.39696919802358205
79344,2026-09-27 13:10:00,5.0,0.0,0.2,0.7811111111111111
79371,2026-10-01 20:00:00,428.0,0.10981308411214953,0.3317757009345794,0.5624080211900714
79499,2026-09-24 17:10:00,69.0,0.057971014492753624,0.36231884057971014,0.5104018767062245
79529,2026-09-06 21:45:00,209.0,0.10047846889952153,0.3253588516746411,0.4524286718066623
79534,2026-08-29 17:25:00,1.0,1.0,1.0,0.05263157894736842
79551,2026-08-20 18:32:00,1.0,0.0,0.0,0.625
79582,2026-09-26 19:45:00,40.0,0.175,0.325,0.4631770884344414
79645,2026-08-08 19:07:00,1.0,0.0,1.0,0.23076923076923078
79663,2026-09-27 15:22:00,74.0,0.14864864864864866,0.3918918918918919,0.4900582900582901
79896,2026-06-06 17:00:00,2.0,0.0,0.0,0.7417582417582418
79932,2026-08-20 18:32:00,1.0,0.0,0.0,0.875
79998,2026-06-13 20:50:00,1.0,0.0,0.0,0.38461538461538464
80042,2026-06-13 19:12:00,4.0,0.25,0.5,0.34375
80048,2026-09-27 19:40:00,5.0,0.0,0.2,0.6195454545454545
80063,2026-08-20 18:32:00,1.0,0.0,0.0,0.75
80153,2026-09-11 13:50:00,1.0,0.0,0.0,0.38461538461538464
80193,2026-05-30 19:54:00,2.0,0.0,1.0,0.2153846153846154
80256,2026-08-25 13:18:00,7.0,0.5714285714285714,0.8571428571428571,0.23592360020931452
80403,2026-06-21 21:35:00,1.0,0.0,0.0,0.8333333333333334
80421,2026-10-01 20:00:00,113.0,0.07964601769911504,0.2920353982300885,0.6491575779186397
80502,2026-09-11 13:50:00,1.0,0.0,0.0,0.46153846153846156
80557,2026-06-21 19:30:00,1.0,0.0,0.0,1.0
80562,2026-09-05 17:38:00,5.0,0.0,0.2,0.775
80588,2026-04-16 17:00:00,2.0,0.0,0.0,0.8645833333333333
80590,2026-05-30 14:41:00,3.0,0.0,0.0,0.6680672268907563
80609,2026-05-16 19:38:00,2.0,0.0,0.0,0.75625
80623,2026-04-06 16:48:00,1.0,0.0,0.0,1.0
80633,2026-09-11 13:50:00,1.0,1.0,1.0,0.07692307692307693
80651,2026-09-29 15:15:00,34.0,0.058823529411764705,0.14705882352941177,0.575957988090341
80669,2026-07-12 16:10:00,52.0,0.11538461538461539,0.6730769230769231,0.38634629259629255
80685,2026-09-26 17:35:00,25.0,0.12,0.52,0.35136907313532695
80695,2026-09-20 17:08:00,30.0,0.1,0.6,0.35561808561808567
80697,2026-09-28 17:40:00,1.0,0.0,0.0,0.5625
80880,2026-05-02 21:10:00,2.0,0.0,0.0,0.7982954545454546
81069,2026-07-04 18:23:00,10.0,0.1,0.3,0.5262068731921673
81127,2026-09-27 19:40:00,11.0,0.0,0.09090909090909091,0.5934829579214607
81150,2026-05-30 19:54:00,8.0,0.0,0.125,0.7258914696414697
81166,2026-10-01 18:30:00,359.0,0.10027855153203342,0.31754874651810583,0.5782886344990513
81204,2026-09-28 15:55:00,60.0,0.05,0.36666666666666664,0.40566141503834996
81229,2026-09-27 19:45:00,7.0,0.14285714285714285,0.2857142857142857,0.5804945054945055
81230,2026-09-10 19:20:00,21.0,0.047619047619047616,0.19047619047619047,0.6750926322354893
81355,2026-06-06 18:52:00,1.0,0.0,0.0,0.6666666666666666
81371,2026-10-01 16:50:00,67.0,0.04477611940298507,0.2537313432835821,0.5904079556186668
81391,2026-09-20 13:15:00,6.0,0.3333333333333333,0.6666666666666666,0.30437710437710436
81409,2026-10-01 16:35:00,92.0,0.20652173913043478,0.5760869565217391,0.4270665786330748
81414,2026-09-26 15:55:00,65.0,0.07692307692307693,0.4461538461538462,0.3546949125116546
81425,2026-10-01 17:05:00,554.0,0.148014440433213,0.3898916967509025,0.4536348143082144
81473,2026-06-21 17:55:00,6.0,0.16666666666666666,0.3333333333333333,0.46368284493284495
81479,2026-09-12 18:40:00,4.0,0.0,0.0,0.7972652347652349
81496,2026-06-11 20:15:00,3.0,0.0,0.3333333333333333,0.29444444444444445
81565,2026-09-27 19:45:00,49.0,0.10204081632653061,0.3877551020408163,0.4476338287562778
81634,2026-05-03 21:25:00,6.0,0.16666666666666666,0.16666666666666666,0.41997354497354494
81644,2026-09-27 18:00:00,17.0,0.0,0.23529411764705882,0.5997177658942364
81648,2026-09-26 17:40:00,2.0,0.0,0.0,0.9285714285714286
81656,2026-09-26 17:40:00,2.0,0.0,0.5,0.2767857142857143
81696,2026-06-13 20:50:00,1.0,0.0,0.0,1.0
82122,2026-09-30 16:33:00,233.0,0.06437768240343347,0.2575107296137339,0.6159105197632151
82182,2026-06-13 19:44:00,2.0,0.0,0.0,0.9444444444444444
82231,2026-10-01 18:30:00,464.0,0.14870689655172414,0.4224137931034483,0.48803871962020173
82280,2026-07-17 16:52:00,1.0,0.0,1.0,0.0
82339,2026-10-01 21:40:00,292.0,0.21232876712328766,0.476027397260274,0.38864526220489154
82454,2026-05-09 13:53:00,1.0,0.0,1.0,0.13333333333333333
82458,2026-10-01 15:20:00,233.0,0.03862660944206009,0.15021459227467812,0.6271677906958202
82485,2026-09-26 17:30:00,153.0,0.1568627450980392,0.5294117647058824,0.4155233164460385
82512,2026-05-01 12:22:00,1.0,0.0,1.0,0.2
82573,2026-09-26 21:58:00,5.0,0.0,0.2,0.7571428571428571
82642,2026-09-19 17:20:00,35.0,0.0,0.14285714285714285,0.7200619222047794
82680,2026-10-01 16:09:00,259.0,0.08108108108108109,0.44787644787644787,0.3643461744886182
82747,2026-09-26 17:40:00,2.0,0.5,0.5,0.3794642857142857
82755,2026-04-04 14:35:00,1.0,0.0,1.0,0.3333333333333333
82882,2026-09-27 19:45:00,20.0,0.05,0.2,0.5057928182928182
83226,2026-09-18 18:25:00,1.0,0.0,0.0,0.9285714285714286
83227,2026-09-19 19:15:00,12.0,0.5,0.8333333333333334,0.2093984718984719
83292,2026-10-01 16:00:00,73.0,0.0547945205479452,0.3424657534246575,0.5334535707823379
83293,2026-10-01 15:15:00,80.0,0.075,0.4375,0.4042130663454193
83381,2026-09-06 11:52:00,26.0,0.11538461538461539,0.34615384615384615,0.541960816960817
83386,2026-08-14 19:55:00,8.0,0.25,0.375,0.364562140645732
83482,2026-09-30 15:15:00,409.0,0.08801955990220049,0.2982885085574572,0.5325284780986409
83487,2026-08-29 17:20:00,4.0,0.0,0.0,0.5964285714285714
83525,2026-09-28 14:45:00,2.0,0.0,0.5,0.38888888888888884
83530,2026-06-27 10:59:00,3.0,0.0,0.0,0.6811706811706811
83538,2026-09-12 10:29:00,3.0,0.0,0.0,0.8023809523809523
83554,2026-10-01 21:40:00,153.0,0.0457516339869281,0.1568627450980392,0.633397902025353
83556,2026-08-23 15:30:00,1.0,0.0,0.0,0.5
83588,2026-10-01 16:50:00,309.0,0.05825242718446602,0.2783171521035599,0.5992970138147559
83607,2026-09-11 13:50:00,1.0,0.0,1.0,0.23076923076923078
83615,2026-05-16 18:50:00,1.0,0.0,0.0,0.6875
83655,2026-06-07 18:00:00,8.0,0.0,0.25,0.5090277777777777
83698,2026-10-01 16:35:00,135.0,0.0962962962962963,0.45925925925925926,0.48327455466344355
83720,2026-09-23 14:57:00,129.0,0.06201550387596899,0.1937984496124031,0.6145683105930425
83731,2026-09-27 17:30:00,22.0,0.13636363636363635,0.3181818181818182,0.4116781942140793
83746,2026-10-01 16:50:00,445.0,0.11685393258426967,0.3595505617977528,0.5415744300901882
83809,2026-10-01 16:25:00,89.0,0.07865168539325842,0.42696629213483145,0.40699637716326414
83964,2026-09-30 17:15:00,134.0,0.12686567164179105,0.4925373134328358,0.3661435224882174
84020,2026-09-30 14:48:00,100.0,0.05,0.26,0.6452479881229881
84042,2026-08-31 13:12:00,5.0,0.0,0.0,0.7512265512265512
84416,2026-10-01 17:25:00,407.0,0.13513513513513514,0.3882063882063882,0.5193745780939701
84470,2026-06-13 10:01:00,1.0,0.0,0.0,1.0
84536,2026-09-07 21:18:00,5.0,0.4,0.4,0.5692063492063493
84541,2026-10-01 16:50:00,280.0,0.06428571428571428,0.23214285714285715,0.6374563726545704
84598,2026-10-01 16:25:00,96.0,0.1875,0.46875,0.39445955307628106
84604,2026-06-21 19:45:00,3.0,0.0,0.0,0.375
84636,2026-10-01 16:18:00,404.0,0.12376237623762376,0.3688118811881188,0.5227528180995442
84649,2026-10-01 21:17:00,15.0,0.0,0.26666666666666666,0.6255459355459354
84729,2026-09-25 17:40:00,1.0,0.0,0.0,1.0
84734,2026-04-02 12:55:00,1.0,0.0,0.0,0.75
84764,2026-09-29 17:35:00,234.0,0.08974358974358974,0.2264957264957265,0.5853328625888561
84768,2026-09-26 17:40:00,1.0,0.0,0.0,0.7857142857142857
84779,2026-09-27 12:40:00,54.0,0.018518518518518517,0.12962962962962962,0.6336664121020847
84808,2026-04-24 14:36:00,1.0,0.0,0.0,0.4444444444444444
84818,2026-09-19 17:30:00,7.0,0.14285714285714285,0.42857142857142855,0.45057323628752194
84819,2026-09-19 10:48:00,2.0,0.5,0.5,0.4714285714285714
84827,2026-08-21 17:32:00,1.0,0.0,0.0,0.8888888888888888
84831,2026-09-28 12:35:00,25.0,0.2,0.64,0.41725685425685427
84853,2026-09-19 10:36:00,18.0,0.1111111111111111,0.2222222222222222,0.659395542728876
84857,2026-10-01 17:25:00,619.0,0.10662358642972536,0.3651050080775444,0.5499657892009359
84869,2026-09-11 13:50:00,1.0,0.0,0.0,0.3076923076923077
84879,2026-09-29 15:15:00,419.0,0.15990453460620524,0.4343675417661098,0.4758331655130941
84882,2026-10-01 15:49:00,215.0,0.06511627906976743,0.27441860465116275,0.6066493648470394
84921,2026-08-22 15:00:00,184.0,0.15217391304347827,0.30434782608695654,0.4847350867731303
84932,2026-08-01 18:50:00,15.0,0.06666666666666667,0.26666666666666666,0.5810177404295052
84933,2026-09-27 12:10:00,14.0,0.0,0.2857142857142857,0.6365878169449598
84936,2026-10-01 17:17:00,147.0,0.09523809523809523,0.3197278911564626,0.43307329171043085
84951,2026-09-29 17:35:00,244.0,0.06557377049180328,0.21721311475409835,0.5832720162013291
84954,2026-08-19 16:45:00,2.0,0.0,0.5,0.6031746031746031
84966,2026-05-23 11:31:00,1.0,0.0,0.0,1.0
84986,2026-04-12 14:15:00,1.0,0.0,0.0,0.5333333333333333
85038,2026-08-08 19:07:00,6.0,0.0,0.5,0.5014119867061044
85061,2026-07-26 14:15:00,9.0,0.0,0.2222222222222222,0.5334930501597168
85091,2026-04-01 20:20:00,2.0,0.0,0.0,0.5
85111,2026-09-13 19:45:00,11.0,0.0,0.0,0.5299857821916646
85113,2026-05-02 12:03:00,1.0,0.0,0.0,0.4444444444444444
85115,2026-09-29 15:45:00,76.0,0.2894736842105264,0.631578947368421,0.28557071312081905
85156,2026-07-26 16:15:00,6.0,0.0,0.3333333333333333,0.5206552706552706
85159,2026-04-04 15:15:00,1.0,0.0,0.0,0.46153846153846156
85168,2026-07-26 16:15:00,6.0,0.0,0.16666666666666666,0.634553872053872
85218,2026-09-28 13:50:00,293.0,0.3447098976109215,0.764505119453925,0.3523703164488147
85396,2026-09-27 19:05:00,49.0,0.08163265306122448,0.32653061224489793,0.49543942118972123
85449,2026-09-06 15:00:00,1.0,0.0,0.0,0.625
85466,2026-06-15 17:30:00,8.0,0.125,0.25,0.46826923076923077
85469,2026-09-27 19:45:00,61.0,0.11475409836065574,0.29508196721311475,0.5364508402237429
85517,2026-05-30 19:54:00,9.0,0.1111111111111111,0.3333333333333333,0.45923906340573
85540,2026-10-01 21:17:00,28.0,0.17857142857142858,0.4642857142857143,0.5560013399299114
85541,2026-10-01 21:40:00,207.0,0.08695652173913043,0.2608695652173913,0.5043773993049355
85594,2026-08-20 18:32:00,1.0,0.0,1.0,0.25
85617,2026-04-25 18:32:00,1.0,0.0,0.0,0.95
85620,2026-09-09 11:49:00,19.0,0.05263157894736842,0.15789473684210525,0.6246943115364169
85694,2026-09-13 19:45:00,19.0,0.0,0.42105263157894735,0.43079573934837095
85698,2026-09-19 21:03:00,1.0,0.0,0.0,1.0
85745,2026-09-28 12:35:00,27.0,0.07407407407407407,0.37037037037037035,0.6137432526321415
85782,2026-10-01 16:18:00,400.0,0.105,0.3025,0.5283196248375235
85783,2026-07-18 17:30:00,41.0,0.024390243902439025,0.5853658536585366,0.34174984906692224
85793,2026-10-01 15:08:00,343.0,0.239067055393586,0.49854227405247814,0.4684436571664546
85822,2026-10-01 15:15:00,47.0,0.2127659574468085,0.5106382978723404,0.36689096955054395
85841,2026-09-19 18:20:00,15.0,0.06666666666666667,0.26666666666666666,0.5927993248581485
85846,2026-10-01 14:50:00,96.0,0.09375,0.5520833333333333,0.44184860278610283
85910,2026-09-27 19:40:00,2.0,0.0,0.5,0.375
85919,2026-09-20 14:39:00,7.0,0.14285714285714285,0.2857142857142857,0.5848072562358276
85932,2026-10-01 14:50:00,62.0,0.11290322580645161,0.532258064516129,0.39893054973700137
85994,2026-04-03 21:44:00,1.0,0.0,0.0,0.45454545454545453
86013,2026-10-01 16:50:00,509.0,0.1237721021611002,0.3418467583497053,0.5636719666967466
86151,2026-09-20 15:15:00,3.0,0.3333333333333333,0.3333333333333333,0.5083333333333333
86276,2026-05-09 17:05:00,4.0,0.0,1.0,0.10714285714285714
86308,2026-09-28 12:35:00,48.0,0.08333333333333333,0.3333333333333333,0.5664924774299774
86321,2026-10-01 16:25:00,30.0,0.03333333333333333,0.5333333333333333,0.33556850012732375
86349,2026-09-26 15:40:00,426.0,0.10328638497652583,0.3873239436619718,0.4676436985108971
86352,2026-09-26 21:58:00,1.0,0.0,1.0,0.2857142857142857
86357,2026-09-26 15:05:00,88.0,0.045454545454545456,0.4318181818181818,0.4509535918626828
86359,2026-09-29 15:45:00,85.0,0.17647058823529413,0.5176470588235295,0.41129844012196937
86429,2026-09-05 17:34:00,1.0,0.0,0.0,0.9375
86502,2026-09-30 17:15:00,117.0,0.2649572649572649,0.717948717948718,0.2919389724340638
86552,2026-06-21 19:45:00,4.0,0.0,0.5,0.3164828431372549
86580,2026-09-06 13:05:00,16.0,0.125,0.375,0.5653386544011544
86585,2026-06-27 18:58:00,6.0,0.16666666666666666,0.16666666666666666,0.32830328712681656
86588,2026-10-01 21:48:00,36.0,0.19444444444444445,0.3611111111111111,0.5824440220273552
86601,2026-09-20 14:45:00,7.0,0.0,0.14285714285714285,0.6811482168625025
86606,2026-06-22 18:35:00,6.0,0.0,0.3333333333333333,0.559325396825397
86688,2026-10-01 21:48:00,64.0,0.09375,0.375,0.5675756535131534
86690,2026-09-25 20:15:00,89.0,0.033707865168539325,0.25842696629213485,0.6117951813920088
86696,2026-08-06 16:40:00,2.0,0.0,0.0,0.719047619047619
86760,2026-09-27 17:30:00,40.0,0.05,0.2,0.5118164383131488
86769,2026-10-01 16:55:00,127.0,0.08661417322834646,0.29133858267716534,0.5720263390307393
86772,2026-08-10 12:55:00,1.0,0.0,0.0,0.625
86839,2026-09-27 19:05:00,21.0,0.14285714285714285,0.3333333333333333,0.4678425410568268
86848,2026-10-01 14:10:00,356.0,0.06460674157303371,0.2443820224719101,0.5343510113207537
86869,2026-08-29 15:25:00,2.0,0.0,0.0,0.7571428571428571
86877,2026-08-11 17:30:00,71.0,0.1267605633802817,0.28169014084507044,0.5233827918376385
86912,2026-10-01 16:18:00,9.0,0.1111111111111111,0.4444444444444444,0.4853174603174603
86932,2026-10-01 14:40:00,9.0,0.0,0.4444444444444444,0.3086674128340795
87049,2026-05-09 19:55:00,1.0,0.0,0.0,0.6428571428571429
87059,2026-06-21 17:55:00,3.0,0.0,0.0,0.8376068376068376
87085,2026-09-19 16:35:00,3.0,0.0,0.3333333333333333,0.4845238095238096
87092,2026-09-21 19:45:00,13.0,0.23076923076923078,0.5384615384615384,0.32665528915528913
87112,2026-09-27 19:45:00,92.0,0.22826086956521738,0.532608695652174,0.34588407020682554
87115,2026-08-15 20:46:00,1.0,0.0,0.0,1.0
87141,2026-08-29 13:40:00,3.0,0.0,0.3333333333333333,0.5055555555555555
87143,2026-09-27 19:40:00,17.0,0.058823529411764705,0.35294117647058826,0.3838557972208491
87221,2026-09-21 19:45:00,16.0,0.0,0.1875,0.5732476418597742
87255,2026-06-26 16:58:00,7.0,0.0,0.5714285714285714,0.3808390022675737
87269,2026-04-09 15:30:00,2.0,0.0,0.0,0.5880681818181819
87290,2026-09-30 17:08:00,320.0,0.121875,0.34375,0.549973840786061
87302,2026-09-27 19:45:00,12.0,0.08333333333333333,0.25,0.49385452510452504
87349,2026-10-01 21:40:00,252.0,0.09126984126984126,0.30158730158730157,0.4856194621075573
87357,2026-06-20 15:40:00,8.0,0.125,0.5,0.3250381562881563
87390,2026-09-27 19:40:00,11.0,0.09090909090909091,0.09090909090909091,0.8005772005772006
87483,2026-09-13 19:45:00,6.0,0.0,0.0,0.5473720043572985
87501,2026-07-18 15:10:00,15.0,0.4,0.7333333333333333,0.27183742183742177
87503,2026-10-01 16:35:00,76.0,0.11842105263157894,0.5263157894736842,0.47263193677667353
87524,2026-10-01 15:34:00,183.0,0.12568306010928962,0.45901639344262296,0.3832624932621126
87528,2026-10-01 15:25:00,87.0,0.11494252873563218,0.5057471264367817,0.45236171874102904
87533,2026-09-19 17:30:00,6.0,0.0,0.3333333333333333,0.5906385281385281
87585,2026-09-28 14:45:00,25.0,0.12,0.56,0.5059047619047619
87589,2026-10-01 14:33:00,214.0,0.102803738317757,0.29906542056074764,0.5968114509722416
87591,2026-05-09 17:05:00,2.0,0.5,1.0,0.3055555555555556
87598,2026-08-25 17:30:00,1.0,0.0,0.0,0.6875
87600,2026-09-29 17:35:00,412.0,0.22330097087378642,0.5097087378640778,0.40984602062700287
87635,2026-05-15 20:40:00,1.0,0.0,0.0,0.7142857142857143
87637,2026-08-13 20:18:00,9.0,0.1111111111111111,0.4444444444444444,0.30305836139169473
87644,2026-10-01 16:00:00,43.0,0.13953488372093023,0.5813953488372093,0.3907071825676477
87646,2026-09-25 15:38:00,13.0,0.0,0.07692307692307693,0.6501631915093454
87647,2026-09-12 17:50:00,2.0,0.0,0.5,0.55
87660,2026-09-06 12:33:00,9.0,0.0,0.2222222222222222,0.7451459034792367
87671,2026-09-03 14:56:00,7.0,0.2857142857142857,0.7142857142857143,0.23922902494331064
87685,2026-09-25 17:40:00,6.0,0.0,0.3333333333333333,0.4828902034784388
87767,2026-09-26 17:25:00,5.0,0.0,0.0,0.8170518207282914
87793,2026-09-19 10:36:00,3.0,0.0,0.0,0.7342592592592592
87804,2026-07-26 16:15:00,11.0,0.45454545454545453,0.9090909090909091,0.1811226652135743
87914,2026-05-16 21:15:00,3.0,0.0,0.0,0.6693181818181818
87958,2026-09-29 15:15:00,48.0,0.24999999999999997,0.6458333333333334,0.377660353671383
87970,2026-07-18 16:40:00,4.0,0.25,0.75,0.5666666666666667
87991,2026-07-04 16:00:00,2.0,0.0,0.0,0.6666666666666667
88011,2026-06-21 21:35:00,1.0,0.0,1.0,0.25
88013,2026-06-21 21:35:00,1.0,0.0,0.0,0.5833333333333334
88023,2026-10-01 16:00:00,157.0,0.17197452229299362,0.5159235668789809,0.45353982587497016
88059,2026-06-21 21:35:00,1.0,0.0,0.0,0.6666666666666666
88090,2026-09-26 18:00:00,50.0,0.039999999999999994,0.48,0.4372232212232212
88108,2026-04-24 17:30:00,9.0,0.1111111111111111,0.2222222222222222,0.7164782748116081
88200,2026-04-25 19:45:00,1.0,0.0,0.0,0.8888888888888888
88255,2026-09-05 17:34:00,1.0,0.0,0.0,0.625
88273,2026-10-01 21:48:00,131.0,0.25190839694656486,0.5801526717557252,0.4541039537222743
88288,2026-10-01 16:09:00,193.0,0.10362694300518134,0.43005181347150256,0.40997878593865855
88300,2026-10-01 21:10:00,191.0,0.010471204188481676,0.1256544502617801,0.6270242265006662
88370,2026-09-26 19:45:00,61.0,0.08196721311475409,0.2459016393442623,0.5588948004208371
88373,2026-08-22 13:25:00,11.0,0.0,0.0,0.6762052341597795
88434,2026-10-01 21:40:00,149.0,0.013422818791946308,0.15436241610738255,0.6142297858740812
88446,2026-06-13 14:35:00,4.0,0.0,0.5,0.38358516483516486
88451,2026-09-25 16:25:00,55.0,0.10909090909090909,0.4727272727272727,0.46714141918687374
88471,2026-09-29 16:15:00,76.0,0.06578947368421052,0.39473684210526316,0.5211708247892458
88520,2026-09-29 17:35:00,220.0,0.15454545454545454,0.41363636363636364,0.48872848111484474
88536,2026-10-01 21:10:00,188.0,0.10106382978723404,0.19148936170212766,0.5683330115510966
88542,2026-07-05 12:43:00,1.0,0.0,0.0,0.7142857142857143
88557,2026-08-25 15:03:00,2.0,0.0,0.0,0.9375
88563,2026-09-29 15:25:00,286.0,0.06293706293706294,0.2692307692307692,0.5478659425500123
88632,2026-10-01 21:40:00,164.0,0.07317073170731707,0.25609756097560976,0.561255834274127
88633,2026-09-26 17:40:00,2.0,0.0,0.0,0.4732142857142857
88634,2026-10-01 21:40:00,290.0,0.1,0.296551724137931,0.5040205962619755
88642,2026-09-29 17:35:00,150.0,0.07333333333333333,0.24,0.5407238094149858
88660,2026-05-23 17:10:00,1.0,0.0,0.0,0.375
88667,2026-09-26 14:30:00,44.0,0.11363636363636363,0.6363636363636365,0.37714198680107774
88678,2026-09-27 19:40:00,22.0,0.22727272727272727,0.3181818181818182,0.3858863655655099
88697,2026-09-25 19:00:00,3.0,0.3333333333333333,0.3333333333333333,0.3904761904761905
88709,2026-09-29 15:15:00,203.0,0.054187192118226604,0.22167487684729065,0.5470548904521133
88727,2026-08-07 20:11:00,5.0,0.0,0.2,0.4802272727272728
88732,2026-10-01 16:09:00,198.0,0.07575757575757576,0.47474747474747475,0.37522175097768495
88778,2026-09-28 14:45:00,3.0,0.3333333333333333,0.3333333333333333,0.5252525252525252
88780,2026-07-24 15:03:00,3.0,0.3333333333333333,0.6666666666666666,0.444047619047619
88785,2026-10-01 15:49:00,105.0,0.0761904761904762,0.3619047619047619,0.5820767327910185
88798,2026-10-01 16:50:00,380.0,0.13157894736842105,0.3631578947368421,0.5282378661863558
88814,2026-09-26 21:58:00,77.0,0.14285714285714285,0.38961038961038963,0.5729448761916294
88822,2026-06-18 20:19:00,2.0,0.0,0.0,0.59375
88830,2026-05-02 21:10:00,1.0,0.0,0.0,1.0
88850,2026-09-29 17:35:00,535.0,0.09719626168224299,0.34205607476635513,0.5016522725849134
88869,2026-09-02 18:10:00,8.0,0.125,0.75,0.4394345238095238
88884,2026-09-26 18:00:00,62.0,0.1774193548387097,0.5161290322580645,0.4600954377164055
88894,2026-09-05 11:49:00,9.0,0.1111111111111111,0.3333333333333333,0.4792127625460958
88907,2026-09-26 14:30:00,149.0,0.2214765100671141,0.7046979865771812,0.39106148325946977
88921,2026-09-26 18:25:00,47.0,0.06382978723404255,0.23404255319148937,0.5319949189317148
88924,2026-10-01 13:49:00,116.0,0.0603448275862069,0.41379310344827586,0.39007402584308215
88939,2026-10-01 21:40:00,166.0,0.06626506024096386,0.24096385542168675,0.5303660028057618
88963,2026-05-09 19:30:00,1.0,0.0,0.0,0.5
88965,2026-08-17 14:15:00,8.0,0.25,0.25,0.5957792207792209
88974,2026-08-11 16:13:00,15.0,0.0,0.2,0.5950224775224774
89017,2026-06-14 12:30:00,1.0,0.0,0.0,1.0
89093,2026-09-28 12:35:00,55.0,0.2909090909090909,0.6909090909090909,0.4001812665449028
89242,2026-10-01 16:25:00,100.0,0.15,0.54,0.3496953446879918
89257,2026-09-27 19:05:00,13.0,0.0,0.07692307692307693,0.6948714432877329
89262,2026-09-29 14:40:00,217.0,0.07834101382488479,0.23963133640552994,0.5681312354212584
89264,2026-09-11 16:34:00,29.0,0.06896551724137931,0.3103448275862069,0.44497650270866607
89298,2026-10-01 15:50:00,80.0,0.0875,0.45,0.38951011814982406
89420,2026-05-15 20:15:00,1.0,0.0,0.0,0.8181818181818182
89436,2026-09-13 19:45:00,4.0,0.0,0.25,0.34375
89449,2026-09-09 11:17:00,4.0,0.0,0.0,0.5684523809523809
89541,2026-10-01 13:30:00,1.0,0.0,0.0,0.8571428571428571
89549,2026-09-20 16:10:00,1.0,1.0,1.0,0.1111111111111111
89558,2026-09-11 13:50:00,1.0,0.0,0.0,0.6153846153846154
89571,2026-09-05 17:30:00,191.0,0.06806282722513089,0.20418848167539266,0.6323428120767365
89590,2026-05-04 14:10:00,1.0,0.0,1.0,0.0
89627,2026-10-01 17:25:00,401.0,0.08728179551122195,0.2817955112219451,0.5805286290559369
89646,2026-08-25 16:48:00,2.0,0.0,0.5,0.23333333333333334
89679,2026-09-07 21:18:00,15.0,0.0,0.13333333333333333,0.7886507936507936
89686,2026-09-20 13:15:00,12.0,0.0,0.3333333333333333,0.6066708754208755
89725,2026-09-18 19:40:00,1.0,0.0,0.0,1.0
89775,2026-06-14 12:30:00,2.0,0.0,0.0,0.9166666666666667
89780,2026-06-21 18:35:00,2.0,0.0,0.5,0.75
89810,2026-09-29 15:15:00,34.0,0.0,0.17647058823529413,0.6938345967757735
89825,2026-09-25 15:38:00,6.0,0.0,0.16666666666666666,0.5053240740740741
89828,2026-09-06 15:30:00,1.0,0.0,1.0,0.3333333333333333
89830,2026-09-06 15:30:00,1.0,1.0,1.0,0.1111111111111111
89831,2026-09-06 15:30:00,1.0,0.0,0.0,0.6666666666666666
89832,2026-09-06 15:00:00,1.0,1.0,1.0,0.125
89834,2026-09-06 15:30:00,1.0,0.0,0.0,0.5555555555555556
89836,2026-09-06 15:00:00,1.0,0.0,0.0,0.5
89837,2026-09-06 15:30:00,1.0,0.0,0.0,1.0
89863,2026-09-28 16:22:00,13.0,0.07692307692307693,0.46153846153846156,0.46224032377878527
89893,2026-08-20 18:32:00,1.0,0.0,1.0,0.375
89902,2026-08-23 15:30:00,1.0,0.0,0.0,0.5833333333333334
89923,2026-10-01 21:17:00,4.0,0.0,0.0,0.6178571428571428
89931,2026-08-25 13:18:00,1.0,0.0,0.0,0.9166666666666666
89945,2026-08-23 14:38:00,130.0,0.1076923076923077,0.5769230769230769,0.38773909850832927
89952,2026-09-27 19:05:00,31.0,0.03225806451612903,0.06451612903225806,0.6166410334342023
89954,2026-09-20 12:40:00,2.0,0.0,0.0,0.8285714285714285
89959,2026-10-01 16:55:00,539.0,0.15584415584415584,0.4155844155844156,0.4620768271676642
89973,2026-10-01 19:30:00,83.0,0.04819277108433735,0.21686746987951808,0.6265472646496743
90025,2026-09-07 21:18:00,2.0,0.0,0.0,0.75
90039,2026-09-10 15:15:00,4.0,0.0,0.0,0.47916666666666663
90043,2026-08-06 20:20:00,3.0,0.3333333333333333,0.3333333333333333,0.5509259259259259
90057,2026-06-28 17:30:00,1.0,0.0,0.0,0.7142857142857143
90091,2026-09-27 15:22:00,38.0,0.10526315789473684,0.5263157894736842,0.4240395569342937
90103,2026-10-01 19:30:00,199.0,0.15577889447236182,0.35175879396984927,0.5644081321003083
90105,2026-07-04 15:00:00,4.0,0.0,0.0,0.7797619047619048
90176,2026-07-04 16:00:00,3.0,0.0,0.0,0.7025641025641026
90182,2026-06-13 20:50:00,1.0,0.0,0.0,0.8461538461538461
90189,2026-06-13 20:50:00,1.0,0.0,0.0,0.9230769230769231
90243,2026-10-01 20:30:00,644.0,0.13975155279503104,0.38664596273291924,0.5361062236190705
90307,2026-05-16 19:48:00,1.0,0.0,0.0,0.7142857142857143
90320,2026-06-21 21:35:00,1.0,0.0,0.0,0.9166666666666666
90330,2026-04-09 15:30:00,2.0,0.0,0.5,0.5596590909090909
90355,2026-06-28 12:10:00,2.0,0.5,0.5,0.2722222222222222
90356,2026-06-13 20:50:00,1.0,1.0,1.0,0.07692307692307693
90357,2026-06-26 21:35:00,1.0,0.0,0.0,0.5
90372,2026-06-26 20:25:00,1.0,0.0,1.0,0.375
90392,2026-09-27 17:30:00,30.0,0.13333333333333333,0.43333333333333335,0.36292059548638494
90406,2026-10-01 16:00:00,136.0,0.08088235294117647,0.5220588235294118,0.46939189402965353
90408,2026-06-28 12:10:00,3.0,0.0,0.0,0.7462962962962963
90450,2026-09-27 19:45:00,41.0,0.0975609756097561,0.34146341463414637,0.46621550376930576
90461,2026-07-30 17:25:00,1.0,0.0,1.0,0.5
90517,2026-09-29 15:45:00,79.0,0.0759493670886076,0.4936708860759494,0.45502205765608605
90637,2026-09-26 16:05:00,12.0,0.0,0.16666666666666666,0.742178471038765
90639,2026-06-28 12:10:00,1.0,1.0,1.0,0.1111111111111111
90684,2026-05-15 20:40:00,4.0,0.5,0.5,0.4592261904761905
90686,2026-05-04 17:05:00,2.0,0.0,1.0,0.125
90687,2026-10-01 21:40:00,191.0,0.09424083769633508,0.2617801047120419,0.5407696070654185
90688,2026-07-04 18:23:00,22.0,0.09090909090909091,0.13636363636363635,0.5050268247794986
90704,2026-10-01 17:17:00,61.0,0.13114754098360656,0.5737704918032787,0.31087436699255905
90708,2026-10-01 21:48:00,38.0,0.18421052631578946,0.34210526315789475,0.5774369636211741
90710,2026-09-26 16:25:00,68.0,0.029411764705882353,0.36764705882352944,0.4902515376780083
90717,2026-04-11 16:30:00,1.0,0.0,0.0,0.8125
90718,2026-05-13 15:08:00,2.0,0.5,1.0,0.18636363636363634
90735,2026-10-01 14:24:00,132.0,0.09090909090909091,0.44696969696969696,0.34563971618415046
90739,2026-09-23 17:22:00,15.0,0.0,0.2,0.5768226218226218
90767,2026-06-21 21:35:00,1.0,0.0,1.0,0.16666666666666666
90771,2026-09-05 21:48:00,3.0,0.0,0.3333333333333333,0.47222222222222215
90791,2026-08-25 13:18:00,1.0,0.0,0.0,0.6666666666666666
90817,2026-06-21 18:35:00,4.0,0.0,0.25,0.6742216117216117
90848,2026-07-02 20:08:00,3.0,0.0,0.0,0.8047619047619047
90853,2026-05-15 20:40:00,2.0,0.0,0.5,0.5
90868,2026-10-01 20:30:00,487.0,0.1375770020533881,0.4188911704312115,0.5183601204389409
90927,2026-10-01 16:25:00,37.0,0.08108108108108109,0.4864864864864865,0.4191110073463014
90928,2026-07-04 18:23:00,1.0,0.0,0.0,0.6428571428571429
90929,2026-09-19 16:50:00,1.0,0.0,0.0,0.9
90931,2026-06-21 19:30:00,2.0,0.0,0.0,0.5674603174603174
90951,2026-09-20 16:10:00,1.0,0.0,0.0,1.0
90959,2026-09-28 14:45:00,6.0,0.0,0.3333333333333333,0.5715811965811967
90967,2026-06-02 16:50:00,3.0,0.0,0.0,0.7440476190476191
90969,2026-09-06 15:30:00,1.0,0.0,0.0,0.7777777777777778
91001,2026-09-28 14:10:00,8.0,0.0,0.125,0.4319659507159507
91032,2026-07-04 15:07:00,6.0,0.0,0.3333333333333333,0.47542735042735046
91048,2026-09-20 16:10:00,5.0,0.0,0.2,0.513968253968254
91055,2026-09-25 17:05:00,5.0,0.0,0.2,0.4021445221445221
91088,2026-05-23 18:17:00,2.0,0.0,0.0,0.6071428571428572
91089,2026-09-29 12:55:00,23.0,0.0,0.08695652173913043,0.676128762541806
91109,2026-05-23 18:10:00,1.0,1.0,1.0,0.0625
91123,2026-10-01 21:48:00,37.0,0.05405405405405406,0.40540540540540543,0.5307096057096058
91132,2026-09-27 13:10:00,7.0,0.14285714285714285,0.2857142857142857,0.4843795093795094
91134,2026-05-23 18:10:00,5.0,0.0,0.0,0.7726633986928105
91144,2026-09-17 20:30:00,1.0,0.0,0.0,0.5555555555555556
91146,2026-08-07 11:17:00,84.0,0.25,0.5595238095238095,0.46131038273895425
91162,2026-09-03 14:56:00,9.0,0.2222222222222222,0.6666666666666666,0.3285273368606702
91187,2026-05-30 11:48:00,3.0,0.0,0.6666666666666666,0.23076923076923075
91212,2026-05-30 21:20:00,1.0,0.0,1.0,0.2857142857142857
91215,2026-09-11 16:48:00,12.0,0.0,0.25,0.5990575396825397
91230,2026-09-26 18:00:00,130.0,0.05384615384615385,0.46923076923076923,0.4972314525595069
91238,2026-06-28 17:30:00,2.0,0.0,1.0,0.24285714285714285
91248,2026-09-19 13:42:00,49.0,0.061224489795918366,0.5306122448979592,0.3075600189310319
91255,2026-06-13 20:50:00,1.0,0.0,1.0,0.15384615384615385
91266,2026-09-26 19:45:00,22.0,0.09090909090909091,0.22727272727272727,0.5508840053291926
91279,2026-09-26 21:58:00,4.0,0.0,0.0,0.7166666666666667
91306,2026-09-18 18:25:00,2.0,0.0,0.0,0.8616071428571428
91319,2026-08-12 16:52:00,9.0,0.0,0.1111111111111111,0.6804656762990097
91342,2026-08-29 17:05:00,12.0,0.0,0.5,0.44913720538720536
91377,2026-07-26 16:15:00,11.0,0.18181818181818182,0.36363636363636365,0.5163659572750482
91381,2026-06-21 17:55:00,3.0,0.0,0.0,0.5802197802197803
91400,2026-09-28 13:44:00,28.0,0.14285714285714285,0.32142857142857145,0.6132285373356803
91402,2026-09-26 19:05:00,37.0,0.08108108108108109,0.2702702702702703,0.5375689405101169
91403,2026-09-19 17:45:00,9.0,0.1111111111111111,0.3333333333333333,0.5178215303215304
91404,2026-09-11 14:28:00,14.0,0.21428571428571427,0.2857142857142857,0.46751066393923546
91441,2026-08-31 17:04:00,26.0,0.038461538461538464,0.2692307692307693,0.49801336484028796
91443,2026-05-22 19:41:00,9.0,0.1111111111111111,0.8888888888888888,0.33441558441558444
91461,2026-06-26 21:35:00,1.0,0.0,0.0,1.0
91484,2026-07-26 14:55:00,2.0,0.0,0.5,0.375
91504,2026-08-28 19:28:00,1.0,0.0,0.0,0.8571428571428571
91520,2026-05-14 20:20:00,5.0,0.2,0.2,0.4072222222222222
91524,2026-09-19 16:02:00,12.0,0.0,0.3333333333333333,0.5047424797424798
91533,2026-09-28 14:25:00,68.0,0.014705882352941176,0.4117647058823529,0.5649552449184803
91540,2026-09-25 14:15:00,20.0,0.1,0.4,0.4783157814407815
91571,2026-09-03 17:15:00,23.0,0.0,0.43478260869565216,0.43041190326161965
91573,2026-09-14 16:30:00,21.0,0.38095238095238093,0.6666666666666666,0.3502223966509681
91606,2026-09-26 17:40:00,1.0,0.0,0.0,0.5
91633,2026-09-21 16:40:00,20.0,0.05,0.2,0.5637330724830723
91653,2026-09-15 17:18:00,69.0,0.13043478260869565,0.2318840579710145,0.6490547294895119
91733,2026-06-26 21:35:00,1.0,0.0,0.0,0.7
91739,2026-06-27 21:00:00,1.0,1.0,1.0,0.16666666666666666
91757,2026-07-23 17:10:00,8.0,0.125,0.375,0.4505646008403362
91759,2026-10-01 15:25:00,169.0,0.17751479289940827,0.5798816568047337,0.4219965251568472
91760,2026-05-14 17:58:00,3.0,0.0,0.0,0.8333333333333334
91786,2026-09-26 17:40:00,2.0,0.0,0.5,0.45089285714285715
91794,2026-09-07 21:18:00,2.0,0.0,0.5,0.6
91811,2026-06-12 13:30:00,1.0,0.0,0.0,0.6363636363636364
91828,2026-05-09 16:27:00,1.0,1.0,1.0,0.1
91857,2026-10-01 16:50:00,379.0,0.1266490765171504,0.36939313984168864,0.5490388605975085
91867,2026-10-01 15:08:00,304.0,0.12171052631578948,0.3980263157894737,0.4911686064687593
91902,2026-09-10 16:30:00,60.0,0.05,0.36666666666666664,0.5476659451659454
91935,2026-09-08 17:51:00,6.0,0.16666666666666666,0.16666666666666666,0.5971153846153846
91978,2026-08-28 16:50:00,48.0,0.020833333333333332,0.4375,0.3874436240752998
91983,2026-06-07 19:40:00,3.0,0.3333333333333333,0.3333333333333333,0.6222222222222222
92018,2026-10-01 21:48:00,120.0,0.2,0.5333333333333333,0.4770308395308395
92036,2026-09-28 13:44:00,17.0,0.11764705882352941,0.5294117647058824,0.47680750621927087
92037,2026-05-30 21:30:00,87.0,0.13793103448275862,0.4367816091954023,0.39448454220259493
92084,2026-09-26 18:00:00,2.0,0.0,0.0,0.45
92099,2026-04-24 17:30:00,7.0,0.14285714285714285,0.42857142857142855,0.5601190476190475
92112,2026-09-29 14:45:00,85.0,0.1411764705882353,0.5176470588235295,0.43797558650499835
92116,2026-09-27 18:30:00,1.0,0.0,0.0,0.5555555555555556
92118,2026-09-13 19:45:00,13.0,0.07692307692307693,0.23076923076923078,0.4955505279034691
92157,2026-09-28 15:20:00,109.0,0.045871559633027525,0.3577981651376147,0.4350840987972808
92175,2026-07-16 19:30:00,5.0,0.4,0.6,0.49603174603174605
92179,2026-06-04 19:15:00,1.0,0.0,0.0,0.42857142857142855
92196,2026-09-24 16:17:00,3.0,0.0,0.6666666666666666,0.1111111111111111
92214,2026-09-04 16:13:00,12.0,0.08333333333333333,0.08333333333333333,0.7036401098901099
92240,2026-07-12 15:24:00,1.0,0.0,0.0,0.875
92247,2026-06-02 14:40:00,1.0,0.0,0.0,0.9166666666666666
92264,2026-04-11 16:30:00,1.0,0.0,0.0,0.5625
92268,2026-08-25 15:03:00,6.0,0.16666666666666666,0.5,0.47321428571428575
92270,2026-10-01 14:15:00,32.0,0.09375,0.3125,0.524467026029526
92272,2026-04-11 16:30:00,1.0,0.0,0.0,1.0
92273,2026-09-01 17:11:00,9.0,0.1111111111111111,0.5555555555555556,0.430432992932993
92276,2026-10-01 17:25:00,272.0,0.10294117647058823,0.3382352941176471,0.5456190955658835
92298,2026-09-22 14:40:00,14.0,0.07142857142857142,0.5714285714285714,0.27937072264803364
92302,2026-10-01 14:15:00,92.0,0.14130434782608695,0.5978260869565217,0.40036578759404856
92304,2026-09-19 10:48:00,3.0,0.0,0.0,0.8296296296296296
92308,2026-06-21 21:35:00,1.0,0.0,0.0,0.3333333333333333
92335,2026-10-01 16:42:00,164.0,0.10365853658536585,0.4268292682926829,0.38478449012756305
92350,2026-07-14 20:50:00,4.0,0.25,0.25,0.6087912087912087
92353,2026-10-01 21:48:00,21.0,0.09523809523809523,0.19047619047619047,0.6509912045626332
92368,2026-09-27 18:30:00,5.0,0.0,0.0,0.8930555555555555
92411,2026-09-18 18:15:00,47.0,0.1276595744680851,0.40425531914893614,0.522859173923004
92413,2026-04-17 17:30:00,1.0,0.0,0.0,0.5
92422,2026-08-05 18:10:00,3.0,0.0,0.3333333333333333,0.4259259259259259
92436,2026-10-01 16:55:00,69.0,0.07246376811594203,0.2753623188405797,0.5827092392309784
92449,2026-09-26 17:10:00,44.0,0.06818181818181818,0.4090909090909091,0.4041414004147962
92477,2026-09-20 14:45:00,23.0,0.2608695652173913,0.43478260869565216,0.5095002823263692
92486,2026-09-26 19:30:00,43.0,0.046511627906976744,0.23255813953488372,0.6520511142604165
92545,2026-06-21 19:30:00,3.0,0.0,0.0,0.6157407407407408
92546,2026-09-27 19:45:00,15.0,0.2,0.3333333333333333,0.4127747252747253
92564,2026-10-01 14:50:00,95.0,0.07368421052631578,0.5157894736842105,0.4392821634849499
92565,2026-10-01 20:30:00,318.0,0.16352201257861634,0.36163522012578614,0.5570982824583113
92575,2026-09-12 12:27:00,1.0,0.0,1.0,0.0
92620,2026-09-28 14:05:00,181.0,0.07734806629834254,0.35359116022099446,0.5688685443397826
92635,2026-09-27 17:25:00,21.0,0.0,0.09523809523809523,0.6423420494849066
92673,2026-09-28 14:45:00,5.0,0.0,0.2,0.6048412698412698
92679,2026-10-01 21:48:00,65.0,0.09230769230769231,0.4153846153846154,0.5560410956564802
92695,2026-05-22 17:03:00,184.0,0.16304347826086954,0.391304347826087,0.535728737445195
92725,2026-10-01 15:50:00,13.0,0.0,0.38461538461538464,0.5321592936977552
92728,2026-09-30 20:00:00,782.0,0.19053708439897699,0.5051150895140666,0.45427487855010684
92732,2026-10-01 20:30:00,358.0,0.030726256983240222,0.19273743016759776,0.6230084882673005
92735,2026-10-01 16:50:00,134.0,0.08208955223880597,0.2835820895522388,0.6306269808135481
92759,2026-08-30 11:41:00,4.0,0.0,0.25,0.7313131313131312
92765,2026-09-26 12:58:00,2.0,0.0,1.0,0.125
92774,2026-10-01 16:50:00,532.0,0.11278195488721804,0.3082706766917293,0.5709890599316564
92798,2026-04-04 18:55:00,1.0,0.0,0.0,0.8666666666666667
92801,2026-09-30 20:30:00,90.0,0.07777777777777778,0.24444444444444444,0.6410930016485572
92803,2026-09-09 13:47:00,2.0,0.0,0.5,0.25
92805,2026-09-26 10:29:00,30.0,0.16666666666666666,0.3333333333333333,0.5464969289969289
92806,2026-10-01 17:25:00,478.0,0.16317991631799164,0.39748953974895396,0.5170937272135829
92812,2026-10-01 21:48:00,37.0,0.05405405405405406,0.24324324324324326,0.708999933999934
92813,2026-09-27 19:05:00,8.0,0.0,0.125,0.686780753968254
92822,2026-09-30 18:00:00,87.0,0.10344827586206896,0.42528735632183906,0.5171735033804001
92830,2026-09-20 13:15:00,27.0,0.037037037037037035,0.2962962962962963,0.6551006092672759
92840,2026-04-27 19:15:00,1.0,0.0,0.0,0.8666666666666667
92856,2026-08-07 20:30:00,2.0,0.0,0.0,0.7777777777777777
92867,2026-09-19 15:40:00,40.0,0.075,0.225,0.6265951993912522
92883,2026-06-13 19:44:00,15.0,0.0,0.13333333333333333,0.5690725015725016
92898,2026-09-26 16:35:00,8.0,0.0,0.625,0.25416666666666665
92912,2026-09-27 18:00:00,45.0,0.044444444444444446,0.2,0.5990532978278076
92923,2026-04-10 18:12:00,1.0,0.0,0.0,0.875
92938,2026-10-01 15:49:00,113.0,0.061946902654867256,0.168141592920354,0.6462742155923477
92961,2026-06-19 19:52:00,15.0,0.0,0.26666666666666666,0.6754545454545455
92966,2026-08-23 15:30:00,1.0,0.0,0.0,0.75
92990,2026-09-26 17:30:00,70.0,0.18571428571428572,0.5,0.4801001181358324
92991,2026-05-15 20:40:00,2.0,0.0,0.0,0.7202380952380952
93001,2026-04-03 21:44:00,1.0,0.0,0.0,1.0
93013,2026-08-22 19:10:00,1.0,0.0,0.0,1.0
93022,2026-10-01 16:30:00,2.0,0.0,0.0,0.9285714285714286
93036,2026-05-26 12:45:00,3.0,0.0,0.6666666666666666,0.2435897435897436
93045,2026-05-31 17:20:00,1.0,0.0,0.0,0.6666666666666666
93047,2026-09-27 18:30:00,14.0,0.0,0.0,0.6481670115598687
93058,2026-09-26 16:35:00,37.0,0.0,0.4864864864864865,0.4323521382344912
93064,2026-04-28 17:00:00,2.0,0.0,0.0,0.5729166666666666
93075,2026-09-27 13:10:00,17.0,0.11764705882352941,0.35294117647058826,0.5473728885493592
93079,2026-08-22 14:00:00,96.0,0.09375,0.3229166666666667,0.48473000852668996
93111,2026-09-25 16:13:00,34.0,0.08823529411764706,0.23529411764705882,0.5184649500825972
93118,2026-09-26 17:00:00,20.0,0.05,0.45,0.5202171439671439
93122,2026-09-25 16:25:00,42.0,0.0,0.5,0.43998699712985423
93132,2026-09-29 13:30:00,58.0,0.06896551724137931,0.15517241379310345,0.6174606523744454
93137,2026-10-01 16:42:00,91.0,0.08791208791208792,0.32967032967032966,0.41709443226384557
93148,2026-04-10 18:12:00,1.0,0.0,0.0,0.625
93163,2026-05-17 12:22:00,9.0,0.3333333333333333,0.5555555555555556,0.27760819427486094
93186,2026-10-01 16:00:00,375.0,0.22666666666666666,0.6586666666666666,0.37262715207813246
93211,2026-10-01 16:18:00,171.0,0.0760233918128655,0.23976608187134502,0.6263799553273238
93237,2026-09-30 20:00:00,413.0,0.13317191283292978,0.32929782082324455,0.5355212947032788
93238,2026-04-17 17:30:00,4.0,0.0,0.25,0.6650568181818182
93277,2026-09-28 15:35:00,100.0,0.19,0.6,0.45798435224905815
93313,2026-07-24 14:10:00,11.0,0.0,0.45454545454545453,0.46587629542174996
93314,2026-07-14 17:19:00,6.0,0.16666666666666666,0.6666666666666666,0.35836894586894585
93320,2026-09-11 13:50:00,8.0,0.0,0.5,0.38369963369963367
93324,2026-06-13 11:00:00,2.0,0.0,0.5,0.6428571428571428
93343,2026-10-01 14:33:00,156.0,0.0641025641025641,0.36538461538461536,0.554918688398386
93353,2026-07-19 17:08:00,13.0,0.15384615384615385,0.38461538461538464,0.5324841824841824
93357,2026-04-25 19:07:00,3.0,0.0,0.0,0.501388888888889
93446,2026-08-10 16:15:00,11.0,0.0,0.2727272727272727,0.4930705657978384
93449,2026-05-23 18:10:00,1.0,0.0,0.0,0.75
93451,2026-09-08 13:44:00,1.0,0.0,0.0,0.8
93466,2026-09-25 15:15:00,2.0,0.0,0.5,0.4222222222222222
93472,2026-04-18 18:40:00,3.0,0.0,0.0,0.8282828282828283
93480,2026-10-01 20:00:00,412.0,0.1407766990291262,0.3932038834951456,0.5439180306889754
93512,2026-07-26 16:15:00,11.0,0.18181818181818182,0.2727272727272727,0.4171182353000535
93513,2026-06-18 20:19:00,2.0,0.0,0.5,0.65625
93541,2026-10-01 16:35:00,53.0,0.16981132075471697,0.6415094339622641,0.3819883470826867
93564,2026-05-15 20:40:00,3.0,0.0,0.3333333333333333,0.6873015873015872
93570,2026-09-19 19:35:00,7.0,0.14285714285714285,0.2857142857142857,0.568728097299526
93579,2026-09-29 17:35:00,243.0,0.04938271604938271,0.2345679012345679,0.5496333852012674
93601,2026-09-28 14:45:00,1.0,0.0,1.0,0.0
93615,2026-08-06 20:05:00,2.0,0.0,0.0,0.9444444444444444
93621,2026-07-18 19:24:00,1.0,0.0,0.0,0.5714285714285714
93629,2026-06-28 12:10:00,2.0,0.0,0.0,0.75
93632,2026-09-07 21:18:00,6.0,0.3333333333333333,0.6666666666666666,0.4319444444444445
93643,2026-06-01 17:17:00,2.0,0.0,0.0,0.95
93661,2026-09-12 19:45:00,8.0,0.125,0.375,0.4954613095238095
93667,2026-10-01 15:15:00,6.0,0.0,0.5,0.34449023199023193
93676,2026-09-19 17:10:00,146.0,0.04794520547945205,0.18493150684931506,0.5827526021862085
93677,2026-05-23 14:30:00,1.0,0.0,0.0,0.75
93688,2026-05-23 19:30:00,1.0,0.0,0.0,1.0
93698,2026-08-29 14:44:00,2.0,0.0,0.0,0.8333333333333333
93716,2026-10-01 15:20:00,211.0,0.07109004739336493,0.2037914691943128,0.5863742252386982
93735,2026-09-10 17:00:00,1.0,0.0,0.0,0.6
93738,2026-09-25 16:25:00,72.0,0.08333333333333333,0.4166666666666667,0.5197657280990613
93750,2026-04-25 19:45:00,1.0,0.0,0.0,0.9444444444444444
93772,2026-09-23 13:47:00,21.0,0.0,0.09523809523809523,0.6019448805163091
93791,2026-07-09 17:40:00,1.0,0.0,0.0,0.9
93792,2026-08-23 15:30:00,1.0,1.0,1.0,0.08333333333333333
93819,2026-09-06 15:30:00,1.0,0.0,0.0,0.8888888888888888
93832,2026-07-24 14:10:00,16.0,0.125,0.375,0.5409640706515706
93857,2026-09-28 16:43:00,17.0,0.17647058823529413,0.5294117647058824,0.43524318818436464
93858,2026-05-17 17:45:00,5.0,0.0,0.8,0.1411764705882353
93860,2026-10-01 12:55:00,12.0,0.0,0.4166666666666667,0.33606601731601726
93862,2026-07-25 21:08:00,2.0,0.0,1.0,0.39285714285714285
93872,2026-09-26 19:45:00,23.0,0.13043478260869565,0.2608695652173913,0.5559654043030001
93874,2026-10-01 15:25:00,108.0,0.12037037037037036,0.4722222222222222,0.5124335926419261
93884,2026-10-01 17:00:00,390.0,0.15384615384615385,0.3923076923076923,0.5278917320612161
93891,2026-08-15 21:40:00,9.0,0.0,0.3333333333333333,0.584054834054834
93905,2026-09-19 13:36:00,1.0,0.0,0.0,1.0
93936,2026-05-03 21:25:00,3.0,0.0,0.0,0.6747835497835498
93947,2026-10-01 16:55:00,602.0,0.12790697674418605,0.37209302325581395,0.522302521643345
93948,2026-04-11 16:30:00,1.0,0.0,0.0,0.4375
93949,2026-04-24 17:30:00,2.0,0.0,0.0,0.91875
93959,2026-08-05 14:45:00,2.0,0.0,0.0,0.8636363636363636
93961,2026-09-26 21:58:00,95.0,0.12631578947368421,0.4631578947368421,0.5011298058666481
93969,2026-05-19 20:30:00,3.0,0.3333333333333333,0.6666666666666666,0.18095238095238098
94006,2026-07-26 16:15:00,7.0,0.14285714285714285,0.14285714285714285,0.5129176379176379
94011,2026-06-21 19:30:00,1.0,0.0,0.0,0.6111111111111112
94012,2026-05-23 16:50:00,2.0,0.0,0.0,0.5238095238095238
94018,2026-09-28 16:07:00,20.0,0.0,0.1,0.5830684885290149
94023,2026-09-28 14:10:00,23.0,0.0,0.21739130434782608,0.4091427292514249
94031,2026-09-13 17:43:00,1.0,0.0,0.0,1.0
94035,2026-08-28 15:35:00,65.0,0.015384615384615385,0.13846153846153847,0.7152363222498969
94044,2026-08-31 16:25:00,3.0,0.0,0.0,0.7555555555555555
94071,2026-07-11 10:55:00,4.0,0.0,0.5,0.5349358974358975
94073,2026-09-12 21:45:00,19.0,0.15789473684210525,0.631578947368421,0.48120490620490625
94074,2026-05-09 21:34:00,1.0,1.0,1.0,0.16666666666666666
94093,2026-04-11 16:30:00,1.0,0.0,0.0,0.25
94129,2026-10-01 14:59:00,64.0,0.109375,0.53125,0.44393824491480743
94132,2026-09-29 17:35:00,302.0,0.076158940397351,0.24172185430463577,0.5549675534736429
94158,2026-09-17 16:45:00,282.0,0.12411347517730496,0.375886524822695,0.5723969614396722
94163,2026-09-27 17:25:00,31.0,0.12903225806451613,0.25806451612903225,0.47298995280494327
94166,2026-09-27 12:10:00,15.0,0.0,0.2,0.6817243867243867
94169,2026-07-04 18:23:00,4.0,0.0,0.25,0.6384615384615384
94184,2026-07-12 15:24:00,1.0,0.0,0.0,1.0
94225,2026-10-01 13:58:00,319.0,0.17554858934169276,0.49216300940438873,0.4768413304715312
94230,2026-09-28 16:10:00,178.0,0.16853932584269662,0.6179775280898877,0.35597153177291974
94237,2026-04-11 19:27:00,1.0,0.0,0.0,0.9
94264,2026-09-19 19:15:00,5.0,0.0,0.2,0.6506868131868132
94272,2026-10-01 16:25:00,66.0,0.06060606060606061,0.48484848484848486,0.34078685846733975
94273,2026-04-02 17:00:00,1.0,0.0,0.0,0.6666666666666666
94280,2026-05-03 22:48:00,1.0,0.0,1.0,0.5
94281,2026-05-09 20:30:00,1.0,0.0,0.0,1.0
94305,2026-04-13 15:30:00,4.0,0.0,0.75,0.25357142857142856
94329,2026-09-18 19:40:00,34.0,0.08823529411764706,0.20588235294117646,0.5445047335402006
94332,2026-09-12 16:50:00,3.0,0.0,0.0,0.7083333333333334
94366,2026-09-23 12:27:00,59.0,0.03389830508474576,0.15254237288135594,0.5868809156944751
94398,2026-07-04 15:00:00,1.0,0.0,0.0,0.7222222222222222
94404,2026-07-04 18:23:00,8.0,0.0,0.0,0.7006543803418803
94405,2026-08-08 16:30:00,3.0,0.0,0.0,0.7523809523809524
94407,2026-09-26 19:45:00,46.0,0.15217391304347827,0.2608695652173913,0.5153619966279813
94423,2026-09-19 19:35:00,14.0,0.0,0.14285714285714285,0.5411408502795058
94427,2026-10-01 13:30:00,3.0,0.3333333333333333,1.0,0.047619047619047616
94434,2026-10-01 21:40:00,205.0,0.04878048780487805,0.21951219512195122,0.5381496281496282
94438,2026-09-12 19:55:00,8.0,0.0,0.25,0.5010416666666667
94442,2026-09-05 21:48:00,17.0,0.17647058823529413,0.47058823529411764,0.4949938949938949
94462,2026-10-01 13:49:00,26.0,0.038461538461538464,0.34615384615384615,0.41323943778694905
94503,2026-10-01 15:34:00,185.0,0.13513513513513514,0.5837837837837838,0.31961996379024243
94521,2026-07-16 18:05:00,3.0,0.3333333333333333,0.6666666666666666,0.3611111111111111
94569,2026-05-26 13:07:00,1.0,0.0,0.0,0.4444444444444444
94575,2026-09-30 14:32:00,376.0,0.09840425531914894,0.30851063829787234,0.5601424223761695
94603,2026-09-17 13:12:00,2.0,0.0,0.5,0.2692307692307692
94607,2026-09-21 16:57:00,26.0,0.0,0.07692307692307693,0.6624024385619408
94631,2026-10-01 17:25:00,257.0,0.1245136186770428,0.3229571984435798,0.5944079490177295
94645,2026-09-26 17:05:00,72.0,0.08333333333333333,0.3194444444444444,0.4301922350119589
94648,2026-04-24 17:30:00,8.0,0.125,0.5,0.43005050505050507
94649,2026-04-24 16:00:00,1.0,0.0,0.0,1.0
94650,2026-06-13 20:50:00,1.0,0.0,0.0,0.7692307692307693
94663,2026-10-01 17:25:00,453.0,0.09933774834437085,0.3355408388520971,0.536331149545855
94683,2026-09-13 14:15:00,23.0,0.0,0.17391304347826086,0.534302834846313
94703,2026-09-12 17:23:00,1.0,1.0,1.0,0.16666666666666666
94709,2026-09-30 17:55:00,16.0,0.125,0.3125,0.44288315850815846
94711,2026-09-13 17:43:00,15.0,0.13333333333333333,0.26666666666666666,0.5730507564331094
94725,2026-05-09 21:34:00,1.0,0.0,0.0,1.0
94753,2026-05-23 18:10:00,1.0,0.0,0.0,1.0
94761,2026-08-14 18:30:00,1.0,0.0,0.0,0.8
94768,2026-06-28 17:30:00,1.0,0.0,1.0,0.0
94771,2026-07-04 15:00:00,3.0,0.0,0.3333333333333333,0.40170940170940167
94782,2026-09-27 19:40:00,8.0,0.0,0.125,0.5680555555555555
94806,2026-09-19 10:48:00,5.0,0.2,0.4,0.5977777777777777
94821,2026-09-12 21:45:00,7.0,0.14285714285714285,0.14285714285714285,0.7639455782312926
94830,2026-06-06 18:52:00,2.0,0.0,0.0,0.5972222222222222
94877,2026-08-09 13:07:00,7.0,0.0,0.0,0.8985157699443415
94891,2026-09-28 17:40:00,34.0,0.058823529411764705,0.47058823529411764,0.3798374178382374
94902,2026-09-05 16:55:00,18.0,0.0,0.1111111111111111,0.630123017868116
94903,2026-05-26 11:59:00,1.0,0.0,0.0,0.75
94914,2026-09-27 19:45:00,160.0,0.08125,0.21875,0.5380433715589966
94938,2026-09-29 15:15:00,47.0,0.0425531914893617,0.19148936170212766,0.5929773952927895
94947,2026-09-26 21:58:00,11.0,0.0,0.5454545454545454,0.48851148851148857
94953,2026-09-23 14:22:00,29.0,0.0,0.06896551724137931,0.5907948373465616
94978,2026-09-25 14:05:00,40.0,0.05,0.4,0.47224442224442226
94983,2026-09-17 13:47:00,1.0,0.0,0.0,0.3333333333333333
94985,2026-09-05 17:15:00,4.0,0.0,0.25,0.7819444444444444
94987,2026-06-13 19:44:00,9.0,0.0,0.2222222222222222,0.6003428670095338
94991,2026-09-28 12:35:00,35.0,0.14285714285714285,0.2857142857142857,0.6877715934858791
95014,2026-09-23 14:22:00,16.0,0.0625,0.1875,0.6325851232101233
95051,2026-04-18 22:48:00,1.0,0.0,1.0,0.2727272727272727
95053,2026-09-12 21:33:00,2.0,0.0,1.0,0.4375
95058,2026-07-26 14:55:00,10.0,0.0,0.0,0.662960372960373
95077,2026-09-23 14:22:00,59.0,0.06779661016949153,0.2033898305084746,0.5499253682683656
95100,2026-09-05 18:15:00,22.0,0.045454545454545456,0.6363636363636364,0.4568557704921341
95103,2026-04-27 19:00:00,2.0,0.0,0.0,0.711038961038961
95152,2026-10-01 20:00:00,311.0,0.09646302250803858,0.3022508038585209,0.5612628400709643
95183,2026-10-01 12:55:00,26.0,0.0,0.34615384615384615,0.41671578798275627
95186,2026-07-02 17:00:00,38.0,0.07894736842105263,0.42105263157894735,0.4897782772782773
95208,2026-09-29 16:35:00,151.0,0.039735099337748346,0.1390728476821192,0.7049818540547017
95218,2026-09-14 16:00:00,50.0,0.06,0.5,0.448446608946609
95220,2026-07-04 18:23:00,1.0,0.0,0.0,1.0
95237,2026-09-30 16:50:00,133.0,0.06015037593984962,0.2631578947368421,0.6053271621493646
95244,2026-09-12 17:30:00,8.0,0.0,0.125,0.6048295454545454
95245,2026-04-11 20:02:00,1.0,1.0,1.0,0.0625
95246,2026-09-18 18:25:00,2.0,0.0,0.0,0.625
95262,2026-08-08 19:07:00,1.0,0.0,0.0,0.6923076923076923
95274,2026-09-26 16:35:00,21.0,0.0,0.5714285714285714,0.3583098662930596
95278,2026-08-05 18:10:00,3.0,0.0,0.0,0.682142857142857
95279,2026-08-20 18:54:00,135.0,0.02962962962962963,0.2814814814814815,0.6000622755043119
95284,2026-06-07 18:35:00,5.0,0.2,0.4,0.48763736263736257
95300,2026-09-28 13:44:00,5.0,0.0,0.0,0.5816849816849816
95307,2026-09-26 19:05:00,2.0,0.0,0.5,0.41666666666666663
95310,2026-09-28 17:40:00,17.0,0.29411764705882354,0.5294117647058824,0.2706678555362766
95340,2026-09-14 13:47:00,46.0,0.06521739130434782,0.2391304347826087,0.5831378588731531
95352,2026-09-27 12:40:00,8.0,0.375,0.5,0.48207070707070715
95353,2026-09-15 14:30:00,7.0,0.14285714285714285,0.7142857142857143,0.4061327561327562
95383,2026-10-01 21:10:00,190.0,0.03684210526315789,0.15263157894736842,0.5835782054203107
95388,2026-10-01 16:55:00,542.0,0.13468634686346864,0.37822878228782286,0.5242116390192271
95398,2026-06-09 19:30:00,5.0,0.0,0.6,0.29
95432,2026-10-01 14:40:00,3.0,0.3333333333333333,0.3333333333333333,0.4347319347319347
95441,2026-09-30 16:50:00,61.0,0.03278688524590164,0.2786885245901639,0.6339357811119726
95443,2026-10-01 21:17:00,1.0,0.0,0.0,0.7
95458,2026-04-16 17:05:00,2.0,0.0,0.0,0.9131944444444444
95477,2026-09-28 17:40:00,5.0,0.0,0.4,0.5591269841269841
95478,2026-05-15 20:15:00,7.0,0.2857142857142857,0.2857142857142857,0.4955266955266956
95492,2026-09-26 17:20:00,81.0,0.12345679012345678,0.24691358024691357,0.5975621943214535
95493,2026-06-13 20:50:00,1.0,0.0,0.0,0.6923076923076923
95504,2026-09-29 15:45:00,36.0,0.0,0.4722222222222222,0.36320900414037677
95509,2026-09-28 16:07:00,111.0,0.036036036036036036,0.17117117117117117,0.5560134567100512
95511,2026-09-26 13:15:00,55.0,0.07272727272727272,0.2727272727272727,0.5099117801390529
95522,2026-09-29 14:02:00,70.0,0.1,0.44285714285714284,0.5414741211169782
95535,2026-05-27 20:38:00,14.0,0.21428571428571427,0.2857142857142857,0.5270441859727575
95538,2026-09-19 13:36:00,1.0,0.0,0.0,0.5
95553,2026-10-01 14:40:00,83.0,0.13253012048192772,0.5421686746987951,0.3426311640167062
95567,2026-06-21 19:45:00,4.0,0.0,0.0,0.7415674603174602
95576,2026-09-25 14:15:00,6.0,0.0,0.3333333333333333,0.3230820105820105
95589,2026-08-14 18:30:00,1.0,0.0,0.0,1.0
95590,2026-07-29 16:35:00,1.0,0.0,0.0,0.5
95612,2026-08-11 15:03:00,18.0,0.0,0.1111111111111111,0.7350211516878183
95617,2026-09-27 19:40:00,22.0,0.13636363636363635,0.2727272727272727,0.5358602256329529
95637,2026-10-01 20:35:00,92.0,0.021739130434782608,0.08695652173913043,0.7351785292002684
95646,2026-09-22 16:32:00,49.0,0.12244897959183673,0.5510204081632653,0.4775912013156911
95664,2026-08-29 14:44:00,6.0,0.0,0.5,0.5833333333333334
95666,2026-09-14 14:57:00,3.0,0.0,0.3333333333333333,0.5737179487179488
95684,2026-05-02 20:23:00,3.0,0.0,0.0,0.9393939393939394
95692,2026-09-26 17:50:00,29.0,0.0,0.1724137931034483,0.5677890877434489
95694,2026-08-23 16:08:00,10.0,0.0,0.4,0.5104995004995005
95725,2026-10-01 21:10:00,182.0,0.027472527472527472,0.17582417582417584,0.5864362438538263
95734,2026-07-26 15:35:00,1.0,0.0,0.0,0.5555555555555556
95735,2026-05-28 10:45:00,3.0,0.3333333333333333,0.3333333333333333,0.45555555555555555
95744,2026-10-01 10:18:00,678.0,0.16519174041297935,0.42625368731563423,0.5075661406330854
95747,2026-09-26 13:15:00,98.0,0.08163265306122448,0.20408163265306123,0.5399676712176712
95758,2026-05-07 19:08:00,4.0,0.25,0.5,0.3510760073260073
95774,2026-09-29 17:35:00,350.0,0.09714285714285714,0.3228571428571429,0.5106387212227549
95785,2026-09-30 20:30:00,384.0,0.1015625,0.3307291666666667,0.5907352291747248
95790,2026-09-29 18:07:00,2.0,0.0,0.0,0.75
95794,2026-06-28 11:43:00,3.0,0.0,0.6666666666666666,0.4916666666666667
95801,2026-09-26 14:15:00,1.0,0.0,1.0,0.0
95812,2026-09-29 12:55:00,150.0,0.06,0.22,0.5577596847596847
95815,2026-10-01 17:05:00,330.0,0.09696969696969697,0.30303030303030304,0.5806453951791225
95836,2026-07-29 16:35:00,1.0,1.0,1.0,0.125
95871,2026-09-29 18:07:00,4.0,0.0,1.0,0.4895833333333333
96026,2026-09-17 13:12:00,10.0,0.0,0.4,0.32436507936507936
96050,2026-09-22 12:55:00,4.0,0.25,0.25,0.4184027777777778
96054,2026-09-29 15:25:00,106.0,0.0660377358490566,0.1792452830188679,0.5860549968288447
96088,2026-05-16 19:38:00,2.0,0.0,0.0,0.7857142857142857
96092,2026-06-28 12:10:00,2.0,0.0,0.0,0.5902777777777778
96166,2026-09-18 16:55:00,53.0,0.018867924528301886,0.4528301886792453,0.4868517750593223
96177,2026-09-30 17:08:00,295.0,0.07796610169491526,0.288135593220339,0.5606447695285132
96217,2026-06-27 20:00:00,2.0,0.0,1.0,0.25
96222,2026-10-01 16:24:00,400.0,0.115,0.3475,0.5620788631138669
96257,2026-10-01 14:24:00,96.0,0.07291666666666666,0.29166666666666663,0.47404445730926
96264,2026-04-12 15:35:00,1.0,0.0,0.0,0.5789473684210527
96266,2026-10-01 13:35:00,172.0,0.040697674418604654,0.1686046511627907,0.6119990698832317
96275,2026-08-10 12:55:00,1.0,0.0,0.0,1.0
96276,2026-08-08 19:07:00,4.0,0.25,0.5,0.5874125874125874
96282,2026-09-24 19:30:00,69.0,0.13043478260869565,0.4782608695652174,0.5279480181654095
96343,2026-09-29 13:55:00,227.0,0.05726872246696035,0.2422907488986784,0.5584207201500174
96344,2026-04-20 17:00:00,3.0,0.6666666666666666,1.0,0.1984126984126984
96350,2026-09-04 13:55:00,2.0,0.0,0.5,0.40909090909090906
96365,2026-09-30 17:55:00,18.0,0.05555555555555555,0.3333333333333333,0.5656926406926408
96391,2026-09-28 17:05:00,353.0,0.14447592067988668,0.5155807365439093,0.336003425875706
96409,2026-10-01 19:30:00,149.0,0.04697986577181208,0.1476510067114094,0.6890554547877881
96415,2026-09-27 15:22:00,28.0,0.14285714285714285,0.5,0.4853420389134674
96436,2026-06-26 16:58:00,1.0,0.0,0.0,0.7777777777777778
96444,2026-05-23 14:30:00,1.0,0.0,0.0,0.625
96445,2026-06-21 19:45:00,10.0,0.0,0.2,0.3947268907563025
96449,2026-09-26 17:30:00,105.0,0.2,0.6285714285714286,0.3300354003295179
96455,2026-09-25 14:40:00,121.0,0.17355371900826447,0.5537190082644629,0.3763915017804177
96462,2026-09-22 13:30:00,12.0,0.3333333333333333,0.5833333333333334,0.32314306064306064
96486,2026-05-30 19:45:00,1.0,0.0,0.0,0.375
96488,2026-09-05 21:48:00,2.0,0.0,0.0,0.8875
96524,2026-09-27 19:40:00,4.0,0.0,0.0,0.7690972222222222
96525,2026-06-21 19:45:00,3.0,0.3333333333333333,0.3333333333333333,0.3125
96526,2026-09-22 17:07:00,98.0,0.1836734693877551,0.5510204081632653,0.43875581617928555
96543,2026-09-30 17:50:00,21.0,0.047619047619047616,0.38095238095238093,0.45859398436581483
96559,2026-08-27 19:47:00,5.0,0.0,0.0,0.9187820512820514
96561,2026-04-25 17:22:00,1.0,0.0,0.0,0.7272727272727273
96568,2026-08-08 19:07:00,3.0,0.0,0.0,0.48418803418803424
96569,2026-10-01 17:05:00,342.0,0.05263157894736842,0.24561403508771928,0.5702419952249085
96574,2026-10-01 16:25:00,15.0,0.06666666666666667,0.4666666666666667,0.39218013468013463
96669,2026-09-30 14:48:00,155.0,0.09032258064516129,0.3225806451612903,0.560614240282172
96679,2026-08-02 14:40:00,10.0,0.1,0.3,0.641062271062271
96683,2026-06-21 21:35:00,1.0,0.0,0.0,0.4166666666666667
96768,2026-10-01 16:09:00,94.0,0.05319148936170213,0.35106382978723405,0.4767532408489856
96829,2026-09-28 15:55:00,35.0,0.05714285714285714,0.45714285714285713,0.3854778601417257
96830,2026-09-29 16:15:00,194.0,0.17010309278350516,0.5824742268041236,0.429971152143681
96836,2026-10-01 16:24:00,146.0,0.1095890410958904,0.3561643835616438,0.535663400600951
96842,2026-09-29 15:25:00,27.0,0.07407407407407407,0.07407407407407407,0.7274541042987896
96848,2026-09-28 17:40:00,39.0,0.07692307692307693,0.2564102564102564,0.4759408096512169
96857,2026-08-21 20:20:00,3.0,0.0,0.0,1.0
96895,2026-09-27 15:22:00,41.0,0.024390243902439025,0.2926829268292683,0.5638380748854206
96897,2026-08-25 13:18:00,5.0,0.4,0.4,0.4215750915750916
96901,2026-09-26 16:25:00,58.0,0.08620689655172414,0.4827586206896552,0.4806917699159078
96902,2026-05-07 20:08:00,1.0,0.0,0.0,0.875
96974,2026-08-08 18:40:00,4.0,0.0,0.5,0.4520947802197802
96993,2026-05-23 17:10:00,2.0,0.0,0.0,0.90625
96995,2026-08-23 15:30:00,1.0,0.0,1.0,0.16666666666666666
97004,2026-09-25 16:48:00,92.0,0.09782608695652174,0.29347826086956524,0.552787686347469
97013,2026-09-25 14:40:00,11.0,0.09090909090909091,0.36363636363636365,0.5421028466483013
97017,2026-09-27 18:30:00,8.0,0.0,0.5,0.4242448523698524
97022,2026-09-12 17:23:00,1.0,0.0,1.0,0.3333333333333333
97026,2026-05-17 12:22:00,4.0,0.0,0.25,0.39087301587301587
97029,2026-06-07 18:00:00,1.0,0.0,1.0,0.2857142857142857
97030,2026-09-29 13:55:00,228.0,0.07017543859649122,0.2675438596491228,0.5246327948299595
97031,2026-10-01 17:05:00,480.0,0.10416666666666667,0.29375,0.5053501117210987
97033,2026-08-09 13:53:00,10.0,0.0,0.1,0.6123953823953824
97193,2026-09-27 16:50:00,7.0,0.14285714285714285,0.2857142857142857,0.4641645119586296
97204,2026-09-14 16:00:00,22.0,0.09090909090909091,0.5454545454545454,0.4548717696444969
97205,2026-06-28 12:10:00,3.0,0.3333333333333333,0.6666666666666666,0.28611111111111115
97216,2026-09-29 16:15:00,51.0,0.0392156862745098,0.5294117647058824,0.4608119197219543
97292,2026-09-26 10:29:00,9.0,0.0,0.1111111111111111,0.864331347664681
97293,2026-10-01 16:25:00,35.0,0.08571428571428572,0.42857142857142855,0.4121445477958083
97295,2026-06-28 12:10:00,2.0,0.0,1.0,0.26111111111111107
97308,2026-10-01 17:17:00,128.0,0.078125,0.359375,0.36766871024150094
97309,2026-08-15 14:15:00,5.0,0.0,0.0,0.7497161172161173
97319,2026-09-30 17:30:00,121.0,0.05785123966942149,0.2066115702479339,0.6495938937905393
97382,2026-09-20 13:15:00,22.0,0.045454545454545456,0.3181818181818182,0.5334374590056409
97383,2026-06-21 21:35:00,1.0,1.0,1.0,0.08333333333333333
97414,2026-09-27 17:30:00,31.0,0.12903225806451613,0.3225806451612903,0.5219486843538077
97448,2026-09-20 14:18:00,8.0,0.0,0.375,0.48737373737373735
97463,2026-05-19 20:30:00,2.0,0.0,1.0,0.33035714285714285
97465,2026-09-29 15:15:00,50.0,0.12,0.4,0.5113616106116105
97523,2026-05-16 19:38:00,1.0,0.0,0.0,0.4375
97528,2026-10-01 15:34:00,104.0,0.0673076923076923,0.33653846153846156,0.4571994419056574
97546,2026-09-28 16:07:00,173.0,0.11560693641618497,0.26011560693641617,0.5298006104364487
97558,2026-09-30 15:30:00,26.0,0.038461538461538464,0.2692307692307693,0.49649244143171267
97584,2026-10-01 15:43:00,168.0,0.1130952380952381,0.2976190476190476,0.5502486580211964
97751,2026-09-22 15:57:00,11.0,0.0,0.18181818181818182,0.5721571357934994
97753,2026-06-19 20:00:00,2.0,0.0,0.0,0.6666666666666666
97769,2026-09-26 17:00:00,17.0,0.0,0.5294117647058824,0.3357312622018504
97788,2026-09-23 17:07:00,24.0,0.20833333333333334,0.7083333333333334,0.3175084175084175
97818,2026-09-13 19:45:00,6.0,0.0,0.0,0.843287037037037
97852,2026-09-26 14:15:00,9.0,0.0,0.2222222222222222,0.4990981240981241
97855,2026-09-29 16:45:00,173.0,0.17341040462427745,0.6127167630057804,0.3860217967834425
97887,2026-05-01 17:10:00,1.0,0.0,0.0,1.0
97911,2026-07-02 19:33:00,55.0,0.07272727272727272,0.4,0.38991290779146115
97930,2026-09-27 19:40:00,18.0,0.0,0.16666666666666666,0.538683579492403
97934,2026-09-28 16:07:00,11.0,0.0,0.18181818181818182,0.646496924128503
97936,2026-09-26 13:33:00,5.0,0.0,0.2,0.6548382173382172
97937,2026-08-22 17:30:00,2.0,0.0,0.5,0.375
97938,2026-09-19 17:30:00,10.0,0.2,0.3,0.5682142857142857
97940,2026-09-22 15:22:00,5.0,0.0,0.8,0.51
97943,2026-09-27 19:40:00,17.0,0.058823529411764705,0.17647058823529413,0.47438248026483315
97944,2026-09-21 17:12:00,16.0,0.0,0.1875,0.4965852130325814
97948,2026-04-19 15:45:00,1.0,0.0,0.0,0.6666666666666666
97955,2026-09-25 14:15:00,2.0,0.0,0.0,0.5793650793650793
97979,2026-06-15 20:12:00,4.0,0.25,0.5,0.3782623626373627
97993,2026-09-30 18:30:00,26.0,0.11538461538461539,0.3076923076923077,0.574382310751089
98027,2026-06-21 17:55:00,1.0,0.0,0.0,0.8
98029,2026-09-29 14:15:00,16.0,0.375,0.6875,0.25881358225108225
98051,2026-08-08 19:07:00,8.0,0.0,0.0,0.6404017857142856
98090,2026-07-26 14:55:00,7.0,0.0,0.14285714285714285,0.5293127507413222
98092,2026-09-30 13:47:00,43.0,0.09302325581395349,0.5116279069767442,0.3256698689667226
98093,2026-09-17 13:47:00,2.0,0.0,1.0,0.0
98104,2026-05-04 16:30:00,1.0,0.0,1.0,0.0
98134,2026-09-12 21:33:00,3.0,0.0,0.0,0.6070707070707071
98137,2026-09-29 15:15:00,53.0,0.16981132075471697,0.4716981132075472,0.46147015981921646
98170,2026-06-07 15:07:00,1.0,0.0,0.0,0.875
98171,2026-09-23 19:30:00,82.0,0.10975609756097561,0.2804878048780488,0.6002139459456532
98190,2026-05-17 15:05:00,9.0,0.1111111111111111,0.6666666666666666,0.28618726952060286
98192,2026-05-15 20:40:00,8.0,0.125,0.5,0.3504464285714285
98194,2026-09-12 12:27:00,3.0,0.0,0.3333333333333333,0.3
98196,2026-10-01 21:40:00,158.0,0.06962025316455696,0.22151898734177214,0.5446512348411083
98198,2026-09-12 21:26:00,2.0,0.0,0.5,0.6071428571428572
98213,2026-09-29 15:15:00,7.0,0.0,0.2857142857142857,0.633078231292517
98226,2026-10-01 14:59:00,67.0,0.04477611940298507,0.43283582089552236,0.37638415238064055
98228,2026-09-25 15:50:00,7.0,0.42857142857142855,0.5714285714285714,0.3680684394970109
98244,2026-09-25 15:38:00,53.0,0.05660377358490566,0.07547169811320754,0.6450342357112613
98249,2026-09-08 11:55:00,8.0,0.0,0.25,0.5495196324143692
98254,2026-10-01 15:14:00,165.0,0.09696969696969697,0.30303030303030304,0.6122222027485185
98260,2026-09-26 17:40:00,2.0,0.0,0.5,0.38839285714285715
98276,2026-09-25 15:38:00,34.0,0.058823529411764705,0.20588235294117646,0.507812979504156
98281,2026-06-13 20:50:00,1.0,0.0,0.0,0.3076923076923077
98301,2026-10-01 16:50:00,455.0,0.17142857142857143,0.4153846153846154,0.5079191577131533
98325,2026-09-29 16:45:00,72.0,0.1388888888888889,0.3888888888888889,0.426136300931515
98347,2026-07-05 21:04:00,2.0,0.0,0.5,0.75
98348,2026-09-19 10:36:00,14.0,0.0,0.14285714285714285,0.8097402597402599
98352,2026-09-29 16:02:00,72.0,0.1388888888888889,0.3888888888888889,0.5478671791171791
98362,2026-09-10 12:55:00,25.0,0.04,0.2,0.5833921078921078
98383,2026-07-26 16:15:00,5.0,0.0,0.4,0.49664835164835164
98385,2026-08-06 17:15:00,4.0,0.0,0.0,0.4863247863247863
98386,2026-09-29 14:40:00,226.0,0.05752212389380531,0.2079646017699115,0.5587637661319473
98388,2026-04-11 14:00:00,1.0,0.0,0.0,0.25
98402,2026-07-16 20:30:00,1.0,0.0,0.0,0.3333333333333333
98404,2026-06-05 18:34:00,1.0,0.0,0.0,0.5882352941176471
98418,2026-09-27 13:10:00,32.0,0.03125,0.40625,0.6269886363636363
98427,2026-08-29 17:25:00,1.0,0.0,0.0,0.3684210526315789
98441,2026-08-19 19:08:00,5.0,0.0,0.8,0.2583333333333333
98443,2026-04-09 15:30:00,1.0,0.0,1.0,0.0
98445,2026-09-25 12:55:00,67.0,0.14925373134328357,0.5074626865671642,0.46098961154931306
98478,2026-08-29 17:25:00,1.0,0.0,1.0,0.15789473684210525
98498,2026-07-11 17:32:00,9.0,0.0,0.0,0.8508523067346596
98514,2026-09-27 16:20:00,28.0,0.0,0.14285714285714285,0.6331295716053568
98517,2026-10-01 17:05:00,135.0,0.044444444444444446,0.18518518518518517,0.5847173227706347
98518,2026-07-21 17:39:00,126.0,0.07142857142857142,0.46825396825396826,0.3436621829127603
98519,2026-10-01 19:00:00,544.0,0.16911764705882354,0.43014705882352944,0.5024944881617107
98553,2026-05-09 20:30:00,1.0,0.0,0.0,0.75
98573,2026-10-01 15:34:00,81.0,0.09876543209876543,0.4074074074074074,0.4503176766707325
98583,2026-05-21 17:35:00,7.0,0.14285714285714285,0.5714285714285714,0.5315018315018315
98602,2026-09-26 19:00:00,71.0,0.056338028169014086,0.2676056338028169,0.6165521684887882
98612,2026-04-04 22:49:00,1.0,0.0,0.0,1.0
98613,2026-10-01 14:59:00,96.0,0.041666666666666664,0.34375,0.4345388059487787
98633,2026-05-31 15:15:00,1.0,0.0,0.0,1.0
98637,2026-09-26 14:30:00,17.0,0.058823529411764705,0.23529411764705882,0.5224465077406253
98643,2026-08-06 16:05:00,4.0,0.0,0.25,0.534375
98663,2026-09-24 16:22:00,11.0,0.0,0.36363636363636365,0.588927738927739
98673,2026-10-01 16:35:00,165.0,0.08484848484848485,0.45454545454545453,0.47839515703152075
98681,2026-09-26 17:40:00,2.0,0.0,0.0,0.5178571428571428
98714,2026-09-29 16:15:00,44.0,0.15909090909090912,0.6363636363636364,0.40262956740229466
98719,2026-09-22 15:16:00,69.0,0.13043478260869565,0.5797101449275363,0.3450569310863429
98736,2026-09-21 17:12:00,152.0,0.13157894736842105,0.3092105263157895,0.499712167543559
98746,2026-08-02 14:40:00,1.0,0.0,0.0,1.0
98756,2026-06-28 12:10:00,1.0,0.0,0.0,0.7777777777777778
98760,2026-09-26 17:10:00,2.0,0.0,0.0,0.5972222222222222
98778,2026-09-28 17:40:00,36.0,0.08333333333333333,0.2777777777777778,0.5396327437994104
98788,2026-09-04 19:06:00,47.0,0.14893617021276595,0.46808510638297873,0.4279268852641819
98807,2026-09-14 14:57:00,1.0,0.0,1.0,0.0
98812,2026-09-12 10:29:00,13.0,0.07692307692307693,0.07692307692307693,0.6632188324496018
98824,2026-05-13 14:22:00,4.0,0.0,0.25,0.43844696969696967
98857,2026-08-11 13:53:00,11.0,0.0,0.0,0.7256208734818361
98858,2026-09-20 16:38:00,43.0,0.06976744186046512,0.3953488372093023,0.5224699718885766
98866,2026-09-14 14:00:00,21.0,0.047619047619047616,0.47619047619047616,0.5987390915962345
98887,2026-09-06 15:30:00,46.0,0.08695652173913043,0.4782608695652174,0.4074636609483158
98888,2026-04-04 15:15:00,1.0,0.0,0.0,0.8461538461538461
98910,2026-09-26 17:40:00,2.0,0.0,0.0,0.7589285714285714
98930,2026-04-25 19:42:00,2.0,0.0,0.5,0.5625
98951,2026-09-26 18:25:00,8.0,0.0,0.125,0.6527597402597403
98953,2026-09-25 16:13:00,23.0,0.08695652173913043,0.17391304347826086,0.643562536497319
98955,2026-09-04 13:55:00,9.0,0.1111111111111111,0.2222222222222222,0.6015712682379349
98972,2026-09-26 19:30:00,28.0,0.07142857142857142,0.42857142857142855,0.5718150896722325
98983,2026-09-29 15:15:00,21.0,0.047619047619047616,0.19047619047619047,0.5667793185650329
99011,2026-09-25 15:25:00,36.0,0.25,0.6111111111111112,0.2744741998579718
99022,2026-07-02 16:48:00,1.0,0.0,0.0,0.875
99026,2026-09-05 17:34:00,3.0,0.0,0.0,0.6236888111888113
99051,2026-05-19 20:30:00,3.0,0.3333333333333333,0.6666666666666666,0.7023809523809524
99054,2026-06-21 19:30:00,3.0,0.0,0.0,0.6180555555555555
99055,2026-09-27 19:40:00,20.0,0.15,0.25,0.47130676513029457
99056,2026-08-01 18:50:00,8.0,0.125,0.125,0.598484185340803
99060,2026-10-01 16:25:00,79.0,0.06329113924050633,0.4810126582278481,0.345966972549251
99065,2026-09-25 15:15:00,29.0,0.034482758620689655,0.2413793103448276,0.6400915176777247
99081,2026-08-08 19:25:00,6.0,0.0,0.16666666666666666,0.5607112794612795
99089,2026-07-04 18:23:00,13.0,0.0,0.0,0.681058044519583
99123,2026-10-01 21:40:00,243.0,0.0823045267489712,0.24691358024691357,0.5083952284569568
99137,2026-09-27 17:30:00,56.0,0.14285714285714285,0.3392857142857143,0.44535846098346094
99138,2026-04-09 15:30:00,1.0,0.0,0.0,0.4583333333333333
99143,2026-10-01 16:24:00,55.0,0.09090909090909091,0.43636363636363634,0.5307110877051772
99159,2026-08-18 14:30:00,9.0,0.0,0.3333333333333333,0.46470658970658973
99162,2026-05-30 19:45:00,5.0,0.0,0.0,0.51
99171,2026-10-01 17:05:00,353.0,0.14164305949008502,0.31728045325779036,0.5070339858618558
99173,2026-09-07 11:17:00,4.0,0.0,0.0,0.6041666666666667
99187,2026-10-01 17:17:00,35.0,0.05714285714285714,0.34285714285714286,0.39606687430216836
99189,2026-09-27 17:30:00,55.0,0.09090909090909091,0.4727272727272727,0.387076160306529
99195,2026-09-25 14:05:00,54.0,0.16666666666666666,0.46296296296296297,0.4953571120237787
99204,2026-08-25 15:03:00,3.0,0.0,0.3333333333333333,0.3968253968253968
99206,2026-05-06 17:02:00,4.0,0.0,0.25,0.46785714285714286
99208,2026-09-23 13:55:00,19.0,0.0,0.47368421052631576,0.35979532163742695
99209,2026-09-29 14:40:00,32.0,0.15625,0.28125,0.5107010177322676
99225,2026-10-01 17:17:00,42.0,0.07142857142857142,0.38095238095238093,0.44046882268631504
99244,2026-05-04 14:22:00,3.0,0.0,0.0,0.6428571428571429
99249,2026-09-27 15:22:00,59.0,0.0847457627118644,0.4576271186440678,0.4952995105038973
99256,2026-09-30 17:50:00,57.0,0.0,0.3157894736842105,0.514051817982077
99280,2026-09-20 13:15:00,7.0,0.14285714285714285,0.2857142857142857,0.7523809523809523
99302,2026-06-13 19:40:00,1.0,0.0,0.0,0.36363636363636365
99307,2026-05-01 16:15:00,2.0,0.0,0.5,0.44047619047619047
99321,2026-09-24 14:49:00,28.0,0.03571428571428571,0.42857142857142855,0.5277005732362875
99348,2026-09-11 16:48:00,9.0,0.0,0.2222222222222222,0.6215608465608465
99352,2026-04-16 15:15:00,1.0,0.0,0.0,0.5454545454545454
99354,2026-09-28 13:44:00,7.0,0.14285714285714285,0.8571428571428571,0.32653061224489793
99356,2026-09-05 10:36:00,13.0,0.0,0.23076923076923078,0.6313327697943082
99364,2026-09-26 17:35:00,26.0,0.07692307692307693,0.4230769230769231,0.41931471306471296
99365,2026-09-24 15:42:00,41.0,0.024390243902439025,0.34146341463414637,0.4532800081003561
99374,2026-05-30 10:28:00,2.0,0.0,0.0,0.8571428571428572
99375,2026-09-22 14:40:00,1.0,0.0,1.0,0.0
99432,2026-05-28 13:35:00,7.0,0.0,0.5714285714285714,0.31233766233766236
99446,2026-04-01 20:20:00,2.0,0.0,0.0,0.4375
99448,2026-09-25 16:25:00,5.0,0.0,1.0,0.12115384615384617
99466,2026-09-26 12:58:00,3.0,0.3333333333333333,0.6666666666666666,0.37103174603174605
99467,2026-09-25 15:03:00,22.0,0.18181818181818182,0.36363636363636365,0.485367599572145
99469,2026-09-19 17:30:00,9.0,0.1111111111111111,0.4444444444444444,0.48865486365486366
99476,2026-08-25 15:03:00,7.0,0.14285714285714285,0.2857142857142857,0.4393424036281179
99479,2026-08-28 19:22:00,61.0,0.01639344262295082,0.4098360655737705,0.3461843425935188
99484,2026-10-01 17:17:00,83.0,0.10843373493975904,0.4578313253012048,0.3757085434431904
99492,2026-07-25 10:56:00,1.0,0.0,1.0,0.3333333333333333
99497,2026-09-30 16:25:00,8.0,0.0,0.0,0.7139998433583961
99501,2026-09-19 18:00:00,2.0,0.0,0.0,0.7916666666666667
99518,2026-05-02 18:35:00,1.0,1.0,1.0,0.045454545454545456
99535,2026-09-06 15:30:00,1.0,0.0,0.0,0.4444444444444444
99539,2026-06-15 14:20:00,4.0,0.0,0.0,0.9318181818181819
99540,2026-09-19 13:36:00,2.0,0.5,0.5,0.375
99543,2026-05-09 18:52:00,4.0,0.0,0.0,0.7588848039215687
99544,2026-06-06 17:30:00,7.0,0.0,0.2857142857142857,0.41695011337868476
99547,2026-10-01 16:50:00,159.0,0.0440251572327044,0.2389937106918239,0.616105679920009
99563,2026-08-23 15:30:00,1.0,0.0,0.0,0.4166666666666667
99566,2026-06-04 20:15:00,1.0,0.0,0.0,0.8125
99582,2026-09-19 21:03:00,1.0,0.0,0.0,0.4444444444444444
99589,2026-09-26 17:40:00,2.0,0.0,0.0,0.4285714285714286
99600,2026-05-17 12:22:00,4.0,0.0,0.25,0.5267857142857143
99631,2026-09-12 11:15:00,4.0,0.25,0.75,0.46875
99634,2026-06-13 18:17:00,2.0,0.0,0.0,0.6458333333333333
99638,2026-06-27 16:40:00,1.0,0.0,0.0,0.5714285714285714
99639,2026-09-30 15:23:00,155.0,0.1032258064516129,0.3161290322580645,0.5463955758954108
99653,2026-08-27 16:13:00,1.0,0.0,0.0,0.6153846153846154
99656,2026-06-27 21:00:00,2.0,0.0,0.0,0.78125
99668,2026-07-02 15:37:00,5.0,0.0,0.2,0.3708333333333333
99669,2026-07-13 15:42:00,31.0,0.06451612903225806,0.41935483870967744,0.4591023671668833
99703,2026-06-18 20:19:00,2.0,0.0,0.0,0.875
99710,2026-09-09 13:47:00,1.0,0.0,0.0,0.6923076923076923
99724,2026-10-01 14:39:00,175.0,0.017142857142857144,0.2,0.6620308962745938
99727,2026-08-25 16:20:00,397.0,0.17884130982367757,0.4534005037783375,0.44275467010829367
99733,2026-09-26 19:45:00,25.0,0.0,0.2,0.6306415251415252
99735,2026-08-23 15:30:00,1.0,0.0,0.0,0.3333333333333333
99742,2026-05-01 15:40:00,1.0,0.0,0.0,0.46153846153846156
99750,2026-04-11 19:27:00,1.0,0.0,0.0,0.5
99780,2026-08-08 19:07:00,7.0,0.0,0.14285714285714285,0.6508372579801153
99783,2026-10-01 15:15:00,115.0,0.06956521739130435,0.30434782608695654,0.4703970198599354
99788,2026-09-29 13:55:00,154.0,0.025974025974025976,0.11038961038961038,0.6448314452722197
99795,2026-06-15 13:50:00,4.0,0.0,0.25,0.575
99810,2026-10-01 13:49:00,50.0,0.07999999999999999,0.32,0.4637053796736459
99828,2026-05-23 13:35:00,3.0,0.0,0.0,0.5470899470899472
99857,2026-06-13 19:44:00,5.0,0.0,0.2,0.7521367521367521
99860,2026-09-26 17:40:00,2.0,0.5,0.5,0.53125
99864,2026-09-25 12:43:00,31.0,0.0967741935483871,0.2903225806451613,0.5790082229598358
99878,2026-10-01 20:00:00,204.0,0.049019607843137254,0.20098039215686275,0.6589795203014316
99880,2026-09-25 14:15:00,5.0,0.0,0.4,0.5031818181818182
99887,2026-08-15 17:10:00,3.0,0.3333333333333333,0.3333333333333333,0.6263888888888889
99890,2026-08-29 16:15:00,17.0,0.058823529411764705,0.23529411764705882,0.581548605975039
99945,2026-09-28 16:43:00,16.0,0.0625,0.4375,0.5157151875901875
99954,2026-04-25 16:35:00,1.0,0.0,1.0,0.0
99960,2026-09-22 13:30:00,6.0,0.0,0.16666666666666666,0.6902777777777778
99996,2026-09-18 14:37:00,11.0,0.0,0.45454545454545453,0.5458513708513708
100011,2026-09-19 19:50:00,27.0,0.1111111111111111,0.2222222222222222,0.5282579771958857
100033,2026-09-25 16:25:00,44.0,0.06818181818181818,0.4772727272727273,0.41074538392385995
100045,2026-04-11 16:30:00,1.0,0.0,0.0,0.625
100058,2026-09-17 20:30:00,3.0,0.0,0.3333333333333333,0.611111111111111
100060,2026-04-24 17:30:00,5.0,0.0,0.0,0.755
100061,2026-04-09 15:30:00,1.0,0.0,0.0,0.45454545454545453
100063,2026-06-13 20:50:00,1.0,0.0,0.0,0.5384615384615384
100082,2026-10-01 16:00:00,79.0,0.13924050632911392,0.46835443037974683,0.4760276643188036
100118,2026-09-28 17:40:00,61.0,0.16393442622950818,0.4918032786885246,0.37030831345593057
100135,2026-09-05 17:34:00,7.0,0.0,0.2857142857142857,0.5486961451247165
100151,2026-04-11 16:30:00,1.0,0.0,0.0,0.375
100156,2026-04-23 14:00:00,2.0,0.0,0.5,0.3125
100161,2026-09-13 19:45:00,11.0,0.2727272727272727,0.2727272727272727,0.44247835497835497
100174,2026-04-11 16:30:00,1.0,0.0,0.0,0.875
100178,2026-09-23 15:22:00,20.0,0.1,0.6,0.4184054834054834
100187,2026-04-04 13:25:00,1.0,0.0,0.0,0.9
100230,2026-09-27 17:30:00,57.0,0.05263157894736842,0.38596491228070173,0.4722415011888696
100252,2026-05-02 19:30:00,1.0,0.0,0.0,0.75
100272,2026-06-04 19:15:00,1.0,0.0,0.0,0.8571428571428571
100273,2026-09-29 15:15:00,67.0,0.07462686567164178,0.23880597014925373,0.5677298862000354
100276,2026-10-01 14:05:00,9.0,0.0,0.4444444444444444,0.3614638447971781
100277,2026-10-01 14:05:00,4.0,0.0,0.75,0.23737373737373738
100281,2026-09-30 12:27:00,16.0,0.1875,0.375,0.41772875816993466
100285,2026-08-20 15:25:00,2.0,0.0,0.0,0.5303030303030303
100300,2026-09-22 15:16:00,16.0,0.0625,0.4375,0.4572420634920635
100330,2026-09-20 17:18:00,4.0,0.0,0.25,0.6383304195804196
100332,2026-07-18 10:09:00,1.0,0.0,0.0,0.7142857142857143
100335,2026-10-01 15:50:00,64.0,0.15625,0.5625,0.38582207722832723
100338,2026-05-09 19:30:00,5.0,0.2,0.4,0.4439495798319328
100339,2026-05-25 19:35:00,1.0,0.0,0.0,0.5454545454545454
100350,2026-10-01 17:25:00,479.0,0.14822546972860126,0.3903966597077244,0.5106137758847783
100351,2026-09-17 13:12:00,3.0,0.0,0.6666666666666666,0.25555555555555554
100352,2026-09-27 16:50:00,3.0,0.0,0.0,0.7865689865689866
100355,2026-10-01 16:09:00,62.0,0.16129032258064516,0.41935483870967744,0.392300368675456
100360,2026-10-01 16:24:00,268.0,0.14925373134328357,0.373134328358209,0.5457792667653291
100365,2026-10-01 16:42:00,137.0,0.11678832116788321,0.41605839416058393,0.38602659352303426
100367,2026-09-23 13:55:00,31.0,0.0,0.3870967741935484,0.43907682527976155
100369,2026-10-01 16:30:00,194.0,0.030927835051546393,0.20618556701030927,0.5779912821389314
100370,2026-10-01 17:17:00,225.0,0.07555555555555556,0.4266666666666667,0.36094664586363784
100371,2026-09-12 10:29:00,12.0,0.0,0.16666666666666666,0.6344997594997595
100377,2026-10-01 15:43:00,234.0,0.09401709401709402,0.29914529914529914,0.5529138788546222
100378,2026-09-23 15:22:00,48.0,0.041666666666666664,0.3541666666666667,0.49148157519868046
100379,2026-10-01 20:00:00,149.0,0.06040268456375839,0.28187919463087246,0.5947391376501042
100380,2026-09-29 19:00:00,125.0,0.088,0.312,0.5684310526075231
100384,2026-10-01 17:25:00,125.0,0.088,0.312,0.6193482872682872
100389,2026-09-30 17:35:00,51.0,0.11764705882352941,0.23529411764705882,0.5462627092001839
100426,2026-09-28 17:40:00,9.0,0.0,0.1111111111111111,0.5615842490842492
100427,2026-08-07 20:30:00,1.0,0.0,0.0,0.6666666666666666
100429,2026-06-27 21:25:00,1.0,0.0,0.0,0.7142857142857143
100439,2026-09-24 17:10:00,67.0,0.07462686567164178,0.582089552238806,0.36958646660139194
100441,2026-09-25 16:25:00,37.0,0.10810810810810811,0.4864864864864865,0.46596076596076597
100442,2026-09-19 17:30:00,10.0,0.3,0.7,0.31427128427128426
100452,2026-07-09 18:10:00,2.0,0.0,1.0,0.5833333333333333
100454,2026-09-20 14:45:00,24.0,0.08333333333333333,0.3333333333333333,0.5745936933436933
100459,2026-09-25 16:13:00,26.0,0.11538461538461539,0.4230769230769231,0.44674022558637944
100476,2026-10-01 18:30:00,259.0,0.05405405405405406,0.3166023166023166,0.5662121436557526
100477,2026-09-26 16:30:00,9.0,0.0,0.1111111111111111,0.7296192551094511
100479,2026-10-01 14:05:00,3.0,0.0,0.0,0.7333333333333334
100480,2026-08-11 13:53:00,3.0,0.0,0.0,0.7248677248677248
100491,2026-06-01 16:42:00,2.0,0.0,0.5,0.2
100505,2026-09-29 18:07:00,5.0,0.4,0.8,0.49000000000000005
100519,2026-08-05 14:45:00,4.0,0.0,0.5,0.44459706959706957
100524,2026-09-07 16:30:00,6.0,0.16666666666666666,0.3333333333333333,0.5674242424242424
100531,2026-05-04 17:18:00,8.0,0.0,0.0,0.7739583333333333
100539,2026-10-01 14:59:00,79.0,0.16455696202531644,0.4050632911392405,0.44010796717227724
100542,2026-09-17 10:07:00,25.0,0.04,0.48,0.351393642305407
100546,2026-09-19 20:30:00,7.0,0.0,0.2857142857142857,0.5615646258503401
100556,2026-05-30 19:54:00,1.0,0.0,0.0,0.8461538461538461
100558,2026-09-28 14:25:00,34.0,0.058823529411764705,0.4411764705882353,0.4612545134603958
100559,2026-10-01 16:25:00,35.0,0.05714285714285714,0.42857142857142855,0.40916759244490336
100564,2026-08-16 17:40:00,2.0,0.5,1.0,0.25
100568,2026-05-01 20:00:00,4.0,0.0,0.5,0.2875
100572,2026-09-28 13:44:00,8.0,0.125,0.5,0.40501893939393946
100605,2026-09-29 15:15:00,9.0,0.1111111111111111,0.2222222222222222,0.5805114638447972
100632,2026-09-12 10:40:00,2.0,0.0,1.0,0.0
100639,2026-09-26 14:15:00,18.0,0.0,0.4444444444444444,0.35893466101799437
100640,2026-10-01 16:50:00,169.0,0.1301775147928994,0.3609467455621302,0.5662393470218194
100651,2026-09-19 17:10:00,17.0,0.0,0.17647058823529413,0.5797540694599519
100654,2026-04-04 21:45:00,1.0,0.0,0.0,0.7777777777777778
100678,2026-09-18 17:37:00,4.0,0.0,0.25,0.4165834165834166
100697,2026-10-01 20:30:00,146.0,0.00684931506849315,0.2328767123287671,0.6518139584920406
100698,2026-09-10 17:05:00,29.0,0.0,0.3448275862068966,0.5949980096531821
100707,2026-09-26 18:00:00,5.0,0.0,0.0,0.8983333333333332
100708,2026-09-26 19:45:00,33.0,0.0,0.15151515151515152,0.6340045946329369
100720,2026-09-22 11:00:00,20.0,0.15,0.6,0.28568764568764565
100721,2026-04-25 17:45:00,1.0,0.0,0.0,0.8333333333333334
100736,2026-09-26 17:35:00,8.0,0.125,0.25,0.45807577838827834
100738,2026-09-28 19:00:00,38.0,0.07894736842105263,0.2631578947368421,0.5893058945517395
100755,2026-06-24 12:15:00,6.0,0.0,0.16666666666666666,0.7414862914862915
100758,2026-04-24 19:20:00,13.0,0.23076923076923078,0.6923076923076923,0.31831501831501835
100765,2026-08-21 20:05:00,17.0,0.058823529411764705,0.47058823529411764,0.4132002328596756
100775,2026-10-01 19:00:00,236.0,0.09322033898305085,0.3093220338983051,0.562901454654649
100779,2026-09-23 13:55:00,3.0,0.0,0.3333333333333333,0.6666666666666666
100782,2026-08-20 19:15:00,83.0,0.08433734939759037,0.5060240963855421,0.3061381405221161
100783,2026-10-01 16:18:00,203.0,0.059113300492610835,0.2561576354679803,0.5895729134029627
100805,2026-10-01 16:30:00,229.0,0.0611353711790393,0.2183406113537118,0.5623224179883994
100820,2026-08-08 19:07:00,1.0,0.0,0.0,0.8461538461538461
100825,2026-04-04 21:10:00,1.0,0.0,0.0,0.8571428571428571
100828,2026-10-01 15:34:00,32.0,0.125,0.40625,0.38621829519057654
100830,2026-05-10 15:50:00,2.0,0.0,0.0,0.9545454545454546
100832,2026-09-12 19:45:00,3.0,0.0,0.0,0.786574074074074
100833,2026-05-30 19:45:00,2.0,0.0,0.5,0.21875
100835,2026-05-30 19:45:00,1.0,0.0,0.0,0.75
100836,2026-05-23 19:45:00,2.0,0.0,0.0,0.5133928571428572
100837,2026-06-21 19:30:00,1.0,0.0,0.0,0.7222222222222222
100840,2026-09-26 14:15:00,2.0,0.0,1.0,0.0
100841,2026-09-26 16:30:00,33.0,0.030303030303030304,0.2727272727272727,0.4780649640099401
100849,2026-06-14 17:05:00,1.0,0.0,0.0,0.75
100853,2026-09-21 19:45:00,2.0,0.0,0.0,0.6619318181818181
100862,2026-09-10 14:40:00,41.0,0.14634146341463414,0.43902439024390244,0.5007333790870377
100864,2026-07-12 13:50:00,4.0,0.0,0.5,0.7272727272727273
100867,2026-09-25 14:15:00,4.0,0.0,0.0,0.603720238095238
100868,2026-10-01 16:50:00,121.0,0.09917355371900827,0.32231404958677684,0.5679372739290094
100870,2026-09-20 16:38:00,34.0,0.17647058823529413,0.5882352941176471,0.4052771046715683
100871,2026-09-19 16:35:00,7.0,0.14285714285714285,0.2857142857142857,0.5615172624073552
100873,2026-09-28 16:30:00,151.0,0.10596026490066225,0.423841059602649,0.3841282258657651
100875,2026-08-18 13:53:00,2.0,0.0,0.5,0.65
100877,2026-10-01 17:05:00,249.0,0.07630522088353414,0.2248995983935743,0.5223232790059459
100906,2026-09-28 17:00:00,19.0,0.10526315789473684,0.21052631578947367,0.6601746207009365
100908,2026-04-20 16:30:00,3.0,0.0,0.6666666666666666,0.21666666666666667
100940,2026-09-28 16:22:00,2.0,0.0,0.0,1.0
100951,2026-07-14 17:19:00,7.0,0.14285714285714285,0.2857142857142857,0.5359497645211931
100952,2026-05-09 17:05:00,1.0,0.0,1.0,0.3333333333333333
100954,2026-05-06 14:22:00,6.0,0.3333333333333333,0.5,0.39021164021164023
100963,2026-09-27 19:45:00,82.0,0.15853658536585366,0.4146341463414634,0.4468029069188172
100972,2026-09-26 14:45:00,52.0,0.019230769230769232,0.25,0.537090406478563
100975,2026-10-01 17:05:00,154.0,0.05194805194805195,0.15584415584415584,0.6530231966448385
100992,2026-04-04 18:15:00,1.0,0.0,0.0,0.7142857142857143
100993,2026-09-19 17:30:00,4.0,0.0,0.0,0.5339660339660339
101012,2026-10-01 16:30:00,207.0,0.03864734299516908,0.13043478260869565,0.6080086174453593
101027,2026-10-01 14:24:00,32.0,0.03125,0.25,0.4880800563922661
101029,2026-05-16 17:32:00,2.0,0.0,0.0,0.8831168831168831
101031,2026-08-25 13:18:00,6.0,0.0,0.16666666666666666,0.6704212454212456
101034,2026-10-01 16:18:00,100.0,0.02,0.25,0.579562950937951
101036,2026-04-25 17:45:00,1.0,0.0,0.0,0.2222222222222222
101037,2026-05-07 19:38:00,1.0,0.0,0.0,0.6
101046,2026-09-26 15:50:00,18.0,0.1111111111111111,0.6111111111111112,0.4060555185555185
101052,2026-09-26 12:58:00,6.0,0.0,0.16666666666666666,0.6400462962962963
101060,2026-10-01 17:17:00,282.0,0.10638297872340426,0.3971631205673759,0.3886393191151606
101078,2026-09-19 16:35:00,5.0,0.0,0.0,0.7052380952380952
101079,2026-08-02 11:19:00,2.0,0.0,0.5,0.6111111111111112
101081,2026-09-27 16:44:00,42.0,0.16666666666666669,0.4523809523809524,0.48244972619972615
101082,2026-07-14 20:50:00,2.0,0.0,0.0,0.8071428571428572
101085,2026-09-25 17:05:00,53.0,0.03773584905660377,0.6037735849056604,0.28440877642714785
101087,2026-10-01 16:09:00,146.0,0.03424657534246575,0.3219178082191781,0.45390487290911996
101105,2026-09-27 17:30:00,8.0,0.125,0.25,0.4077200577200577
101107,2026-05-02 18:33:00,1.0,0.0,0.0,0.35714285714285715
101118,2026-04-06 17:30:00,1.0,1.0,1.0,0.25
101121,2026-09-29 12:55:00,1.0,0.0,0.0,0.9375
101132,2026-09-23 14:12:00,39.0,0.15384615384615385,0.5384615384615384,0.42952851572761075
101133,2026-05-30 19:30:00,1.0,0.0,0.0,0.5333333333333333
101134,2026-04-04 15:15:00,1.0,0.0,1.0,0.0
101135,2026-04-18 17:35:00,1.0,0.0,0.0,0.5333333333333333
101142,2026-06-27 21:00:00,4.0,0.0,0.75,0.3802083333333333
101144,2026-07-21 18:21:00,2.0,0.0,0.5,0.3727272727272727
101147,2026-06-20 11:20:00,1.0,0.0,0.0,1.0
101148,2026-09-12 21:33:00,3.0,0.0,0.0,0.8674242424242425
101150,2026-04-13 17:10:00,1.0,0.0,1.0,0.0
101156,2026-06-21 21:35:00,1.0,0.0,0.0,1.0
101166,2026-10-01 17:17:00,96.0,0.11458333333333333,0.3958333333333333,0.4031361039040509
101169,2026-08-07 17:30:00,1.0,0.0,1.0,0.6
101172,2026-06-27 16:40:00,1.0,0.0,0.0,0.8571428571428571
101174,2026-09-12 17:23:00,2.0,0.0,0.0,1.0
101180,2026-06-15 18:42:00,10.0,0.1,0.5,0.34001735106998265
101183,2026-10-01 16:00:00,18.0,0.05555555555555555,0.5555555555555556,0.4359788359788359
101185,2026-09-30 15:15:00,159.0,0.05660377358490566,0.1949685534591195,0.548161129185381
101187,2026-09-24 17:10:00,67.0,0.08955223880597014,0.4925373134328358,0.4431499263588816
101188,2026-10-01 14:33:00,250.0,0.104,0.3,0.5769112427018
101189,2026-09-30 15:07:00,108.0,0.07407407407407407,0.3055555555555556,0.5533390665969354
101190,2026-05-15 19:30:00,2.0,0.5,0.5,0.45
101196,2026-08-16 15:25:00,1.0,0.0,1.0,0.25
101220,2026-09-22 11:00:00,3.0,0.3333333333333333,0.6666666666666666,0.2319088319088319
101227,2026-08-04 20:00:00,6.0,0.0,0.3333333333333333,0.34840367965367963
101231,2026-09-18 16:28:00,62.0,0.08064516129032258,0.45161290322580644,0.3570975500885368
101238,2026-10-01 14:59:00,14.0,0.0,0.2857142857142857,0.45228768264758984
101259,2026-10-01 15:49:00,357.0,0.0784313725490196,0.3137254901960784,0.569686640001766
101274,2026-09-29 20:30:00,4.0,0.0,0.25,0.6416396103896104
101287,2026-06-21 19:45:00,7.0,0.0,0.14285714285714285,0.6447995865012671
101290,2026-06-06 17:00:00,5.0,0.0,0.0,0.9384615384615385
101293,2026-10-01 14:15:00,72.0,0.19444444444444442,0.5,0.47410506160506155
101300,2026-10-01 16:50:00,255.0,0.08627450980392157,0.19607843137254902,0.6696587153075041
101309,2026-09-04 17:10:00,12.0,0.0,0.16666666666666666,0.5927248677248677
101315,2026-09-20 16:38:00,2.0,0.5,1.0,0.2976190476190476
101323,2026-09-28 15:35:00,36.0,0.1388888888888889,0.5,0.37207946374613043
101341,2026-09-17 11:52:00,4.0,0.0,0.5,0.4458333333333333
101363,2026-08-19 18:48:00,2.0,0.0,0.5,0.3333333333333333
101367,2026-10-01 16:09:00,17.0,0.0,0.17647058823529413,0.6116435035552683
101378,2026-04-11 14:00:00,1.0,0.0,0.0,0.625
101395,2026-09-06 15:30:00,1.0,0.0,1.0,0.2222222222222222
101413,2026-09-19 16:35:00,3.0,0.0,0.0,0.3968253968253968
101416,2026-05-09 19:37:00,1.0,0.0,1.0,0.75
101422,2026-09-03 13:30:00,2.0,0.0,0.5,0.5303030303030303
101438,2026-04-25 19:42:00,1.0,0.0,0.0,1.0
101447,2026-10-01 17:17:00,78.0,0.08974358974358974,0.3717948717948718,0.39050223906618287
101449,2026-07-07 18:30:00,2.0,0.0,0.0,0.85
101454,2026-05-26 13:07:00,1.0,0.0,0.0,0.8888888888888888
101468,2026-10-01 21:40:00,192.0,0.041666666666666664,0.16666666666666666,0.605802921037296
101471,2026-06-21 21:35:00,1.0,0.0,0.0,0.5
101475,2026-06-20 11:20:00,1.0,0.0,0.0,0.5555555555555556
101479,2026-10-01 16:24:00,53.0,0.09433962264150944,0.32075471698113206,0.5720726178171122
101500,2026-09-29 14:15:00,121.0,0.10743801652892562,0.5371900826446281,0.43869817051635235
101504,2026-04-19 15:53:00,1.0,0.0,0.0,0.25
101507,2026-09-26 18:00:00,77.0,0.1038961038961039,0.6493506493506493,0.3417071744993822
101508,2026-10-01 15:43:00,340.0,0.11764705882352941,0.36470588235294116,0.5408155496430629
101521,2026-07-04 15:00:00,3.0,0.0,0.0,0.8852813852813853
101525,2026-04-10 17:42:00,2.0,0.0,0.0,1.0
101546,2026-07-26 16:12:00,67.0,0.29850746268656714,0.6417910447761194,0.4282179263522547
101550,2026-10-01 16:18:00,132.0,0.13636363636363635,0.32575757575757575,0.5636632201973111
101567,2026-04-02 17:00:00,1.0,0.0,0.0,0.625
101568,2026-04-24 17:30:00,4.0,0.0,0.0,0.6451298701298702
101569,2026-04-24 15:00:00,1.0,0.0,0.0,0.8888888888888888
101584,2026-05-30 18:20:00,7.0,0.14285714285714285,0.7142857142857143,0.288265306122449
101585,2026-09-24 17:10:00,21.0,0.0,0.47619047619047616,0.4855682677111249
101591,2026-09-25 16:48:00,7.0,0.0,0.14285714285714285,0.5940398886827458
101603,2026-09-04 18:15:00,67.0,0.1044776119402985,0.3283582089552239,0.4135178822635502
101604,2026-07-04 18:23:00,1.0,0.0,0.0,0.7857142857142857
101605,2026-07-25 21:08:00,1.0,0.0,0.0,0.8333333333333334
101615,2026-05-30 20:30:00,3.0,0.0,0.0,0.801058201058201
101618,2026-10-01 16:09:00,69.0,0.11594202898550725,0.30434782608695654,0.48890797946862025
101620,2026-10-01 16:09:00,221.0,0.08144796380090498,0.4117647058823529,0.4056221962113771
101645,2026-09-22 16:48:00,12.0,0.0,0.5,0.5378472222222221
101647,2026-04-25 19:42:00,2.0,0.0,0.5,0.375
101648,2026-04-04 21:10:00,1.0,0.0,0.0,0.35714285714285715
101657,2026-05-24 19:40:00,3.0,0.3333333333333333,0.3333333333333333,0.41435185185185186
101659,2026-04-18 14:45:00,1.0,0.0,0.0,0.4375
101661,2026-09-12 19:45:00,8.0,0.0,0.25,0.5888392857142857
101662,2026-09-12 19:45:00,13.0,0.0,0.15384615384615385,0.5700272766449237
101682,2026-10-01 13:49:00,18.0,0.05555555555555555,0.3888888888888889,0.3994502093766799
101683,2026-05-30 19:54:00,6.0,0.0,0.0,0.5246045621045621
101694,2026-09-24 16:34:00,26.0,0.07692307692307693,0.3076923076923077,0.5036572401957018
101715,2026-08-28 14:13:00,5.0,0.0,0.8,0.27290209790209785
101725,2026-09-12 18:25:00,1.0,0.0,0.0,0.75
101726,2026-05-13 20:00:00,10.0,0.1,0.5,0.3172486772486772
101727,2026-09-25 14:15:00,14.0,0.0,0.5714285714285714,0.2621298519407763
101743,2026-04-04 14:00:00,1.0,0.0,1.0,0.21428571428571427
101758,2026-08-25 13:18:00,2.0,0.0,0.5,0.46794871794871795
101759,2026-09-29 16:35:00,190.0,0.08421052631578947,0.3473684210526316,0.5539799893276134
101770,2026-09-05 17:10:00,86.0,0.12790697674418608,0.4186046511627907,0.5505104599023348
101781,2026-06-26 12:30:00,3.0,0.0,0.3333333333333333,0.513888888888889
101782,2026-09-23 17:22:00,10.0,0.0,0.1,0.6986868686868687
101798,2026-05-02 18:35:00,1.0,0.0,1.0,0.0
101813,2026-08-29 14:44:00,1.0,0.0,1.0,0.2222222222222222
101816,2026-06-26 21:35:00,1.0,0.0,1.0,0.2
101818,2026-10-01 14:59:00,36.0,0.0,0.2222222222222222,0.5341386663206837
101820,2026-10-01 14:59:00,35.0,0.14285714285714285,0.37142857142857144,0.37796370946857455
101826,2026-09-23 13:12:00,28.0,0.03571428571428571,0.14285714285714285,0.6705777066071184
101828,2026-09-29 16:35:00,73.0,0.0821917808219178,0.3013698630136986,0.595741150021972
101846,2026-04-11 16:30:00,1.0,0.0,0.0,0.5
101850,2026-09-25 16:48:00,18.0,0.16666666666666666,0.3333333333333333,0.4980718355718356
101851,2026-09-23 15:40:00,176.0,0.05113636363636364,0.4147727272727273,0.3700509234747906
101853,2026-06-04 20:15:00,1.0,0.0,0.0,0.5
101861,2026-09-30 17:55:00,18.0,0.1111111111111111,0.5555555555555556,0.43046351796351795
101867,2026-09-29 13:30:00,75.0,0.09333333333333334,0.22666666666666666,0.5666540126540125
101868,2026-09-07 21:18:00,4.0,0.0,0.0,0.7430555555555556
101884,2026-09-29 15:25:00,55.0,0.07272727272727272,0.2,0.5689229908847133
101885,2026-09-27 21:05:00,88.0,0.056818181818181816,0.14772727272727273,0.6482340260749351
101888,2026-09-30 15:42:00,165.0,0.10303030303030303,0.30303030303030304,0.5572937982626976
101890,2026-07-16 18:05:00,2.0,0.0,0.0,0.6666666666666667
101898,2026-05-07 19:08:00,3.0,0.0,0.6666666666666666,0.11764705882352942
101915,2026-05-02 21:10:00,3.0,0.0,0.3333333333333333,0.5221861471861472
101916,2026-09-29 14:15:00,48.0,0.08333333333333333,0.3541666666666667,0.5292178885928888
101922,2026-06-28 12:10:00,1.0,0.0,0.0,0.6666666666666666
101925,2026-09-12 17:30:00,4.0,0.25,0.75,0.3884199134199134
101930,2026-10-01 17:05:00,38.0,0.05263157894736842,0.3157894736842105,0.4557455260190717
101932,2026-09-19 21:58:00,17.0,0.35294117647058826,0.4117647058823529,0.5395382395382394
101933,2026-06-27 20:52:00,1.0,0.0,0.0,1.0
101942,2026-07-06 18:25:00,2.0,0.0,0.0,0.8333333333333333
101943,2026-07-10 20:17:00,26.0,0.038461538461538464,0.2692307692307692,0.5284188034188034
101951,2026-09-24 15:59:00,37.0,0.05405405405405406,0.3783783783783784,0.4817889317889319
101959,2026-08-23 15:30:00,1.0,0.0,0.0,0.9166666666666666
101962,2026-05-22 20:00:00,1.0,0.0,1.0,0.0
101976,2026-09-26 17:35:00,7.0,0.0,0.14285714285714285,0.5109255823541538
101984,2026-05-15 22:37:00,1.0,0.0,1.0,0.2857142857142857
101986,2026-08-25 15:03:00,1.0,0.0,0.0,0.7857142857142857
101987,2026-09-24 16:10:00,11.0,0.0,0.45454545454545453,0.5192141192141192
101988,2026-09-30 17:50:00,35.0,0.08571428571428572,0.37142857142857144,0.4265803244374673
102014,2026-04-25 13:20:00,1.0,0.0,0.0,0.5625
102021,2026-09-26 10:29:00,15.0,0.0,0.3333333333333333,0.48664446664446664
102030,2026-09-03 18:48:00,7.0,0.0,0.42857142857142855,0.4334183673469387
102031,2026-08-20 14:10:00,7.0,0.0,0.14285714285714285,0.8628205128205128
102039,2026-07-05 14:43:00,38.0,0.05263157894736842,0.23684210526315788,0.517554265909529
102041,2026-08-23 15:30:00,1.0,0.0,1.0,0.25
102043,2026-09-19 14:25:00,24.0,0.25,0.7083333333333334,0.4037082130832131
102050,2026-10-01 17:05:00,154.0,0.08441558441558442,0.3116883116883117,0.5312974227827371
102053,2026-06-30 20:39:00,21.0,0.0,0.14285714285714285,0.6879734022591164
102058,2026-09-22 14:30:00,16.0,0.25,0.6875,0.29697420634920635
102070,2026-09-29 19:00:00,31.0,0.06451612903225806,0.3870967741935484,0.5486746794047304
102076,2026-09-26 16:35:00,8.0,0.375,0.625,0.28258928571428577
102090,2026-08-11 20:30:00,22.0,0.045454545454545456,0.18181818181818182,0.5509851593741968
102095,2026-09-06 11:52:00,2.0,0.0,0.0,0.6388888888888888
102121,2026-04-20 19:42:00,1.0,1.0,1.0,0.07692307692307693
102122,2026-09-17 13:50:00,2.0,0.0,0.0,0.8992673992673992
102126,2026-09-12 20:37:00,10.0,0.2,0.7,0.4396500721500722
102139,2026-04-04 18:55:00,1.0,0.0,0.0,0.9333333333333333
102141,2026-07-24 15:03:00,1.0,0.0,0.0,0.7142857142857143
102154,2026-05-09 19:37:00,2.0,0.0,0.5,0.75
102157,2026-07-21 18:21:00,2.0,0.0,0.0,0.6285714285714286
102158,2026-09-25 17:05:00,22.0,0.0,0.36363636363636365,0.4724136974136973
102163,2026-09-03 14:56:00,8.0,0.25,0.875,0.2607638888888889
102173,2026-07-18 15:10:00,9.0,0.2222222222222222,0.3333333333333333,0.4753487253487253
102177,2026-08-31 13:12:00,4.0,0.0,0.5,0.6349206349206349
102190,2026-09-21 16:00:00,51.0,0.058823529411764705,0.2549019607843137,0.6615108747461689
102211,2026-06-26 21:35:00,1.0,0.0,0.0,0.8
102213,2026-04-11 14:00:00,1.0,0.0,0.0,0.8125
102224,2026-06-04 20:15:00,1.0,0.0,0.0,0.6875
102229,2026-04-24 19:37:00,1.0,0.0,1.0,0.4
102237,2026-06-26 10:00:00,2.0,0.0,0.0,0.7076923076923077
102262,2026-05-26 11:59:00,1.0,0.0,0.0,0.9166666666666666
102280,2026-05-17 15:50:00,1.0,0.0,1.0,0.1111111111111111
102281,2026-10-01 14:05:00,9.0,0.0,0.5555555555555556,0.34835843169176506
102285,2026-04-11 16:30:00,1.0,0.0,0.0,0.6875
102299,2026-08-18 17:52:00,58.0,0.10344827586206896,0.3620689655172414,0.5654263361159912
102310,2026-10-01 16:18:00,85.0,0.07058823529411765,0.31764705882352945,0.5947660319910365
102312,2026-09-25 14:50:00,32.0,0.03125,0.4375,0.3742559318422805
102327,2026-04-02 16:00:00,1.0,0.0,0.0,0.5625
102333,2026-09-30 16:40:00,14.0,0.0,0.14285714285714285,0.5108647305075876
102354,2026-10-01 17:17:00,176.0,0.09659090909090909,0.4375,0.3767983212959289
102359,2026-06-14 12:35:00,1.0,0.0,0.0,1.0
102365,2026-09-04 17:45:00,50.0,0.2,0.58,0.2716503496503497
102370,2026-09-01 17:11:00,11.0,0.0,0.2727272727272727,0.5156371406371406
102373,2026-08-15 19:57:00,1.0,0.0,1.0,0.75
102383,2026-09-02 18:10:00,5.0,0.0,0.6,0.4023809523809524
102384,2026-07-06 19:50:00,1.0,0.0,1.0,0.0
102395,2026-08-27 19:47:00,3.0,0.0,0.0,0.6262626262626262
102398,2026-05-31 16:37:00,2.0,0.0,0.5,0.8
102405,2026-07-21 18:21:00,2.0,0.0,0.5,0.6642857142857143
102421,2026-06-13 19:44:00,1.0,0.0,0.0,1.0
102423,2026-04-02 16:00:00,1.0,0.0,1.0,0.1875
102424,2026-09-14 18:00:00,6.0,0.0,0.0,0.7951719576719577
102432,2026-04-17 17:30:00,4.0,0.0,0.0,0.6176136363636364
102434,2026-09-14 18:27:00,10.0,0.2,0.2,0.5428156565656567
102437,2026-10-01 16:35:00,123.0,0.06504065040650407,0.5040650406504065,0.4301492479039108
102459,2026-09-28 15:00:00,29.0,0.27586206896551724,0.6206896551724138,0.39957207543414447
102461,2026-06-13 15:10:00,2.0,0.0,0.5,0.5
102474,2026-09-25 16:30:00,85.0,0.03529411764705882,0.3294117647058824,0.4103787081814763
102475,2026-09-28 16:43:00,6.0,0.0,0.3333333333333333,0.454563492063492
102476,2026-08-27 14:00:00,2.0,0.0,0.5,0.6041666666666666
102477,2026-09-05 16:45:00,8.0,0.375,0.5,0.5268689643689644
102478,2026-09-26 12:58:00,4.0,0.0,0.5,0.475
102485,2026-06-13 15:53:00,2.0,0.0,0.0,0.95
102517,2026-07-16 20:30:00,1.0,0.0,0.0,0.5333333333333333
102522,2026-08-13 20:18:00,4.0,0.0,0.25,0.5314133986928105
102526,2026-09-30 14:32:00,402.0,0.13432835820895522,0.36069651741293535,0.5358823564559506
102535,2026-05-27 17:25:00,1.0,0.0,0.0,1.0
102536,2026-09-15 15:15:00,103.0,0.04854368932038835,0.1941747572815534,0.6006688834358737
102539,2026-08-16 15:25:00,4.0,0.0,0.0,0.6159951159951159
102541,2026-04-04 18:35:00,1.0,0.0,0.0,0.6875
102573,2026-06-21 19:30:00,2.0,0.0,0.0,0.3611111111111111
102574,2026-05-23 18:10:00,1.0,0.0,0.0,0.9375
102575,2026-05-23 18:10:00,1.0,0.0,0.0,0.4375
102577,2026-05-23 14:30:00,1.0,0.0,1.0,0.1875
102578,2026-05-23 18:10:00,2.0,0.0,0.5,0.4375
102601,2026-10-01 14:05:00,7.0,0.0,0.2857142857142857,0.480952380952381
102602,2026-09-22 17:07:00,5.0,0.0,0.4,0.4383333333333333
102617,2026-10-01 14:05:00,12.0,0.08333333333333333,0.3333333333333333,0.44469373219373215
102619,2026-09-18 17:37:00,10.0,0.0,0.5,0.44234848484848477
102625,2026-09-12 13:20:00,4.0,0.0,0.0,0.7648601398601398
102633,2026-08-19 20:18:00,12.0,0.0,0.08333333333333333,0.61502849002849
102635,2026-06-27 18:58:00,13.0,0.15384615384615385,0.3076923076923077,0.5256377295404445
102639,2026-06-08 17:10:00,6.0,0.0,0.0,0.7838624338624339
102647,2026-09-04 13:53:00,16.0,0.0,0.0625,0.6918120941558441
102666,2026-09-28 14:10:00,4.0,0.0,0.25,0.41631944444444446
102678,2026-09-22 16:48:00,30.0,0.1,0.5000000000000001,0.46477920227920233
102686,2026-09-08 17:42:00,19.0,0.10526315789473684,0.42105263157894735,0.4574523429786588
102687,2026-09-20 14:39:00,17.0,0.058823529411764705,0.29411764705882354,0.5855814120520002
102705,2026-08-21 20:20:00,2.0,0.0,0.0,0.625
102713,2026-10-01 14:05:00,4.0,0.0,1.0,0.11346153846153845
102714,2026-07-10 20:30:00,3.0,0.0,0.0,0.5532407407407408
102716,2026-10-01 14:05:00,14.0,0.07142857142857142,0.42857142857142855,0.34314574314574314
102723,2026-09-01 15:50:00,162.0,0.09259259259259259,0.3765432098765432,0.5675525669190387
102724,2026-05-16 18:22:00,1.0,0.0,0.0,0.6923076923076923
102726,2026-09-23 17:17:00,5.0,0.4,0.4,0.5428571428571429
102731,2026-04-20 19:42:00,2.0,0.0,0.0,0.5408653846153846
102738,2026-07-19 11:31:00,2.0,0.5,1.0,0.2589285714285714
102740,2026-10-01 21:17:00,1.0,0.0,0.0,0.9
102743,2026-07-04 20:18:00,3.0,0.0,0.0,0.625
102746,2026-10-01 14:05:00,19.0,0.05263157894736842,0.2631578947368421,0.438364559417191
102763,2026-06-27 16:40:00,1.0,1.0,1.0,0.14285714285714285
102765,2026-08-26 17:10:00,4.0,0.0,0.5,0.65625
102773,2026-09-29 16:40:00,265.0,0.13584905660377358,0.38113207547169814,0.5164801524876588
102775,2026-09-19 17:37:00,17.0,0.058823529411764705,0.11764705882352941,0.5887106357694593
102776,2026-05-28 17:50:00,1.0,0.0,1.0,0.0
102777,2026-08-08 16:57:00,52.0,0.11538461538461539,0.28846153846153844,0.610861200765047
102778,2026-05-13 20:00:00,2.0,0.0,1.0,0.0
102782,2026-05-23 18:10:00,1.0,0.0,0.0,0.6875
102787,2026-09-19 13:36:00,2.0,0.0,0.0,0.7291666666666667
102789,2026-10-01 15:34:00,46.0,0.021739130434782608,0.3695652173913043,0.4378277519581868
102798,2026-09-27 17:30:00,11.0,0.0,0.2727272727272727,0.40191311214038483
102799,2026-05-31 17:40:00,1.0,0.0,0.0,0.5384615384615384
102803,2026-07-06 18:25:00,2.0,0.0,0.5,0.75
102804,2026-08-26 17:10:00,2.0,0.0,0.0,0.5625
102806,2026-05-09 20:30:00,1.0,0.0,0.0,0.625
102822,2026-08-06 14:55:00,7.0,0.0,0.0,0.9100994243851387
102823,2026-09-14 18:27:00,14.0,0.07142857142857142,0.21428571428571427,0.5611427263212978
102829,2026-10-01 21:40:00,137.0,0.145985401459854,0.32116788321167883,0.4632175407722853
102830,2026-08-02 14:20:00,3.0,0.0,0.6666666666666666,0.10416666666666667
102834,2026-05-15 20:40:00,2.0,0.0,0.0,0.6428571428571428
102839,2026-09-23 17:17:00,3.0,0.0,0.6666666666666666,0.30238095238095236
102840,2026-09-20 14:18:00,112.0,0.06249999999999999,0.49999999999999994,0.47413680576872486
102864,2026-04-06 17:20:00,2.0,0.0,0.5,0.25
102867,2026-09-30 17:08:00,242.0,0.09504132231404959,0.30165289256198347,0.5888801909205602
102869,2026-08-28 19:22:00,19.0,0.0,0.3157894736842105,0.5033687581858513
102870,2026-05-31 12:45:00,3.0,0.0,0.3333333333333333,0.548051948051948
102875,2026-07-04 18:23:00,3.0,0.0,0.0,0.8736263736263736
102879,2026-09-28 16:22:00,8.0,0.0,0.25,0.4923951048951049
102880,2026-07-04 20:09:00,2.0,0.0,0.5,0.6666666666666667
102881,2026-06-14 13:50:00,12.0,0.08333333333333333,0.4166666666666667,0.3236772486772487
102886,2026-09-28 13:44:00,6.0,0.6666666666666666,0.6666666666666666,0.3207070707070707
102890,2026-04-11 22:00:00,2.0,0.0,0.5,0.4861111111111111
102891,2026-09-01 17:00:00,1.0,0.0,0.0,0.3333333333333333
102898,2026-09-19 17:45:00,6.0,0.16666666666666666,0.16666666666666666,0.6937728937728936
102904,2026-04-11 20:02:00,1.0,0.0,0.0,0.9375
102906,2026-08-28 17:57:00,4.0,0.0,0.25,0.5572916666666666
102907,2026-09-28 17:40:00,20.0,0.0,0.1,0.6603157585878174
102909,2026-06-26 17:10:00,1.0,0.0,0.0,0.46153846153846156
102914,2026-09-22 14:30:00,66.0,0.10606060606060606,0.5757575757575758,0.3916222740420601
102918,2026-09-24 17:25:00,9.0,0.0,0.4444444444444444,0.5432599807599808
102920,2026-06-27 21:00:00,3.0,0.0,0.0,0.5694444444444445
102938,2026-09-30 20:30:00,4.0,0.0,0.25,0.725378787878788
102954,2026-09-27 17:30:00,1.0,0.0,0.0,0.6111111111111112
102957,2026-09-21 17:07:00,3.0,0.0,0.6666666666666666,0.46296296296296297
102961,2026-10-01 17:17:00,101.0,0.07920792079207921,0.43564356435643564,0.3778913009319272
102966,2026-08-31 15:35:00,7.0,0.0,0.5714285714285714,0.44586167800453513
102979,2026-04-06 18:10:00,2.0,0.0,0.5,0.375
102985,2026-09-24 17:10:00,12.0,0.08333333333333333,0.8333333333333334,0.18513107263107265
102986,2026-05-04 13:45:00,1.0,0.0,1.0,0.2727272727272727
102988,2026-09-19 10:36:00,24.0,0.20833333333333334,0.625,0.4327861952861953
102989,2026-08-09 15:43:00,6.0,0.0,0.16666666666666666,0.5141700404858299
102992,2026-09-12 19:55:00,12.0,0.0,0.25,0.6296927609427608
102996,2026-09-04 18:30:00,20.0,0.1,0.2,0.46312229437229446
103006,2026-07-25 14:44:00,3.0,0.0,0.0,0.7732843137254902
103016,2026-05-17 17:45:00,6.0,0.0,0.5,0.37927350427350426
103026,2026-06-10 15:00:00,2.0,0.0,1.0,0.0
103029,2026-09-13 17:10:00,49.0,0.08163265306122448,0.22448979591836735,0.5559311436862457
103035,2026-08-26 17:10:00,1.0,0.0,0.0,1.0
103038,2026-08-23 15:30:00,1.0,0.0,0.0,0.8333333333333334
103040,2026-09-30 11:52:00,9.0,0.0,0.2222222222222222,0.5362874779541446
103045,2026-09-29 15:25:00,118.0,0.05084745762711865,0.211864406779661,0.5760801600374986
103073,2026-08-07 20:30:00,6.0,0.0,0.3333333333333333,0.4094486531986532
103076,2026-06-14 13:05:00,1.0,0.0,1.0,0.2222222222222222
103078,2026-09-22 11:00:00,4.0,0.0,0.25,0.47936507936507927
103108,2026-09-03 14:56:00,1.0,0.0,0.0,1.0
103109,2026-09-12 12:27:00,6.0,0.0,0.5,0.2328042328042328
103110,2026-05-12 17:58:00,1.0,0.0,0.0,0.6875
103118,2026-09-28 14:25:00,94.0,0.1382978723404255,0.48936170212765956,0.4919470148819334
103121,2026-09-08 19:00:00,35.0,0.05714285714285714,0.14285714285714285,0.5860779066871504
103126,2026-09-25 14:15:00,3.0,0.0,0.3333333333333333,0.2123015873015873
103127,2026-10-01 16:55:00,83.0,0.060240963855421686,0.20481927710843373,0.6408257880356802
103131,2026-05-16 14:10:00,4.0,0.0,0.0,0.6891996891996892
103140,2026-08-28 14:13:00,2.0,0.0,0.5,0.44155844155844154
103147,2026-09-19 21:03:00,1.0,0.0,0.0,0.5555555555555556
103158,2026-09-25 16:48:00,44.0,0.045454545454545456,0.25,0.5339999646817829
103159,2026-07-11 18:40:00,4.0,0.25,0.5,0.48405032467532466
103160,2026-09-14 17:17:00,1.0,0.0,0.0,0.9375
103181,2026-06-13 19:44:00,4.0,0.25,0.75,0.27507770007770005
103183,2026-09-23 17:07:00,2.0,0.0,0.0,0.4666666666666667
103198,2026-09-29 17:37:00,251.0,0.09561752988047809,0.30677290836653387,0.5810513420804455
103208,2026-10-01 17:10:00,11.0,0.0,0.36363636363636365,0.5439033189033189
103216,2026-10-01 21:10:00,156.0,0.04487179487179487,0.16666666666666669,0.6286762027146643
103217,2026-09-30 17:55:00,1.0,0.0,0.0,0.7142857142857143
103235,2026-08-08 19:07:00,8.0,0.0,0.375,0.4318226809954751
103239,2026-07-04 20:18:00,2.0,0.0,0.0,0.6759868421052632
103243,2026-09-28 17:40:00,13.0,0.0,0.07692307692307693,0.6845232570345693
103265,2026-04-22 16:40:00,1.0,0.0,0.0,1.0
103269,2026-09-19 19:35:00,1.0,0.0,0.0,0.6363636363636364
103298,2026-10-01 17:17:00,177.0,0.0847457627118644,0.480225988700565,0.323223773446395
103312,2026-08-15 17:15:00,2.0,0.0,0.5,0.875
103323,2026-05-13 20:00:00,3.0,0.0,0.6666666666666666,0.6150793650793651
103325,2026-09-23 13:47:00,18.0,0.05555555555555555,0.16666666666666666,0.5911740265906933
103337,2026-05-01 16:30:00,1.0,0.0,1.0,0.6666666666666666
103343,2026-09-27 17:19:00,2.0,1.0,1.0,0.14545454545454545
103358,2026-05-01 15:40:00,1.0,0.0,1.0,0.0
103369,2026-09-25 17:05:00,5.0,0.0,0.0,0.47896825396825393
103375,2026-04-02 17:00:00,1.0,0.0,1.0,0.0
103416,2026-09-05 16:40:00,16.0,0.0,0.5625,0.4965525793650793
103420,2026-08-13 18:28:00,4.0,0.0,0.0,1.0
103425,2026-09-21 14:23:00,30.0,0.0,0.13333333333333333,0.6103672152008065
103437,2026-05-23 18:10:00,2.0,0.0,0.5,0.375
103439,2026-06-21 19:30:00,11.0,0.0,0.09090909090909091,0.553952338511162
103440,2026-06-21 19:30:00,7.0,0.0,0.0,0.7346371882086169
103441,2026-05-23 18:10:00,1.0,0.0,0.0,0.375
103449,2026-05-01 16:30:00,1.0,1.0,1.0,0.3333333333333333
103453,2026-10-01 19:30:00,189.0,0.13756613756613756,0.4126984126984127,0.49892140399627155
103462,2026-09-22 18:30:00,64.0,0.15625,0.40625,0.5348468805500055
103465,2026-09-15 16:28:00,2.0,0.0,0.0,1.0
103466,2026-09-23 17:17:00,3.0,0.0,0.3333333333333333,0.4444444444444445
103483,2026-10-01 14:24:00,19.0,0.0,0.3157894736842105,0.4205730672835936
103486,2026-10-01 16:09:00,11.0,0.0,0.18181818181818182,0.5316413658804963
103487,2026-09-26 17:30:00,8.0,0.0,0.125,0.6875
103488,2026-04-14 17:00:00,1.0,0.0,0.0,0.4666666666666667
103490,2026-09-18 14:47:00,5.0,0.0,0.2,0.5852380952380953
103498,2026-10-01 20:30:00,165.0,0.1393939393939394,0.3696969696969697,0.5014277403596289
103504,2026-09-04 13:55:00,2.0,0.0,0.5,0.5757575757575758
103507,2026-10-01 13:30:00,2.0,0.5,0.5,0.3904761904761905
103518,2026-10-01 16:35:00,56.0,0.12499999999999999,0.5535714285714285,0.4820890914640915
103522,2026-06-15 14:20:00,1.0,0.0,0.0,1.0
103530,2026-05-23 16:50:00,2.0,0.0,0.0,0.8705357142857143
103532,2026-09-25 18:00:00,10.0,0.1,0.2,0.5804091741591743
103536,2026-09-29 15:02:00,112.0,0.08928571428571429,0.30357142857142855,0.5619477737957531
103542,2026-08-31 17:50:00,4.0,0.0,0.5,0.5071428571428571
103544,2026-09-23 17:07:00,3.0,0.0,0.6666666666666666,0.3055555555555556
103558,2026-09-30 17:00:00,62.0,0.06451612903225806,0.1935483870967742,0.4865291662630123
103577,2026-07-19 16:15:00,6.0,0.0,0.3333333333333333,0.607473544973545
103579,2026-05-03 16:50:00,1.0,0.0,0.0,1.0
103590,2026-09-18 17:30:00,14.0,0.14285714285714285,0.42857142857142855,0.5578153988868274
103591,2026-09-01 14:20:00,5.0,0.4,0.4,0.445
103593,2026-08-07 20:11:00,5.0,0.0,0.0,0.7813423831070889
103600,2026-05-16 18:22:00,1.0,0.0,0.0,0.9230769230769231
103619,2026-09-25 13:58:00,66.0,0.10606060606060606,0.3484848484848485,0.6030301259966332
103621,2026-09-28 16:43:00,1.0,0.0,1.0,0.0
103622,2026-05-13 16:18:00,1.0,0.0,1.0,0.3333333333333333
103629,2026-06-18 17:11:00,2.0,0.0,0.0,0.9615384615384616
103655,2026-09-30 17:00:00,60.0,0.08333333333333333,0.25,0.47246426138647496
103658,2026-09-18 18:25:00,2.0,0.0,0.0,0.6964285714285714
103660,2026-09-25 15:38:00,22.0,0.045454545454545456,0.2727272727272727,0.636419451760361
103665,2026-09-28 14:45:00,5.0,0.0,0.0,0.6698412698412699
103683,2026-09-26 16:35:00,18.0,0.0,0.16666666666666666,0.571831055654585
103691,2026-04-06 15:35:00,1.0,0.0,1.0,0.0
103694,2026-08-01 10:25:00,1.0,0.0,1.0,0.375
103695,2026-09-19 13:36:00,22.0,0.09090909090909091,0.3181818181818182,0.5656467270103633
103699,2026-09-03 14:56:00,7.0,0.14285714285714285,0.5714285714285714,0.43287981859410424
103709,2026-10-01 17:00:00,112.0,0.08035714285714286,0.27678571428571425,0.6066903927716344
103711,2026-05-30 17:03:00,1.0,0.0,0.0,1.0
103717,2026-06-16 17:15:00,1.0,0.0,0.0,0.8461538461538461
103721,2026-06-08 15:30:00,12.0,0.08333333333333333,0.16666666666666666,0.6458573833573833
103723,2026-07-24 17:35:00,8.0,0.125,0.5,0.4174681221556222
103726,2026-09-12 19:40:00,1.0,0.0,0.0,0.38461538461538464
103730,2026-09-28 14:40:00,34.0,0.058823529411764705,0.3235294117647059,0.5928407785025432
103732,2026-08-25 15:03:00,3.0,0.0,0.6666666666666666,0.2837301587301588
103745,2026-09-25 18:47:00,3.0,0.0,0.0,1.0
103748,2026-09-30 16:33:00,220.0,0.08636363636363636,0.3181818181818182,0.5482864171979004
103749,2026-09-25 18:00:00,24.0,0.0,0.041666666666666664,0.6612482527004586
103756,2026-08-25 15:03:00,3.0,0.0,0.0,0.6693121693121693
103772,2026-08-09 11:18:00,4.0,0.25,0.5,0.65625
103780,2026-07-04 17:48:00,2.0,0.0,0.5,0.375
103791,2026-08-19 20:18:00,10.0,0.0,0.2,0.5819444444444445
103793,2026-09-07 19:41:00,9.0,0.0,0.4444444444444444,0.4381466391270312
103797,2026-09-19 21:58:00,1.0,0.0,0.0,1.0
103814,2026-05-29 16:48:00,1.0,0.0,0.0,0.8
103817,2026-09-30 17:00:00,84.0,0.03571428571428571,0.2619047619047619,0.5341483314587031
103833,2026-10-01 16:18:00,124.0,0.08870967741935484,0.2903225806451613,0.5490192506905156
103838,2026-09-25 17:05:00,6.0,0.0,0.16666666666666666,0.5888407888407888
103844,2026-08-25 13:18:00,5.0,0.0,0.4,0.46380952380952384
103845,2026-07-02 19:08:00,4.0,0.0,0.0,0.7073863636363636
103856,2026-09-26 15:55:00,3.0,0.0,0.6666666666666666,0.30952380952380953
103861,2026-07-04 15:00:00,1.0,0.0,0.0,0.5555555555555556
103864,2026-09-30 17:55:00,10.0,0.3,0.7,0.3456385281385281
103866,2026-10-01 14:10:00,161.0,0.06832298136645963,0.2484472049689441,0.5232272328773764
103877,2026-04-17 18:05:00,1.0,0.0,1.0,0.3333333333333333
103881,2026-10-01 15:20:00,146.0,0.1643835616438356,0.3904109589041096,0.4261385324793466
103883,2026-09-20 16:10:00,1.0,0.0,0.0,0.8888888888888888
103884,2026-10-01 16:30:00,108.0,0.05555555555555555,0.21296296296296297,0.5122483646670953
103902,2026-05-01 15:40:00,2.0,0.0,0.5,0.6153846153846154
103905,2026-07-17 17:05:00,1.0,0.0,1.0,0.4
103910,2026-06-27 16:40:00,1.0,0.0,0.0,0.7142857142857143
103911,2026-06-26 21:00:00,2.0,0.0,0.5,0.5178571428571428
103912,2026-09-19 14:52:00,6.0,0.0,0.16666666666666666,0.6523569023569025
103915,2026-09-19 16:35:00,9.0,0.0,0.1111111111111111,0.5788902455569123
103916,2026-10-01 14:45:00,106.0,0.07547169811320754,0.27358490566037735,0.509122750978609
103947,2026-06-07 15:07:00,6.0,0.0,0.0,0.6572570947570947
103948,2026-10-01 17:05:00,126.0,0.03968253968253968,0.1349206349206349,0.6138337804325692
103949,2026-09-30 15:30:00,69.0,0.07246376811594203,0.391304347826087,0.4096618033756276
103982,2026-04-02 14:22:00,1.0,0.0,0.0,0.7272727272727273
103986,2026-09-26 12:58:00,4.0,0.25,0.75,0.203125
103991,2026-07-20 17:10:00,10.0,0.0,0.0,0.6784641757787538
103995,2026-09-22 14:30:00,6.0,0.0,0.8333333333333334,0.34027777777777785
104001,2026-09-17 13:12:00,2.0,0.0,0.5,0.5809523809523809
104003,2026-04-25 17:45:00,5.0,0.0,0.4,0.35742035742035744
104004,2026-10-01 16:25:00,55.0,0.10909090909090909,0.41818181818181815,0.38630135164894525
104008,2026-08-03 17:30:00,5.0,0.0,0.0,0.7690109890109891
104012,2026-09-29 14:02:00,226.0,0.10176991150442478,0.3141592920353982,0.5991389308526424
104019,2026-10-01 17:00:00,210.0,0.10952380952380952,0.30952380952380953,0.5407908160463781
104029,2026-07-04 16:00:00,2.0,0.0,0.0,0.9230769230769231
104037,2026-07-14 20:10:00,4.0,0.0,0.25,0.3392857142857143
104038,2026-09-25 15:50:00,9.0,0.1111111111111111,0.2222222222222222,0.5305114638447971
104042,2026-09-15 16:40:00,4.0,0.0,0.0,0.7468253968253968
104059,2026-09-30 17:00:00,72.0,0.08333333333333333,0.2777777777777778,0.48503859962515794
104060,2026-05-11 17:12:00,1.0,0.0,0.0,0.7692307692307693
104061,2026-09-30 17:55:00,28.0,0.35714285714285715,0.5714285714285714,0.41615230008087156
104085,2026-09-25 12:43:00,17.0,0.0,0.17647058823529413,0.6552966641201935
104092,2026-05-09 20:30:00,1.0,0.0,0.0,0.875
104099,2026-07-14 20:50:00,1.0,0.0,0.0,0.8571428571428571
104106,2026-07-02 16:48:00,6.0,0.0,0.0,0.5128968253968254
104114,2026-06-28 15:12:00,3.0,0.0,0.3333333333333333,0.5404040404040403
104124,2026-09-14 18:27:00,21.0,0.047619047619047616,0.19047619047619047,0.6161441072155357
104160,2026-04-02 17:00:00,1.0,0.0,0.0,0.5
104165,2026-09-07 19:41:00,8.0,0.0,0.25,0.5649706196581197
104170,2026-10-01 14:05:00,9.0,0.1111111111111111,0.4444444444444444,0.42751322751322746
104172,2026-06-09 20:30:00,1.0,0.0,0.0,0.7142857142857143
104180,2026-09-20 17:18:00,4.0,0.0,0.0,0.6504928894634776
104184,2026-09-25 14:15:00,13.0,0.07692307692307693,0.3076923076923077,0.45006254429331355
104185,2026-10-01 17:10:00,12.0,0.08333333333333333,0.6666666666666666,0.3964218651718652
104203,2026-07-07 15:30:00,3.0,0.0,0.3333333333333333,0.5607142857142856
104206,2026-04-11 19:15:00,1.0,0.0,0.0,0.9090909090909091
104207,2026-10-01 15:49:00,290.0,0.12758620689655173,0.3931034482758621,0.5492933043542897
104226,2026-09-28 14:45:00,20.0,0.0,0.25,0.5015480340093343
104231,2026-08-08 19:07:00,2.0,0.0,0.0,0.4567307692307692
104239,2026-04-04 21:10:00,1.0,0.0,0.0,0.5
104260,2026-09-07 19:41:00,2.0,0.0,0.5,0.4
104279,2026-08-06 20:20:00,2.0,0.0,0.0,0.6666666666666666
104298,2026-08-28 19:56:00,8.0,0.125,0.375,0.4608209498834499
104304,2026-10-01 15:50:00,8.0,0.0,0.5,0.2702380952380952
104306,2026-09-11 15:38:00,1.0,0.0,0.0,0.6
104308,2026-04-18 14:45:00,1.0,0.0,0.0,0.375
104309,2026-04-18 14:45:00,1.0,0.0,0.0,0.5
104310,2026-05-09 19:30:00,2.0,0.5,0.5,0.40625
104312,2026-08-08 19:25:00,2.0,0.0,0.0,0.5823863636363636
104313,2026-05-23 18:10:00,2.0,0.0,0.0,0.71875
104315,2026-08-01 15:52:00,3.0,0.0,0.0,0.8313492063492064
104321,2026-09-02 17:08:00,2.0,0.0,0.0,0.7908653846153846
104326,2026-08-01 21:22:00,2.0,0.0,0.5,0.7142857142857143
104327,2026-06-26 17:10:00,2.0,0.0,0.5,0.5615384615384615
104328,2026-07-09 17:40:00,1.0,0.0,0.0,0.7
104342,2026-09-30 17:00:00,10.0,0.1,0.2,0.5227254689754689
104350,2026-04-02 16:00:00,1.0,0.0,0.0,1.0
104351,2026-05-23 18:10:00,1.0,0.0,0.0,0.25
104356,2026-10-01 15:55:00,66.0,0.07575757575757576,0.18181818181818182,0.5622228519457387
104359,2026-09-28 16:22:00,3.0,0.0,0.0,0.7351981351981353
104367,2026-05-13 16:18:00,2.0,0.5,0.5,0.5208333333333334
104392,2026-06-06 16:30:00,4.0,0.25,0.5,0.3
104395,2026-08-04 20:30:00,1.0,0.0,0.0,1.0
104398,2026-09-23 17:22:00,7.0,0.0,0.42857142857142855,0.41082766439909296
104405,2026-08-28 14:13:00,2.0,0.5,0.5,0.46464646464646464
104407,2026-09-30 17:00:00,58.0,0.1206896551724138,0.27586206896551724,0.5134934255897478
104408,2026-08-15 15:00:00,3.0,0.0,0.0,0.9047619047619048
104410,2026-09-28 17:40:00,3.0,0.0,0.0,0.6071428571428571
104411,2026-04-07 17:10:00,1.0,0.0,0.0,0.5714285714285714
104415,2026-08-07 17:30:00,4.0,0.25,0.5,0.5375
104417,2026-09-19 16:35:00,10.0,0.0,0.1,0.569514411027569
104430,2026-08-22 17:25:00,6.0,0.0,0.16666666666666666,0.5593406593406594
104431,2026-09-26 12:58:00,2.0,0.0,0.0,0.7291666666666667
104443,2026-06-18 20:20:00,1.0,0.0,0.0,0.8666666666666667
104449,2026-05-02 18:35:00,1.0,0.0,0.0,0.9090909090909091
104454,2026-09-27 16:20:00,24.0,0.125,0.16666666666666666,0.623387671660698
104456,2026-05-27 20:38:00,3.0,0.0,0.0,0.751984126984127
104457,2026-08-03 17:30:00,7.0,0.0,0.0,0.7921132299073477
104458,2026-05-22 20:00:00,3.0,0.0,0.3333333333333333,0.4278846153846154
104460,2026-07-10 20:30:00,3.0,0.3333333333333333,0.6666666666666666,0.2516025641025641
104461,2026-09-28 13:35:00,21.0,0.0,0.14285714285714285,0.5934064786508395
104468,2026-09-07 21:00:00,3.0,0.0,0.6666666666666666,0.3063973063973064
104470,2026-06-04 20:15:00,1.0,0.0,0.0,0.625
104479,2026-09-29 14:02:00,32.0,0.03125,0.25,0.5903796724109225
104493,2026-09-29 18:07:00,1.0,0.0,0.0,1.0
104500,2026-09-01 14:20:00,5.0,0.0,0.2,0.6492857142857142
104502,2026-09-06 14:20:00,2.0,0.0,0.5,0.6833333333333333
104505,2026-09-28 16:19:00,40.0,0.075,0.1,0.717771919235735
104508,2026-05-31 17:40:00,1.0,0.0,0.0,0.46153846153846156
104509,2026-04-01 15:30:00,2.0,0.0,0.0,0.4
104513,2026-10-01 17:25:00,73.0,0.1232876712328767,0.3424657534246575,0.5543236063784008
104515,2026-08-14 15:00:00,5.0,0.0,0.2,0.7371428571428572
104516,2026-09-27 17:19:00,10.0,0.1,0.6,0.4778607503607503
104517,2026-07-21 18:00:00,1.0,0.0,0.0,0.8181818181818182
104519,2026-05-04 16:30:00,1.0,0.0,1.0,0.0
104520,2026-05-02 22:53:00,4.0,0.0,0.5,0.38675213675213677
104529,2026-09-30 17:00:00,36.0,0.027777777777777776,0.25,0.5526223097269279
104532,2026-10-01 17:10:00,12.0,0.25,0.5,0.591401653901654
104535,2026-04-27 17:50:00,1.0,0.0,0.0,0.875
104545,2026-05-02 18:35:00,1.0,0.0,0.0,0.45454545454545453
104556,2026-07-05 14:43:00,4.0,0.0,0.0,0.8363997113997114
104558,2026-06-29 14:30:00,4.0,0.0,0.5,0.44405594405594406
104563,2026-09-26 16:45:00,6.0,0.0,0.0,0.8591871091871092
104566,2026-10-01 16:30:00,9.0,0.0,0.0,0.7402226041931923
104567,2026-09-17 20:30:00,5.0,0.2,0.2,0.5546764346764347
104569,2026-08-13 20:18:00,9.0,0.1111111111111111,0.3333333333333333,0.45262345679012345
104572,2026-09-29 18:07:00,3.0,0.0,0.0,0.7777777777777778
104573,2026-07-07 16:13:00,2.0,0.0,0.5,0.3038461538461539
104578,2026-09-27 17:19:00,13.0,0.07692307692307693,0.3076923076923077,0.5197052947052948
104587,2026-09-28 16:43:00,17.0,0.23529411764705882,0.4117647058823529,0.4840043942985119
104592,2026-09-19 17:02:00,9.0,0.1111111111111111,0.3333333333333333,0.4636633428300095
104593,2026-06-24 19:10:00,1.0,0.0,0.0,0.9333333333333333
104600,2026-05-17 12:22:00,1.0,0.0,0.0,0.5714285714285714
104605,2026-06-14 13:05:00,1.0,0.0,0.0,0.5555555555555556
104608,2026-08-16 17:10:00,12.0,0.08333333333333333,0.5,0.5012866762866762
104609,2026-09-25 14:15:00,14.0,0.07142857142857142,0.35714285714285715,0.4356018281438449
104612,2026-05-16 17:32:00,2.0,0.0,0.0,0.8373015873015872
104615,2026-08-15 11:12:00,1.0,0.0,0.0,0.5
104618,2026-07-21 18:21:00,1.0,0.0,1.0,0.0
104620,2026-09-14 17:17:00,9.0,0.0,0.0,0.6624525166191833
104622,2026-09-25 12:43:00,17.0,0.17647058823529413,0.23529411764705882,0.5993384066913477
104624,2026-09-28 16:22:00,10.0,0.2,0.4,0.4537393162393163
104626,2026-07-21 18:21:00,1.0,0.0,0.0,0.6
104634,2026-09-02 17:08:00,5.0,0.0,0.2,0.5967857142857144
104650,2026-09-29 13:55:00,4.0,0.0,0.0,0.9583333333333334
104651,2026-09-28 17:00:00,34.0,0.058823529411764705,0.20588235294117646,0.6659334946099652
104652,2026-07-18 15:10:00,10.0,0.0,0.2,0.6703174603174603
104658,2026-10-01 20:30:00,24.0,0.08333333333333333,0.4166666666666667,0.5460499535867184
104659,2026-08-26 17:10:00,2.0,0.5,1.0,0.4375
104668,2026-09-23 17:17:00,4.0,0.0,0.25,0.6153846153846154
104671,2026-08-27 16:13:00,1.0,0.0,0.0,1.0
104676,2026-10-01 16:30:00,202.0,0.09405940594059406,0.23267326732673269,0.5490848115935661
104679,2026-09-03 19:18:00,6.0,0.0,0.0,0.7015873015873014
104680,2026-08-22 17:30:00,6.0,0.0,0.0,0.7981902356902356
104688,2026-09-22 13:30:00,6.0,0.0,0.3333333333333333,0.7203703703703703
104693,2026-09-27 17:07:00,112.0,0.12499999999999999,0.38392857142857145,0.4980176984504709
104696,2026-09-25 17:30:00,3.0,0.0,0.0,0.5438492063492063
104706,2026-09-28 17:40:00,6.0,0.0,0.3333333333333333,0.4180021367521367
104728,2026-06-06 17:30:00,1.0,0.0,0.0,0.4444444444444444
104730,2026-06-18 20:19:00,1.0,1.0,1.0,0.125
104732,2026-09-14 14:12:00,12.0,0.16666666666666666,0.25,0.6170625792336318
104737,2026-09-18 14:28:00,4.0,0.0,0.25,0.6695804195804196
104738,2026-10-01 16:35:00,6.0,0.5,0.6666666666666666,0.3498677248677248
104748,2026-06-07 14:52:00,3.0,0.0,0.0,0.4224400871459695
104755,2026-04-30 16:13:00,1.0,0.0,0.0,0.42857142857142855
104756,2026-06-27 10:08:00,1.0,0.0,0.0,0.6666666666666666
104762,2026-06-06 17:30:00,3.0,0.0,0.0,0.6689458689458689
104776,2026-09-27 16:50:00,3.0,0.0,0.3333333333333333,0.5407509157509157
104778,2026-08-28 14:13:00,11.0,0.0,0.09090909090909091,0.6189868212595485
104786,2026-10-01 14:33:00,86.0,0.17441860465116282,0.34883720930232565,0.5099513212885306
104787,2026-09-26 18:05:00,3.0,0.0,0.0,0.8523809523809525
104790,2026-10-01 19:00:00,213.0,0.1267605633802817,0.352112676056338,0.5569122382204693
104794,2026-09-18 17:37:00,4.0,0.0,0.75,0.2833333333333333
104806,2026-09-07 19:41:00,7.0,0.0,0.14285714285714285,0.6829281829281829
104808,2026-09-14 18:27:00,3.0,0.0,0.0,0.7015873015873016
104853,2026-09-17 20:30:00,6.0,0.16666666666666666,0.3333333333333333,0.5966810966810966
104858,2026-05-03 13:30:00,1.0,0.0,0.0,0.5714285714285714
104859,2026-08-27 14:00:00,2.0,0.0,0.5,0.4326923076923077
104862,2026-09-17 20:30:00,5.0,0.0,0.4,0.4344877344877345
104869,2026-09-05 17:34:00,1.0,0.0,0.0,0.8125
104889,2026-05-06 17:02:00,2.0,0.0,0.5,0.6428571428571428
104903,2026-05-01 19:25:00,2.0,0.0,1.0,0.0
104908,2026-09-23 17:17:00,5.0,0.0,0.4,0.45666666666666655
104909,2026-09-12 13:20:00,4.0,0.0,0.5,0.43601190476190477
104918,2026-08-14 18:30:00,2.0,0.0,1.0,0.3875
104930,2026-08-18 20:15:00,4.0,0.0,0.0,0.9117647058823529
104934,2026-05-11 17:12:00,1.0,0.0,0.0,0.8461538461538461
104937,2026-08-08 19:07:00,4.0,0.0,0.0,0.6552743212669683
104942,2026-09-28 16:22:00,21.0,0.0,0.23809523809523808,0.6119305297876727
104950,2026-06-14 16:20:00,4.0,0.5,0.5,0.5016025641025642
104954,2026-05-28 14:10:00,7.0,0.2857142857142857,0.5714285714285714,0.34883687740830593
104958,2026-05-14 20:20:00,2.0,0.0,0.0,0.85625
104961,2026-09-28 19:00:00,46.0,0.0,0.17391304347826086,0.7172385585429063
104980,2026-09-17 20:30:00,3.0,0.0,0.0,0.8444444444444444
104981,2026-09-03 13:30:00,4.0,0.0,0.25,0.544493006993007
104983,2026-07-21 18:21:00,2.0,0.0,0.5,0.5785714285714285
104984,2026-09-22 11:00:00,6.0,0.0,0.3333333333333333,0.3974821474821475
104985,2026-04-19 17:25:00,1.0,1.0,1.0,0.25
104990,2026-07-14 17:19:00,1.0,0.0,0.0,0.7
104991,2026-09-17 13:12:00,1.0,0.0,1.0,0.0
104997,2026-09-04 13:55:00,5.0,0.0,0.0,0.7737373737373738
105000,2026-05-12 20:28:00,1.0,0.0,0.0,0.8666666666666667
105003,2026-05-06 17:42:00,1.0,0.0,1.0,0.3333333333333333
105011,2026-09-21 18:57:00,17.0,0.0,0.11764705882352941,0.5419138675626565
105012,2026-08-26 14:30:00,7.0,0.0,0.0,0.8564213564213564
105027,2026-09-29 16:08:00,25.0,0.04,0.24,0.6331572871572871
105028,2026-04-04 14:00:00,1.0,0.0,0.0,0.42857142857142855
105031,2026-09-28 16:43:00,2.0,0.0,0.0,0.7142857142857143
105032,2026-05-03 21:46:00,1.0,0.0,0.0,1.0
105036,2026-08-25 15:03:00,2.0,0.0,0.0,0.7857142857142857
105037,2026-08-25 15:03:00,3.0,0.3333333333333333,1.0,0.1488095238095238
105038,2026-04-10 18:12:00,1.0,0.0,0.0,0.5
105049,2026-09-21 17:17:00,22.0,0.13636363636363635,0.3181818181818182,0.5660990325464008
105050,2026-05-13 20:00:00,1.0,0.0,1.0,0.0
105051,2026-04-14 19:42:00,1.0,0.0,0.0,0.875
105052,2026-05-29 20:10:00,2.0,0.0,0.0,0.8125
105053,2026-09-04 13:55:00,5.0,0.0,0.0,0.6846930846930847
105056,2026-04-17 18:05:00,1.0,0.0,0.0,1.0
105060,2026-09-20 15:08:00,20.0,0.15,0.65,0.3798015873015873
105063,2026-09-30 14:05:00,29.0,0.0,0.0,0.7064766520622183
105067,2026-04-25 17:45:00,1.0,0.0,0.0,0.9444444444444444
105070,2026-09-17 20:30:00,1.0,0.0,0.0,0.8888888888888888
105071,2026-05-01 20:00:00,1.0,0.0,0.0,1.0
105072,2026-04-27 17:50:00,1.0,0.0,0.0,0.625
105073,2026-04-27 17:50:00,1.0,0.0,1.0,0.375
105078,2026-09-04 16:48:00,1.0,0.0,0.0,0.7692307692307693
105083,2026-08-21 17:27:00,5.0,0.4,0.6,0.475
105086,2026-05-01 17:10:00,1.0,0.0,1.0,0.3
105088,2026-08-16 17:05:00,1.0,0.0,1.0,0.0
105091,2026-05-02 18:35:00,1.0,0.0,0.0,0.7727272727272727
105092,2026-05-02 18:35:00,1.0,0.0,1.0,0.13636363636363635
105093,2026-05-02 18:35:00,1.0,0.0,0.0,0.6818181818181818
105094,2026-05-02 18:35:00,1.0,0.0,0.0,0.8636363636363636
105095,2026-05-02 18:35:00,1.0,0.0,0.0,0.18181818181818182
105096,2026-05-02 18:35:00,1.0,0.0,0.0,0.5454545454545454
105097,2026-05-02 18:35:00,1.0,0.0,1.0,0.09090909090909091
105098,2026-05-02 18:35:00,1.0,0.0,0.0,0.9545454545454546
105099,2026-05-02 18:35:00,1.0,0.0,0.0,0.3181818181818182
105100,2026-05-02 18:35:00,1.0,0.0,0.0,0.36363636363636365
105101,2026-05-02 18:35:00,1.0,0.0,0.0,0.5909090909090909
105102,2026-05-02 18:35:00,1.0,0.0,0.0,0.2727272727272727
105103,2026-05-02 18:35:00,1.0,0.0,0.0,0.7272727272727273
105104,2026-05-02 18:35:00,1.0,0.0,0.0,0.22727272727272727
105105,2026-05-02 18:35:00,1.0,0.0,0.0,0.4090909090909091
105106,2026-05-02 18:35:00,1.0,0.0,0.0,0.8181818181818182
105107,2026-05-02 18:35:00,1.0,0.0,0.0,0.6363636363636364
105108,2026-05-02 18:35:00,1.0,0.0,0.0,0.5
105109,2026-09-14 18:27:00,12.0,0.16666666666666666,0.25,0.5072344322344321
105110,2026-06-26 21:35:00,1.0,0.0,0.0,0.9
105119,2026-05-26 11:59:00,2.0,0.0,0.0,0.39015151515151514
105124,2026-05-09 17:17:00,1.0,0.0,0.0,0.7692307692307693
105129,2026-05-11 20:07:00,1.0,0.0,0.0,0.7272727272727273
105130,2026-07-14 20:10:00,3.0,0.0,0.0,0.9444444444444445
105131,2026-07-30 18:12:00,3.0,0.0,0.0,0.6722222222222222
105132,2026-06-26 13:45:00,1.0,1.0,1.0,0.25
105133,2026-07-16 18:05:00,1.0,0.0,0.0,0.875
105162,2026-05-19 20:30:00,1.0,0.0,0.0,1.0
105171,2026-08-08 19:07:00,1.0,0.0,0.0,0.3076923076923077
105174,2026-05-28 13:35:00,1.0,0.0,0.0,0.9166666666666666
105175,2026-07-26 14:55:00,3.0,0.3333333333333333,0.3333333333333333,0.46620046620046623
105177,2026-08-22 17:25:00,2.0,0.0,0.5,0.573076923076923
105181,2026-08-22 17:25:00,2.0,0.0,0.5,0.3653846153846154
105182,2026-05-31 17:40:00,1.0,0.0,0.0,0.9230769230769231
105183,2026-06-29 19:50:00,1.0,0.0,1.0,0.0
105186,2026-06-02 13:30:00,1.0,0.0,0.0,0.7
105190,2026-06-06 17:30:00,1.0,0.0,1.0,0.1111111111111111
105193,2026-09-27 17:19:00,9.0,0.0,0.2222222222222222,0.6352012185345518
105194,2026-09-03 13:30:00,8.0,0.125,0.625,0.40239448051948046
105197,2026-09-12 13:20:00,2.0,0.0,0.0,0.6298701298701299
105198,2026-08-07 20:30:00,4.0,0.0,0.0,0.8928571428571428
105202,2026-06-13 13:50:00,1.0,0.0,0.0,0.4444444444444444
105203,2026-06-13 20:50:00,1.0,0.0,0.0,0.46153846153846156
105204,2026-06-13 20:50:00,1.0,0.0,1.0,0.23076923076923078
105212,2026-06-14 13:05:00,1.0,1.0,1.0,0.1111111111111111
105216,2026-06-15 20:12:00,1.0,0.0,0.0,0.9285714285714286
105218,2026-06-13 19:20:00,1.0,0.0,0.0,0.8333333333333334
105226,2026-06-26 16:58:00,1.0,0.0,0.0,0.8888888888888888
105228,2026-09-28 17:25:00,11.0,0.0,0.09090909090909091,0.6402351436442344
105229,2026-06-26 16:58:00,1.0,0.0,1.0,0.3333333333333333
105230,2026-09-28 16:43:00,2.0,0.0,0.0,0.7857142857142857
105232,2026-08-26 17:10:00,2.0,0.0,0.0,0.9375
105237,2026-08-27 15:03:00,2.0,0.0,0.5,0.45726495726495725
105241,2026-08-07 17:30:00,3.0,0.3333333333333333,0.6666666666666666,0.40357142857142864
105242,2026-06-27 16:40:00,1.0,0.0,1.0,0.42857142857142855
105243,2026-06-27 20:00:00,1.0,0.0,0.0,0.8571428571428571
105245,2026-06-27 11:00:00,1.0,0.0,0.0,1.0
105250,2026-08-15 17:10:00,4.0,0.0,0.0,0.7259157509157509
105253,2026-07-06 20:22:00,1.0,0.0,0.0,0.6875
105255,2026-07-06 18:25:00,1.0,0.0,1.0,0.3333333333333333
105256,2026-07-08 15:55:00,1.0,0.0,0.0,0.6666666666666666
105257,2026-07-30 18:12:00,2.0,0.0,0.0,0.625
105258,2026-07-09 18:10:00,1.0,1.0,1.0,0.3333333333333333
105263,2026-07-14 20:10:00,1.0,0.0,0.0,0.6666666666666666
105264,2026-09-03 18:48:00,3.0,0.0,0.0,0.9666666666666667
105266,2026-09-17 20:30:00,1.0,0.0,0.0,0.7777777777777778
105267,2026-07-16 18:05:00,1.0,0.0,0.0,0.75
105276,2026-07-27 20:20:00,1.0,0.0,0.0,0.6153846153846154
105280,2026-07-29 16:35:00,1.0,0.0,0.0,0.75
105281,2026-07-29 16:35:00,1.0,0.0,0.0,0.875
105282,2026-07-29 16:35:00,1.0,0.0,1.0,0.25
105283,2026-07-29 16:35:00,1.0,0.0,0.0,1.0
105284,2026-07-29 16:35:00,1.0,0.0,0.0,0.625
105285,2026-09-26 17:35:00,1.0,0.0,1.0,0.0
105289,2026-07-30 16:55:00,1.0,0.0,0.0,0.8888888888888888
105291,2026-09-26 18:05:00,5.0,0.0,0.0,0.8882352941176471
105296,2026-08-06 20:20:00,1.0,0.0,1.0,0.3333333333333333
105303,2026-08-06 20:20:00,1.0,0.0,0.0,0.5555555555555556
105309,2026-09-26 19:30:00,4.0,0.0,0.25,0.41914682539682535
105313,2026-08-14 18:30:00,1.0,1.0,1.0,0.2
105314,2026-08-14 18:30:00,1.0,0.0,1.0,0.6
105316,2026-08-18 14:30:00,1.0,0.0,0.0,0.8571428571428571
105318,2026-08-16 17:40:00,1.0,0.0,1.0,0.5
105320,2026-09-23 17:17:00,2.0,0.0,0.0,0.8154761904761905
105322,2026-08-25 15:03:00,1.0,0.0,0.0,0.6428571428571429
105338,2026-08-25 13:18:00,2.0,0.0,0.0,0.6
105342,2026-08-25 13:18:00,1.0,0.0,0.0,0.8333333333333334
105344,2026-08-25 15:03:00,1.0,0.0,0.0,0.5
105345,2026-08-25 15:03:00,1.0,0.0,0.0,0.42857142857142855
105346,2026-08-25 15:03:00,1.0,0.0,0.0,0.9285714285714286
105349,2026-09-23 17:17:00,2.0,0.0,0.0,0.47916666666666663
105350,2026-08-26 17:10:00,1.0,0.0,0.0,0.75
105352,2026-09-20 15:15:00,1.0,0.0,0.0,0.875
105353,2026-09-04 13:55:00,2.0,0.0,0.5,0.44805194805194803
105354,2026-08-31 15:35:00,1.0,0.0,0.0,0.7857142857142857
105357,2026-09-23 17:17:00,2.0,0.0,0.0,0.5681818181818181
105359,2026-08-29 17:25:00,1.0,0.0,0.0,0.3157894736842105
105360,2026-08-29 17:25:00,1.0,0.0,0.0,0.21052631578947367
105361,2026-08-29 17:25:00,1.0,0.0,0.0,0.8947368421052632
105362,2026-08-29 17:25:00,1.0,0.0,0.0,0.631578947368421
105363,2026-08-29 17:25:00,1.0,0.0,0.0,0.9473684210526315
105364,2026-08-29 17:25:00,1.0,0.0,0.0,0.5789473684210527
105365,2026-08-29 17:25:00,1.0,0.0,0.0,0.42105263157894735
105366,2026-08-29 17:25:00,1.0,0.0,0.0,0.47368421052631576
105367,2026-08-29 17:25:00,1.0,0.0,1.0,0.10526315789473684
105368,2026-08-29 17:25:00,1.0,0.0,0.0,0.8421052631578947
105369,2026-08-29 17:25:00,1.0,0.0,0.0,0.6842105263157895
105370,2026-08-29 17:25:00,1.0,0.0,0.0,1.0
105371,2026-08-29 17:25:00,1.0,0.0,0.0,0.7894736842105263
105372,2026-08-29 17:25:00,1.0,0.0,0.0,0.5263157894736842
105373,2026-08-29 17:25:00,1.0,0.0,0.0,0.2631578947368421
105375,2026-09-09 19:15:00,2.0,0.0,0.0,0.9722222222222222
105378,2026-09-03 18:48:00,1.0,0.0,1.0,0.3
105389,2026-09-22 11:35:00,3.0,0.3333333333333333,0.6666666666666666,0.4351648351648352
105390,2026-09-14 18:27:00,2.0,0.0,0.0,0.6880952380952381
105400,2026-09-12 17:23:00,1.0,0.0,0.0,0.6666666666666666
105401,2026-09-12 17:23:00,1.0,0.0,1.0,0.5
105403,2026-09-14 20:30:00,1.0,0.0,0.0,1.0
105406,2026-09-29 15:25:00,3.0,0.0,0.0,0.6741854636591479
105408,2026-09-23 17:17:00,1.0,0.0,0.0,0.75
105410,2026-09-21 16:25:00,1.0,0.0,0.0,0.7058823529411765
105412,2026-09-23 17:17:00,1.0,0.0,0.0,0.6666666666666666
105413,2026-09-25 14:15:00,1.0,0.0,0.0,0.6428571428571429
105414,2026-09-25 17:05:00,1.0,0.0,0.0,0.8571428571428571
105415,2026-09-30 17:00:00,4.0,0.0,0.0,0.6215659340659341
105417,2026-09-26 12:58:00,1.0,0.0,0.0,0.75
105418,2026-09-27 17:30:00,1.0,0.0,0.0,0.2777777777777778
105419,2026-09-27 17:30:00,1.0,0.0,0.0,0.9444444444444444
105421,2026-09-28 16:22:00,1.0,0.0,0.0,0.5
105434,2026-09-29 18:07:00,1.0,1.0,1.0,0.16666666666666666
105436,2026-10-01 12:55:00,1.0,0.0,0.0,0.8
