RaceId,RaceName,CourseId,CourseName,Off,RaceType,Class,Pattern,RatingBand,AgeBand,SexRestriction,Distance,DistanceInFurlongs,DistanceInMeters,DistanceInYards,Going,Surface,HorseId,HorseName,JockeyId,JockeyName,TrainerId,TrainerName,Age,HeadGear,RaceCardNumber,StallNumber,Weight,WeightInPounds,FractionalOdds,DecimalOdds,OfficialRating,RacingPostRating,TopSpeedRating,ResultStatus,FinishingPosition,BeatenDistance,OverallBeatenDistance,RaceTime,RaceTimeInSeconds,ForecastFractionalOdds,ForecastDecimalOdds,DaysSinceLastRun,FormFigures,PrizeMoney,PrizeMoneyValue,CardOfficialRating,CardRacingPostRating,CardTopSpeedRating,OwnerId,OwnerName,SireName,SireCountry,DamName,HeadgearFirstTime,GeldingFirstTime,WindSurgery,TrainerRtf,JockeyAllowanceLbs,JockeyFirstTime,NewTrainerRacesCount,CountryOfOrigin,Spotlight
924014,Aalberts IPS Pegler Valves Novice Stakes (GBB Race),15,Doncaster,08/01/2026 13:55:00,Other,Class 4,,,3yo+,None,6f,6,1206,1320,Good To Firm,Turf,8455174,Kohana Nation right,93884,Oisin Orr right,25628,Charles Hills right,3,,2,5,9-7,151,2/5F,1.4,,,,CompletedRace,1,0,0,00:01:13.7400000,73.74,6/4,2.5,225,72-,"£5,400",5400,,67,,344960,D J M Rees,Sioux Nation,USA,Peachy Princess,False,False,,67,,True,,IRE,"Bettered low-key debut when second at Newcastle (7f, AW) in December, despite racing too freely; makes turf debut after 225-day break but the drop in trip could be a good move; big player if fully tuned up."
924014,Aalberts IPS Pegler Valves Novice Stakes (GBB Race),15,Doncaster,08/01/2026 13:55:00,Other,Class 4,,,3yo+,None,6f,6,1206,1320,Good To Firm,Turf,8022555,Brash right,14332,David Nolan right,39387,David &amp; Nicola Barron right,3,b1,1,3,9-7,151,11/4,3.75,64,,,CompletedRace,2,3.75,3.75,00:01:14.4900000,74.49,7/4,2.75,12,77324,"£5,400",5400,64,70,47,40988,Christopher McHale,Bungle Inthejungle,GB,By The Edge,True,False,,25,,False,,IRE,"Slightly disappointing when dropped to 5f for latest run and remains unproven on ground quicker than good, but was placed twice over 6f beforehand (maiden/handicap) and can play a major role if aided by first-time blinkers."
924014,Aalberts IPS Pegler Valves Novice Stakes (GBB Race),15,Doncaster,08/01/2026 13:55:00,Other,Class 4,,,3yo+,None,6f,6,1206,1320,Good To Firm,Turf,7020197,Stoneacre Joe right,95237,Harry Russell right,10152,Tim Easterby right,3,,3,6,9-7,151,8/1,9,65,,,CompletedRace,3,6.5,10.25,00:01:15.7900000,75.79,5/1,6,14,228454,"£5,400",5400,65,74,63,330652,R Teatum,Showcasing,GB,Fairy Dust,False,False,,46,,False,,GB,"Boasts the best form in this line-up, having twice finished second (once over C&D) on fast ground in the spring, but seems to have lost his way since; beaten over 18l when last of four at Ripon (6f, good) a fortnight ago and arrives here with questions to answer."
924014,Aalberts IPS Pegler Valves Novice Stakes (GBB Race),15,Doncaster,08/01/2026 13:55:00,Other,Class 4,,,3yo+,None,6f,6,1206,1320,Good To Firm,Turf,7653232,Spruces Due right,83588,Kieran O'Neill right,7001,Michael Mullineaux right,4,h1,5,1,9-6,150,150/1,151,,,,CompletedRace,4,0.3,10.5,00:01:15.8400000,75.84,100/1,101,48,4-0,"£5,400",5400,,32,,319662,Raymond Spruce,Due Diligence,USA,Sicti,True,False,,,,True,2,GB,"Well beaten on both outings, the latest here (7f, good) on seasonal/stable debut in June; drops back to 6f with hood added today."
924013,Bapp Group Of Companies Bapp Nursery Handicap,15,Doncaster,08/01/2026 14:30:00,Other,Class 4,,0-85,2yo,None,7f,7,1407,1540,Good To Firm,Turf,9387262,Weleyff right,93884,Oisin Orr right,38073,Edward Bethell right,2,,2,4,9-8,152,5/4F,2.25,81,,,CompletedRace,1,0,0,00:01:25.3900000,85.39,15/8,2.875,19,31,"£5,653",5653,81,79,49,14781,Sheikh Ahmed Al Maktoum,Too Darn Hot,GB,Alnaas,False,False,,72,,False,,IRE,"Third at Beverley (7.4f, good) and justified favouritism in a five-runner novice at Ayr (7f, good to firm) four weeks later, outpaced over 2f out but rallying strongly; the fourth from that Ayr race is the only one to have run since and he won; while 1m might have made more appeal, this one clearly looks capable of better."
924013,Bapp Group Of Companies Bapp Nursery Handicap,15,Doncaster,08/01/2026 14:30:00,Other,Class 4,,0-85,2yo,None,7f,7,1407,1540,Good To Firm,Turf,9295555,Lincoln Warrior right,78398,Barry McHugh right,30867,Ivan Furtado right,2,,4,5,9-2,146,8/1,9,75,,,CompletedRace,2,1.25,1.25,00:01:25.6400000,85.64,7/1,8,22,624,"£5,653",5653,75,84,69,373103,"Spg Property, Alfa Site & Graeme Curnow",Saxon Warrior,JPN,Rosie Scot,False,False,,54,,True,,IRE,"Second at Wolverhampton (6f, AW; 66-1) in June, always front rank, was much better than his runs on good ground either side; just behind Eighth Immortal at Chester (6f) latest, with that rival going past him; late foal who's bred to stay 1m+."
924013,Bapp Group Of Companies Bapp Nursery Handicap,15,Doncaster,08/01/2026 14:30:00,Other,Class 4,,0-85,2yo,None,7f,7,1407,1540,Good To Firm,Turf,9377501,Eighth Immortal right,100379,Ryan Sexton right,39483,Jack Jones right,2,,3,1,9-5,149,11/4,3.75,78,,,CompletedRace,3,0.3,1.5,00:01:25.6900000,85.69,11/4,3.75,22,23,"£5,653",5653,78,85,72,373841,White Rose Bloodstock 1,Naval Crown,GB,Tara Celeb,False,False,,29,,True,,IRE,"Favourite both starts, when unable to hold off a strong finisher at Leicester (7f, good) and unable to threaten at Chester (6f, good; third at 11-10); the winner on first occasion took the Group 2 Vintage at Goodwood this week for his second win since, and the third also won next time; moving back up to 7f should help this one on nursery debut."
924013,Bapp Group Of Companies Bapp Nursery Handicap,15,Doncaster,08/01/2026 14:30:00,Other,Class 4,,0-85,2yo,None,7f,7,1407,1540,Good To Firm,Turf,9254366,Encounter right,83588,Kieran O'Neill right,7083,S Woods right,2,,1,3,9-9,153,3/1,4,82,,,CompletedRace,4,0.1,1.75,00:01:25.7400000,85.74,7/2,4.5,29,236,"£5,653",5653,82,79,63,42421,S P C Woods,Blue Point,IRE,Eye Witness,False,False,,27,,True,,IRE,"All three races were over 7f on good ground, best on second occasion when third of seven at Sandown despite having traffic issues and stumbling; raced up with pace, but faded, when favourite there last time; goes handicapping and his earlier promise can't be forgotten."
924013,Bapp Group Of Companies Bapp Nursery Handicap,15,Doncaster,08/01/2026 14:30:00,Other,Class 4,,0-85,2yo,None,7f,7,1407,1540,Good To Firm,Turf,9166852,Prince Kameo right,84541,James Sullivan right,67,Sir Mark Prescott Bt right,2,,5,2,8-7,135,22/1,23,66,,,CompletedRace,5,5.5,7.25,00:01:26.8400000,86.84,5/1,6,53,480,"£5,653",5653,66,78,36,371614,The Heath House Team,Kameko,USA,Cosmic Princess,False,True,,74,,True,,GB,"Modest form on first two starts (6f, AW/good) and stiff task when well beaten on soft ground for latest; gelded since; bred to stay 1m/1m2f in time and needs a market check on this handicap debut."
924016,7 Core Electrical Restricted Maiden Fillies' Stakes (For horses In Band D) (GBB Race),15,Doncaster,08/01/2026 15:05:00,Other,Class 4,,,2yo,Fillies,6½f,6.5,1307,1430,Good To Firm,Turf,9350216,Tiora Time right,13699,Neil Callan right,32765,Tom Clover right,2,,13,2,9-2,146,15/8F,2.875,,,,CompletedRace,1,0,0,00:01:19.3400000,79.34,2/1,3,23,3,"£4,320",4320,,81,56,373631,Nick Bradley 7 & Partner,Time Test,GB,Footlight,False,False,,53,,False,,GB,"16,000gns yearling and half-sister to a 6f winner; 18-1 at Epsom (7f, good to firm) but beaten only 2l after starting slowly; should be wiser this time and have every chance."
924016,7 Core Electrical Restricted Maiden Fillies' Stakes (For horses In Band D) (GBB Race),15,Doncaster,08/01/2026 15:05:00,Other,Class 4,,,2yo,Fillies,6½f,6.5,1307,1430,Good To Firm,Turf,9254368,Arenite right,78238,Dougie Costello right,5079,Michael Dods right,2,,1,3,9-2,146,11/1,12,,,,CompletedRace,2,2,2,00:01:19.7400000,79.74,3/1,4,75,2,"£4,320",4320,,69,59,366792,G H Thompson And Michael Dods,Kameko,USA,Havana Bound,False,False,,35,,True,,GB,"No match for a subsequent winner at Redcar in May (6f, good) but that was a promising start; pressed the leader and kept on; can improve."
924016,7 Core Electrical Restricted Maiden Fillies' Stakes (For horses In Band D) (GBB Race),15,Doncaster,08/01/2026 15:05:00,Other,Class 4,,,2yo,Fillies,6½f,6.5,1307,1430,Good To Firm,Turf,9581438,Romotoso right,101759,Taylor Fisher right,17966,William Knight right,2,,10,11,9-2,146,9/2,5.5,,,,CompletedRace,3,0.2,2.25,00:01:19.7900000,79.79,12/1,13,,,"£4,320",4320,,,,375469,Simon Mitchell,Lope Y Fernandez,IRE,Sweet As Honey,False,False,,56,,False,,GB,"Eighth foal; half-sister to winners Militia (5f/6f; RPR 93), Faster Bee (7f; 76) and Shamadram (6f-1m); dam placed 1m AW 2yo (71), half-sister to winners Tactician (1m6f Listed) and Promotion (Listed-placed 1m2f); trainer having a good season with his 2yos."
924016,7 Core Electrical Restricted Maiden Fillies' Stakes (For horses In Band D) (GBB Race),15,Doncaster,08/01/2026 15:05:00,Other,Class 4,,,2yo,Fillies,6½f,6.5,1307,1430,Good To Firm,Turf,9162150,Forest Berry right,84541,James Sullivan right,67,Sir Mark Prescott Bt right,2,,8,12,9-2,146,4/1,5,66,,,CompletedRace,4,4,6.25,00:01:20.5900000,80.59,4/1,5,8,7242,"£4,320",4320,66,75,53,175237,Strawberry Fields Stud,Waldgeist,GB,Jubliant Girl,False,False,,74,,True,,GB,"Beaten 2l and less in her last three starts, all over 6f; narrowly denied last time at Chepstow (good to firm) and shouldn't be far away, unless there's a useful newcomer lurking."
924016,7 Core Electrical Restricted Maiden Fillies' Stakes (For horses In Band D) (GBB Race),15,Doncaster,08/01/2026 15:05:00,Other,Class 4,,,2yo,Fillies,6½f,6.5,1307,1430,Good To Firm,Turf,9222236,Pon Pon Dalia right,92822,Jack Gilligan right,9003,Marco Botti right,2,,9,10,9-2,146,12/1,13,,,,CompletedRace,5,0.3,6.5,00:01:20.6400000,80.64,10/1,11,,,"£4,320",4320,,,,314270,Scuderia La Tesa Limited & Partner,Space Traveller,GB,Ahazeej,False,False,,69,,False,,IRE,"13,000gns yearling; sixth foal; half-sister to winners Ziggy's Triton (multiple 5f; RPR 96), Soller Bay (6f-1m1f; 68) and Mullazem (7f/1m); dam unraced half-sister to 6f 2yo winner Furas; stable had a newcomer win on debut earlier this week."
924016,7 Core Electrical Restricted Maiden Fillies' Stakes (For horses In Band D) (GBB Race),15,Doncaster,08/01/2026 15:05:00,Other,Class 4,,,2yo,Fillies,6½f,6.5,1307,1430,Good To Firm,Turf,9613729,Dawn's Gift right,93211,Alistair Rawlinson right,28064,Sara Ender right,2,,6,4,9-2,146,66/1,67,,,,CompletedRace,6,1.25,7.75,00:01:20.8900000,80.89,66/1,67,,,"£4,320",4320,,,,128808,Keep The Faith Partnership,Mohaather,GB,Snake's Head,False,False,,40,,False,,GB,"5,000gns yearling; 13th foal; half-sister to five winners including Staxton (6f; RPR 106), Lazarus Bell (7f 2yo; 89), Classic Pursuit (prolific 5f/6f; 89) and Satin Snake (7f; 81); dam 1m4f winner (80); rare 2yo runner for the yard."
924016,7 Core Electrical Restricted Maiden Fillies' Stakes (For horses In Band D) (GBB Race),15,Doncaster,08/01/2026 15:05:00,Other,Class 4,,,2yo,Fillies,6½f,6.5,1307,1430,Good To Firm,Turf,9613728,Theft right,101550,Liam Wright right,31461,George Scott right,2,,11,5,8-11,139,9/1,10,,,,CompletedRace,7,0.2,8,00:01:20.9400000,80.94,14/1,15,,,"£4,320",4320,,,,333083,Knights And Kings Racing Stable,Sioux Nation,USA,Miss Mulligan,False,False,,67,5,False,,IRE,"10,000euros 2yo; second foal; dam 1m-1m4f winner (RPR 87), closely related to winners Green Storm (Group-placed 1m1f 2yo) and Bulldog Spirit (1m-1m6f); trainer has sent out ten 2yo winners on turf this season."
924016,7 Core Electrical Restricted Maiden Fillies' Stakes (For horses In Band D) (GBB Race),15,Doncaster,08/01/2026 15:05:00,Other,Class 4,,,2yo,Fillies,6½f,6.5,1307,1430,Good To Firm,Turf,9613730,Eagle Storm right,93884,Oisin Orr right,40131,Charlie Johnston right,2,,7,9,9-2,146,11/1,12,,,,CompletedRace,8,0.75,8.75,00:01:21.0900000,81.09,14/1,15,,,"£4,320",4320,,,,373816,Shaun Henley & Partner,Sergei Prokofiev,CAN,Elis Eliz,False,False,,45,,False,,GB,"5,000gns foal; seventh foal; half-sister to 7f winner One Night Thunder (RPR 93); dam 6f AW winner (91), out of 1m4f/2m winning sister to Group 2 winners Nearly Caught (1m7f) and Pale Mimosa (2m); the market should be informative."
924016,7 Core Electrical Restricted Maiden Fillies' Stakes (For horses In Band D) (GBB Race),15,Doncaster,08/01/2026 15:05:00,Other,Class 4,,,2yo,Fillies,6½f,6.5,1307,1430,Good To Firm,Turf,9115658,Cheeky Chesca right,103498,Jake Dickson right,10152,Tim Easterby right,2,p,5,8,8-11,139,50/1,51,62,,,CompletedRace,9,3.5,12.25,00:01:21.7900000,81.79,12/1,13,17,522377,"£4,320",4320,62,76,51,271844,Reality Partnerships XIV,Invincible Army,IRE,Bear Cheek,False,False,,46,5,False,,IRE,"The form of her second places give her a chance but now 0-7 and very disappointing in her last two races, latterly tried in cheekpieces."
924016,7 Core Electrical Restricted Maiden Fillies' Stakes (For horses In Band D) (GBB Race),15,Doncaster,08/01/2026 15:05:00,Other,Class 4,,,2yo,Fillies,6½f,6.5,1307,1430,Good To Firm,Turf,9613731,Tiggywinkle right,95237,Harry Russell right,19836,Ollie Pears right,2,,12,1,9-2,146,12/1,13,,,,CompletedRace,10,1,13.25,00:01:21.9900000,81.99,33/1,34,,,"£4,320",4320,,,,375683,R S Hoskins & Ollie Pears,Harry Angel,IRE,Lily Carstairs,False,False,,67,,False,,GB,"Fourth foal; half-sister to 6f/7f winner Eye Of Dubai (RPR 97); dam French 7.5f-1m2f winner, half-sister to German 1m3f winner Sokol; makes sense to check the betting."
924016,7 Core Electrical Restricted Maiden Fillies' Stakes (For horses In Band D) (GBB Race),15,Doncaster,08/01/2026 15:05:00,Other,Class 4,,,2yo,Fillies,6½f,6.5,1307,1430,Good To Firm,Turf,9613727,Bearing In Time right,100379,Ryan Sexton right,10152,Tim Easterby right,2,,3,13,9-2,146,40/1,41,,,,CompletedRace,11,1.5,14.75,00:01:22.2900000,82.29,50/1,51,,,"£4,320",4320,,,,328149,G Horsford & Partner,State Of Rest,IRE,Aroha,False,False,,46,,False,,IRE,"8,000gns yearling; half-sister to 5f winner Beerwah (RPR 70); dam placed 5f-1m (102), sister to 7f winner Jalaad; stable's newcomers are usually best watched."
924016,7 Core Electrical Restricted Maiden Fillies' Stakes (For horses In Band D) (GBB Race),15,Doncaster,08/01/2026 15:05:00,Other,Class 4,,,2yo,Fillies,6½f,6.5,1307,1430,Good To Firm,Turf,9222219,Autumn Jewel right,97584,Oliver Stammers right,373,Bryan Smart right,2,,2,7,9-2,146,125/1,126,,,,CompletedRace,12,3.25,18,00:01:22.9400000,82.94,50/1,51,28,56,"£4,320",4320,,46,35,366818,The Smart Sajanjl Syndicate,Caturra,IRE,Sajanjl,False,False,,33,,True,,GB,Low-level form thus far (over 5f) and likely to fare better when handicapping.
924017,Yates Drywall Ltd Handicap,15,Doncaster,08/01/2026 15:40:00,Other,Class 6,,0-65,4yo+,None,1m2f,10,2010,2200,Good To Firm,Turf,5071356,Mariner right,102299,Jude Fernandes right,15552,Jennie Candlish right,5,tp,3,3,8-13,141,7/4,2.75,62,,,CompletedRace,1,0,0,00:02:12.8800000,132.88,11/4,3.75,9,728934,"£3,768",3768,62,79,53,340216,Mrs Ros Marriott,Kingman,GB,Kissed,False,False,,50,7,False,,IRE,"Some return to form in his last two races and wasn't far away over 1m here last time when a stronger pace would have helped; interesting returned to further, having won over this far."
924017,Yates Drywall Ltd Handicap,15,Doncaster,08/01/2026 15:40:00,Other,Class 6,,0-65,4yo+,None,1m2f,10,2010,2200,Good To Firm,Turf,5212137,Whiskey Pete right,99878,Alex Jary right,865,Nigel Tinkler right,5,t,5,5,8-10,138,7/1,8,55,,,CompletedRace,2,0.5,0.5,00:02:12.9800000,132.98,8/1,9,9,-00096,"£3,768",3768,55,77,53,294842,Martin Webb Racing,Night Of Thunder,IRE,Dorcas Lane,False,False,,53,3,False,,IRE,"Only 1-27, the win when with Ralph Beckett; had been badly out of form this season but ran better in a new tongue-tie over 1m here last time when close up behind Mariner; possibilities if as good again as he stays this far."
924017,Yates Drywall Ltd Handicap,15,Doncaster,08/01/2026 15:40:00,Other,Class 6,,0-65,4yo+,None,1m2f,10,2010,2200,Good To Firm,Turf,5218435,Super Hit right,100380,Christian Howarth right,40072,James Owen right,5,ht,1,6,9-8,152,6/5F,2.2,67,,,CompletedRace,3,4.75,5.25,00:02:13.9300000,133.93,8/11,1.7272727272727273,12,674131,"£3,768",3768,67,78,56,1905,R J Lorenz,Too Darn Hot,GB,Heaven's Angel,False,False,,68,3,False,,FR,"All the better for a hood returning, winning two of his last three races; overcame some traffic issues to prevail narrowly at Windsor 12 days ago (1m2f, good to firm); 3lb higher."
924017,Yates Drywall Ltd Handicap,15,Doncaster,08/01/2026 15:40:00,Other,Class 6,,0-65,4yo+,None,1m2f,10,2010,2200,Good To Firm,Turf,3423161,Cosmos Raj right,14332,David Nolan right,22839,David O'Meara right,8,p,2,1,9-9,153,7/1,8,65,,,CompletedRace,4,5,10.25,00:02:14.9300000,134.93,20/1,21,16,-95766,"£3,768",3768,65,71,39,339123,Nick Crummack & Partner,Iffraaj,GB,Cosmos Pink,False,False,,54,,False,,GB,"Won at Ripon (1m, soft) last July off a mark 12lb higher than today's but he's struggled since; others have stronger claims."
924017,Yates Drywall Ltd Handicap,15,Doncaster,08/01/2026 15:40:00,Other,Class 6,,0-65,4yo+,None,1m2f,10,2010,2200,Good To Firm,Turf,6582583,Magic Runner right,84541,James Sullivan right,20045,Ruth Carr right,4,,4,4,9-2,146,20/1,21,58,,,CompletedRace,5,0.5,10.75,00:02:15.0300000,135.03,8/1,9,127,135570,"£3,768",3768,58,75,50,361663,Rc Syndicate Xviii,Sea The Moon,GER,Magma,False,False,,53,,False,,GER,Won twice over 9.4f on the AW during the winter; probably okay on turf (0-4) but last two runs were heavy defeats and she's been off since March.
924017,Yates Drywall Ltd Handicap,15,Doncaster,08/01/2026 15:40:00,Other,Class 6,,0-65,4yo+,None,1m2f,10,2010,2200,Good To Firm,Turf,6701908,Steps In Time right,78398,Barry McHugh right,18875,Philip Kirby right,5,p1,6,2,8-12,140,100/1,101,54,,,CompletedRace,6,19,29.75,00:02:18.8300000,138.83,20/1,21,,27U59-,"£3,768",3768,54,,51,344014,Elwick Stud,Shalaa,IRE,Flash Dance,True,False,,36,,True,,IRE,Has shown some fair Flat form but became disappointing for David O'Meara and has shown nothing over hurdles for current yard.
924012,Winners Wear Skopes Menswear Handicap,15,Doncaster,08/01/2026 16:15:00,Other,Class 4,,0-85,3yo,None,7f,7,1407,1540,Good To Firm,Turf,7551796,Suspicious Mindz right,103709,Shay Farmer right,34145,Seb Spencer right,3,,2,2,9-3,147,7/2,4.5,84,,,CompletedRace,1,0,0,00:01:24.7800000,84.78,3/1,4,35,3-2371,"£5,653",5653,84,93,77,368749,Chalkstone Racing,Bated Breath,GB,Colorada,False,False,,50,5,True,1,GB,"Bought for 50,000gns soon after winning a 6f Curragh maiden in first-time cheekpieces (eighth start); proven over 1m, let alone this far, and could be interesting on yard/handicap debut."
924012,Winners Wear Skopes Menswear Handicap,15,Doncaster,08/01/2026 16:15:00,Other,Class 4,,0-85,3yo,None,7f,7,1407,1540,Good To Firm,Turf,7926381,Shadow Run right,83588,Kieran O'Neill right,26099,Scott Dixon right,3,,6,4,8-10,138,18/1,19,72,,,CompletedRace,2,1.5,1.5,00:01:25.0800000,85.08,12/1,13,59,66-240,"£5,653",5653,72,92,66,375830,"L Bond, Sheikh Aymen Al Hamandi, J Catling",Mehmas,IRE,Shoshoni Wind,False,False,,54,,True,1,IRE,"0-7 in Ireland with one notable effort when narrowly beaten in a 5f handicap at Naas in March (first-time blinkers); struggled in two following runs, the latest tried in a visor; changed hands for 5,500gns; likely best watched."
924012,Winners Wear Skopes Menswear Handicap,15,Doncaster,08/01/2026 16:15:00,Other,Class 4,,0-85,3yo,None,7f,7,1407,1540,Good To Firm,Turf,7852210,Haaderr right,93884,Oisin Orr right,38073,Edward Bethell right,3,t1,1,6,9-9,153,3/1,4,85,,,CompletedRace,3,1,2.5,00:01:25.2800000,85.28,7/2,4.5,17,221-4,"£5,653",5653,85,94,72,14781,Sheikh Ahmed Al Maktoum,Mohaather,GB,Panmolle,True,False,,72,,True,,GB,"Twice runner-up before winning a 7f AW maiden in October and then gelded; finished last of the four when favourite for his handicap debut at Catterick (7f, good to firm) but he raced freely up front and didn't look at home on the track; worth another chance."
924012,Winners Wear Skopes Menswear Handicap,15,Doncaster,08/01/2026 16:15:00,Other,Class 4,,0-85,3yo,None,7f,7,1407,1540,Good To Firm,Turf,8018230,Vidmiyr right,102299,Jude Fernandes right,15552,Jennie Candlish right,3,,4,1,8-11,139,4/1,5,80,,,CompletedRace,4,0.5,3,00:01:25.3800000,85.38,4/1,5,35,231230,"£5,653",5653,80,96,82,347584,James Paul Services To Industry Ltd,Footstepsinthesand,GB,Vadaiyma,False,True,,50,7,True,,IRE,"7f maiden winner in May and held his own in handicaps until a poor last run, since when he's been gelded; entitled to play a part if back to best."
924012,Winners Wear Skopes Menswear Handicap,15,Doncaster,08/01/2026 16:15:00,Other,Class 4,,0-85,3yo,None,7f,7,1407,1540,Good To Firm,Turf,7570741,First Time right,78398,Barry McHugh right,42996,Richard &amp; Peter Fahey right,3,,3,3,9-6,150,9/4F,3.25,82,,,CompletedRace,5,0.75,3.75,00:01:25.5300000,85.53,11/4,3.75,14,2-0633,"£5,653",5653,82,96,82,110761,P D Smith Holdings Ltd,Mohaather,GB,Redhawk,False,False,,35,,False,,IRE,"Newmarket maiden winner for Harry Charlton last August (6f, good to firm); subsequently sold for 90,000gns; building momentum in handicaps for his new yard, last time holding every chance over C&D and going down by a length; solid prospects off 1lb lower."
924012,Winners Wear Skopes Menswear Handicap,15,Doncaster,08/01/2026 16:15:00,Other,Class 4,,0-85,3yo,None,7f,7,1407,1540,Good To Firm,Turf,7204783,Goldwork right,103127,Oliver Carmichael right,18920,Eve Johnson Houghton right,3,tb1,5,5,8-7,135,10/1,11,76,,,CompletedRace,6,0.5,4.25,00:01:25.6300000,85.63,6/1,7,7,350373,"£5,653",5653,76,93,72,279922,G Owen,Dark Angel,IRE,Thread Of Silver,True,False,,49,7,False,,GB,"Goodwood novice winner in May of last year; 0-9 in the meantime and progress has levelled out; ran no more than okay when third of five in a new tongue-tie last week at Lingfield (6f, good to firm); swaps cheekpieces for first-time blinkers here."
924018,Harrison College Handicap (Div I),15,Doncaster,08/01/2026 16:50:00,Other,Class 6,,0-60,3yo+,None,7f,7,1407,1540,Good To Firm,Turf,5256236,Emerald Army right,84541,James Sullivan right,20045,Ruth Carr right,5,,8,9,9-5,149,5/1,6,53,,,CompletedRace,1,0,0,00:01:26.9500000,86.95,15/2,8.5,16,422866,"£3,768",3768,53,71,62,372999,P Blyth And C Marwood,Invincible Army,IRE,Sonnet,False,False,,53,,False,,IRE,"Started off well for Ruth Carr, although did appear to throw away (hung right) a winning opportunity when runner-up at Carlisle (7f, good) in May; better than bare facts - denied a clear run - when sixth of nine at Thirsk latest; fairly treated, so isn't discounted."
924018,Harrison College Handicap (Div I),15,Doncaster,08/01/2026 16:50:00,Other,Class 6,,0-60,3yo+,None,7f,7,1407,1540,Good To Firm,Turf,4175316,Operation Gimcrack right,97584,Oliver Stammers right,373,Bryan Smart right,6,,3,11,9-9,153,9/2,5.5,57,,,CompletedRace,2,0.3,0.3,00:01:27.0100000,87.01,14/1,15,43,161506,"£3,768",3768,57,70,25,361135,P Chettle And B Smart,Showcasing,GB,Folk Melody,False,False,,33,,True,,IRE,"Dual AW winner, including from this mark at Newcastle (7f) in February; is yet to win on turf (0-13) but was beaten a nose in this last year, and was returning from a ten-week break when sixth of ten at Redcar (7f; 50-1; beaten 10l) in June; others preferred."
924018,Harrison College Handicap (Div I),15,Doncaster,08/01/2026 16:50:00,Other,Class 6,,0-60,3yo+,None,7f,7,1407,1540,Good To Firm,Turf,6595664,Get Up Everybody right,14332,David Nolan right,15948,Paul Midgley right,4,,2,8,9-10,154,3/1F,4,58,,,CompletedRace,3,1.5,1.75,00:01:27.3000000,87.3,11/4,3.75,14,-34753,"£3,768",3768,58,69,60,143695,J N Blackburn,Invincible Army,IRE,Laila Honiwillow,False,False,,44,,False,,IRE,"14-race maiden; forced to switch right - circumnavigated the field - when third of 11 at Ripon (6f, good; 11-4 favourite) a fortnight ago; worth another go over 7f (first since debut) as he seeks to make the breakthrough; likely player."
924018,Harrison College Handicap (Div I),15,Doncaster,08/01/2026 16:50:00,Other,Class 6,,0-60,3yo+,None,7f,7,1407,1540,Good To Firm,Turf,5933558,Moonhall Lass right,100380,Christian Howarth right,40072,James Owen right,4,p,1,6,9-9,153,11/2,6.5,60,,,CompletedRace,4,0.5,2.25,00:01:27.4000000,87.4,7/2,4.5,28,188314,"£3,768",3768,60,70,57,208546,Paul L Drinkwater,Dandy Man,IRE,Analasa,False,False,,68,3,True,,IRE,"Overcame slow start to win in newly applied visor at Leicester (7f; from 3lb lower) on penultimate start; less productive (fourth of five) back there over 6f subsequently; cheekpieces refitted, and Christian Howarth's 3lb claim can assist."
924018,Harrison College Handicap (Div I),15,Doncaster,08/01/2026 16:50:00,Other,Class 6,,0-60,3yo+,None,7f,7,1407,1540,Good To Firm,Turf,7852217,Danrana right,95237,Harry Russell right,40171,Fionn McSharry right,3,h1,6,3,9-6,150,50/1,51,60,,,CompletedRace,5,0.3,2.5,00:01:27.4500000,87.45,20/1,21,63,48-0,"£3,768",3768,60,61,59,345632,Ralph Hadley And Partner,Dandy Man,IRE,Imrana,True,False,,,,True,,IRE,"Modest in maidens, the pick of her three starts coming on Catterick debut (7f, soft; fourth, beaten nearly 7l) last July; has been given a nine-week break since low-key Chester comeback; hood applied for handicap debut."
924018,Harrison College Handicap (Div I),15,Doncaster,08/01/2026 16:50:00,Other,Class 6,,0-60,3yo+,None,7f,7,1407,1540,Good To Firm,Turf,7978773,Hares Bredth right,103498,Jake Dickson right,10152,Tim Easterby right,3,t,9,2,8-12,140,12/1,13,57,,,CompletedRace,6,0.75,3.25,00:01:27.6000000,87.6,5/1,6,31,-43717,"£3,768",3768,57,70,47,360974,R C Shedden & Partner,Bated Breath,GB,Lava Light,False,False,,46,5,True,,GB,"Made the most of a favourable draw, running down the pacesetter at Redcar (6f, good; from 4lb lower) in June; below that level at Thirsk, but this is easier, and Jake Dickson's 5lb claim is handy; stamina is untested beyond 6f."
924018,Harrison College Handicap (Div I),15,Doncaster,08/01/2026 16:50:00,Other,Class 6,,0-60,3yo+,None,7f,7,1407,1540,Good To Firm,Turf,7020287,Sparkling Pink right,100379,Ryan Sexton right,33638,Adrian Nicholls right,3,p1,7,5,9-6,150,11/2,6.5,60,,,CompletedRace,7,0.1,3.5,00:01:27.6500000,87.65,5/1,6,14,-03043,"£3,768",3768,60,69,63,197111,A Brooke Rankin,Due Diligence,USA,Fenella Rose,True,False,,40,,True,,GB,"1-12; placed over C&D in April, and gave it a good go from the front when third to Vega's Virtue at Ripon (1m, good) a fortnight ago; sports newly applied cheekpieces seeking that extra edge with the drop back to 7f in her favour; chance."
924018,Harrison College Handicap (Div I),15,Doncaster,08/01/2026 16:50:00,Other,Class 6,,0-60,3yo+,None,7f,7,1407,1540,Good To Firm,Turf,5592571,Arnaz right,93884,Oisin Orr right,15429,Mark Loughnane right,5,tp,4,4,9-8,152,7/1,8,56,,,CompletedRace,8,3.25,6.75,00:01:28.3000000,88.3,20/1,21,32,760787,"£3,768",3768,56,68,40,191235,Laurence Bellman,Havana Grey,GB,Fair Maiden,False,False,2,60,,True,,GB,"Sole win from 24 starts came at Brighton (7f, good; from 9lb higher) in May 2024; generally disappointing for this trainer, weakening on first start since wind surgery at Ffos Las (7.5f, good; beaten over 7l) 32 days ago; 3lb lower."
924018,Harrison College Handicap (Div I),15,Doncaster,08/01/2026 16:50:00,Other,Class 6,,0-60,3yo+,None,7f,7,1407,1540,Good To Firm,Turf,7436380,Havana Oaks right,91653,Joey Haynes right,30867,Ivan Furtado right,3,,11,1,8-12,140,40/1,41,52,,,CompletedRace,9,4.75,11.5,00:01:29.2500000,89.25,25/1,26,26,55-67,"£3,768",3768,52,59,31,323082,The Good Racing Company Ltd,Havana Grey,GB,Renaissant,False,False,,54,,True,,GB,"0-4; failed to take step forward on Ripon handicap debut (6f; seventh of nine, 28-1; always towards rear); still early days but, equally, there's little to suggest that she can play a role in the finish."
924018,Harrison College Handicap (Div I),15,Doncaster,08/01/2026 16:50:00,Other,Class 6,,0-60,3yo+,None,7f,7,1407,1540,Good To Firm,Turf,7592664,Ryefield right,101550,Liam Wright right,11013,Lawrence Mullaney right,3,v1,10,10,8-9,137,50/1,51,54,,,CompletedRace,10,2.75,14.25,00:01:29.8000000,89.8,25/1,26,58,095-88,"£3,768",3768,54,64,,372345,Stuart Rimmer Len Taylor,Ardad,IRE,Charlie Em,True,False,,17,5,True,,GB,Eight-race maiden; has plummeted in the weights since sent handicapping (down 16lb); weakened quickly when last of eight in first-time cheekpieces at Wetherby (5.5f) latest; difficult to identify many positives; headgear tweaked.
924018,Harrison College Handicap (Div I),15,Doncaster,08/01/2026 16:50:00,Other,Class 6,,0-60,3yo+,None,7f,7,1407,1540,Good To Firm,Turf,7355937,Queensmaite right,93211,Alistair Rawlinson right,32,Roy Bowring right,4,,5,7,9-7,151,28/1,29,55,,,CompletedRace,11,7.5,21.75,00:01:31.3000000,91.3,16/1,17,95,057-89,"£3,768",3768,55,67,,694,S R Bowring,Massaat,IRE,Misu's Maite,False,False,,67,,False,,GB,"Ran well (third) on Southwell debut (5f maiden; 33-1) last April, but it's been all downhill since, beating only a single rival in two AW starts this year; cheekpieces discarded off 95-day break for turf return; monitor only."
926049,Harrison College Handicap (Div II),15,Doncaster,08/01/2026 17:25:00,Other,Class 6,,0-60,3yo+,None,7f,7,1407,1540,Good To Firm,Turf,8418747,Von Trotter right,97584,Oliver Stammers right,38543,Michael &amp; David Easterby right,3,,6,4,9-6,150,100/30,4.333333333333334,60,,,CompletedRace,1,0,0,00:01:25.8500000,85.85,2/1,3,14,200762,"£3,768",3768,60,72,53,364752,South Bank Racing & Partners,Mattmu,GB,Bankawi,False,False,,45,,True,,GB,"0-8; no match for Act Of Violence at Ripon (6f, good; 10-1) a fortnight ago, but that was a step back in the right direction, and third-placed Get Up Everybody puts that form to the test in the first division (4:50); key player on first attempt at 7f (dam a 7f-8.4f winner)."
926049,Harrison College Handicap (Div II),15,Doncaster,08/01/2026 17:25:00,Other,Class 6,,0-60,3yo+,None,7f,7,1407,1540,Good To Firm,Turf,4346557,Wilde And Dandy right,91653,Joey Haynes right,30867,Ivan Furtado right,6,,2,10,9-10,154,5/2F,3.5,58,,,CompletedRace,2,2.5,2.5,00:01:26.3500000,86.35,5/1,6,14,36-937,"£3,768",3768,58,72,64,364707,Crazy Racing Ltd,Dandy Man,IRE,Image,False,False,,54,,False,,GB,"2-5 over C&D; scrambled home to justify favouritism from Operation Gimcrack (runs in first division) in this last year; placed numerous times since, including at Yarmouth (7f; 10-1) on penultimate start; slow start scuppered chance latest."
926049,Harrison College Handicap (Div II),15,Doncaster,08/01/2026 17:25:00,Other,Class 6,,0-60,3yo+,None,7f,7,1407,1540,Good To Firm,Turf,6151842,Sir David right,99878,Alex Jary right,865,Nigel Tinkler right,4,,4,1,9-5,149,6/1,7,56,,,CompletedRace,3,1.5,4,00:01:26.6500000,86.65,8/1,9,29,000829,"£3,768",3768,56,71,62,315342,Eddie And Fiona Carswell,Mehmas,IRE,Hesterya,False,False,,53,3,True,,FR,"Modest since joining Nigel Tinkler (0-6) but there was merit to his Carlisle second (7f, soft) on penultimate start; that track seems to bring out the best of his abilities so, although fairly weighted, he couldn't rate as a confident pick."
926049,Harrison College Handicap (Div II),15,Doncaster,08/01/2026 17:25:00,Other,Class 6,,0-60,3yo+,None,7f,7,1407,1540,Good To Firm,Turf,7865983,Donald right,14332,David Nolan right,39387,David &amp; Nicola Barron right,4,,1,3,9-12,156,7/1,8,60,,,CompletedRace,4,1,5,00:01:26.8500000,86.85,6/1,7,23,2-4549,"£3,768",3768,60,67,65,372187,Dovebrace Ltd And Friends,Washington DC,IRE,Lucy Parsons,False,False,,25,,True,,GB,"0-7; respectable comeback at Nottingham (5f, good; fourth, beaten 3l) in May, but hasn't built on that, including in blinkers (discarded) the last twice; tough to say how he'll fare on first go at 7f; safer options elsewhere."
926049,Harrison College Handicap (Div II),15,Doncaster,08/01/2026 17:25:00,Other,Class 6,,0-60,3yo+,None,7f,7,1407,1540,Good To Firm,Turf,8022553,Barbuda Bay right,78238,Dougie Costello right,19203,Roger Teal right,3,,5,9,9-6,150,20/1,21,60,,,CompletedRace,5,0.75,5.75,00:01:27,87,14/1,15,49,20-860,"£3,768",3768,60,68,26,333559,The Antiguan Family Syndicate,Starman,GB,Emaratiya Ana,False,False,,55,,True,,GB,"Five-race maiden; lost shoe when failing to figure (11 of 14) on handicap debut at Bath (1m; 25-1) seven weeks ago; 2lb lower in the right type of race, but with clear improvement required to threaten."
926049,Harrison College Handicap (Div II),15,Doncaster,08/01/2026 17:25:00,Other,Class 6,,0-60,3yo+,None,7f,7,1407,1540,Good To Firm,Turf,2859502,Back From Dubai right,93211,Alistair Rawlinson right,32,Roy Bowring right,9,,8,2,9-3,147,5/1,6,51,,,CompletedRace,6,0.2,6,00:01:27.0500000,87.05,10/1,11,48,883140,"£3,768",3768,51,69,59,35702,K Nicholls,Exceed And Excel,AUS,Emirates Rewards,False,False,,67,,False,,IRE,"Finished strongly to resume winning ways over C&D (good to soft; from 2lb lower) in May; hasn't operated at the same level since, but overall strike rate (10-80) is admirable for the level; forecast ground perhaps faster than ideal."
926049,Harrison College Handicap (Div II),15,Doncaster,08/01/2026 17:25:00,Other,Class 6,,0-60,3yo+,None,7f,7,1407,1540,Good To Firm,Turf,7865991,Sprinting Speed right,80421,Stevie Donohoe right,15552,Jennie Candlish right,3,,7,7,9-6,150,18/1,19,60,,,CompletedRace,7,0.1,6,00:01:27.0500000,87.05,8/1,9,36,8-0588,"£3,768",3768,60,68,60,116443,George Houghton,Mehmas,IRE,Put On A Show,False,False,,50,,True,,IRE,"Seven-race maiden; in rear throughout in newly applied headgear combination (discarded) over 6f here five weeks ago; eased another 3lb in the handicap since, so isn't written off yet; prudent to consult the market."
926049,Harrison College Handicap (Div II),15,Doncaster,08/01/2026 17:25:00,Other,Class 6,,0-60,3yo+,None,7f,7,1407,1540,Good To Firm,Turf,5708985,Mister McGregor right,83588,Kieran O'Neill right,7001,Michael Mullineaux right,4,eb,10,6,9-0,144,22/1,23,48,,,CompletedRace,8,1,7,00:01:27.2500000,87.25,12/1,13,22,909239,"£3,768",3768,48,67,48,195225,Keith Jones,Harry Angel,IRE,Pulcinella,False,False,,,,True,,IRE,27-race maiden; placed in this same headgear combination at Wolverhampton and Chester (both 7f) before producing poor performance at Chester latest; opposed on the balance of probability.
926049,Harrison College Handicap (Div II),15,Doncaster,08/01/2026 17:25:00,Other,Class 6,,0-60,3yo+,None,7f,7,1407,1540,Good To Firm,Turf,6046649,Groundsman right,93884,Oisin Orr right,15429,Mark Loughnane right,4,p,3,5,9-9,153,18/1,19,57,,,CompletedRace,9,7,14,00:01:28.6500000,88.65,20/1,21,24,63-858,"£3,768",3768,57,67,44,228756,Northern Marking Ltd,Acclamation,GB,Say It's Me,False,False,,60,,False,,IRE,"Yet to win on turf (0-12); hasn't managed to beat many rivals in three starts this year, only eighth of nine at Catterick (7f; 28-1) 24 days ago; handicap mark continues to slide."
926049,Harrison College Handicap (Div II),15,Doncaster,08/01/2026 17:25:00,Other,Class 6,,0-60,3yo+,None,7f,7,1407,1540,Good To Firm,Turf,7784929,Magic Lady Mae right,92822,Jack Gilligan right,11013,Lawrence Mullaney right,3,,9,8,9-1,145,22/1,23,55,,,CompletedRace,10,5.5,19.5,00:01:29.7500000,89.75,14/1,15,11,367706,"£3,768",3768,55,66,57,302260,Dr M Voikhansky & Mrs S Voikhanskaya,Mehmas,IRE,Black Magic Woman,False,False,,17,,False,2,IRE,"0-7; onto third trainer already, having previously been with Richard Hannon and Kevin/Lauren Frost; minor headway when sixth on recent stable debut at Wolverhampton (7f; 22-1); down a further 5lb in the weights."
924015,Grace And Dotty Handicap,15,Doncaster,08/01/2026 18:00:00,Other,Class 5,,0-70,3yo+,None,6f,6,1206,1320,Good To Firm,Turf,5859141,Shazani right,92822,Jack Gilligan right,32,Roy Bowring right,4,,4,5,9-8,152,2/1J,3,67,,,CompletedRace,1,0,0,00:01:11.7700000,71.77,4/1,5,36,067523,"£4,397",4397,67,79,65,316317,Lester Patrick Keane,Dark Angel,IRE,Sonjeu,False,False,,67,,True,,FR,"Won the Legends Classified Stakes here (1m; 40-1) last September; knocking on the door over 7f here (23) in recent times; competitively weighted from an unchanged mark, and a danger to all if allowed uncontested lead back at 6f."
924015,Grace And Dotty Handicap,15,Doncaster,08/01/2026 18:00:00,Other,Class 5,,0-70,3yo+,None,6f,6,1206,1320,Good To Firm,Turf,3695493,Another Investment right,99878,Alex Jary right,865,Nigel Tinkler right,7,,1,8,9-8,152,2/1J,3,70,,,CompletedRace,2,0.3,0.3,00:01:11.8300000,71.83,4/1,5,28,0-0022,"£4,397",4397,70,81,63,343139,Peter Blyth & Partner,Awtaad,IRE,Mitzi Winks,False,False,,53,3,False,,IRE,"C&D winner; runner-up on last two starts, beaten a nose at Carlisle (6f, good; 5-2 favourite) four weeks ago; that form looks solid, with the winner running well in a Class 4 at York subsequently; 1lb higher, but does have Alex Jary's 3lb claim to assist; key player."
924015,Grace And Dotty Handicap,15,Doncaster,08/01/2026 18:00:00,Other,Class 5,,0-70,3yo+,None,6f,6,1206,1320,Good To Firm,Turf,5048126,Ziggy's Condor right,101550,Liam Wright right,42921,Adam Kirby right,5,b,2,3,9-6,150,7/1,8,70,,,CompletedRace,3,0.75,1,00:01:11.9700000,71.97,7/1,8,3,26450U,"£4,397",4397,70,79,50,366011,Power Geneva (Equine) Ltd,Havana Grey,GB,Dolly Colman,False,False,,38,5,True,,IRE,"No turf win since July 2023; ran respectably (fifth) on stable debut at Yarmouth (7f, good) in May and has had excuses since, including when stumbling and unseating his rider at the start at Goodwood on Wednesday; 3lb below last winning mark (AW), and with a 5lb claimer booked."
924015,Grace And Dotty Handicap,15,Doncaster,08/01/2026 18:00:00,Other,Class 5,,0-70,3yo+,None,6f,6,1206,1320,Good To Firm,Turf,7613493,Come On Over right,14332,David Nolan right,22839,David O'Meara right,3,v,5,7,9-5,149,16/1,17,68,,,CompletedRace,4,1.25,2.25,00:01:12.2200000,72.22,8/1,9,11,084214,"£4,397",4397,68,80,63,373159,Come On Over Syndicate & A H Yates Ltd,Kodiac,GB,No Lippy,False,False,,54,,False,,IRE,"Beaten a neck over C&D in June; made amends the following week before his revised mark could kick into force, making all to fend off a pair of rivals who also raced far side early on in that contest; weakened quickly when last of four at Nottingham latest; needs to bounce back."
924015,Grace And Dotty Handicap,15,Doncaster,08/01/2026 18:00:00,Other,Class 5,,0-70,3yo+,None,6f,6,1206,1320,Good To Firm,Turf,8758169,Celtic Arrow right,100379,Ryan Sexton right,12225,Julie Camacho right,3,,8,6,9-4,148,11/2,6.5,67,,,CompletedRace,5,0.5,2.75,00:01:12.3200000,72.32,9/2,5.5,31,3422,"£4,397",4397,67,79,69,343299,Stuart Boyd & Niall O'Keeffe,Persian King,IRE,Freccia,False,False,,20,,False,,FR,"Lightly raced filly who is continuing to make progress; runner-up on her last two starts, latest when a neck behind Saucy Jane on handicap debut at Thirsk (6f; good to firm; 20-1); 1lb higher in a slightly more competitive contest but can't be ruled out."
924015,Grace And Dotty Handicap,15,Doncaster,08/01/2026 18:00:00,Other,Class 5,,0-70,3yo+,None,6f,6,1206,1320,Good To Firm,Turf,1965311,Mark's Choice right,97584,Oliver Stammers right,39381,Gemma Tutty right,10,,3,1,9-10,154,18/1,19,69,,,CompletedRace,6,0.75,3.5,00:01:12.4700000,72.47,10/1,11,26,-06243,"£4,397",4397,69,79,70,232250,Cragg Wood Racing,Bungle Inthejungle,GB,Ramamara,False,False,,44,,True,,IRE,Ripon specialist (ten wins at that track); run down only by Reigning Profit and Rock Of England when attempting to win the race named in his honour there (5f) 26 days ago; no issue with this return to 6f and has been placed here previously.
924015,Grace And Dotty Handicap,15,Doncaster,08/01/2026 18:00:00,Other,Class 5,,0-70,3yo+,None,6f,6,1206,1320,Good To Firm,Turf,6087981,Ay Gee Ell right,93884,Oisin Orr right,42996,Richard &amp; Peter Fahey right,4,tv,6,4,9-5,149,25/1,26,64,,,CompletedRace,7,2.25,5.75,00:01:12.9200000,72.92,20/1,21,21,304899,"£4,397",4397,64,78,55,219962,Advance Group UK Ltd,Sands Of Mali,FR,Wild Bloom,False,False,,35,,False,,IRE,"1-21; close fourth at Thirsk (6f, good; from 7lb higher) in April; has lost his way since, failing to beat many in 5f contests at Pontefract, Beverley, and Chester; questions to be answered for the time being."
924015,Grace And Dotty Handicap,15,Doncaster,08/01/2026 18:00:00,Other,Class 5,,0-70,3yo+,None,6f,6,1206,1320,Good To Firm,Turf,7727251,Startled Lady right,13699,Neil Callan right,17966,William Knight right,3,,7,2,9-4,148,6/1,7,67,,,CompletedRace,8,6,11.75,00:01:14.1200000,74.12,100/30,4.333333333333334,17,-23531,"£4,397",4397,67,80,67,359595,Jonny Allison & Rathmoy Racing V,Zoustar,AUS,Terrify,False,False,,56,,False,,GB,"Made the breakthrough, justifying favouritism at Yarmouth (6f, good to firm) 17 days ago; while she has responded to the removal of the hood, this represents a step back up the ladder (Class 5) from a 4lb higher mark; her task isn't an insurmountable one, though."
925583,BOYLE Sports Best Odds Guaranteed Maiden Hurdle,183,Galway (IRE),08/01/2026 14:02:00,Hurdle,,,,4yo+,None,2m1f,17,3418,3740,Good To Yielding,Turf,5422800,Columbus right,86502,Paul Townend right,1475,W P Mullins right,5,,2,,11-12,188,10/11F,1.9090909090909092,,,,CompletedRace,1,0,0,00:04:02.8000000,242.8,9/4,3.25,,2,"€10,013",10013,,124,78,371816,"Angela Shamoon,G Loxton,Vincent Caldwell",Oasis Dream,GB,Cribbs Causeway,False,False,,66,,False,,GER,"Group 3 winner in France and was second in a German Group 1 last year; sold for 400,000euros since; not a bad hurdling debut at Killarney but was poor back on the Flat at Royal Ascot; however, has a solid shout back hurdling and looks the stable first-string."
925583,BOYLE Sports Best Odds Guaranteed Maiden Hurdle,183,Galway (IRE),08/01/2026 14:02:00,Hurdle,,,,4yo+,None,2m1f,17,3418,3740,Good To Yielding,Turf,7355980,Leader Allen right,83964,Brian Hayes right,1475,W P Mullins right,5,,4,,11-12,188,12/1,13,,,,CompletedRace,2,7.5,7.5,00:04:04.4666666,244.4666666,100/30,4.333333333333334,465,2152/,"€10,013",10013,,,,1870,P Davies,Ivanhowe,GER,Decidee Allen,False,False,,66,,True,1,FR,French bumper winner was second in a Grade 3 in that sphere when last seen in April 2025; a concern that he has been off for so long but still has to be respected from this yard even though he looks the second-string.
925583,BOYLE Sports Best Odds Guaranteed Maiden Hurdle,183,Galway (IRE),08/01/2026 14:02:00,Hurdle,,,,4yo+,None,2m1f,17,3418,3740,Good To Yielding,Turf,2743987,Tyson Fury right,84936,Sean Flanagan right,21879,Denis Gerard Hogan right,9,,7,,11-12,188,10/1,11,117,,,CompletedRace,3,4,11.5,00:04:05.3555555,245.3555555,5/1,6,,402-22,"€10,013",10013,117,124,101,322831,Mary B Hogan,Iffraaj,GB,Za Za Zoom,False,False,,33,,True,,GB,"Four Flat wins and is rated 89 in that sphere; was never involved in the Connacht Hotel handicap here five days ago; best hurdle run when second at Killarney last time, a mistake at the last costing him; should be in the mix."
925583,BOYLE Sports Best Odds Guaranteed Maiden Hurdle,183,Galway (IRE),08/01/2026 14:02:00,Hurdle,,,,4yo+,None,2m1f,17,3418,3740,Good To Yielding,Turf,7499345,Tiktok Casey right,100365,Sam Ewing right,22959,Peter Fahey right,5,,19,,11-5,181,11/1,12,,,,CompletedRace,4,3.75,15.25,00:04:06.1888888,246.1888888,12/1,13,114,P3139-,"€10,013",10013,,,,365546,Klas Form Limited,Poet's Word,IRE,Black Money,False,False,,22,,True,,IRE,Placed in a point; won a Naas bumper in testing ground before third in a Grade 2 bumper at Leopardstown; not as good in an Aintree Grade 2 since on better ground; should be capable of running well on hurdle bow.
925583,BOYLE Sports Best Odds Guaranteed Maiden Hurdle,183,Galway (IRE),08/01/2026 14:02:00,Hurdle,,,,4yo+,None,2m1f,17,3418,3740,Good To Yielding,Turf,7347772,Young Rebel right,94230,Harry Cobden right,30971,Emmet Mullins right,5,,8,,11-12,188,4/1,5,,,,CompletedRace,5,0.5,15.75,00:04:06.3000000,246.3,5/1,6,244,1-,"€10,013",10013,,,,20887,John P McManus,Crystal Ocean,GB,Rebel Og,False,False,,41,,True,1,IRE,"Won a Fairyhouse bumper on debut for Mags Mullins last November, beating the smart Moonverrin into second; has since changed hands and looks to have been targetted at this meeting so has to be feared; the market can be a guide."
925583,BOYLE Sports Best Odds Guaranteed Maiden Hurdle,183,Galway (IRE),08/01/2026 14:02:00,Hurdle,,,,4yo+,None,2m1f,17,3418,3740,Good To Yielding,Turf,7334512,Everyday Life right,101851,Conor Stone-Walsh right,38240,Ian Patrick Donoghue right,5,h1,16,,11-5,181,150/1,151,,,,CompletedRace,6,2.5,18.25,00:04:06.8555555,246.8555555,50/1,51,49,/352-9,"€10,013",10013,,79,46,351163,Dont Tell Bernie Syndicate,Affinisea,IRE,Meadowlands,True,False,,25,,True,,IRE,Best point run came when second in February; well beaten in a Downpatrick maiden hurdle; lots to find; hood on.
925583,BOYLE Sports Best Odds Guaranteed Maiden Hurdle,183,Galway (IRE),08/01/2026 14:02:00,Hurdle,,,,4yo+,None,2m1f,17,3418,3740,Good To Yielding,Turf,6514076,Eastwatch right,100118,Mr A P Ryan right,10588,Andrew Slattery right,4,,9,,11-4,180,100/30,4.333333333333334,,,,CompletedRace,7,4.75,23,00:04:07.9111111,247.9111111,10/1,11,,,"€10,013",10013,,,,358927,Damien Moore & C Comerford,Make Believe,GB,Lady Stormborn,False,False,,45,5,True,,IRE,Smart Flat sort has won twice and seems to stay 1m2f; a solid run in a Curragh Group 3 in April and now rated 101; has stamina to prove on hurdling debut but could be a player if jumping soundly.
925583,BOYLE Sports Best Odds Guaranteed Maiden Hurdle,183,Galway (IRE),08/01/2026 14:02:00,Hurdle,,,,4yo+,None,2m1f,17,3418,3740,Good To Yielding,Turf,7334518,Rene's Gold right,92335,Donagh Meyler right,25225,Ross O'Sullivan right,5,,21,,11-5,181,150/1,151,,,,CompletedRace,8,4,27,00:04:08.8000000,248.8,,,,,,,,,,,,,,,,,,,,,,,
925583,BOYLE Sports Best Odds Guaranteed Maiden Hurdle,183,Galway (IRE),08/01/2026 14:02:00,Hurdle,,,,4yo+,None,2m1f,17,3418,3740,Good To Yielding,Turf,7020730,Tradonthebay right,99479,Jack G Gilligan right,13084,Paul John Gilligan right,5,,6,,11-7,183,40/1,41,93,,,CompletedRace,9,0.2,27.25,00:04:08.8555555,248.8555555,33/1,34,26,4-2553,"€10,013",10013,93,112,101,269412,Natalie Gilligan,Snow Sky,GB,Shuil Mill,False,False,,31,5,False,,IRE,Second runner for yard; beaten 12l in a Roscommon handicap hurdle last time and can't be fancied here on that form.
925583,BOYLE Sports Best Odds Guaranteed Maiden Hurdle,183,Galway (IRE),08/01/2026 14:02:00,Hurdle,,,,4yo+,None,2m1f,17,3418,3740,Good To Yielding,Turf,8812068,Youknowthecode right,94503,Jack Kennedy right,18145,Gordon Elliott right,4,,14,,11-9,185,150/1,151,,,,CompletedRace,10,2.25,29.5,00:04:09.3555555,249.3555555,20/1,21,133,860-,"€10,013",10013,,76,,190799,Mrs Ann Marie McManus,Getaway,GER,Start At The Top,False,False,,40,,True,,IRE,"Beaten a long way in three maiden hurdles on soft ground in the spring; however, has respected connections and is likely to do better on this sounder surface."
925583,BOYLE Sports Best Odds Guaranteed Maiden Hurdle,183,Galway (IRE),08/01/2026 14:02:00,Hurdle,,,,4yo+,None,2m1f,17,3418,3740,Good To Yielding,Turf,9382597,Rumble Demosa right,90735,Ricky Doyle right,8096,Eoin Griffin right,5,,18,,11-5,181,200/1,201,,,,CompletedRace,11,0.5,30,00:04:09.4666666,249.4666666,66/1,67,8,77,"€10,013",10013,,92,59,358100,Dunglen Racing Syndicate,Kingston Hill,GB,Jaldemosa,False,False,,,,False,,IRE,Respectable midfield finishes in both maiden hurdle runs and looks one for handicaps in time.
925583,BOYLE Sports Best Odds Guaranteed Maiden Hurdle,183,Galway (IRE),08/01/2026 14:02:00,Hurdle,,,,4yo+,None,2m1f,17,3418,3740,Good To Yielding,Turf,8366488,Banphrionsa Alainn right,100871,Miss Charlotte Butler right,43187,A D Leahy right,5,,15,,10-12,172,300/1,301,,,,CompletedRace,12,2.25,32.25,00:04:09.9666666,249.9666666,200/1,201,187,0-,"€10,013",10013,,59,,112427,David M Walsh,Pether's Moon,IRE,Mons Meg,False,False,,,7,True,1,IRE,Beaten a long way in a Punchestown maiden hurdle on debut for Tony Mullins; passed over today.
925583,BOYLE Sports Best Odds Guaranteed Maiden Hurdle,183,Galway (IRE),08/01/2026 14:02:00,Hurdle,,,,4yo+,None,2m1f,17,3418,3740,Good To Yielding,Turf,9051045,The Flying Rambler right,88732,Keith Donoghue right,16342,J P Dempsey right,4,h,13,,11-9,185,150/1,151,,,,CompletedRace,13,5.5,37.75,00:04:11.1888888,251.1888888,100/1,101,28,7-8,"€10,013",10013,,91,81,370284,Short Grass Syndicate,Affinisea,IRE,Scarlet Rambler,False,False,,,,True,,IRE,Soundly beaten in a bumper and maiden hurdle at Bellewstown so is best watched for the time being.
925583,BOYLE Sports Best Odds Guaranteed Maiden Hurdle,183,Galway (IRE),08/01/2026 14:02:00,Hurdle,,,,4yo+,None,2m1f,17,3418,3740,Good To Yielding,Turf,5325150,Godsend right,96257,Ben Harvey right,39540,Cian Collins right,5,,3,,11-12,188,50/1,51,,,,CompletedRace,14,1.75,39.5,00:04:11.5777777,251.5777777,14/1,15,,,"€10,013",10013,,,,201091,AP Partnership,Nathaniel,IRE,Floriss,False,False,,33,,True,1,GB,"Five Flat wins in UK for Sir Mark Prescott up to 2m1f and rated 87; bought for 19,000gns last year; a concern that he has been off the track since but is worth a market check."
925583,BOYLE Sports Best Odds Guaranteed Maiden Hurdle,183,Galway (IRE),08/01/2026 14:02:00,Hurdle,,,,4yo+,None,2m1f,17,3418,3740,Good To Yielding,Turf,9517066,Thedreamistilalive right,99810,Niall Moore right,21119,Donncha Duggan right,4,t,20,,10-11,171,300/1,301,,,,CompletedRace,15,14,53.5,00:04:14.6888888,254.6888888,200/1,201,22,9,"€10,013",10013,,46,,163976,Mrs Rita Keating,Old Persian,GB,Keats Queen,False,False,,50,5,False,,IRE,Beaten a long way at Kilbeggan on debut and passed over today.
925583,BOYLE Sports Best Odds Guaranteed Maiden Hurdle,183,Galway (IRE),08/01/2026 14:02:00,Hurdle,,,,4yo+,None,2m1f,17,3418,3740,Good To Yielding,Turf,8620481,Lincoln Mill right,101818,Luke Burke Ott right,11584,L J Archdeacon right,5,,5,,11-5,181,200/1,201,,,,CompletedRace,16,12,65.5,00:04:17.3555555,257.3555555,40/1,41,64,62-8,"€10,013",10013,,,,180846,Aiden Devaney,Jet Away,GB,Lady Olwyn,False,False,,,7,True,,IRE,Runner-up on second point start; showed a glimpse of ability in a Tramore bumper but needs to do much better here.
925583,BOYLE Sports Best Odds Guaranteed Maiden Hurdle,183,Galway (IRE),08/01/2026 14:02:00,Hurdle,,,,4yo+,None,2m1f,17,3418,3740,Good To Yielding,Turf,9055606,Finjimk right,91248,Liam McKenna right,37929,Peter John Flood right,4,,10,,11-6,182,300/1,301,,,,CompletedRace,17,4.5,70,00:04:18.3555555,258.3555555,100/1,101,9,F-P788,"€10,013",10013,,72,54,301974,Teresa Flood,Sumbal,IRE,Bebinn,False,False,,67,3,False,,IRE,Soundly beaten in all starts in different disciplines so is one for handicaps in time.
925583,BOYLE Sports Best Odds Guaranteed Maiden Hurdle,183,Galway (IRE),08/01/2026 14:02:00,Hurdle,,,,4yo+,None,2m1f,17,3418,3740,Good To Yielding,Turf,7409482,Hinchinbrooke right,93079,G B Noonan right,10680,E McNamara right,4,t1,12,,11-9,185,100/1,101,,,,CompletedRace,18,0.75,70.75,00:04:18.5222222,258.5222222,33/1,34,22,5,"€10,013",10013,,84,42,18220,Mrs A F Mee,Cracksman,GB,Angel's Hideaway,True,False,,,,True,2,GB,A 1m2f AW winner for Jane Chapple Hyam last year; beaten 29l in a Cork maiden hurdle on stable debut last month; needs plenty of improvement from that; tongue-tie on.
925583,BOYLE Sports Best Odds Guaranteed Maiden Hurdle,183,Galway (IRE),08/01/2026 14:02:00,Hurdle,,,,4yo+,None,2m1f,17,3418,3740,Good To Yielding,Turf,7475655,Golden Handshake right,100782,Patrick M O'Brien right,14621,William Durkan right,4,,11,,11-4,180,18/1,19,,,,UnseatedRider,0,0,0,00:04:02.8000000,242.8,12/1,13,,,"€10,013",10013,,,,345578,Four D Partnership,Zarak,FR,Star Value,False,False,,18,5,True,1,GB,"Two wins up to 1m4f when trained by William Haggas before being sold for 30,000gns; makes hurdling debut after an absence and could run well; the market can help."
925584,BOYLE Sports Galway Tribes Handicap Hurdle,183,Galway (IRE),08/01/2026 14:37:00,Hurdle,,,,4yo+,None,2m1f,17,3418,3740,Good To Yielding,Turf,4381734,Fiveonefive right,94503,Jack Kennedy right,39540,Cian Collins right,8,p,7,,11-5,181,10/1,11,123,,,CompletedRace,1,0,0,00:04:00.4000000,240.4,12/1,13,11,00-843,"€47,120",47120,123,137,108,326663,Salvatore Giannini & Tony Lagan,Dylan Thomas,IRE,Jenmarie,False,False,,33,,False,,IRE,"Four of his five wins came in Britain, with three at Cartmel; posted a solid run at Ballinrobe last time and should run well again off 1lb higher."
925584,BOYLE Sports Galway Tribes Handicap Hurdle,183,Galway (IRE),08/01/2026 14:37:00,Hurdle,,,,4yo+,None,2m1f,17,3418,3740,Good To Yielding,Turf,3737118,Metamorpheus right,101851,Conor Stone-Walsh right,31715,Andrew McNamara right,7,,22,,10-0,160,12/1,13,104,,,CompletedRace,2,0.5,0.5,00:04:00.5111111,240.5111111,,,,,,,,,,,,,,,,,,,,,,,
925584,BOYLE Sports Galway Tribes Handicap Hurdle,183,Galway (IRE),08/01/2026 14:37:00,Hurdle,,,,4yo+,None,2m1f,17,3418,3740,Good To Yielding,Turf,6855091,Paul's Dream right,87524,Danny Mullins right,3169,Anthony Mullins right,7,,3,,11-8,184,100/30F,4.333333333333334,126,,,CompletedRace,3,2.25,2.75,00:04:01.0111111,241.0111111,4/1,5,22,F0-511,"€47,120",47120,126,137,123,150645,Shoot A Hoop Syndicate,Mahler,GB,Clarach,False,False,,,,False,,IRE,"Has been in the form of her life at present, winning handicaps at Ballinrobe (2m) and Kilbeggan (2m4f); got a 10lb rise for that and back down in trip but still has to be on the shortlist."
925584,BOYLE Sports Galway Tribes Handicap Hurdle,183,Galway (IRE),08/01/2026 14:37:00,Hurdle,,,,4yo+,None,2m1f,17,3418,3740,Good To Yielding,Turf,3196080,Red Glory right,96391,Darragh O'Keeffe right,1249,Henry De Bromhead right,8,tp1,6,,11-6,182,16/1,17,124,,,CompletedRace,4,0.75,3.5,00:04:01.1777777,241.1777777,15/2,8.5,28,621-53,"€47,120",47120,124,134,114,211695,Garristown Aintree Syndicate,Harzand,IRE,Perfect Touch,True,False,,56,,False,,IRE,Dual-purpose winner won his last hurdle race over C&D last October; ran a solid race from the front to be third to Putapoundinthejar at Bellewstown last time; 3lb better off and cheekpieces added; chance.
925584,BOYLE Sports Galway Tribes Handicap Hurdle,183,Galway (IRE),08/01/2026 14:37:00,Hurdle,,,,4yo+,None,2m1f,17,3418,3740,Good To Yielding,Turf,4509354,Matt Connor right,102354,Josh Williamson right,16342,J P Dempsey right,6,p,5,,11-1,177,16/1,17,124,,,CompletedRace,5,3,6.5,00:04:01.8444444,241.8444444,22/1,23,,51410-,"€47,120",47120,124,136,112,361245,Adrian Sheils,Teofilo,IRE,Emirates Hills,False,False,,,5,True,,IRE,Dual-purpose winner was well beaten at Punchestown on his last hurdle run but ran a decent race on the Flat at Tramore since; needs to find more.
925584,BOYLE Sports Galway Tribes Handicap Hurdle,183,Galway (IRE),08/01/2026 14:37:00,Hurdle,,,,4yo+,None,2m1f,17,3418,3740,Good To Yielding,Turf,4709586,Serienmond right,100378,Mr D McGill right,35399,Gary McGill right,6,,18,,10-4,164,12/1,13,115,,,CompletedRace,6,1,7.5,00:04:02.0666666,242.0666666,28/1,29,230,17509-,"€47,120",47120,114,135,107,346354,Giddy Up Boy Syndicate,Sea The Moon,GER,Saldenehre,False,False,,,7,True,1,GER,"Dual-purpose winner was below form over hurdles on his last two starts for Gavin Cromwell last winter; however, would have a chance off this mark if restored to his best."
925584,BOYLE Sports Galway Tribes Handicap Hurdle,183,Galway (IRE),08/01/2026 14:37:00,Hurdle,,,,4yo+,None,2m1f,17,3418,3740,Good To Yielding,Turf,4201347,No Looking Back right,82680,Phillip Enright right,12846,Oliver McKiernan right,8,tb,14,,11-1,177,33/1,34,119,,,CompletedRace,7,0.5,8,00:04:02.1777777,242.1777777,33/1,34,91,P0430-,"€47,120",47120,119,134,106,322114,Keep The Faith Bloodstock Limited,Kingston Hill,GB,Holy Vow,False,False,,33,,False,,IRE,Won a Limerick 4yo Grade 2 in 2022 but no win since; some decent efforts in defeat earlier this year but was well beaten in a 2m4f Punchestown handicap last time; the drop in trip may help.
925584,BOYLE Sports Galway Tribes Handicap Hurdle,183,Galway (IRE),08/01/2026 14:37:00,Hurdle,,,,4yo+,None,2m1f,17,3418,3740,Good To Yielding,Turf,5490473,Wholelotofbusiness right,93079,G B Noonan right,26124,Eoin Christopher McCarthy right,7,t,10,,11-2,178,33/1,34,120,,,CompletedRace,8,0.5,8.5,00:04:02.2888888,242.2888888,18/1,19,61,120-38,"€47,120",47120,120,134,95,339268,Michael Kiely,Arctic Cosmos,USA,Whats Ur Business,False,False,,40,,False,,IRE,"Killarney novice hurdle winner last October has run well at times in defeat since, notably back at that track in May; poor behind Spy at Listowel since so questions."
925584,BOYLE Sports Galway Tribes Handicap Hurdle,183,Galway (IRE),08/01/2026 14:37:00,Hurdle,,,,4yo+,None,2m1f,17,3418,3740,Good To Yielding,Turf,5368077,Come On The Lads right,102365,Eoin Staples right,17836,Gavin Cromwell right,6,p,12,,10-10,170,12/1,13,119,,,CompletedRace,9,0.1,8.5,00:04:02.2888888,242.2888888,14/1,15,28,451-79,"€47,120",47120,119,137,94,349908,The Lads Partnership,Elzaam,AUS,El Mirage,False,False,,33,5,False,,IRE,Won this last year off a 3lb lower mark; some good hurdle runs in defeat after while also won over fences; beaten 10l by Putapoundinthejar at Bellewstown last time but is 7lb better off so a player.
925584,BOYLE Sports Galway Tribes Handicap Hurdle,183,Galway (IRE),08/01/2026 14:37:00,Hurdle,,,,4yo+,None,2m1f,17,3418,3740,Good To Yielding,Turf,2167230,Arcland right,100873,Eoghan Finegan right,17836,Gavin Cromwell right,10,b,16,,10-8,168,33/1,34,117,,,CompletedRace,10,1.5,10,00:04:02.6222222,242.6222222,12/1,13,16,41-521,"€47,120",47120,117,131,119,372931,Exors of the Late E Blaney,Arcano,IRE,Highland Diva,False,False,,33,5,False,,IRE,Dual purpose winner won for the second time over hurdles when narrowly taking a 2m4f Killarney handicap last time; needs more down in trip off 7lb higher.
925584,BOYLE Sports Galway Tribes Handicap Hurdle,183,Galway (IRE),08/01/2026 14:37:00,Hurdle,,,,4yo+,None,2m1f,17,3418,3740,Good To Yielding,Turf,3970578,Path d'Oroux right,88732,Keith Donoghue right,17836,Gavin Cromwell right,9,tb,1,,11-12,188,33/1,34,130,,,CompletedRace,11,1.75,11.75,00:04:03.0111111,243.0111111,25/1,26,,04950-,"€47,120",47120,130,134,107,316104,French Connection Partnership,Coastal Path,GB,Belle Du Bresil,False,False,,33,,False,,FR,Dual hurdle winner and was third in this race in 2023 off 6lb higher; regressive over fences last season but a decent Flat run at Killarney last time; could run well.
925584,BOYLE Sports Galway Tribes Handicap Hurdle,183,Galway (IRE),08/01/2026 14:37:00,Hurdle,,,,4yo+,None,2m1f,17,3418,3740,Good To Yielding,Turf,5521372,Avalo right,100365,Sam Ewing right,22959,Peter Fahey right,7,,11,,11-1,177,10/1,11,119,,,CompletedRace,12,4.75,16.5,00:04:04.0666666,244.0666666,8/1,9,92,32201-,"€47,120",47120,119,131,113,362300,Seamus Perry & Brian P Larkin & Ms Bernadette Leigh,Sageburg,IRE,Silca Wings,False,False,,22,,False,,IRE,Won for the second time over hurdles when scoring at Punchestown in May (form franked) over this trip; raised 7lb for that and is up in grade but goes well fresh so has to be respected.
925584,BOYLE Sports Galway Tribes Handicap Hurdle,183,Galway (IRE),08/01/2026 14:37:00,Hurdle,,,,4yo+,None,2m1f,17,3418,3740,Good To Yielding,Turf,4699484,Lips Freedom right,92335,Donagh Meyler right,37654,Andrew Kinirons right,6,t,19,,10-9,169,8/1,9,113,,,CompletedRace,13,1.75,18.25,00:04:04.4555555,244.4555555,7/1,8,16,0001-1,"€47,120",47120,113,126,94,338785,Tinnahinch Construction Limited,Free Eagle,IRE,Lips Arrow,False,False,,,,False,,GER,"Useful Flat sort on the continent has got his act together over hurdles, winning at Downpatrick and Killarney 109 days apart; seems best fresh but if he can back that up off 9lb higher then he is a player."
925584,BOYLE Sports Galway Tribes Handicap Hurdle,183,Galway (IRE),08/01/2026 14:37:00,Hurdle,,,,4yo+,None,2m1f,17,3418,3740,Good To Yielding,Turf,5104235,Slurricane right,98778,Mr L P Shanahan right,25225,Ross O'Sullivan right,5,p,8,,10-12,172,22/1,23,123,,,CompletedRace,14,6,24.25,00:04:05.7888888,245.7888888,25/1,26,,/7309-,"€47,120",47120,123,134,109,373849,Manifold & Fahy Partnership,Kodiac,GB,Sheikhakan,False,False,,37,7,False,,IRE,Dual-purpose winner is at his best on testing ground; last win came on the Flat here in October 2025; well beaten on the level here three days ago.
925584,BOYLE Sports Galway Tribes Handicap Hurdle,183,Galway (IRE),08/01/2026 14:37:00,Hurdle,,,,4yo+,None,2m1f,17,3418,3740,Good To Yielding,Turf,7441032,Eye Of A Tiger right,100370,Alan O'Sullivan right,8256,John Patrick Ryan right,6,,21,,9-10,154,25/1,26,105,,,CompletedRace,15,3.75,28,00:04:06.6222222,246.6222222,,,,,,,,,,,,,,,,,,,,,,,
925584,BOYLE Sports Galway Tribes Handicap Hurdle,183,Galway (IRE),08/01/2026 14:37:00,Hurdle,,,,4yo+,None,2m1f,17,3418,3740,Good To Yielding,Turf,6042409,Berto Ramirez right,83964,Brian Hayes right,31715,Andrew McNamara right,4,,20,,10-7,167,12/1,13,114,,,CompletedRace,16,2,30,00:04:07.0666666,247.0666666,25/1,26,,40-143,"€47,120",47120,114,136,112,366656,D O'Mahony & D McHugh & D J Kelly & G Butler,Sea The Moon,GER,Inpromptu,False,False,,50,,False,,GB,Yet to win on the Flat but took a Down Royal maiden hurdle in May; might have been unsuited by soft ground when poor in a Roscommon novice last time; solid fourth on the Flat here on Thursday.
925584,BOYLE Sports Galway Tribes Handicap Hurdle,183,Galway (IRE),08/01/2026 14:37:00,Hurdle,,,,4yo+,None,2m1f,17,3418,3740,Good To Yielding,Turf,6644951,Kimi De Mai right,86502,Paul Townend right,1475,W P Mullins right,6,t,13,,11-1,177,6/1,7,119,,,CompletedRace,17,0.3,30.5,00:04:07.1777777,247.1777777,8/1,9,118,/5337-,"€47,120",47120,119,136,112,365661,Barnane Stud & Hollywood Racing,Non Rien De Rien,FR,Divine De Stpierre,False,False,,66,,False,,FR,Won three bumpers in France but is yet to score over hurdles for this yard; best run in a valuable handicap at Leopardstown in February but was poor in a maiden since; a player if back to best.
925584,BOYLE Sports Galway Tribes Handicap Hurdle,183,Galway (IRE),08/01/2026 14:37:00,Hurdle,,,,4yo+,None,2m1f,17,3418,3740,Good To Yielding,Turf,3861045,Spy right,99810,Niall Moore right,8910,C Byrnes right,7,p,9,,10-13,173,25/1,26,122,,,CompletedRace,18,10,40.5,00:04:09.4000000,249.4,14/1,15,28,430-10,"€47,120",47120,122,136,100,329328,With My Little Eye Syndicate,Muhaarar,GB,Confidential Lady,False,False,,14,5,True,,GB,Dual-purpose winner won a Listowel handicap hurdle in June but was beaten 13l by Putapoundinthejar at Bellewstown last time; has to rebound.
925584,BOYLE Sports Galway Tribes Handicap Hurdle,183,Galway (IRE),08/01/2026 14:37:00,Hurdle,,,,4yo+,None,2m1f,17,3418,3740,Good To Yielding,Turf,2630751,Jetoile right,103298,Michael Kenneally right,1846,W J Burke right,11,tp,15,,10-9,169,66/1,67,118,,,CompletedRace,19,4.5,45,00:04:10.4000000,250.4,20/1,21,,P53-51,"€47,120",47120,118,136,,370446,No Handbreak Syndicate,Jeremy,USA,Accordingtoherself,False,False,,100,5,True,,IRE,Better known as a chaser and won a Ballinrobe handicap in that discipline in May; ran well on the first of two Flat starts since; hasn't run over hurdles since 2022 but could go well.
925584,BOYLE Sports Galway Tribes Handicap Hurdle,183,Galway (IRE),08/01/2026 14:37:00,Hurdle,,,,4yo+,None,2m1f,17,3418,3740,Good To Yielding,Turf,5472180,Minella Post right,88924,James Smith right,19282,Thomas Gibney right,7,tp1,17,,10-7,167,12/1,13,116,,,PulledUp,0,0,0,00:04:00.4000000,240.4,18/1,19,22,54/0-F,"€47,120",47120,114,133,56,119658,Leonard Kinsella,Champs Elysees,GB,Akdara,True,False,,33,5,False,,GB,Maiden in all spheres but was running a big race in a Cork maiden hurdle before falling last time; cheekpieces are added and capable of a decent showing.
925333,BOYLE Sports Handicap Hurdle (Listed Race),183,Galway (IRE),08/01/2026 15:12:00,Hurdle,,Listed,,4yo+,None,2m6½f,22.5,4524,4950,Good To Yielding,Turf,5092882,Grann's Boy right,84936,Sean Flanagan right,13130,H Rogers right,6,p,11,,10-13,173,18/1,19,127,,,CompletedRace,1,0,0,00:05:19.3000000,319.3,40/1,41,68,1260-9,"€64,790",64790,127,146,124,150736,Nap Racing Syndicate,Zoffany,IRE,Cloudy Miss,False,False,,50,,False,,IRE,Dual-purpose sort has been soundly beaten on his last three hurdle runs and needs a return to his best.
925333,BOYLE Sports Handicap Hurdle (Listed Race),183,Galway (IRE),08/01/2026 15:12:00,Hurdle,,Listed,,4yo+,None,2m6½f,22.5,4524,4950,Good To Yielding,Turf,4982046,Pinot Gris right,96391,Darragh O'Keeffe right,1249,Henry De Bromhead right,6,tp,2,,11-10,186,33/1,34,138,,,CompletedRace,2,6,6,00:05:20.6333333,320.6333333,10/1,11,29,/004-1,"€64,790",64790,138,144,117,123522,Watchman Racing,Mastercraftsman,IRE,Zamira,False,False,,56,,False,,IRE,Won over fences last time at Wexford (2m3f); dual hurdle winner and has posted some smart form in this sphere over shorter; has a chance if getting back to best hurdle form and staying this trip.
925333,BOYLE Sports Handicap Hurdle (Listed Race),183,Galway (IRE),08/01/2026 15:12:00,Hurdle,,Listed,,4yo+,None,2m6½f,22.5,4524,4950,Good To Yielding,Turf,4908772,Double Powerful right,100118,Mr A P Ryan right,20451,Neil Mulholland right,7,,4,,11-2,178,20/1,21,135,,,CompletedRace,3,0.5,6.5,00:05:20.7444444,320.7444444,12/1,13,104,U2582-,"€64,790",64790,135,147,130,210156,Equi ex Incertis Partners,Ocovango,GB,Cons Dream,False,False,,56,,False,,IRE,Six hurdle wins in Britain; some solid runs in defeat in quality handicaps since his last win including at Plumpton last time; needs more but shouldn't be far away either.
925333,BOYLE Sports Handicap Hurdle (Listed Race),183,Galway (IRE),08/01/2026 15:12:00,Hurdle,,Listed,,4yo+,None,2m6½f,22.5,4524,4950,Good To Yielding,Turf,4853577,Mousey Brown right,100378,Mr D McGill right,23007,Dermot A McLoughlin right,9,t,13,,10-4,164,11/1,12,125,,,CompletedRace,4,1,7.5,00:05:20.9666666,320.9666666,16/1,17,22,55F-42,"€64,790",64790,125,147,110,211059,Alan E Smith,Califet,FR,Desperado Queen,False,False,,,5,False,,IRE,Five wins between hurdles and fences up to 3m; decent runs in defeat over hurdles and fences last twice so one to consider.
925333,BOYLE Sports Handicap Hurdle (Listed Race),183,Galway (IRE),08/01/2026 15:12:00,Hurdle,,Listed,,4yo+,None,2m6½f,22.5,4524,4950,Good To Yielding,Turf,8153108,Burning Ability right,93079,G B Noonan right,26124,Eoin Christopher McCarthy right,5,,20,,10-4,164,10/1,11,118,,,CompletedRace,5,0.5,8,00:05:21.0777777,321.0777777,14/1,15,28,326-12,"€64,790",64790,118,143,132,363723,Wise Guys Syndicate,El Salvador,IRE,Sarah's Pet,False,False,,40,,False,,IRE,Some decent runs in dxefeat in bumpers; won a Listowel maiden over 2m4f and was just denied in a Bellewstown handicap over 3m since; up 3lb but improving sort can be competitive.
925333,BOYLE Sports Handicap Hurdle (Listed Race),183,Galway (IRE),08/01/2026 15:12:00,Hurdle,,Listed,,4yo+,None,2m6½f,22.5,4524,4950,Good To Yielding,Turf,5087170,Bunting right,87524,Danny Mullins right,1475,W P Mullins right,6,,6,,11-4,180,9/1,10,132,,,CompletedRace,6,0.1,8,00:05:21.0777777,321.0777777,14/1,15,,/4996-,"€64,790",64790,132,148,130,116272,Tony Bloom,Bathyrhon,GER,That's Crazy,False,False,,66,,False,,FR,Is 1-12 over hurdles; well beaten back on the Flat at Royal Ascot last time; needs a return to best hurdle form but can't be ruled out.
925333,BOYLE Sports Handicap Hurdle (Listed Race),183,Galway (IRE),08/01/2026 15:12:00,Hurdle,,Listed,,4yo+,None,2m6½f,22.5,4524,4950,Good To Yielding,Turf,3293723,Ambitious Fellow right,100365,Sam Ewing right,22959,Peter Fahey right,10,b1,10,,10-13,173,66/1,67,127,,,CompletedRace,7,0.1,8.25,00:05:21.1333333,321.1333333,40/1,41,,445-UP,"€64,790",64790,127,142,,357520,W B D Partnership,Fame And Glory,GB,Native Beauty,True,False,,22,,False,,IRE,The last of his four hurdle wins came in this race in 2023 off 4lb higher; mostly chasing since and blinkers added; others more likely here.
925333,BOYLE Sports Handicap Hurdle (Listed Race),183,Galway (IRE),08/01/2026 15:12:00,Hurdle,,Listed,,4yo+,None,2m6½f,22.5,4524,4950,Good To Yielding,Turf,4117776,Ifiwerearichman right,102365,Eoin Staples right,9647,Paul Nolan right,8,p,12,,10-6,166,11/1,12,125,,,CompletedRace,8,0.75,9,00:05:21.3000000,321.3,16/1,17,28,/3P-36,"€64,790",64790,125,146,108,315452,Capital Racing Syndicate,Affinisea,IRE,Inquisitive Look,False,False,,27,5,True,,IRE,"Won a valuable 2m handicap here in 2023 and won over fences after; solid runs at Wexford and Bellewstown lately, with the latter run looking better after the win of Putapoundinthejar in the Galway Hurdle; can run a sound race if staying."
925333,BOYLE Sports Handicap Hurdle (Listed Race),183,Galway (IRE),08/01/2026 15:12:00,Hurdle,,Listed,,4yo+,None,2m6½f,22.5,4524,4950,Good To Yielding,Turf,4980015,Koori Star right,83964,Brian Hayes right,22959,Peter Fahey right,8,,14,,10-9,169,33/1,34,123,,,CompletedRace,9,1.5,10.5,00:05:21.6333333,321.6333333,20/1,21,133,24586-,"€64,790",64790,123,145,84,343147,Wear The Fox Hat Syndicate,Alkaadhem,GB,Star Island,False,False,,22,,True,,IRE,Point and hurdle winner has been soundly beaten over fences lately but would have a shout on his best hurdles form of last year.
925333,BOYLE Sports Handicap Hurdle (Listed Race),183,Galway (IRE),08/01/2026 15:12:00,Hurdle,,Listed,,4yo+,None,2m6½f,22.5,4524,4950,Good To Yielding,Turf,3168643,Sequoiaspirit right,96829,Liam Quinlan right,26772,Ray Hackett right,9,t,17,,10-8,168,33/1,34,122,,,CompletedRace,10,1.25,11.75,00:05:21.9111111,321.9111111,14/1,15,54,568P-1,"€64,790",64790,122,146,112,96897,Liam Hackett,Mainsail,GB,Handicraft,False,False,,,,False,,IRE,"Doubled his score over hurdles when winning well at Roscommon last time, beating Stede Bonnet; however, his record is still only 2-29 and a 7lb rise makes this a tougher task up in grade."
925333,BOYLE Sports Handicap Hurdle (Listed Race),183,Galway (IRE),08/01/2026 15:12:00,Hurdle,,Listed,,4yo+,None,2m6½f,22.5,4524,4950,Good To Yielding,Turf,4129125,Minella Diamond right,82680,Phillip Enright right,7198,W J Lanigan right,8,,19,,10-6,166,16/1,17,120,,,CompletedRace,11,0.75,12.5,00:05:22.0777777,322.0777777,14/1,15,65,F46-11,"€64,790",64790,120,149,130,293188,Christopher Neville,Beat Hollow,GB,Down Ace,False,False,,50,,True,,IRE,"Bumper winner in 2023 built on his Clonmel maiden win when scoring at Limerick on handicap debut, both over approx' 2m4f; up 10lb but is an improving sort and should stay this trip."
925333,BOYLE Sports Handicap Hurdle (Listed Race),183,Galway (IRE),08/01/2026 15:12:00,Hurdle,,Listed,,4yo+,None,2m6½f,22.5,4524,4950,Good To Yielding,Turf,5829464,Dream On Baby right,92335,Donagh Meyler right,30971,Emmet Mullins right,6,ht1,5,,11-6,182,11/1,12,134,,,CompletedRace,12,4.5,17,00:05:23.0777777,323.0777777,15/2,8.5,,21326-,"€64,790",64790,134,149,129,294893,Seven Heads Group Syndicate,Walk In The Park,IRE,Dreambaby,True,False,,41,,False,,IRE,Last win came in a Listed hurdle in November at Kempton over 2m5f; some good runs after but was below form at Cheltenham; a decent Flat run last time at Tramore; considered.
925333,BOYLE Sports Handicap Hurdle (Listed Race),183,Galway (IRE),08/01/2026 15:12:00,Hurdle,,Listed,,4yo+,None,2m6½f,22.5,4524,4950,Good To Yielding,Turf,3730969,Comfort Zone right,94230,Harry Cobden right,32145,Joseph Patrick O'Brien right,7,p,7,,11-3,179,3/1F,4,131,,,CompletedRace,13,1.5,18.5,00:05:23.4111111,323.4111111,5/1,6,,63309/,"€64,790",64790,131,143,,20887,John P McManus,Churchill,IRE,Iveagh Gardens,False,False,,66,,True,,IRE,Came back to form in terrific style when winning the Connacht Hotel Flat Handicap over 2m on Monday here; hasn't run over hurdles since May 2025 but can be a big player with his confidence boosted.
925333,BOYLE Sports Handicap Hurdle (Listed Race),183,Galway (IRE),08/01/2026 15:12:00,Hurdle,,Listed,,4yo+,None,2m6½f,22.5,4524,4950,Good To Yielding,Turf,7534577,Stede Bonnet right,88924,James Smith right,18145,Gordon Elliott right,5,,9,,10-9,169,16/1,17,128,,,CompletedRace,14,0.5,19,00:05:23.5222222,323.5222222,12/1,13,22,130-23,"€64,790",64790,128,145,133,358209,Agardsley Investments Limited,Walk In The Park,IRE,Shannon Rose,False,False,,40,5,False,,IRE,"Dual bumper winner is 2-8 over hurdles, both wins coming over about 2m; solid runs in defeat in 2m4f handicaps the last twice and should be competitive off same mark."
925333,BOYLE Sports Handicap Hurdle (Listed Race),183,Galway (IRE),08/01/2026 15:12:00,Hurdle,,Listed,,4yo+,None,2m6½f,22.5,4524,4950,Good To Yielding,Turf,4893353,Kiltealy Park right,100370,Alan O'Sullivan right,9647,Paul Nolan right,7,p,16,,10-3,163,22/1,23,122,,,CompletedRace,15,21,40,00:05:28.1888888,328.1888888,14/1,15,66,586P-1,"€64,790",64790,122,146,125,339050,Browne Bros Partnership,Walk In The Park,IRE,Mohboss,False,False,,27,5,False,,IRE,Has posted five wins between hurdles and fences; beat Dani Donadoni in a conditions race over 3m at Wexford last time; a 6lb rise makes this a tougher task but promising 5lb claimer helps.
925333,BOYLE Sports Handicap Hurdle (Listed Race),183,Galway (IRE),08/01/2026 15:12:00,Hurdle,,Listed,,4yo+,None,2m6½f,22.5,4524,4950,Good To Yielding,Turf,5315425,Sir Galahad right,94503,Jack Kennedy right,33553,Olly Murphy right,5,p,3,,11-8,184,11/1,12,136,,,CompletedRace,16,14,54,00:05:31.3000000,331.3,6/1,7,69,2602-1,"€64,790",64790,136,144,137,351913,Gary Allsopp & Mark James,Churchill,IRE,Katiyra,False,False,,47,,True,,IRE,"Second runner for UK yard; won for the fifth time over hurdles at Uttoxeter last time, scoring by 11l over 2m4f; has to be respected even up 10lb and looks likely to stay too."
925333,BOYLE Sports Handicap Hurdle (Listed Race),183,Galway (IRE),08/01/2026 15:12:00,Hurdle,,Listed,,4yo+,None,2m6½f,22.5,4524,4950,Good To Yielding,Turf,7209399,Dani Donadoni right,86502,Paul Townend right,1475,W P Mullins right,6,,8,,11-0,176,7/2,4.5,128,,,Fell,0,0,0,00:05:19.3000000,319.3,9/1,10,26,21U-22,"€64,790",64790,128,147,129,365860,Mrs W K McCarthy,Order Of St George,IRE,Dani Salamanca,False,False,,66,,False,,IRE,Bumper and maiden hurdle winner looked set to score over 3m at Wexford before being run down by Kiltealy Park; similar effort in a Roscommon novice down to 2m since; needs more back in a handicap but considered.
925333,BOYLE Sports Handicap Hurdle (Listed Race),183,Galway (IRE),08/01/2026 15:12:00,Hurdle,,Listed,,4yo+,None,2m6½f,22.5,4524,4950,Good To Yielding,Turf,3499152,American Mike right,102354,Josh Williamson right,33553,Olly Murphy right,9,tp,1,,11-7,183,50/1,51,140,,,PulledUp,0,0,0,00:05:19.3000000,319.3,16/1,17,51,921-52,"€64,790",64790,140,143,86,301101,Bective Stud,Mahler,GB,American Jennie,False,False,,47,5,True,,IRE,"Formerly smart chaser when trained by Gordon Elliott, winning in Grade 2 company and placed in Grade 1 bumpers; not a bad hurdle run last time at Worcester but this is much more competitive."
925333,BOYLE Sports Handicap Hurdle (Listed Race),183,Galway (IRE),08/01/2026 15:12:00,Hurdle,,Listed,,4yo+,None,2m6½f,22.5,4524,4950,Good To Yielding,Turf,5889815,Ad Caelum right,88288,J J Slevin right,8256,John Patrick Ryan right,7,,18,,10-7,167,66/1,67,121,,,PulledUp,0,0,0,00:05:19.3000000,319.3,25/1,26,22,-76315,"€64,790",64790,121,145,117,46477,John Patrick Ryan,Cloudings,IRE,Ad Meliora,False,False,,29,,True,,IRE,"Won at Kilbeggan in June, his fifth hurdle win, but was beaten a long way there since so has to bounce back in a competitive race."
925333,BOYLE Sports Handicap Hurdle (Listed Race),183,Galway (IRE),08/01/2026 15:12:00,Hurdle,,Listed,,4yo+,None,2m6½f,22.5,4524,4950,Good To Yielding,Turf,7404516,Gin Tonic right,101851,Conor Stone-Walsh right,9647,Paul Nolan right,5,,15,,10-8,168,40/1,41,122,,,PulledUp,0,0,0,00:05:19.3000000,319.3,50/1,51,119,/12PP-,"€64,790",64790,122,142,94,362245,Browne & Coffey Families,No Risk At All,FR,Guadalcanal,False,False,,27,,False,,FR,"Promising sort last autumn, winning a maiden and second in a novice hurdle; however, he has to rebound in a major way from two pulled-up runs."
925585,Electric Galway Irish EBF Mares INH Flat Race,183,Galway (IRE),08/01/2026 15:52:00,Hurdle,,,,4yo+,None,2m1f,17,3418,3740,Good To Yielding,Turf,8844491,Sarahs Lawn right,83386,Mr D L Queally right,7988,Declan Queally right,4,t1,17,,11-8,184,6/1,7,,,,CompletedRace,1,0,0,00:03:55.5000000,235.5,8/1,9,,41-,"€10,013",10013,,,,274637,For The Love Of It Syndicate,Yeats,IRE,Sea The Six,True,False,,50,,True,,IRE,Off the mark at the second attempt in point-to-points at Lisronagh for Benny Walsh in April; has joined a shrewd yard that has already had a winner here this week and this daughter of Yeats needs checking in the market on Rules' debut; tongue tied.
925585,Electric Galway Irish EBF Mares INH Flat Race,183,Galway (IRE),08/01/2026 15:52:00,Hurdle,,,,4yo+,None,2m1f,17,3418,3740,Good To Yielding,Turf,9619032,Fleur Dino right,85115,Mr P W Mullins right,1475,W P Mullins right,4,,13,,11-8,184,3/1F,4,,,,CompletedRace,2,0.75,0.75,00:03:55.6666666,235.6666666,100/30,4.333333333333334,,,"€10,013",10013,,,,231720,Blue Blood Racing Club,Doctor Dino,FR,Fleur D'Ainay,False,False,,66,,False,,IRE,"One of two for top yard that has won five of last six renewals; Doctor Dino filly; half-sister to winners Fleur In The Park (smart bumper and 2m-2m4f hurdle/chase), Zurekin (useful 2m1f/2m2f hurdle), Hunting Brook (2m5f/3m hurdle) and Marie Philippe (bumper); dam useful 2m1f-2m5f chase winner; preferred by Patrick Mullins."
925585,Electric Galway Irish EBF Mares INH Flat Race,183,Galway (IRE),08/01/2026 15:52:00,Hurdle,,,,4yo+,None,2m1f,17,3418,3740,Good To Yielding,Turf,8844492,She Was The One right,98325,Mr H C Swan right,21879,Denis Gerard Hogan right,4,,18,,11-8,184,11/1,12,,,,CompletedRace,3,8,8.75,00:03:57.4444444,237.4444444,14/1,15,,52-,"€10,013",10013,,,,60779,Jrm Racing Syndicate,Vadamos,FR,Bollin Jasmine,False,False,,33,,True,,IRE,"Placed in one of two starts in point-to-points; bought for E25,000 after finishing second of four finishers at Oldcastle; percentage call is to watch on Rules' bow."
925585,Electric Galway Irish EBF Mares INH Flat Race,183,Galway (IRE),08/01/2026 15:52:00,Hurdle,,,,4yo+,None,2m1f,17,3418,3740,Good To Yielding,Turf,7648522,Tamara Jane right,96848,Mr Finian Maguire right,29785,Jonathan Fogarty right,6,,9,,11-11,187,4/1,5,,,,CompletedRace,4,0.5,9.25,00:03:57.5555555,237.5555555,9/1,10,77,U51-3,"€10,013",10013,,113,98,330258,Whose Round Is It Now Syndicate,Jet Away,GB,Bannow Rose,False,False,,,,True,2,IRE,Wide margin point-to-point winner on soft in April at Tullaherin; promising start under Rules when a 2.75l third of 14 at Wexford in May and the second from that race has won a bumper easily since; big player on that form.
925585,Electric Galway Irish EBF Mares INH Flat Race,183,Galway (IRE),08/01/2026 15:52:00,Hurdle,,,,4yo+,None,2m1f,17,3418,3740,Good To Yielding,Turf,8908777,Fortunate Miss right,99189,Mr J Dunne right,42718,Simon Cavanagh right,4,t1,14,,11-1,177,50/1,51,,,,CompletedRace,5,0.75,10,00:03:57.7222222,237.7222222,16/1,17,,4-U1,"€10,013",10013,,,,375597,Trust The Process Syndicate,Soldier Of Fortune,IRE,Cateline,True,False,,60,7,True,,IRE,"Off the mark at the third attempt in point-to-points at Loughrea in May; bought for E35,000 at Tattersalls later that month; probably best watched on Rules' debut; tongue tied."
925585,Electric Galway Irish EBF Mares INH Flat Race,183,Galway (IRE),08/01/2026 15:52:00,Hurdle,,,,4yo+,None,2m1f,17,3418,3740,Good To Yielding,Turf,7935090,Madame Du Berlais right,99137,Mr O McGill right,5716,Terence O'Brien right,6,,6,,11-6,182,10/1,11,,,,CompletedRace,6,4,14,00:03:58.6111111,238.6111111,8/1,9,26,2,"€10,013",10013,,106,42,358450,Gerard Buckley,Sir Percy,GB,Agathe Rosalie,False,False,,33,5,True,2,IRE,Belied odds of 66-1 to run a huge race on debut at Roscommon when she had a few of these behind; enters calculations now with improvement likely to be forthcoming.
925585,Electric Galway Irish EBF Mares INH Flat Race,183,Galway (IRE),08/01/2026 15:52:00,Hurdle,,,,4yo+,None,2m1f,17,3418,3740,Good To Yielding,Turf,9317915,Bluebell Breeze right,102798,Mr S Cotter right,43187,A D Leahy right,4,,12,,11-1,177,100/1,101,,,,CompletedRace,7,1.5,15.5,00:03:58.9444444,238.9444444,22/1,23,22,40,"€10,013",10013,,98,16,373287,Fineas Strimbu & Thomas P Meagher,Well Chosen,GB,Dilly Filly,False,False,,,7,True,,IRE,Okay effort when fourth at Tramore on debut; didn't build on that when tailed off at Cork latest; others preferred.
925585,Electric Galway Irish EBF Mares INH Flat Race,183,Galway (IRE),08/01/2026 15:52:00,Hurdle,,,,4yo+,None,2m1f,17,3418,3740,Good To Yielding,Turf,8153111,Bayswater Bloom right,97955,Miss T Quail right,28863,Miss Evanna McCutcheon right,5,t,3,,11-4,180,33/1,34,,,,CompletedRace,8,3.5,19,00:03:59.7222222,239.7222222,16/1,17,26,05-6,"€10,013",10013,,102,45,283504,Nicholas O'Neill,Rajj,IRE,Montbretia,False,False,,50,7,True,,IRE,Best effort yet when finishing ahead of Aodha's Arrow and Back In Favour at Roscommon on latest; should strip fitter for that run and holds an each way chance.
925585,Electric Galway Irish EBF Mares INH Flat Race,183,Galway (IRE),08/01/2026 15:52:00,Hurdle,,,,4yo+,None,2m1f,17,3418,3740,Good To Yielding,Turf,9619035,No Pass Port right,104569,Ms K M Ryan right,18845,John Joseph Hanlon right,4,,16,,11-1,177,66/1,67,,,,CompletedRace,9,7.5,26.5,00:04:01.3888888,241.3888888,18/1,19,,,"€10,013",10013,,,,324127,Ms Rachel O'Neill,Harzand,IRE,Legacy Gold,False,False,,35,7,False,,IRE,Harzand filly; half-sister to winners Phantom Gold (bumper/2m4f hurdle) and Parisian Fashion (2m4f hurdle); dam useful bumper and 2m/2m1f hurdle winner; makes some appeal on paper and worth checking in the market; tongue tied.
925585,Electric Galway Irish EBF Mares INH Flat Race,183,Galway (IRE),08/01/2026 15:52:00,Hurdle,,,,4yo+,None,2m1f,17,3418,3740,Good To Yielding,Turf,8812072,Shadonagh right,100378,Mr D McGill right,38077,Ciaran Murphy right,5,p1,8,,11-4,180,12/1,13,,,,CompletedRace,10,9.5,36,00:04:03.5000000,243.5,20/1,21,123,45-,"€10,013",10013,,106,66,89738,Sean Reilly,Poet's Word,IRE,Dawn Shadow,True,False,,67,7,True,,IRE,Modest enough efforts in bumpers at Leopardstown when beaten 16l into fourth and at Limerick when beaten 32l into fifth; new cheekpieces need to eke out more.
925585,Electric Galway Irish EBF Mares INH Flat Race,183,Galway (IRE),08/01/2026 15:52:00,Hurdle,,,,4yo+,None,2m1f,17,3418,3740,Good To Yielding,Turf,9295542,Withmylittleeye right,100230,Mr B T Stone right,36851,Patrick Magee right,6,t1,11,,11-4,180,33/1,34,,,,CompletedRace,11,2,38,00:04:03.9444444,243.9444444,12/1,13,65,3,"€10,013",10013,,99,,150832,Francis Daly,Soldier Of Fortune,IRE,Ice Pie,True,False,,31,7,True,,IRE,"Displayed potential on debut at Limerick (2m, soft) two months ago, outpaced but keeping on for a 9.75l third of 9; should come on for that and now sports a tongue tie; not discounted for place purposes."
925585,Electric Galway Irish EBF Mares INH Flat Race,183,Galway (IRE),08/01/2026 15:52:00,Hurdle,,,,4yo+,None,2m1f,17,3418,3740,Good To Yielding,Turf,9619038,Theboss'sdaughter right,98778,Mr L P Shanahan right,31715,Andrew McNamara right,4,,20,,11-1,177,125/1,126,,,,CompletedRace,12,6.5,44.5,00:04:05.3888888,245.3888888,28/1,29,,,"€10,013",10013,,,,325327,Dreams Of Glory Racing Syndicate,Old Persian,GB,Miami Nights,False,False,,50,7,False,,IRE,"Old Persian filly; half-sister to winners Miami Present (useful 2m-3m1f hurdle/chase) and Florida Calling (point); dam German 7f/7.5f winner, half-sister to 1m Listed Flat and useful 2m-2m2f hurdle/chase winner Moon Over Miami; market can guide on debut."
925585,Electric Galway Irish EBF Mares INH Flat Race,183,Galway (IRE),08/01/2026 15:52:00,Hurdle,,,,4yo+,None,2m1f,17,3418,3740,Good To Yielding,Turf,9217557,Gunner Girl right,80685,Mr Derek O'Connor right,37924,S G Carey right,4,h,15,,11-8,184,33/1,34,,,,CompletedRace,13,6,50.5,00:04:06.7222222,246.7222222,66/1,67,63,7,"€10,013",10013,,89,,372242,Ballycurrin Bloodstock Limited,Westerner,GB,Davinia's Tip,False,False,,100,,True,,IRE,25-1 and beaten 25l on debut at Tramore in May; others make more appeal.
925585,Electric Galway Irish EBF Mares INH Flat Race,183,Galway (IRE),08/01/2026 15:52:00,Hurdle,,,,4yo+,None,2m1f,17,3418,3740,Good To Yielding,Turf,9494773,Eleen Alana right,102619,Ms N M Bradley right,8096,Eoin Griffin right,5,,4,,11-4,180,66/1,67,,,,CompletedRace,14,56,106.5,00:04:19.1666666,259.1666666,10/1,11,16,3,"€10,013",10013,,95,52,374763,Mourneview Stables Syndicate,Gregorian,IRE,Dubai Pearl,False,False,,,7,False,,IRE,"40-1 but creditable effort on debut at Killarney last month, showing up well before fading in the final furlong into a 6.5l third of 15; likely to improve for that run and outside place claims."
925585,Electric Galway Irish EBF Mares INH Flat Race,183,Galway (IRE),08/01/2026 15:52:00,Hurdle,,,,4yo+,None,2m1f,17,3418,3740,Good To Yielding,Turf,9494777,Nancy Wheeler right,104315,Ms S North right,22421,S Curling right,5,,7,,11-4,180,500/1,501,,,,CompletedRace,15,3.5,110,00:04:19.9444444,259.9444444,150/1,151,9,00,"€10,013",10013,,65,15,331301,Mark Byrne,Getaway,GER,Jennifer Eccles,False,False,,29,7,False,,IRE,Heavy defeats at big odds in bumpers at Roscommon and Wexford; seems safe to rule out.
925585,Electric Galway Irish EBF Mares INH Flat Race,183,Galway (IRE),08/01/2026 15:52:00,Hurdle,,,,4yo+,None,2m1f,17,3418,3740,Good To Yielding,Turf,8949339,Whizz Bizz right,100736,Miss A L Fitzgibbon right,8910,C Byrnes right,5,,10,,11-4,180,8/1,9,,,,PulledUp,0,0,0,00:03:55.5000000,235.5,11/1,12,53,5-54,"€10,013",10013,,107,88,251273,Nelius O'Keeffe,Blue Bresil,FR,Spin The Wheel,False,False,,14,7,False,,IRE,Promise in all three starts; beaten similar distances when fifth on debut at Cork and again on second start at Wexford; didn't get a clear run when beaten 3.5l into fourth at Sligo on latest; can give another good account.
925585,Electric Galway Irish EBF Mares INH Flat Race,183,Galway (IRE),08/01/2026 15:52:00,Hurdle,,,,4yo+,None,2m1f,17,3418,3740,Good To Yielding,Turf,9014879,Techno Dj right,100118,Mr A P Ryan right,22959,Peter Fahey right,4,,19,,11-3,179,25/1,26,,,,PulledUp,0,0,0,00:03:55.5000000,235.5,20/1,21,,F-,"€10,013",10013,,,,375549,Going For The One Syndicate/Michael McEvoy/Jimmy Whittle,Getaway,GER,Kaldedj,False,False,,22,5,True,,IRE,Was bang there when falling at the last in sole point-to-point start at Lisronagh in April; bumper winners in pedigree and yard had a bumper winner at Ballinrobe last month; market can guide on Rules' debut.
925585,Electric Galway Irish EBF Mares INH Flat Race,183,Galway (IRE),08/01/2026 15:52:00,Hurdle,,,,4yo+,None,2m1f,17,3418,3740,Good To Yielding,Turf,9619033,Glens Sonata right,94891,Miss J Townend right,1475,W P Mullins right,5,,5,,11-11,187,4/1,5,,,,PulledUp,0,0,0,00:03:55.5000000,235.5,11/2,6.5,,,"€10,013",10013,,,,375742,Temple Bloodstock Glens Sonata Syndicate,Poet's Word,IRE,Glens Harmony,False,False,,66,,False,,IRE,"Poet's Word mare; dam bumper/2m hurdle winner, sister to smart bumper and 2m2f-2m6f hurdle winner Glens Melody, closely related to useful 2m-3m hurdle winner Lean Araig, out of 2m Flat, bumper and useful 2m-2m4f hurdle/chase winner; lots of appeal on paper and top yard has won five of last six renewals."
925586,Whiriskey Refrigeration Irish EBF Maiden,183,Galway (IRE),08/01/2026 16:27:00,Other,,,,2yo,None,1m½f,8.5,1709,1870,Yielding,Turf,9326715,Victory Speech right,76602,Wayne Lordan right,7978,A P O'Brien right,2,,3,1,9-7,151,11/10F,2.1,,,,CompletedRace,1,0,0,00:01:49.5900000,109.59,10/11,1.9090909090909092,14,2,"€12,958",12958,,84,42,143821,Mrs John Magnier & Michael Tabor & Derrick Smith,Wootton Bassett,GB,Words,False,False,,52,,False,,IRE,Brother to 6f Group 2 2yo winner Beautify; was the stable second-string on debut when runner-up in what is traditionally a strong Curragh maiden; that was 7f but looked as if he would stay this trip; looks the one to beat on that run.
925586,Whiriskey Refrigeration Irish EBF Maiden,183,Galway (IRE),08/01/2026 16:27:00,Other,,,,2yo,None,1m½f,8.5,1709,1870,Yielding,Turf,9472129,Zarak Pasha right,99171,J M Sheridan right,32145,Joseph Patrick O'Brien right,2,,4,4,9-7,151,6/4,2.5,,,,CompletedRace,2,0.75,0.75,00:01:49.7775000,109.7775,15/8,2.875,19,4,"€12,958",12958,,86,24,206920,Simon Munir & Isaac Souede,Zarak,FR,Ray Of Sunshine,False,False,,66,,True,,IRE,"A 75,000gns breeze-up purchase in April and from a middle-distance family; recovered from a slow start to run well on debut at Killarney over this trip; can be more competitive with that experience behind him."
925586,Whiriskey Refrigeration Irish EBF Maiden,183,Galway (IRE),08/01/2026 16:27:00,Other,,,,2yo,None,1m½f,8.5,1709,1870,Yielding,Turf,9472124,Thomas Chippendale right,100369,Jack Cleary right,7978,A P O'Brien right,2,,2,2,9-2,146,5/1,6,,,,CompletedRace,3,4,4.75,00:01:50.7775000,110.7775,5/1,6,,,"€12,958",12958,,,,318234,"Brant,Magnier,Tabor,Smith,Westerberg",Camelot,GB,Trustworthy,False,False,,52,5,False,,IRE,"First foal; dam twice-raced half-sister to winners Alluringly (9.4f Listed) and Toogood Tobetrue (useful 6f 2yo), from the family of Derby winners and oustanding sires Galileo and Sea The Stars; E300,000 yearling is the stable second-string on debut but is still respected."
925586,Whiriskey Refrigeration Irish EBF Maiden,183,Galway (IRE),08/01/2026 16:27:00,Other,,,,2yo,None,1m½f,8.5,1709,1870,Yielding,Turf,9619039,Roy Bean right,100877,Adam Caffrey right,4446,Noel Meade right,2,,1,3,9-7,151,12/1,13,,,,CompletedRace,4,2.5,7.25,00:01:51.4025000,111.4025,18/1,19,,,"€12,958",12958,,,,193830,Donnchadh Doyle,Naval Crown,GB,Zamira,False,False,,53,,False,,IRE,"Fifth foal; half-brother to winners Pinot Gris (10.3f/1m5f Flat, RPR 87; useful 2m-2m3f hurdle/chase) and Postdamerstrasse (Italian 7.5f); dam 1m4f/12.5f winner (85); E18,000 foal made E40,000 as a yearling; by a promising first-crop sire and related to winners so could run respectably."
925587,Bathshack Maiden,183,Galway (IRE),08/01/2026 17:00:00,Other,,,,3yo+,None,1m½f,8.5,1709,1870,Yielding,Turf,7856885,Rest Your Mind right,81425,W J Lee right,41410,Gerard Edmund O'Leary right,4,,4,8,9-10,154,15/2,8.5,,,,CompletedRace,1,0,0,00:01:46.8800000,106.88,22/1,23,278,506-,"€10,013",10013,,68,25,182295,Mrs Claire Gleeson,Wootton Bassett,GB,Hikari,False,False,,,,True,1,IRE,Glimmers of ability in three runs last season for John Kiely; caught the eye of the stewards when a never nearer sixth on final start for that stable here over 7f in October (heavy); worth a market check on first run for new yard.
925587,Bathshack Maiden,183,Galway (IRE),08/01/2026 17:00:00,Other,,,,3yo+,None,1m½f,8.5,1709,1870,Yielding,Turf,9286481,Royal Bones right,86349,Shane Foley right,1285,Mrs John Harrington right,3,,9,14,9-8,152,7/4F,2.75,,,,CompletedRace,2,0.5,0.5,00:01:47.0050000,107.005,4/1,5,70,6,"€10,013",10013,,73,61,159428,Newtown Anner Stud Farm Ltd,Lope De Vega,IRE,Lady Bones,False,False,,46,,True,,IRE,"Betrayed inexperience when a 3.25l sixth of 15 in a Curragh maiden on debut in May (1m2f, good); should improve plenty for that run and the choice of Foley but whether this drop back in trip will suit is debateable and drawn wide."
925587,Bathshack Maiden,183,Galway (IRE),08/01/2026 17:00:00,Other,,,,3yo+,None,1m½f,8.5,1709,1870,Yielding,Turf,8494439,Suir Monad right,97030,Andrew Slattery right,10588,Andrew Slattery right,3,,12,1,9-8,152,3/1,4,,,,CompletedRace,3,3.25,3.75,00:01:47.8175000,107.8175,10/1,11,114,4-4,"€10,013",10013,,75,42,365356,Ms M Flanagan,Dark Angel,IRE,Zucchini Flower,False,False,,45,,False,,IRE,"Has displayed winning potential when fourth in maidens at Dundalk in December (7f) and at Gowran (1m, soft) in April; off 114 days but clearly has ability, is well drawn and market can guide."
925587,Bathshack Maiden,183,Galway (IRE),08/01/2026 17:00:00,Other,,,,3yo+,None,1m½f,8.5,1709,1870,Yielding,Turf,7834650,Bang Bang right,100877,Adam Caffrey right,4446,Noel Meade right,3,b1,13,9,9-3,147,9/2,5.5,74,,,CompletedRace,4,0.3,4,00:01:47.8800000,107.88,8/1,9,36,55-229,"€10,013",10013,74,80,56,323750,Noel Meade Racing Ltd,Sands Of Mali,FR,Queen Jock,True,False,,53,,True,,IRE,Rated 74; promise in maidens last year (including here over 7f on soft) and in first two runs this term at Leopardstown; no impact behind Gliondar in 1m Curragh maiden on good latest; could do better back on softer ground in first-time blinkers.
925587,Bathshack Maiden,183,Galway (IRE),08/01/2026 17:00:00,Other,,,,3yo+,None,1m½f,8.5,1709,1870,Yielding,Turf,9194426,Saliba right,96054,Scott McCullagh right,1285,Mrs John Harrington right,3,,10,15,9-8,152,13/2,7.5,,,,CompletedRace,5,1,5,00:01:48.1300000,108.13,13/2,7.5,38,36,"€10,013",10013,,82,61,371972,Raymond Jennings,Ten Sovereigns,IRE,Elite Craft,False,False,,46,,True,,IRE,Caught the eye when a 6.25l third of 16 on debut at Gowran; had excuses when sixth on latest at Naas (scoped dirty); tricky draw here and Foley prefers Royal Bones.
925587,Bathshack Maiden,183,Galway (IRE),08/01/2026 17:00:00,Other,,,,3yo+,None,1m½f,8.5,1709,1870,Yielding,Turf,9184975,Lamar Valley right,89571,Leigh Roche right,34668,Kevin Thomas Coleman right,3,,14,3,9-3,147,66/1,67,,,,CompletedRace,6,1.5,6.5,00:01:48.5050000,108.505,28/1,29,50,0,"€10,013",10013,,45,24,317706,Atomic Racing,Mohaather,GB,Pamushana,False,False,,20,,True,,GB,33-1 and beaten 20l on debut in fillies' maiden at Gowran; may need more time.
925587,Bathshack Maiden,183,Galway (IRE),08/01/2026 17:00:00,Other,,,,3yo+,None,1m½f,8.5,1709,1870,Yielding,Turf,9499175,Storzando right,100805,Wesley Joyce right,17940,Michael Mulvany right,3,,11,11,9-5,149,9/1,10,,,,CompletedRace,7,1.5,8,00:01:48.8800000,108.88,12/1,13,15,63,"€10,013",10013,,80,40,144359,Derek Iceton,River Boyne,IRE,Cloche,False,False,,59,3,False,,IRE,Minor promise over 7f at Fairyhouse on debut and built on that when a 1l third of 7 upped to 10.5f (good) at Down Royal at 80-1; place claims dropped back in trip.
925587,Bathshack Maiden,183,Galway (IRE),08/01/2026 17:00:00,Other,,,,3yo+,None,1m½f,8.5,1709,1870,Yielding,Turf,8335370,Kingcharles right,82458,Rory Cleary right,34668,Kevin Thomas Coleman right,3,,8,5,9-8,152,66/1,67,,,,CompletedRace,8,0.75,8.75,00:01:49.0675000,109.0675,66/1,67,73,08,"€10,013",10013,,51,43,317706,Atomic Racing,Golden Horde,IRE,Kayl,False,False,,20,,False,,FR,Well beaten in barrier trial; modest efforts in maidens at Navan and Gowran; will get a handicap mark after this.
925587,Bathshack Maiden,183,Galway (IRE),08/01/2026 17:00:00,Other,,,,3yo+,None,1m½f,8.5,1709,1870,Yielding,Turf,9531402,Desert Swing right,75609,Robbie Colgan right,37654,Andrew Kinirons right,4,,1,10,10-1,161,16/1,17,,,,CompletedRace,9,0.1,9,00:01:49.1300000,109.13,33/1,34,,,"€10,013",10013,,,,305944,Sheikh Khalid Bin Ali Al Khalifa,Make Believe,GB,Neigh Lass,False,False,,,,True,,IRE,"Make Believe gelding; brother to 1m AW winner Suspicion (RPR 85); dam unraced half-sister to winners Ninjago (6f Listed) and Florestans Match (6f), out of French 7.5f Listed winner; likely best watched on debut."
925587,Bathshack Maiden,183,Galway (IRE),08/01/2026 17:00:00,Other,,,,3yo+,None,1m½f,8.5,1709,1870,Yielding,Turf,9424917,Chloe's Boy right,98517,Siobhan Rutledge right,13130,H Rogers right,3,,6,6,9-8,152,150/1,151,,,,CompletedRace,10,0.3,9.25,00:01:49.1925000,109.1925,100/1,101,15,006,"€10,013",10013,,59,21,374813,"Flanagan, D Dardis, D Tighe",Sottsass,FR,Flying Fairies,False,False,,50,,False,,IRE,Huge odds for all three starts and slowly away in two of them; hard to make a case for on form.
925587,Bathshack Maiden,183,Galway (IRE),08/01/2026 17:00:00,Other,,,,3yo+,None,1m½f,8.5,1709,1870,Yielding,Turf,9263920,Quinchy Lady right,101012,James Ryan right,14751,John C McConnell right,3,,15,13,9-3,147,400/1,401,,,,CompletedRace,11,7.5,16.75,00:01:51.0675000,111.0675,125/1,126,61,0,"€10,013",10013,,9,,372810,Quiet Lads Syndicate,Alkumait,GB,Xinji,False,False,,44,,True,,IRE,80-1 and failed to beat a rival on debut at Gowran; hard to fancy
925587,Bathshack Maiden,183,Galway (IRE),08/01/2026 17:00:00,Other,,,,3yo+,None,1m½f,8.5,1709,1870,Yielding,Turf,6202566,Romantic War right,101884,Robyn Donaghue-Leahy right,38647,J G Murray right,4,p,2,7,9-8,152,400/1,401,30,,,CompletedRace,12,0.3,17,00:01:51.1300000,111.13,150/1,151,7,-09090,"€10,013",10013,30,47,12,296061,Lios Dearg Partnership,Acclamation,GB,Ilulisset,False,False,,,7,False,,IRE,Modest maiden rated just 30; impossible to fancy in a race of this nature.
925588,Ardilaun Hotel Handicap,183,Galway (IRE),08/01/2026 17:35:00,Other,,,,3yo+,None,7f,7,1407,1540,Yielding,Turf,5951619,Faoladh right,104059,Adam Browne-Souza right,10588,Andrew Slattery right,4,,8,1,9-5,149,22/1,23,68,,,CompletedRace,1,0,0,00:01:27.9700000,87.97,20/1,21,4,316900,"€10,013",10013,68,73,71,150705,Men Of Forty Eight Syndicate,Kodi Bear,IRE,Lumiere Astrale,False,False,,45,7,False,,IRE,"Gained second career win off just 1lb higher at Down Royal in May (7f, good); lost form since and was soundly beaten behind a couple of these rivals over 8.5f here on Tuesday; would prefer a sounder surface."
925588,Ardilaun Hotel Handicap,183,Galway (IRE),08/01/2026 17:35:00,Other,,,,3yo+,None,7f,7,1407,1540,Yielding,Turf,7267878,The Sweet Escape right,13203,Declan McDonogh right,31698,David Loughnane right,4,t,7,2,9-13,157,13/2,7.5,69,,,CompletedRace,2,0.1,0.1,00:01:27.9950000,87.995,3/1,4,18,244611,"€10,013",10013,69,74,67,224994,David Lowe,Zoustar,AUS,Stepping Out,False,False,,35,,True,,GB,British raider seeking a hat-trick after back to back fast ground wins over 7.5f at Beverley; has gone up 8lb for those two victories; clearly in fine fettle and nicely drawn but may need quicker ground.
925588,Ardilaun Hotel Handicap,183,Galway (IRE),08/01/2026 17:35:00,Other,,,,3yo+,None,7f,7,1407,1540,Yielding,Turf,4303386,Apache Outlaw right,100877,Adam Caffrey right,14088,Adrian McGuinness right,6,p,1,12,10-0,160,4/1,5,70,,,CompletedRace,3,0.1,0.2,00:01:28.0200000,88.02,15/2,8.5,14,064350,"€10,013",10013,70,72,59,357517,Dooley Thoroughbreds & J Fairhurst,Churchill,IRE,Focus Of Attention,False,False,,39,,False,,IRE,Had been running well before a below par effort at the Curragh last time over an inadequate 5f; runner up over C&D last year off 8lb higher; could bounce back.
925588,Ardilaun Hotel Handicap,183,Galway (IRE),08/01/2026 17:35:00,Other,,,,3yo+,None,7f,7,1407,1540,Yielding,Turf,5325047,La La Lucrative right,75609,Robbie Colgan right,27395,Matthew J Smith right,5,,18,15,9-9,153,22/1,23,65,,,CompletedRace,4,0.5,0.75,00:01:28.1575000,88.1575,,,,,,,,,,,,,,,,,,,,,,,
925588,Ardilaun Hotel Handicap,183,Galway (IRE),08/01/2026 17:35:00,Other,,,,3yo+,None,7f,7,1407,1540,Yielding,Turf,3273552,San Aer right,81425,W J Lee right,25225,Ross O'Sullivan right,8,t,3,6,10-0,160,5/4F,2.25,70,,,CompletedRace,5,0.5,1.25,00:01:28.2825000,88.2825,100/30,4.333333333333334,4,900052,"€10,013",10013,70,77,59,22197,Rory F Larkin,Vocalised,USA,Teacht An Earraig,False,False,,37,,False,,IRE,Goes well at this venue and was only reeled in close to home over 8.5f here on Tuesday; runs off the same mark now and nicely drawn so can't discount dropped back in trip; obvious chance.
925588,Ardilaun Hotel Handicap,183,Galway (IRE),08/01/2026 17:35:00,Other,,,,3yo+,None,7f,7,1407,1540,Yielding,Turf,3233474,Mickey The Steel right,99788,Jamie Powell right,30486,Joseph Anthony Murray right,8,tp,17,4,9-9,153,10/1,11,65,,,CompletedRace,6,5.5,6.75,00:01:29.6575000,89.6575,,,,,,,,,,,,,,,,,,,,,,,
925588,Ardilaun Hotel Handicap,183,Galway (IRE),08/01/2026 17:35:00,Other,,,,3yo+,None,7f,7,1407,1540,Yielding,Turf,6528841,Minaun View right,103866,Patrick McGettigan right,14088,Adrian McGuinness right,4,tp,16,16,9-4,148,10/1,11,65,,,CompletedRace,7,3,9.75,00:01:30.4075000,90.4075,,,,,,,,,,,,,,,,,,,,,,,
925588,Ardilaun Hotel Handicap,183,Galway (IRE),08/01/2026 17:35:00,Other,,,,3yo+,None,7f,7,1407,1540,Yielding,Turf,7588008,Marta's Prince right,101012,James Ryan right,15297,R P Burns right,4,,2,17,10-0,160,80/1,81,70,,,CompletedRace,8,1.75,11.5,00:01:30.8450000,90.845,28/1,29,19,147-05,"€10,013",10013,70,73,13,374492,Marta's Prince Partnership,River Boyne,IRE,Tsaritsa,False,False,,33,,False,,IRE,Two wins when trained in France over 6f and 1m1f; no impact in first two runs for this stable; mark sliding but drawn wide and others make more appeal.
925588,Ardilaun Hotel Handicap,183,Galway (IRE),08/01/2026 17:35:00,Other,,,,3yo+,None,7f,7,1407,1540,Yielding,Turf,3793523,Navagio right,103881,Sam Coen right,38077,Ciaran Murphy right,7,t,10,9,9-7,151,22/1,23,68,,,CompletedRace,9,1.25,12.75,00:01:31.1575000,91.1575,25/1,26,69,35-060,"€10,013",10013,68,74,44,367318,Mill Stream Racing Syndicate,Footstepsinthesand,GB,Souzie,False,False,,67,5,True,,IRE,Three-time winner but no joy since July 2023; mark sliding but hasn't looked like taking advantage in recent starts; beaten 10.5l when down the field at the Curragh on latest.
925588,Ardilaun Hotel Handicap,183,Galway (IRE),08/01/2026 17:35:00,Other,,,,3yo+,None,7f,7,1407,1540,Yielding,Turf,5147983,Buttermere Ridge right,96054,Scott McCullagh right,12846,Oliver McKiernan right,5,tb1,15,3,9-9,153,33/1,34,65,,,CompletedRace,10,1,13.75,00:01:31.4075000,91.4075,25/1,26,29,600-74,"€10,013",10013,65,70,50,322114,Keep The Faith Bloodstock Limited,Profitable,IRE,Buttermere,True,False,,33,,False,,IRE,"Has failed to add to his Gowran maiden win in April 2024 (7f, good); not a bad effort when a close fourth behind Minaun View in a Bellewstown claimer latest (Gloriously Glam second); handicap form unconvincing; new headgear combination tried."
925588,Ardilaun Hotel Handicap,183,Galway (IRE),08/01/2026 17:35:00,Other,,,,3yo+,None,7f,7,1407,1540,Yielding,Turf,7329764,Spent All Me Money right,100805,Wesley Joyce right,17956,Adrian Sexton right,4,b,4,13,9-11,155,50/1,51,70,,,CompletedRace,11,4.5,18.25,00:01:32.5325000,92.5325,33/1,34,18,310-00,"€10,013",10013,70,76,21,118327,Vincent Kelly,No Nay Never,USA,Creative Director,False,False,,,3,False,,IRE,Won twice last year and is now 2lb below his last success but heavy defeats both starts this term; blinkers go back on but they didn't do much for him when he wore them before.
925588,Ardilaun Hotel Handicap,183,Galway (IRE),08/01/2026 17:35:00,Other,,,,3yo+,None,7f,7,1407,1540,Yielding,Turf,5884456,Gloriously Glam right,86349,Shane Foley right,21346,Ms Claire O'Connell right,4,p,13,18,9-11,155,25/1,26,67,,,CompletedRace,12,3.75,22,00:01:33.4700000,93.47,14/1,15,29,813852,"€10,013",10013,67,76,52,117916,Lucky Fifteen Syndicate,Profitable,IRE,Abstain,False,False,,,,False,1,IRE,"Four-time winner claimed out of Ado McGuinness' yard for E10,000 after finishing a 0.5l second behind in form Minaun View in Bellewstown claimer; 8lb below last handicap win but difficult draw on first start for new stable."
925588,Ardilaun Hotel Handicap,183,Galway (IRE),08/01/2026 17:35:00,Other,,,,3yo+,None,7f,7,1407,1540,Yielding,Turf,5973522,Storm Averted right,89571,Leigh Roche right,42339,Maurice Andrew Ahern right,5,tv1,5,10,10-0,160,9/1,10,70,,,CompletedRace,13,14,36,00:01:36.9700000,96.97,17/2,9.5,40,1874-9,"€10,013",10013,70,75,69,328675,No Chance Syndicate,Inns Of Court,IRE,Stormy Clouds,True,False,,100,,True,2,IRE,Won this race last year off 4lb lower for Mick Mulvany; has run well on all three previous visits to this venue and should be sharper for her seasonal reappearance and stable debut at Ballinrobe 40 days ago; visor added to tongue tie; could go well.
925589,McDonogh Capital Investments Handicap,183,Galway (IRE),08/01/2026 18:05:00,Other,,,,4yo+,None,1m4f,12,2412,2640,Yielding,Turf,6256646,Sir Jeremy right,98736,Paddy Harnett right,4446,Noel Meade right,4,b1,16,12,9-1,145,11/1,12,72,,,CompletedRace,1,0,0,00:02:35.8500000,155.85,12/1,13,32,0-7195,"€10,602",10602,72,84,50,320617,Ciara & Clodagh Morris,Decorated Knight,GB,Jeremy's Girl,True,False,,53,5,True,,IRE,"Gained second turf win at Roscommon in May (10.5f, yielding) off 4lb lower; has come up short twice since off revised mark but ran well off 1lb higher at this meeting last year over 8.5f so not dismissed stepped up in trip in first-time blinkers."
925589,McDonogh Capital Investments Handicap,183,Galway (IRE),08/01/2026 18:05:00,Other,,,,4yo+,None,1m4f,12,2412,2640,Yielding,Turf,5864835,Thatwilldoso right,82458,Rory Cleary right,34668,Kevin Thomas Coleman right,5,,8,1,9-12,156,13/2,7.5,78,,,CompletedRace,2,0.3,0.3,00:02:35.9250000,155.925,9/2,5.5,32,2-9051,"€10,602",10602,78,84,48,343820,ThatWillDoSo Syndicate,Berkshire,IRE,Laguna Sunrise,False,False,,20,,False,,IRE,"Four-time winner landed this race last season off 72; was running off that mark when winning at Roscommon on latest (10.5f, good); 6lb rise makes things tougher but she's got a nice low draw, ground is fine and should be in the mix again."
925589,McDonogh Capital Investments Handicap,183,Galway (IRE),08/01/2026 18:05:00,Other,,,,4yo+,None,1m4f,12,2412,2640,Yielding,Turf,5162466,Thyer right,89571,Leigh Roche right,42339,Maurice Andrew Ahern right,5,v1,12,21,9-8,152,14/1,15,74,,,CompletedRace,3,1,1.25,00:02:36.1625000,156.1625,18/1,19,27,000-65,"€10,602",10602,74,84,80,357907,Maurice Andrew Ahern,Gleneagles,IRE,Magical Rhythms,True,False,,100,,False,,GB,"Dual 1m winner in Britain, both on good ground; no show last year for this stable but both runs this year encouraging, only beaten 2.25l when fifth at Ayr latest (1m2f, good); not well drawn here, however, and may need quicker ground; visored."
925589,McDonogh Capital Investments Handicap,183,Galway (IRE),08/01/2026 18:05:00,Other,,,,4yo+,None,1m4f,12,2412,2640,Yielding,Turf,3152124,Pillar Of Hope right,103866,Patrick McGettigan right,41898,P Sweeney right,8,,15,14,9-1,145,12/1,13,72,,,CompletedRace,4,1.75,3,00:02:36.6000000,156.6,16/1,17,12,-88046,"€10,602",10602,72,82,74,205986,P Sweeney,Awtaad,IRE,Great Hope,False,False,,,5,False,,GB,"5-26 on turf; just 2lb higher than when winning at Leopardstown in October (1m2f, heavy); beaten 3.75l into fifth in this race last season off this mark but hard to fancy on this season's efforts and others look better treated."
925589,McDonogh Capital Investments Handicap,183,Galway (IRE),08/01/2026 18:05:00,Other,,,,4yo+,None,1m4f,12,2412,2640,Yielding,Turf,3586957,Arch Enemy right,103558,Terry Casey right,36851,Patrick Magee right,7,,18,6,8-11,139,12/1,13,70,,,CompletedRace,5,0.75,3.75,00:02:36.7875000,156.7875,5/1,6,2,-66110,"€10,602",10602,70,81,76,149108,Black Steel Square Syndicate,Alhebayeb,IRE,Pointed Arch,False,False,,31,7,True,,IRE,"Seven-time turf winner on a hat-trick after back to back wins at Navan (1m2f, good) and Killarney (11.5f, good); has gone up 11lb for those wins but she has won off higher marks in the past; however, was unplaced in the 5.40 here on Thursday."
925589,McDonogh Capital Investments Handicap,183,Galway (IRE),08/01/2026 18:05:00,Other,,,,4yo+,None,1m4f,12,2412,2640,Yielding,Turf,6613676,Ivatt right,83482,Chris Hayes right,18145,Gordon Elliott right,4,,1,4,10-1,161,18/1,19,81,,,CompletedRace,6,0.5,4.25,00:02:36.9125000,156.9125,14/1,15,295,52648-,"€10,602",10602,81,85,62,112240,Mrs Fitri Hay,Ghaiyyath,IRE,Lady Bergamot,False,False,,40,,True,1,GB,Maiden showed more than enough for Charlie Fellowes last season to suggest he could win races; below best when last seen at Newmarket in October; worth a market check on debut for Gordon Elliott.
925589,McDonogh Capital Investments Handicap,183,Galway (IRE),08/01/2026 18:05:00,Other,,,,4yo+,None,1m4f,12,2412,2640,Yielding,Turf,4908752,Royal Saxo right,75609,Robbie Colgan right,7293,A J Martin right,6,,6,10,9-13,157,14/1,15,79,,,CompletedRace,7,0.1,4.5,00:02:36.9750000,156.975,16/1,17,12,12-995,"€10,602",10602,79,82,18,369915,Youeseh Partnership,Pedro The Great,USA,Melija,False,False,,33,,False,,FR,Ex-French performer 4-12 on the AW but just 1-11 on turf for former yard; yet to show much since joining this stable but drops in grade and shrewd yard won nice pot here earlier this week; check the market.
925589,McDonogh Capital Investments Handicap,183,Galway (IRE),08/01/2026 18:05:00,Other,,,,4yo+,None,1m4f,12,2412,2640,Yielding,Turf,5826609,Ephesus right,105063,Jared Huggan right,21879,Denis Gerard Hogan right,5,tp,5,9,9-3,147,40/1,41,79,,,CompletedRace,8,1.25,5.75,00:02:37.2875000,157.2875,25/1,26,3,5100-9,"€10,602",10602,79,83,57,88796,T & M Partnership,Galileo,IRE,Muwakaba,False,False,,33,10,True,,IRE,"Both Flat wins at this trip, a Curragh maiden on good in July 2024 and a Roscommon handicap (soft) off 6lb lower last October; has failed to fire on previous runs at this venue, including when beaten 19l over 16.5f here on Wednesday."
925589,McDonogh Capital Investments Handicap,183,Galway (IRE),08/01/2026 18:05:00,Other,,,,4yo+,None,1m4f,12,2412,2640,Yielding,Turf,4891158,Daonethatgotaway right,104676,Reese Holohan right,28193,Mark Fahey right,6,tp,10,18,9-1,145,50/1,51,74,,,CompletedRace,9,2.75,8.5,00:02:37.9750000,157.975,16/1,17,21,214207,"€10,602",10602,74,81,51,350351,Up The Blues Syndicate,Tamayuz,GB,Dheyaa,False,False,,27,7,False,,GB,Both turf wins came over 1m but proved stamina for 1m4f when scoring at Dundalk in February; nice prep run for this at Navan over 1m2f and the step back up to this trip is a plus but he's got a tricky draw to overcome.
925589,McDonogh Capital Investments Handicap,183,Galway (IRE),08/01/2026 18:05:00,Other,,,,4yo+,None,1m4f,12,2412,2640,Yielding,Turf,4682854,Fratas right,99171,J M Sheridan right,32145,Joseph Patrick O'Brien right,6,,7,11,9-12,156,6/5F,2.2,78,,,CompletedRace,10,0.1,8.5,00:02:37.9750000,157.975,11/2,6.5,,0244-6,"€10,602",10602,78,85,58,374211,Thoroughbred Racing Syndicate/Kieran Leavy,Fracas,IRE,Deontas,False,False,,66,,False,,IRE,"Enjoyed a purple patch in 2023, winning five times on the Flat (and once over hurdles) for Mick Mulvany; solid run over hurdles here on Wednesday; won over 8.5f at this meeting in 2023, this trip is within her range and she's 4lb below her last success; player."
925589,McDonogh Capital Investments Handicap,183,Galway (IRE),08/01/2026 18:05:00,Other,,,,4yo+,None,1m4f,12,2412,2640,Yielding,Turf,5301550,Brosna Town right,13203,Declan McDonogh right,34491,Jessica Bedi right,5,tp,2,16,10-0,160,40/1,41,80,,,CompletedRace,11,0.2,8.75,00:02:38.0375000,158.0375,22/1,23,,4036-0,"€10,602",10602,80,82,72,360463,NoHopersJokers & Rogues,Awtaad,IRE,Jamm,False,False,,33,,True,,IRE,British raider; won twice on the Flat when trained by Dermot Weld (1-9 on turf); ran well in a Market Rasen maiden hurdle on penultimate; out of depth in Listed hurdle here earlier this week; this more realistic but difficult draw.
925589,McDonogh Capital Investments Handicap,183,Galway (IRE),08/01/2026 18:05:00,Other,,,,4yo+,None,1m4f,12,2412,2640,Yielding,Turf,6555357,Superficial right,81425,W J Lee right,31715,Andrew McNamara right,4,,3,3,10-0,160,6/1,7,80,,,CompletedRace,12,1.25,10,00:02:38.3500000,158.35,7/1,8,,53-261,"€10,602",10602,80,83,60,331785,Rathconrath Racing Club,Galileo Chrome,IRE,Love On My Mind,False,False,,50,,True,,FR,"Up 6lb for breakthrough Flat win at Roscommon in May (1m4f, yielding), beating subsequent winner Obscenity by 2.75l; soundly beaten in Punchestown maiden hurdle latest but has to be considered back on the level from low draw."
925589,McDonogh Capital Investments Handicap,183,Galway (IRE),08/01/2026 18:05:00,Other,,,,4yo+,None,1m4f,12,2412,2640,Yielding,Turf,3986090,Granville Street right,101185,Jack Kearney right,38077,Ciaran Murphy right,8,p,14,15,9-3,147,17/2,9.5,72,,,CompletedRace,13,4.5,14.5,00:02:39.4750000,159.475,10/1,11,,6-2548,"€10,602",10602,72,82,77,316436,Street Wise Syndicate,Raven's Pass,USA,Luanas Pearl,False,False,,67,3,True,,IRE,"Hasn't won on the Flat since scoring over C&D at this meeting in 2023; went close at Navan in April (1m5f, gd-yld) off 2lb lower; hasn't backed that up since but did run a nice race over hurdles here on Wednesday."
925589,McDonogh Capital Investments Handicap,183,Galway (IRE),08/01/2026 18:05:00,Other,,,,4yo+,None,1m4f,12,2412,2640,Yielding,Turf,4328572,Unterberg right,102050,Rory Mulligan right,38915,Laura Hourigan right,7,,9,19,9-4,148,50/1,51,75,,,CompletedRace,14,0.3,14.75,00:02:39.5375000,159.5375,25/1,26,16,111088,"€10,602",10602,75,82,63,331582,Novum Racing Club,New Bay,GB,Berg Bahn,False,False,,,5,False,,IRE,Best on AW (6-12) but just 1-20 on turf; scored at Dundalk in March but soundly beaten back on turf the last twice (7l behind Thatwilldoso on penultimate); drawn wide; others more convincing.
925589,McDonogh Capital Investments Handicap,183,Galway (IRE),08/01/2026 18:05:00,Other,,,,4yo+,None,1m4f,12,2412,2640,Yielding,Turf,5237876,Tribal Moon right,104417,Erin Dunseath right,17764,Noel C Kelly right,5,tp,13,8,8-13,141,66/1,67,75,,,CompletedRace,15,13,27.75,00:02:42.7875000,162.7875,20/1,21,,40332-,"€10,602",10602,73,84,57,337346,All Play & No Work Syndicate,Teofilo,IRE,Lunar Maria,False,False,,29,10,True,,IRE,Two-time 1m AW winner for former yard; went close on debut for this stable on last Flat start at Dundalk (10.5f); no impact over hurdles last thrice and 0-7 record on turf on the Flat doesn't inspire confidence; drawn wide.
925589,McDonogh Capital Investments Handicap,183,Galway (IRE),08/01/2026 18:05:00,Other,,,,4yo+,None,1m4f,12,2412,2640,Yielding,Turf,7312313,Deralo Ir right,3572,N G McCullagh right,7293,A J Martin right,4,,11,20,9-8,152,66/1,67,74,,,CompletedRace,16,15,42.75,00:02:46.5375000,166.5375,20/1,21,12,2527-7,"€10,602",10602,74,82,,375226,C J Murtagh & Fearghal Eastwood,Persian King,IRE,Alamarie,False,False,,33,,True,2,FR,French recruit; placed twice for former yard in 2025; 50-1 and never figured on return from 407 days off on stable debut at Ballinrobe 12 days ago; drawn wide and probably best watched for now.
923951,Highclere Castle Gin Summer Handicap (GBBPlus Race),21,Goodwood,08/01/2026 13:50:00,Other,Class 2,,,3yo+,None,1m6f,14,2815,3080,Good To Firm,Turf,5842863,Hopewell Rock right,79202,Ryan Moore right,36211,George Boughey right,4,,4,9,9-8,152,5/1,6,101,,,CompletedRace,1,0,0,00:02:58.0600000,178.06,7/1,8,43,229-36,"£61,848",61848,101,115,97,325088,Wathnan Racing,New Bay,GB,Tidewalker,False,False,,54,,True,,IRE,"0-6 in handicaps, with regular progress/promise but not when favourite last time at Royal Ascot where he raced freely early on and ran out of steam after challenging over 2f out (finished 8l sixth of 17); it's much too early to forget his reappearance promise (also 1m4f on good to firm) but that latest run also casts some doubt on the suitability of this new trip."
923951,Highclere Castle Gin Summer Handicap (GBBPlus Race),21,Goodwood,08/01/2026 13:50:00,Other,Class 2,,,3yo+,None,1m6f,14,2815,3080,Good To Firm,Turf,5248367,Small Fry right,92728,Oisin Murphy right,32145,Joseph Patrick O'Brien right,5,,13,11,8-13,141,6/1,7,92,,,CompletedRace,2,0.75,0.75,00:02:58.2100000,178.21,6/1,7,46,1199-6,"£61,848",61848,92,113,106,145217,O T I Racing,Harzand,IRE,Duchess Of Daars,False,False,,66,,False,,IRE,"1m4f festival wins off much lower marks at Chester and Epsom last July when trained by the Moores; returned to Flat with an eye-catching effort at Royal Ascot (2m4f, good to firm; 12-1) last month, turning for home towards rear but running on into sixth of 20; back down in trip but one to note."
923951,Highclere Castle Gin Summer Handicap (GBBPlus Race),21,Goodwood,08/01/2026 13:50:00,Other,Class 2,,,3yo+,None,1m6f,14,2815,3080,Good To Firm,Turf,5751516,Aeronautic right,99727,Dylan Browne McMonagle right,32145,Joseph Patrick O'Brien right,5,t,7,5,9-4,148,11/4,3.75,97,,,CompletedRace,3,2.25,3,00:02:58.6600000,178.66,6/1,7,46,37-364,"£61,848",61848,97,113,107,159428,Newtown Anner Stud Farm Ltd,Gleneagles,IRE,Meri Shika,False,False,,66,,False,,IRE,"Close third in this last year and a creditable, running-on fourth of 16 at Royal Ascot (1m6f, good to firm) latest start; strong each-way chance."
923951,Highclere Castle Gin Summer Handicap (GBBPlus Race),21,Goodwood,08/01/2026 13:50:00,Other,Class 2,,,3yo+,None,1m6f,14,2815,3080,Good To Firm,Turf,7457879,Tarriance right,89959,Colin Keane right,15605,Andrew Balding right,4,,1,12,9-12,156,20/1,21,105,,,CompletedRace,4,0.1,3,00:02:58.6600000,178.66,12/1,13,78,17-385,"£61,848",61848,105,109,85,301671,Juddmonte,Frankel,GB,Visit,False,False,,60,,False,,GB,"The future looked bright when he won the Melrose at York (1m6f, good to firm) last August but he's not built on that significantly; well held back in Britain for two Group races this May when last seen; off 12lb higher than in the Melrose, this return to a handicap may also be tough."
923951,Highclere Castle Gin Summer Handicap (GBBPlus Race),21,Goodwood,08/01/2026 13:50:00,Other,Class 2,,,3yo+,None,1m6f,14,2815,3080,Good To Firm,Turf,6425080,Valedictory right,85793,William Buick right,38291,John &amp; Thady Gosden right,4,p,10,6,9-2,146,5/2F,3.5,95,,,CompletedRace,5,3,6,00:02:59.2600000,179.26,5/2,3.5,22,1-2611,"£61,848",61848,95,117,92,49845,Godolphin,Cracksman,GB,Valiant Girl,False,False,,76,,False,,GB,"Stepped up to 1m6f with cheekpieces enlisted for last two starts and won them both, doing it smoothly at this track (good) and having to battle when prevailing by a neck in valuable race at Newmarket (good to firm); raised another 3lb but looks a serious contender once again."
923951,Highclere Castle Gin Summer Handicap (GBBPlus Race),21,Goodwood,08/01/2026 13:50:00,Other,Class 2,,,3yo+,None,1m6f,14,2815,3080,Good To Firm,Turf,6151844,Sing Us A Song right,6901,James Doyle right,13917,Ralph Beckett right,4,,9,4,9-4,148,6/1,7,97,,,CompletedRace,6,1.25,7.25,00:02:59.5100000,179.51,6/1,7,46,71-325,"£61,848",61848,97,114,106,325088,Wathnan Racing,Camelot,GB,Quiritis,False,False,,57,,False,,IRE,"Upset in the stalls when a disappointing favourite at this meeting last year (subsequently gelded); had a 1m6f win next time and solid performances when beaten about 3l on all three starts this season, sixth of 16 when back up to 1m6f at Royal Ascot latest; others saw it out better that day but he should have serious each-way claims."
923951,Highclere Castle Gin Summer Handicap (GBBPlus Race),21,Goodwood,08/01/2026 13:50:00,Other,Class 2,,,3yo+,None,1m6f,14,2815,3080,Good To Firm,Turf,5237856,Align The Stars right,91857,Daniel Muscutt right,40131,Charlie Johnston right,5,p,2,10,9-8,152,20/1,21,101,,,CompletedRace,7,0.5,7.75,00:02:59.6100000,179.61,12/1,13,35,4-1261,"£61,848",61848,101,113,84,333775,Tony Farmer,Sea The Stars,IRE,Kitcara,False,False,,45,,False,,IRE,"Won this race in 2024 before embarking on a long losing run; he's broken that with two 2m wins on the AW this year, most notably in the Northumberland Plate at Newcastle last time; second in valuable race at Newmarket (1m6f, good to firm) in May was followed by a blip here; back up another 4lb since Newcastle but not entirely ruled out."
923951,Highclere Castle Gin Summer Handicap (GBBPlus Race),21,Goodwood,08/01/2026 13:50:00,Other,Class 2,,,3yo+,None,1m6f,14,2815,3080,Good To Firm,Turf,4992625,Stressfree right,93947,Tom Marquand right,22839,David O'Meara right,6,,5,3,9-6,150,40/1,41,99,,,CompletedRace,8,2.25,10,00:03:00.0600000,180.06,25/1,26,46,55-270,"£61,848",61848,99,115,95,314664,Akela Thoroughbreds Limited,Anodin,IRE,Gwenseb,False,False,,54,,True,,FR,"Not a prolific winner, with his waiting tactics, but he was fourth in the Ebor at York (1m6f, good to firm) last August off a 2lb higher mark; ran creditably on reappearance, before neither start since panned out favourably; only ninth in this last year on his only run at Goodwood."
923951,Highclere Castle Gin Summer Handicap (GBBPlus Race),21,Goodwood,08/01/2026 13:50:00,Other,Class 2,,,3yo+,None,1m6f,14,2815,3080,Good To Firm,Turf,7409481,Bahadur right,95388,David Egan right,7083,S Woods right,4,,12,8,9-0,144,50/1,51,93,,,CompletedRace,9,1.5,11.5,00:03:00.3600000,180.36,28/1,29,14,651057,"£61,848",61848,93,113,105,316570,J William Rowley & S P C Woods,Make Believe,GB,Ensaya,False,False,,27,,True,,GB,"Won five-runner race here (upped to 2m, good) in May and made most when fifth of 20 in the Northumberland Plate at Newcastle (2m, AW); no room over 1f out at Newbury two weeks ago but the speed with which he dropped out when jockey gave up was still rather disconcerting; place chance if bouncing back."
923951,Highclere Castle Gin Summer Handicap (GBBPlus Race),21,Goodwood,08/01/2026 13:50:00,Other,Class 2,,,3yo+,None,1m6f,14,2815,3080,Good To Firm,Turf,6309453,Nesthorn right,100640,Benoit De La Sayette right,20005,George Baker right,4,,6,13,9-4,148,100/1,101,97,,,CompletedRace,10,0.75,12.25,00:03:00.5100000,180.51,33/1,34,21,-77774,"£61,848",61848,97,110,97,365742,The HaveHorseWillTravel Partnership,Expert Eye,GB,Swiss Range,False,False,,54,,False,,GB,"2-5 in France and also scored in December in Bahrain for new connections; fourth of eight at Ascot (1m4f, good to firm) three weeks ago was probably his best form but better is needed and he didn't settle well enough behind horses that day, so is seemingly not crying out for this longer trip."
923951,Highclere Castle Gin Summer Handicap (GBBPlus Race),21,Goodwood,08/01/2026 13:50:00,Other,Class 2,,,3yo+,None,1m6f,14,2815,3080,Good To Firm,Turf,4642844,Burdett Road right,104012,Mason Paetel right,40072,James Owen right,6,,3,7,9-3,147,25/1,26,101,,,CompletedRace,11,0.5,12.75,00:03:00.6100000,180.61,33/1,34,28,293706,"£61,848",61848,101,111,101,302299,The Gredley Family,Muhaarar,GB,Diamond Bangle,False,False,,68,5,True,,GB,2023 Royal Ascot winner who has also tasted the high life in top hurdle races; his attentions have been turned back to the Flat this year and he hasn't been in peak form; falling in the weights but still needs a revival; good 5lb claimer is enlisted.
923951,Highclere Castle Gin Summer Handicap (GBBPlus Race),21,Goodwood,08/01/2026 13:50:00,Other,Class 2,,,3yo+,None,1m6f,14,2815,3080,Good To Firm,Turf,6398084,Nightime Dancer right,84636,Sean Levey right,28787,Richard Hannon right,4,b,8,14,9-4,148,50/1,51,97,,,CompletedRace,12,1.5,14.25,00:03:00.9100000,180.91,20/1,21,21,24-407,"£61,848",61848,97,116,79,51374,Stall Perlen,Ghaiyyath,IRE,Stella D'italia,False,False,,61,,False,,IRE,"Contested three Group races last summer; it's been 1m4f handicaps (good to firm) this season, registering his highest rating when fourth of eight at Newmarket in May but two disappointing shows at Ascot have followed; blinkered latest; stays at least 1m5f (unraced over this far) and he's 6lb lower than at Newmarket, but some caution is advised at present."
923951,Highclere Castle Gin Summer Handicap (GBBPlus Race),21,Goodwood,08/01/2026 13:50:00,Other,Class 2,,,3yo+,None,1m6f,14,2815,3080,Good To Firm,Turf,5396368,Incensed right,93237,Kieran Shoemark right,10663,Amanda Perrett right,5,,14,2,8-12,140,33/1,34,91,,,CompletedRace,13,29,43.25,00:03:06.7100000,186.71,25/1,26,22,9-2385,"£61,848",61848,91,114,104,169086,Mrs S Conway,Ulysses,IRE,Diyavana,False,False,,100,,False,,GB,"Two big runs over 1m4f here, including when third of nine in Listed race in May; not quite so good in two Ascot handicaps (1m6f/1m4f) since and there's a bit more to prove at this trip but that Listed run reads well."
923952,Coral Glorious Stakes (Group 3),21,Goodwood,08/01/2026 14:25:00,Other,Class 1,(Group 3),,4yo+,None,1m4f,12,2412,2640,Good To Firm,Turf,4607023,Enfjaar right,88798,Ray Dawson right,24890,Roger Varian right,6,h,2,2,9-3,147,8/1,9,108,,,CompletedRace,1,0,0,00:02:35,155,12/1,13,46,543-38,"£62,381",62381,108,125,94,372289,T & Mrs L Standish & Mrs A Spence,Lope De Vega,IRE,Tesoro,False,False,,54,,False,,IRE,"He's run well on both visits to Goodwood, latest a close third in 1m2f Listed race here (good) in May after an absence, and the late headway he made when eighth in the Listed Wolferton at Royal Ascot (1m2f, good to firm) suggests this step up in trip could be a good move; each-way chance."
923952,Coral Glorious Stakes (Group 3),21,Goodwood,08/01/2026 14:25:00,Other,Class 1,(Group 3),,4yo+,None,1m4f,12,2412,2640,Good To Firm,Turf,6613678,Opportunity right,6901,James Doyle right,3415,William Haggas right,4,,7,1,9-3,147,15/8F,2.875,110,,,CompletedRace,2,1.25,1.25,00:02:35.2500000,155.25,5/2,3.5,43,49-311,"£62,381",62381,110,128,113,325088,Wathnan Racing,Frankel,GB,Izzi Top,False,False,,66,,False,,GB,"Lightly raced 4yo who won at Carlisle (1m3f, good to firm) in May on his second start since being gelded and followed up in the Duke Of Edinburgh Handicap at Royal Ascot (1m4f, good to firm); he's by Frankel out of a Group 1 winner and could take this rise in grade in his stride; key player."
923952,Coral Glorious Stakes (Group 3),21,Goodwood,08/01/2026 14:25:00,Other,Class 1,(Group 3),,4yo+,None,1m4f,12,2412,2640,Good To Firm,Turf,2394670,Al Aasy right,93947,Tom Marquand right,3415,William Haggas right,9,,1,8,9-3,147,9/2,5.5,114,,,CompletedRace,3,1,2.25,00:02:35.4500000,155.45,2/1,3,28,159-21,"£62,381",62381,114,130,104,302438,Shadwell Estate Company Ltd,Sea The Stars,IRE,Kitcara,False,False,,66,,False,,IRE,"9yo who has won the last two runnings of this race (good to firm/good to soft) and has run well on both starts this season, most recently posting a cosy Listed win at Beverley (1m4f, good to firm); leading claims."
923952,Coral Glorious Stakes (Group 3),21,Goodwood,08/01/2026 14:25:00,Other,Class 1,(Group 3),,4yo+,None,1m4f,12,2412,2640,Good To Firm,Turf,5237872,Ghostwriter right,95388,David Egan right,37949,Kevin Philippart De Foy right,5,,3,4,9-3,147,13/2,7.5,115,,,CompletedRace,4,1.5,3.75,00:02:35.7500000,155.75,6/1,7,46,/463-0,"£62,381",62381,115,128,116,252234,Amo Racing Limited,Invincible Spirit,IRE,Moorside,False,False,,60,,False,2,IRE,"He was returning from a year off when down the field in the Wolferton at Royal Ascot in June, and may have needed that first run for Kevin Philippart De Foy; classy performer for Clive Cox prior to £2,000,000 sale, making the frame in several Group 1s, and can have a big say if back to his best."
923952,Coral Glorious Stakes (Group 3),21,Goodwood,08/01/2026 14:25:00,Other,Class 1,(Group 3),,4yo+,None,1m4f,12,2412,2640,Good To Firm,Turf,5193455,King's Gambit right,13689,Jamie Spencer right,41024,Harry Charlton right,5,,5,3,9-3,147,18/1,19,109,,,CompletedRace,5,0.75,4.5,00:02:35.9000000,155.9,9/1,10,28,2-2976,"£62,381",62381,109,124,100,325088,Wathnan Racing,Saxon Warrior,JPN,Pure Symmetry,False,False,,55,,False,,IRE,"Late headway once in the clear in the Listed Wolferton Stakes at Royal Ascot (1m2f, good to firm) in June, finishing seventh of 16, and outclassed in the Eclipse since (well beaten at 100-1); drops back in grade and the step back up in trip is worth a go, but he's 0-13 in Group/Listed races since winning the London Gold Cup in May 2024 and may again find a few too good."
923952,Coral Glorious Stakes (Group 3),21,Goodwood,08/01/2026 14:25:00,Other,Class 1,(Group 3),,4yo+,None,1m4f,12,2412,2640,Good To Firm,Turf,7622789,In My Teens right,92728,Oisin Murphy right,17836,Gavin Cromwell right,4,h,8,5,9-0,144,3/1,4,111,,,CompletedRace,6,0.5,5,00:02:36,156,6/1,7,34,122-91,"£62,381",62381,111,126,115,20887,John P McManus,Camelot,GB,Jer's Girl,False,False,,33,,True,,IRE,"Didn't really take to hurdling but she relished the step up in trip in this code when easily winning a 13-runner handicap at the Curragh (1m4f, good) in June; she has to prove that brilliance was no one-off but it was certainly an impressive performance and she could have a part to play today."
923952,Coral Glorious Stakes (Group 3),21,Goodwood,08/01/2026 14:25:00,Other,Class 1,(Group 3),,4yo+,None,1m4f,12,2412,2640,Good To Firm,Turf,7427003,Midak right,93237,Kieran Shoemark right,12465,Ian Williams right,4,h,6,7,9-3,147,50/1,51,102,,,CompletedRace,7,1.5,6.5,00:02:36.3000000,156.3,33/1,34,14,4-6944,"£62,381",62381,102,118,113,112240,Mrs Fitri Hay,Footstepsinthesand,GB,Minya,False,False,,47,,False,,FR,"Ex-French 4yo who won Group 3 at Saint-Cloud (10.5f, good) last May; respectable Listed efforts on last two starts (including C&D) but hasn't shown enough on those outings to suggest he'll be making an impact today."
923952,Coral Glorious Stakes (Group 3),21,Goodwood,08/01/2026 14:25:00,Other,Class 1,(Group 3),,4yo+,None,1m4f,12,2412,2640,Good To Firm,Turf,5329819,Involvement right,85793,William Buick right,37478,Simon &amp; Ed Crisford right,5,,4,6,9-3,147,28/1,29,105,,,CompletedRace,8,0.5,7,00:02:36.4000000,156.4,20/1,21,28,013463,"£62,381",62381,105,119,99,145099,Sultan Ali,Lope De Vega,IRE,Lady Of Dubai,False,False,,71,,False,,GB,"Won Meydan handicap (9.5f, good) in March and ran well in defeat in Listed races on next two starts (including here over 1m2f); however, no match for Al Aasy in Listed race at Beverley (1m4f, good to firm) four weeks ago and others have more substance to their claims."
922436,Qatar Lillie Langtry Stakes (Group 2) (Fillies &amp; Mares),21,Goodwood,08/01/2026 15:00:00,Other,Class 1,(Group 2),,3yo+,Fillies,1m6f,14,2815,3080,Good To Firm,Turf,4438568,Goodie Two Shoes right,99727,Dylan Browne McMonagle right,32145,Joseph Patrick O'Brien right,7,t,4,1,9-9,153,8/1,9,106,,,CompletedRace,1,0,0,00:03:00.3100000,180.31,8/1,9,24,132-82,"£170,130",170130,106,116,81,20887,John P McManus,Fastnet Rock,AUS,Fits Like A Glove,False,False,,66,,False,,IRE,"5l third to Waardah in this last year, before career best when second in the Melbourne Cup (2m); back to best European form when second in Group 3 at Fairyhouse (1m6f, good; unraced on firmer) this month but will probably have to settle for a place here if others show their best."
922436,Qatar Lillie Langtry Stakes (Group 2) (Fillies &amp; Mares),21,Goodwood,08/01/2026 15:00:00,Other,Class 1,(Group 2),,3yo+,Fillies,1m6f,14,2815,3080,Good To Firm,Turf,6143216,Santorini Star right,93947,Tom Marquand right,3415,William Haggas right,5,,1,4,9-12,156,4/1,5,111,,,CompletedRace,2,0.05,0.05,00:03:00.3200000,180.32,11/2,6.5,42,12-120,"£170,130",170130,111,115,90,335305,Tony Bloom & Ian McAleavy,Golden Horn,GB,Livia's Dream,False,False,,66,,False,,IRE,"Duelled with Consent over 1m6f last year; progressive ways continued in May with a win at Newmarket (substandard 1m4f Group 2, good to firm) and close second in Group 1 at Longchamp (near 2m, soft); the Hardwicke back over 1m4f at Royal Ascot six weeks ago was a stiff task and she hung right in first-time cheekpieces on her way to a heavy defeat; much more interesting today with no headgear and back up in trip."
922436,Qatar Lillie Langtry Stakes (Group 2) (Fillies &amp; Mares),21,Goodwood,08/01/2026 15:00:00,Other,Class 1,(Group 2),,3yo+,Fillies,1m6f,14,2815,3080,Good To Firm,Turf,6442175,Waardah right,94225,Callum Rodriguez right,31779,Owen Burrows right,4,,6,6,9-9,153,9/4F,3.25,107,,,CompletedRace,3,0.2,0.25,00:03:00.3600000,180.36,2/1,3,63,4118-2,"£170,130",170130,107,117,98,14781,Sheikh Ahmed Al Maktoum,Postponed,IRE,Neesaan,False,False,,63,,False,,IRE,"Won twice here (soft/good to soft) last summer, latterly when leading over 2f out in this race and seeing off Danielle's challenge by three-quarters of a length; ran moderately on final 3yo start but reappearance this May was positive when second to a class act in Group 3 at Carlisle (1m3f, good to firm); big player if back to her peak."
922436,Qatar Lillie Langtry Stakes (Group 2) (Fillies &amp; Mares),21,Goodwood,08/01/2026 15:00:00,Other,Class 1,(Group 2),,3yo+,Fillies,1m6f,14,2815,3080,Good To Firm,Turf,6215490,Consent right,84857,Luke Morris right,67,Sir Mark Prescott Bt right,4,,2,3,9-9,153,5/1,6,113,,,CompletedRace,4,3.25,3.5,00:03:01.0100000,181.01,5/1,6,72,1221-9,"£170,130",170130,113,122,112,175592,Denford Stud,Lope De Vega,IRE,Flora Danica,False,False,,74,,False,,IRE,"Pipped by Santorini Star in Group 2 at Doncaster (14.5f, good to soft) in September but turned the tables on her in fine style in Group 1 at Longchamp (1m6f, soft) in October; cut out tamely in the final 2f of another French Group 1 (near 2m, soft) on return but ten weeks have passed; never having raced on firmer than good asks quite a question but tough to beat if back to her best."
922436,Qatar Lillie Langtry Stakes (Group 2) (Fillies &amp; Mares),21,Goodwood,08/01/2026 15:00:00,Other,Class 1,(Group 2),,3yo+,Fillies,1m6f,14,2815,3080,Good To Firm,Turf,7627173,Amelia Earhart right,79202,Ryan Moore right,7978,A P O'Brien right,3,p,7,5,8-13,141,15/2,8.5,104,,,CompletedRace,5,2.25,5.75,00:03:01.4600000,181.46,8/1,9,14,41-165,"£170,130",170130,104,115,102,143821,Mrs John Magnier & Michael Tabor & Derrick Smith,Camelot,GB,Venus De Milo,False,False,,52,,False,,IRE,"Reappeared with 2l win in the Listed Cheshire Oaks at Chester (11.3f, good); soundly beaten when favourite for the Oaks itself on testing ground at Epsom and put firmly in her place when fifth in Irish Oaks at the Curragh (1m4f, good to firm; 5-1); wore a hood and blinkers on first two starts this season, just cheekpieces on latest; some limitations have seemingly been exposed and others saw the race out better in her two Oaks bids."
922436,Qatar Lillie Langtry Stakes (Group 2) (Fillies &amp; Mares),21,Goodwood,08/01/2026 15:00:00,Other,Class 1,(Group 2),,3yo+,Fillies,1m6f,14,2815,3080,Good To Firm,Turf,5490594,Danielle right,85793,William Buick right,38291,John &amp; Thady Gosden right,5,,3,2,9-9,153,4/1,5,114,,,CompletedRace,6,0.3,6,00:03:01.5100000,181.51,7/2,4.5,70,2451-1,"£170,130",170130,114,122,112,5973,A E Oppenheimer,Cracksman,GB,Crimson Ribbon,False,False,,76,,True,,GB,"Second to Waardah in this last year and fourth to Santorini Star and Consent in Group 2 at Doncaster (14.5f, good to soft) last September; routed her rivals in Listed event (1m2f, heavy) in November and reappeared with Group 3 win at York (1m6f, good; made most at 1-2) ten weeks ago; unraced on good to firm since 2024 (comfortably held); serious player if the ground is okay."
922437,Coral Stewards' Cup (Heritage Handicap),21,Goodwood,08/01/2026 15:35:00,Other,Class 2,,,3yo+,None,6f,6,1206,1320,Good To Firm,Turf,5947077,Evening Saigon right,6901,James Doyle right,25988,Hamad Al Jehani right,4,p,26,10,9-0,144,16/1,17,96,,,CompletedRace,1,0,0,00:01:09.5500000,69.55,16/1,17,42,10-127,"£128,850",128850,96,116,108,325088,Wathnan Racing,Harry Angel,IRE,Hoodna,False,False,,40,,False,,IRE,"Chased home Far Above Dream, beaten a neck with the pair clear, in a C&D handicap in May; again finished behind that rival in the Wokingham six weeks ago (cheekpieces first time) and needs more to win but that is not out of the question."
922437,Coral Stewards' Cup (Heritage Handicap),21,Goodwood,08/01/2026 15:35:00,Other,Class 2,,,3yo+,None,6f,6,1206,1320,Good To Firm,Turf,5598657,Stratusnine right,86013,David Probert right,25009,Hugo Palmer right,4,,13,5,9-5,149,25/1,26,101,,,CompletedRace,2,0.2,0.2,00:01:09.5900000,69.59,16/1,17,7,2P2831,"£128,850",128850,101,114,101,340040,Stratus9 Consulting Limited,Far Above,IRE,Teide Lady,False,False,,38,,True,,IRE,"Looked one to follow when bolting up at Wolverhampton (6f, AW) in December; had numerous excuses for a series of subsequent defeats but things finally clicked again at York (6f, good to firm) last week, gamely repelling 20 rivals; 2lb wrong under his penalty but he has Group-race aspirations and shouldn't be passed over lightly."
922437,Coral Stewards' Cup (Heritage Handicap),21,Goodwood,08/01/2026 15:35:00,Other,Class 2,,,3yo+,None,6f,6,1206,1320,Good To Firm,Turf,3634775,Mitbaahy right,13689,Jamie Spencer right,25628,Charles Hills right,7,t,4,25,9-8,152,14/1,15,104,,,CompletedRace,3,0.1,0.3,00:01:09.6100000,69.61,12/1,13,14,/2-052,"£128,850",128850,104,116,101,112240,Mrs Fitri Hay,Profitable,IRE,Wrood,False,False,,67,,False,,IRE,"He hasn't had a great deal of racing since July 2024 but, two wind surgeries and a gelding operation later, he has shown he retains a good chunk of his former ability (Group 2 winner at best) this year, in a tongue-tie on last two starts; finished just behind Soldier's Tree when fifth in the Wokingham (6f, good to firm) but was in front of that rival in a Group 3 at Newbury two weeks ago; 3lb well in and has the ability to feature but his tendency to forfeit ground at the start isn't ideal in a race of this depth."
922437,Coral Stewards' Cup (Heritage Handicap),21,Goodwood,08/01/2026 15:35:00,Other,Class 2,,,3yo+,None,6f,6,1206,1320,Good To Firm,Turf,5431211,Completely Random right,79202,Ryan Moore right,41024,Harry Charlton right,5,p,10,11,9-6,150,7/1,8,102,,,CompletedRace,4,0.3,0.5,00:01:09.6500000,69.65,14/1,15,7,110020,"£128,850",128850,102,117,100,337624,Paul Inglett And Beckhampton,Havana Grey,GB,Random Success,False,False,,55,,False,,GB,"Finished eighth behind Two Tribes in this race 12 months ago when 4lb lower; he is a better horse now, as emphasised by two 6f AW wins in January and a fine second in the Wokingham (cheekpieces first time) but he finished behind Two Tribes at Ascot last week and others look more appealing for win purposes."
922437,Coral Stewards' Cup (Heritage Handicap),21,Goodwood,08/01/2026 15:35:00,Other,Class 2,,,3yo+,None,6f,6,1206,1320,Good To Firm,Turf,5079058,Toca Madera right,100350,Saffie Osborne right,22839,David O'Meara right,5,,28,26,9-0,144,25/1,26,96,,,CompletedRace,5,0.75,1.25,00:01:09.8000000,69.8,25/1,26,4,031604,"£128,850",128850,96,116,108,371728,L Bond & Sheikh Aymen Jawad Al Hamandi,Bated Breath,GB,Hala Hala,False,False,,54,,False,,IRE,"Has a history of running well at this meeting and Tuesday's fourth (5f, good) was another solid effort; this looks a much stiffer test though."
922437,Coral Stewards' Cup (Heritage Handicap),21,Goodwood,08/01/2026 15:35:00,Other,Class 2,,,3yo+,None,6f,6,1206,1320,Good To Firm,Turf,7227194,Far Above Dream right,93237,Kieran Shoemark right,40072,James Owen right,4,,17,23,9-3,147,6/1,7,99,,,CompletedRace,6,0.75,2,00:01:09.9500000,69.95,7/1,8,42,01-114,"£128,850",128850,99,117,108,93251,Gordon McDowall,Far Above,IRE,Silk Slippers,False,False,,68,,False,,IRE,"Another success story for James Owen, progressing well in 2025 and continuing the good work this time around with wins over C&D and at Newbury (both good ground); another step forward when fourth in the Wokingham, an effort that can be upgraded, and he races off the same mark today; 3-3 over C&D and sure to be popular."
922437,Coral Stewards' Cup (Heritage Handicap),21,Goodwood,08/01/2026 15:35:00,Other,Class 2,,,3yo+,None,6f,6,1206,1320,Good To Firm,Turf,5330964,Sondad right,85782,Joanna Mason right,38543,Michael &amp; David Easterby right,5,v,6,21,9-8,152,9/1,10,104,,,CompletedRace,7,0.5,2.5,00:01:10.0500000,70.05,13/2,7.5,14,3-0191,"£128,850",128850,104,111,102,335533,G Routledge Racing,Washington DC,IRE,Penny Garcia,False,False,,45,,False,,GB,"Climbed the ranks as a 4yo, ending that campaign with placed efforts in the Ayr Silver Cup and at Ascot; down the field on seasonal return but he hasn't looked back since, winning at Epsom (6f, soft) on Derby day for the second year in succession, doing best of the low numbers in the Wokingham (the others in his group have done well since) and then seeing off 19 rivals at the Curragh (6.3f, good to firm) two weeks ago; showed a fantastic attitude on that latest occasion and his 6lb penalty shouldn't prevent another big performance."
922437,Coral Stewards' Cup (Heritage Handicap),21,Goodwood,08/01/2026 15:35:00,Other,Class 2,,,3yo+,None,6f,6,1206,1320,Good To Firm,Turf,5809775,King Of Light right,98301,Marco Ghiani right,8543,Stuart Williams right,4,,24,7,9-1,145,33/1,34,97,,,CompletedRace,8,0.1,2.75,00:01:10.1000000,70.1,33/1,34,7,-25107,"£128,850",128850,97,117,109,315009,TJE Racing,Mehmas,IRE,On The Stage,False,False,,45,,False,,GB,"Impressed at Windsor (6f, good to firm) in June; had an excuse at Ascot next time and spent the first half of the race in the unfavoured stands' side group when down the field there last week; this looks too demanding all the same."
922437,Coral Stewards' Cup (Heritage Handicap),21,Goodwood,08/01/2026 15:35:00,Other,Class 2,,,3yo+,None,6f,6,1206,1320,Good To Firm,Turf,5906643,Flash Harry right,102773,Jack Nicholls right,5863,Clive Cox right,4,,20,14,8-13,141,33/1,34,98,,,CompletedRace,9,0.75,3.5,00:01:10.2500000,70.25,33/1,34,42,310-60,"£128,850",128850,98,115,83,96066,Deauville Daze Partnership,Harry Angel,IRE,Mrs Todd,False,False,,37,3,False,,GB,Still has low mileage and is proven over C&D but he has come up well short in deep races since winning here last August; hood left off this time; others look safer.
922437,Coral Stewards' Cup (Heritage Handicap),21,Goodwood,08/01/2026 15:35:00,Other,Class 2,,,3yo+,None,6f,6,1206,1320,Good To Firm,Turf,5708607,Dubai Bling right,85793,William Buick right,25009,Hugo Palmer right,4,p,2,2,9-11,155,33/1,34,107,,,CompletedRace,10,0.3,3.75,00:01:10.3000000,70.3,16/1,17,21,071201,"£128,850",128850,107,114,92,341546,Hussey Owen Wholey,Dark Angel,IRE,Millicent Fawcett,False,False,,38,,True,,IRE,"Would have finished closer than tenth in the Wokingham at Royal Ascot (6f) granted a clear run; scaled new heights when beating his 14 rivals there (5f, also good to firm) three weeks ago, finishing his race off strongly; 3lb wrong under his penalty today and while he has more good races in him, this one might prove too demanding."
922437,Coral Stewards' Cup (Heritage Handicap),21,Goodwood,08/01/2026 15:35:00,Other,Class 2,,,3yo+,None,6f,6,1206,1320,Good To Firm,Turf,3823964,Annaf right,91857,Daniel Muscutt right,10363,Michael Appleby right,7,,14,6,9-4,148,40/1,41,100,,,CompletedRace,11,0.2,4,00:01:10.3500000,70.35,16/1,17,21,760037,"£128,850",128850,100,115,93,286538,Fosnic Racing,Muhaarar,GB,Shimah,False,False,,52,,False,,IRE,"Having edged down the weights he offered a good deal more when third to Tuco Salamanca at Newcastle (6f, AW) in June; finished with a flourish when seventh behind Dubai Bling at Ascot (5f, good to firm) three weeks ago, a run that confirmed he was still in good order; returning to 6f will help and he can't be dismissed, for all that he has been well beaten in this race twice before (2022 and 2025)."
922437,Coral Stewards' Cup (Heritage Handicap),21,Goodwood,08/01/2026 15:35:00,Other,Class 2,,,3yo+,None,6f,6,1206,1320,Good To Firm,Turf,5859137,Soldier's Tree right,104012,Mason Paetel right,40072,James Owen right,5,,1,20,9-7,151,13/2,7.5,108,,,CompletedRace,12,0.1,4,00:01:10.3500000,70.35,12/1,13,14,-12333,"£128,850",128850,108,117,100,282785,Roxholme Racing,Soldier's Call,GB,Maontri,False,False,,68,5,True,,IRE,"He didn't make his debut until December but this 5yo is quickly making up for lost time, finishing third in a Listed race at Salisbury (6f, good) on his stable debut and then running a huge race in the Wokingham at Royal Ascot (6f, good to firm), beaten just over one length into third off a 1lb lower mark; again raced freely when third in a Group 3 at Newbury (6f, good to firm) two weeks ago; still has potential after just six starts."
922437,Coral Stewards' Cup (Heritage Handicap),21,Goodwood,08/01/2026 15:35:00,Other,Class 2,,,3yo+,None,6f,6,1206,1320,Good To Firm,Turf,4175291,Dark Thirty right,90243,Jason Hart right,41095,John &amp; Sean Quinn right,6,,25,8,9-0,144,12/1,13,96,,,CompletedRace,13,0.3,4.25,00:01:10.4000000,70.4,12/1,13,14,710212,"£128,850",128850,96,116,108,369874,Dark Thirty Partners,Starspangledbanner,AUS,Beach Wedding,False,False,,55,,False,,IRE,"Beat his 21 rivals at York in May and added a handicap at Chester (6f, good) last month; ran a fine race behind Sondad at the Curragh two weeks ago and is 7lb better off for half a length this time; officially the best handicapped horse in the race (5lb ahead of his mark) and another big run should be forthcoming."
922437,Coral Stewards' Cup (Heritage Handicap),21,Goodwood,08/01/2026 15:35:00,Other,Class 2,,,3yo+,None,6f,6,1206,1320,Good To Firm,Turf,6278712,Tuco Salamanca right,99727,Dylan Browne McMonagle right,40346,Ollie Sangster right,4,t,12,15,9-5,149,14/1,15,101,,,CompletedRace,14,0.1,4.5,00:01:10.4500000,70.45,11/1,12,35,59-161,"£128,850",128850,101,116,85,343140,Pompey Ventures 5,Belardo,IRE,Espoir Et Bonheur,False,False,,63,,True,,IRE,Blessed with a potent turn of foot and he has been impressive in winning 6f AW handicaps at Kempton and Newcastle this year; a 3lb rise for the latter success five weeks ago doesn't handicap him out of things and he ran well in his one visit to Goodwood; one to be interested in.
922437,Coral Stewards' Cup (Heritage Handicap),21,Goodwood,08/01/2026 15:35:00,Other,Class 2,,,3yo+,None,6f,6,1206,1320,Good To Firm,Turf,4924666,Run Boy Run right,94575,George Wood right,30665,Richard Spencer right,5,v,7,24,9-7,151,22/1,23,103,,,CompletedRace,15,0.3,4.75,00:01:10.5000000,70.5,25/1,26,4,120040,"£128,850",128850,103,114,99,147598,Phil Cunningham,Rajasinghe,IRE,Instructress,False,False,,67,,False,,GB,"Finished fourth behind stablemate Two Tribes in this race 12 months ago when 8lb lower and enjoyed his finest hour when making most to win the Ayr Gold Cup (6f, soft) last September; successful in Dubai early in the year and although his results have been mixed since returning to Britain, he retains plenty of ability; down the field over 5f here on Tuesday when a change of tactics failed to bear fruit; better can be expected today."
922437,Coral Stewards' Cup (Heritage Handicap),21,Goodwood,08/01/2026 15:35:00,Other,Class 2,,,3yo+,None,6f,6,1206,1320,Good To Firm,Turf,6166273,Realign right,93947,Tom Marquand right,3415,William Haggas right,4,p,19,18,9-2,146,20/1,21,98,,,CompletedRace,16,0.05,4.75,00:01:10.5000000,70.5,20/1,21,42,17-918,"£128,850",128850,98,113,91,325088,Wathnan Racing,Blue Point,IRE,Maggies Angel,False,False,,66,,False,,FR,"Profile is hit and miss but conditions won't faze him; he looked good at Carlisle (6f, good to firm; cheekpieces first time) in May and brings relatively low mileage but he was only midfield in the Wokingham and is 1lb higher today, so needs a big personal best."
922437,Coral Stewards' Cup (Heritage Handicap),21,Goodwood,08/01/2026 15:35:00,Other,Class 2,,,3yo+,None,6f,6,1206,1320,Good To Firm,Turf,3057704,Get It right,14629,Pat Cosgrave right,20005,George Baker right,8,,9,27,9-6,150,50/1,51,102,,,CompletedRace,17,0.3,5,00:01:10.5500000,70.55,16/1,17,314,11060-,"£128,850",128850,102,116,112,325288,MyRacehorse & Partners,Twilight Son,GB,Pine Ridge,False,False,,54,,False,,GB,Made all up the stands' rail when springing a 40-1 surprise in this race in 2024; added another major handicap when dominating last year's Wokingham; failed to beat a rival in his next three starts though (including in this race) and he has been absent for 314 days; his draw gives him the chance to repeat the heroics of 2024 but this looks a tough assignment on his return.
922437,Coral Stewards' Cup (Heritage Handicap),21,Goodwood,08/01/2026 15:35:00,Other,Class 2,,,3yo+,None,6f,6,1206,1320,Good To Firm,Turf,6233857,Gold Star Hero right,92806,Hector Crouch right,4113,Michael Bell right,4,p,27,4,9-0,144,80/1,81,96,,,CompletedRace,18,2.5,7.5,00:01:11.0500000,71.05,50/1,51,56,7-1115,"£128,850",128850,96,115,102,221120,Middleham Park Racing LXXXIV,Starspangledbanner,AUS,Hightime Heroine,False,False,,36,,False,,IRE,Three front-running AW wins in the spring saw him soar up the handicap; he didn't run badly off his revised mark at Epsom on Derby day but it would be a surprise if he were up to a task of this magnitude.
922437,Coral Stewards' Cup (Heritage Handicap),21,Goodwood,08/01/2026 15:35:00,Other,Class 2,,,3yo+,None,6f,6,1206,1320,Good To Firm,Turf,5708643,West Acre right,95815,Darragh Keenan right,31461,George Scott right,4,b1,5,17,9-8,152,66/1,67,104,,,CompletedRace,19,0.05,7.75,00:01:11.1000000,71.1,33/1,34,183,824-53,"£128,850",128850,104,111,81,280486,Michael Blencowe,Mehmas,IRE,Lady Aria,True,False,,67,,True,,IRE,"Quickly established himself as a smart sprinter, winning Group 2 and Group 3 prizes at Meydan (both 5f; good to firm and good) in early 2025; the addition of cheekpieces saw him return to his best when second in a 5f Group 3 on Dundalk AW last October; not quite at his best in two runs in Dubai in January and absent since; new blinkers need to have a positive effect."
922437,Coral Stewards' Cup (Heritage Handicap),21,Goodwood,08/01/2026 15:35:00,Other,Class 2,,,3yo+,None,6f,6,1206,1320,Good To Firm,Turf,5325063,Garfield Shadow right,104790,Harry Vigors right,25988,Hamad Al Jehani right,5,,11,28,9-0,144,50/1,51,101,,,CompletedRace,20,1,8.75,00:01:11.3000000,71.3,40/1,41,25,3321/2,"£128,850",128850,101,115,89,325088,Wathnan Racing,James Garfield,IRE,Lara's Theme,False,False,,40,5,True,2,IRE,"Won five of his ten starts for Richard Fahey, notably a local Group 3 in Qatar in November 2024; absent for 593 days and gelded prior to his stable debut at Pontefract (6f, good) last month, a race in which he was caught out wide but plugged on for second behind the thriving easy winner; clearly retains ability but this will demand much more."
922437,Coral Stewards' Cup (Heritage Handicap),21,Goodwood,08/01/2026 15:35:00,Other,Class 2,,,3yo+,None,6f,6,1206,1320,Good To Firm,Turf,6143337,Hammer The Hammer right,104693,Toby Moore right,22525,Kevin Ryan right,4,,18,16,8-10,138,33/1,34,99,,,CompletedRace,21,1,9.75,00:01:11.5000000,71.5,25/1,26,42,056-00,"£128,850",128850,99,115,83,128778,B T McDonald,Coulsty,IRE,Ranallagh Rocket,False,False,,48,7,True,,IRE,"On the up in 2025, completing a hat-trick before fine runs at Royal Ascot and in the Ayr Gold Cup (beaten favourite in this race in between); had a wind operation prior to reappearance but he has finished down the field in both starts since, the Wokingham on latest; down in the weights but a full revival is essential; tongue-tie experiment last time is quickly aborted."
922437,Coral Stewards' Cup (Heritage Handicap),21,Goodwood,08/01/2026 15:35:00,Other,Class 2,,,3yo+,None,6f,6,1206,1320,Good To Firm,Turf,7987987,Northern Champion right,104207,Ashley Lewis right,23926,Ed Walker right,3,,3,9,9-4,148,40/1,41,109,,,CompletedRace,22,0.3,10,00:01:11.5500000,71.55,16/1,17,21,-11091,"£128,850",128850,109,109,74,341790,TBT Racing,Wootton Bassett,GB,Zargos,False,False,,68,5,False,,IRE,Two wins in Dubai early in the year before coming up short in Group 1 company in March and June; back on the up with a 7f Listed win at Chester three weeks ago; this looks a tough task under 6lb penalty though.
922437,Coral Stewards' Cup (Heritage Handicap),21,Goodwood,08/01/2026 15:35:00,Other,Class 2,,,3yo+,None,6f,6,1206,1320,Good To Firm,Turf,5708601,Berkshire Whisper right,92728,Oisin Murphy right,15605,Andrew Balding right,4,,21,19,9-1,145,40/1,41,97,,,CompletedRace,23,0.3,10.25,00:01:11.6000000,71.6,33/1,34,77,4-0348,"£128,850",128850,97,115,101,306502,Berkshire Parts & Panels Ltd No1 Fanclub,Dark Angel,IRE,Samaah,False,False,,60,,False,,IRE,"He has done all his winning on AW but his fourth at Leicester (6f, good to firm) in April is a comparable standard; can win races on the grass but perhaps not this one."
922437,Coral Stewards' Cup (Heritage Handicap),21,Goodwood,08/01/2026 15:35:00,Other,Class 2,,,3yo+,None,6f,6,1206,1320,Good To Firm,Turf,5123463,Fandom right,84636,Sean Levey right,28787,Richard Hannon right,5,,16,22,9-3,147,33/1,34,99,,,CompletedRace,24,1.25,11.5,00:01:11.8500000,71.85,20/1,21,21,631043,"£128,850",128850,99,116,105,368106,Volare Aviation Ltd,Showcasing,GB,Brogan,False,False,,61,,False,,GB,"6f winner at Thirsk (good) in May and back at a similar level when a keeping-on third behind Dubai Bling at Ascot (5f, good to firm) three weeks ago; should run his race but others are perhaps better treated."
922437,Coral Stewards' Cup (Heritage Handicap),21,Goodwood,08/01/2026 15:35:00,Other,Class 2,,,3yo+,None,6f,6,1206,1320,Good To Firm,Turf,4175296,Ferrous right,94225,Callum Rodriguez right,40161,Jack Channon right,6,,23,12,9-1,145,18/1,19,97,,,CompletedRace,25,4.25,15.75,00:01:12.7000000,72.7,16/1,17,15,426562,"£128,850",128850,97,118,110,164683,Recycled Products Limited,Dark Angel,IRE,Grizzel,False,False,,50,,False,,IRE,"Best known for his AW exploits but he is fine on turf and has a lower mark in this sphere; went desperately close at Hamilton (6f, good to firm) 15 days ago, a race in which the first two pulled clear in the closing stages from a subsequent winner; 2lb ahead of the handicapper and he was successful on his only visit to Goodwood; interesting."
922437,Coral Stewards' Cup (Heritage Handicap),21,Goodwood,08/01/2026 15:35:00,Other,Class 2,,,3yo+,None,6f,6,1206,1320,Good To Firm,Turf,5708791,Invictus Gold right,96222,Jason Watson right,32765,Tom Clover right,4,p,15,3,9-4,148,66/1,67,100,,,CompletedRace,26,0.5,16.25,00:01:12.8000000,72.8,50/1,51,33,5-3928,"£128,850",128850,100,114,106,347382,Moulton Racing And T Severn,Invincible Spirit,IRE,Finagle,False,False,,53,,True,,IRE,"His impressive Newmarket success last May saw him hit hard by the handicapper and he hasn't added to it; chasing home Sondad at Epsom (6f, soft) in June represented his best run of the year but he failed to build on it at Windsor last time; others look safer."
922437,Coral Stewards' Cup (Heritage Handicap),21,Goodwood,08/01/2026 15:35:00,Other,Class 2,,,3yo+,None,6f,6,1206,1320,Good To Firm,Turf,5075434,Two Tribes right,95388,David Egan right,30665,Richard Spencer right,5,b,8,13,9-6,150,11/2F,6.5,102,,,CompletedRace,27,16,32.25,00:01:16,76,8/1,9,7,200072,"£128,850",128850,102,117,96,147598,Phil Cunningham,Rajasinghe,IRE,Warsash,False,False,,67,,False,,GB,"Surged to the front 1f out when dominant in this race (good to soft) 12 months ago; 7lb higher this time around but he was better than ever when second in a hot handicap at Ascot last week (7f, good to firm) when coming from further back than ideal; 2lb ahead of the handicapper and he has a fine chance of becoming the fifth horse to win back-to-back Stewards' Cups (Commanche Falls in 2021 and 2022 was the latest)."
923953,Phase Eight Handicap,21,Goodwood,08/01/2026 16:10:00,Other,Class 2,,0-105,3yo,None,7f,7,1407,1540,Good To Firm,Turf,7708611,Ghost Mode right,92774,Rob Hornby right,15605,Andrew Balding right,3,,5,4,8-11,139,9/2,5.5,93,,,CompletedRace,1,0,0,00:01:24.7600000,84.76,15/2,8.5,23,-17906,"£38,655",38655,93,113,89,369074,Michael Blencowe/ R Gorell & Ptr,Ghaiyyath,IRE,Graciebird,False,False,,60,,False,,IRE,"Campaigned over shorter this term, posting a useful AW win on reappearance and not disgraced at Newmarket most recently; showed respectable 7f form as a 2yo, including a good effort in the maiden on this card and a success at Chester; still fairly unexposed over this distance; interesting."
923953,Phase Eight Handicap,21,Goodwood,08/01/2026 16:10:00,Other,Class 2,,0-105,3yo,None,7f,7,1407,1540,Good To Firm,Turf,7870268,Ironwill right,98301,Marco Ghiani right,8543,Stuart Williams right,3,,8,10,8-5,133,10/1,11,87,,,CompletedRace,2,1.25,1.25,00:01:25.0100000,85.01,11/1,12,28,1-5531,"£38,655",38655,87,114,105,360331,Ms Emma McIntosh,Dark Angel,IRE,Dancin Inthestreet,False,False,,45,,False,,IRE,"Versatile sort who held on narrowly from Proud Nation over 7f at Newmarket (good to firm) most recently, adding to his 2yo sprint wins and taking record to 3-7; ran creditably over C&D in May; solid chance."
923953,Phase Eight Handicap,21,Goodwood,08/01/2026 16:10:00,Other,Class 2,,0-105,3yo,None,7f,7,1407,1540,Good To Firm,Turf,8200994,We're Goosers right,92728,Oisin Murphy right,25009,Hugo Palmer right,3,,3,2,8-13,141,11/8F,2.375,95,,,CompletedRace,3,0.3,1.5,00:01:25.0600000,85.06,7/2,4.5,44,21-610,"£38,655",38655,95,117,99,296769,Ian Jones,Starman,GB,Nova Aquilae,False,True,,38,,False,,IRE,"Gelded since finishing last when favourite for the Britannia at Royal Ascot (1m); had progressive 7f form previously and recorded a wide-margin success at Newmarket (good) the time before, taking record over this trip to 2211; may still have more to offer and remains of interest."
923953,Phase Eight Handicap,21,Goodwood,08/01/2026 16:10:00,Other,Class 2,,0-105,3yo,None,7f,7,1407,1540,Good To Firm,Turf,7570735,Egoli right,95388,David Egan right,13917,Ralph Beckett right,3,p1,6,5,8-7,135,20/1,21,89,,,CompletedRace,4,0.3,1.75,00:01:25.1100000,85.11,12/1,13,14,48-961,"£38,655",38655,89,114,102,307016,Cayton Park Stud Limited,No Nay Never,USA,Solar Gold,True,False,,57,,True,,GB,"Won on the nod at Doncaster (good to firm) last time, looking suited by the step up to 7f and surging back to form; unexposed over this trip and may remain competitive, provided he takes to first-time cheekpieces (faced difficult task when once in blinkers)."
923953,Phase Eight Handicap,21,Goodwood,08/01/2026 16:10:00,Other,Class 2,,0-105,3yo,None,7f,7,1407,1540,Good To Firm,Turf,7020586,Marengo Storm right,84857,Luke Morris right,31188,Richard Hughes right,3,p1,11,1,8-2,130,11/1,12,84,,,CompletedRace,5,0.1,2,00:01:25.1600000,85.16,12/1,13,36,5121,"£38,655",38655,84,115,97,306479,Neal And Sheralee Grayston,Havana Grey,GB,Eternal Sun,True,False,,57,,True,,GB,"Prevailed narrowly in small field when upped to 7f at Newmarket (good to firm) last time, taking record to 2-4; goes into deeper waters but remains unexposed, particularly at this distance; wears first-time headgear."
923953,Phase Eight Handicap,21,Goodwood,08/01/2026 16:10:00,Other,Class 2,,0-105,3yo,None,7f,7,1407,1540,Good To Firm,Turf,7020422,Start Me Up right,100350,Saffie Osborne right,30665,Richard Spencer right,3,p,12,3,8-2,130,14/1,15,84,,,CompletedRace,6,0.5,2.5,00:01:25.2600000,85.26,18/1,19,21,075114,"£38,655",38655,84,115,103,147598,Phil Cunningham,Mehmas,IRE,Red Box,False,False,,67,,True,,GB,"Has form figures of 114, all at Chester (6f and around 7f), since being gelded (maiden previously); not disgraced last time but has something to prove off the same mark switched to a different venue and upped in grade."
923953,Phase Eight Handicap,21,Goodwood,08/01/2026 16:10:00,Other,Class 2,,0-105,3yo,None,7f,7,1407,1540,Good To Firm,Turf,7578889,Naval Light right,102773,Jack Nicholls right,5019,K R Burke right,3,,7,8,8-3,131,13/2,7.5,88,,,CompletedRace,7,0.75,3.25,00:01:25.4100000,85.41,13/2,7.5,17,3-3811,"£38,655",38655,88,116,98,325088,Wathnan Racing,Havana Grey,GB,Ventura Jazz,False,False,,64,3,False,,GB,"Took a while to hit the target but he had some notable maiden form, including at this meeting last year, and now bids for a hat-trick after wins under Jack Nicholls at Pontefract (6f maiden, good to soft) and Catterick (7f handicap; good to firm); further improvement is possible; respected."
923953,Phase Eight Handicap,21,Goodwood,08/01/2026 16:10:00,Other,Class 2,,0-105,3yo,None,7f,7,1407,1540,Good To Firm,Turf,7020592,Startled right,104790,Harry Vigors right,31188,Richard Hughes right,3,,10,12,8-0,128,22/1,23,87,,,CompletedRace,8,0.3,3.5,00:01:25.4600000,85.46,8/1,9,49,-31127,"£38,655",38655,87,114,87,223109,In Vino Veritas,Bated Breath,GB,Star Snap,False,False,,57,5,True,,IRE,"Broadly progressive gelding who has form figures of 11127 in turf handicaps, the latest effort best forgiven (met trouble); ran well in a competitive field over C&D the time before; still 9lb above last winning mark but Harry Vigors takes off a useful 5lb; in the mix."
923953,Phase Eight Handicap,21,Goodwood,08/01/2026 16:10:00,Other,Class 2,,0-105,3yo,None,7f,7,1407,1540,Good To Firm,Turf,8455182,Aqpan right,88798,Ray Dawson right,24890,Roger Varian right,3,,2,6,9-3,147,22/1,23,99,,,CompletedRace,9,1,4.5,00:01:25.6600000,85.66,14/1,15,70,2-1687,"£38,655",38655,99,109,79,154370,Nurlan Bizakov,Blue Point,IRE,Testimony,False,True,,54,,False,,IRE,Commenced career with a record of 221 on AW; far from solid on his Listed/Group form on turf since (peak effort may not be reliable) and has something to prove off his mark; gelded since last run.
923953,Phase Eight Handicap,21,Goodwood,08/01/2026 16:10:00,Other,Class 2,,0-105,3yo,None,7f,7,1407,1540,Good To Firm,Turf,7578903,Wild Desert right,85793,William Buick right,28338,Charlie Appleby right,3,,1,7,9-9,153,11/1,12,105,,,CompletedRace,10,1.25,5.75,00:01:25.9100000,85.91,5/1,6,23,1232-6,"£38,655",38655,105,111,91,49845,Godolphin,Too Darn Hot,GB,Winters Moon,False,False,,84,,False,,IRE,"The class angle in this field and has earned top weight on handicap debut, having ended his progressive 2yo season with good efforts in a Newmarket Group 2 (7f, good to firm) and Canadian Grade 1 (1m, firm); a likely danger provided he's back in similar form with Listed reappearance under his belt."
923953,Phase Eight Handicap,21,Goodwood,08/01/2026 16:10:00,Other,Class 2,,0-105,3yo,None,7f,7,1407,1540,Good To Firm,Turf,7861438,Proud Nation right,104019,Warren Fentiman right,42996,Richard &amp; Peter Fahey right,3,,9,13,8-2,130,20/1,21,87,,,CompletedRace,11,7.5,13.25,00:01:27.4100000,87.41,16/1,17,28,21-352,"£38,655",38655,87,114,106,204306,Sheikh Rashid Dalmook Al Maktoum,Sioux Nation,USA,On The Same Page,False,False,,35,3,False,,IRE,"Low-mileage colt who registered his 2yo success in a York maiden and posted two sound efforts since handicapping, beaten narrowly by Ironwill at Newmarket (7f, good to firm) latest; may do better still; not ruled out."
923953,Phase Eight Handicap,21,Goodwood,08/01/2026 16:10:00,Other,Class 2,,0-105,3yo,None,7f,7,1407,1540,Good To Firm,Turf,7020406,Ay Up Duck right,92938,Nicola Currie right,10363,Michael Appleby right,3,,13,9,8-2,130,66/1,67,84,,,CompletedRace,12,3,16.25,00:01:28.0100000,88.01,25/1,26,9,218871,"£38,655",38655,84,107,90,354013,B & J Parr Racing Ltd,Earthlight,IRE,Fountain Of Time,False,False,,52,,True,,GB,"Appears to have his limitations, being 2-2 in Class 5 but 0-5 in higher grades; gained the latest success at Doncaster (6f, good to firm) last week; opposed from 6lb out of the weights in this markedly better race."
923953,Phase Eight Handicap,21,Goodwood,08/01/2026 16:10:00,Other,Class 2,,0-105,3yo,None,7f,7,1407,1540,Good To Firm,Turf,7891663,Utmost Good Faith right,90243,Jason Hart right,8543,Stuart Williams right,3,tb1,4,11,8-11,139,100/1,101,93,,,CompletedRace,13,11,27.25,00:01:30.2100000,90.21,18/1,19,31,146051,"£38,655",38655,93,112,96,118613,Mrs J Morley,Starspangledbanner,AUS,Lovers' Gait,True,False,,45,,True,1,GB,"Back in his comfort zone at Epsom (7f, good) last time, taking Class 4 record to 3-3; sold out of George Boughey's yard for 28,000gns since; returns to deeper waters off a demanding mark; new headgear."
923954,British Stallion Studs EBF Maiden Stakes (Colts And Geldings Only),21,Goodwood,08/01/2026 16:45:00,Other,Class 2,,,2yo,None,7f,7,1407,1540,Good To Firm,Turf,8881173,Rafe's Da Man right,75506,Pat Dobbs right,28787,Richard Hannon right,2,,9,2,9-2,146,12/1,13,80,,,CompletedRace,1,0,0,00:01:26.6300000,86.63,12/1,13,15,443,"£38,655",38655,80,91,62,368537,I Wight,Ghaiyyath,IRE,Fracherette,False,False,,61,,False,,GB,"Thrice-raced colt who is moving steadily in the right direction, third at Newbury (7f, good to firm) most recently; however, likely needs further progress to open his account in this field and he's the stable second string on jockey arrangements."
923954,British Stallion Studs EBF Maiden Stakes (Colts And Geldings Only),21,Goodwood,08/01/2026 16:45:00,Other,Class 2,,,2yo,None,7f,7,1407,1540,Good To Firm,Turf,9268189,Charted Course right,13689,Jamie Spencer right,42996,Richard &amp; Peter Fahey right,2,,3,3,9-2,146,9/2,5.5,,,,CompletedRace,2,1.25,1.25,00:01:26.8800000,86.88,7/2,4.5,45,20,"£38,655",38655,,98,82,325088,Wathnan Racing,Palace Pier,GB,Majmu,False,False,,35,,True,,GB,"450,000gns breeze-up 2yo purchase who appeared to run well, despite being hampered and racing in the unfavoured group, in the Windsor Castle at Royal Ascot (finished tenth of 25 overall, fourth of nine on the far side) in latest 6f start; one of the form players, upped in trip."
923954,British Stallion Studs EBF Maiden Stakes (Colts And Geldings Only),21,Goodwood,08/01/2026 16:45:00,Other,Class 2,,,2yo,None,7f,7,1407,1540,Good To Firm,Turf,9526603,Speyside right,86013,David Probert right,25009,Hugo Palmer right,2,,13,4,9-2,146,40/1,41,,,,CompletedRace,3,1.75,3,00:01:27.2300000,87.23,16/1,17,,,"£38,655",38655,,,,112240,Mrs Fitri Hay,Blue Point,IRE,Miss Latin,False,False,,38,,False,,GB,"Blue Point colt; sibling to two winners, notably Wolf Of Badenoch (Group-placed 7f 2yo/1m3f; RPR 101); dam 12.4f AW/1m5f turf scorer (89), half-sister to Irish Oaks winner Even So; probably one of the better types among the newcomers."
923954,British Stallion Studs EBF Maiden Stakes (Colts And Geldings Only),21,Goodwood,08/01/2026 16:45:00,Other,Class 2,,,2yo,None,7f,7,1407,1540,Good To Firm,Turf,9613733,Howzatt right,84857,Luke Morris right,40072,James Owen right,2,,5,6,9-2,146,66/1,67,,,,CompletedRace,4,1,4,00:01:27.4300000,87.43,25/1,26,,,"£38,655",38655,,,,302299,The Gredley Family,Zoustar,AUS,Whazzat,False,False,,68,,False,,GB,"Zoustar half-brother to 12 winners, notably James Garfield (6f/7f including 2yo Group 2; RPR 119); dam 6f/7f 2yo scorer (103); from a family that his connections know well; the betting may offer further guidance."
923954,British Stallion Studs EBF Maiden Stakes (Colts And Geldings Only),21,Goodwood,08/01/2026 16:45:00,Other,Class 2,,,2yo,None,7f,7,1407,1540,Good To Firm,Turf,9472156,Market Leader right,6901,James Doyle right,5019,K R Burke right,2,,8,8,9-2,146,9/2,5.5,,,,CompletedRace,5,0.1,4,00:01:27.4300000,87.43,8/1,9,19,3,"£38,655",38655,,70,39,325088,Wathnan Racing,Blue Point,IRE,Aaraamm,False,False,,64,,False,,IRE,"450,000euros breeze-up 2yo buy who holds two Group entries; hindered his chance with an awkward start and some greenness en route to finishing third of nine (as 4-5 favourite) over 6f at Windsor; recorded a modest RPR but should do better with the experience under his belt."
923954,British Stallion Studs EBF Maiden Stakes (Colts And Geldings Only),21,Goodwood,08/01/2026 16:45:00,Other,Class 2,,,2yo,None,7f,7,1407,1540,Good To Firm,Turf,9392238,Leadlight right,99727,Dylan Browne McMonagle right,32145,Joseph Patrick O'Brien right,2,,6,12,9-2,146,9/2,5.5,,,,CompletedRace,6,1,5,00:01:27.6300000,87.63,6/1,7,44,4,"£38,655",38655,,96,57,322588,Go Racing Limited,Saxon Warrior,JPN,Crysdal,False,False,,66,,True,,IRE,"Holds a Group 1 entry; has two pieces of experience, namely fourth-place finishes in Naas barrier trial and Leopardstown event (7f, good); shaped particularly well on latter occasion, finishing nicely once seeing daylight; brings potential and adds great interest."
923954,British Stallion Studs EBF Maiden Stakes (Colts And Geldings Only),21,Goodwood,08/01/2026 16:45:00,Other,Class 2,,,2yo,None,7f,7,1407,1540,Good To Firm,Turf,8881343,Dontworryaboutme right,96222,Jason Watson right,25628,Charles Hills right,2,,4,7,9-2,146,80/1,81,,,,CompletedRace,7,1.75,6.75,00:01:27.9800000,87.98,33/1,34,,,"£38,655",38655,,,,308177,Aura Racing,Awtaad,IRE,Heaven's Angel,False,False,,67,,False,,IRE,"30,000euros yearling; Awtaad half-brother to two winners, notably Endless Power (1m/9.4f AW; RPR 95); dam unraced half-sister to Oaks winner Qualify; pitched into a warm maiden on debut; likely best watched."
923954,British Stallion Studs EBF Maiden Stakes (Colts And Geldings Only),21,Goodwood,08/01/2026 16:45:00,Other,Class 2,,,2yo,None,7f,7,1407,1540,Good To Firm,Turf,8688697,Walkin On The Moon right,100350,Saffie Osborne right,30665,Richard Spencer right,2,,14,1,9-2,146,18/1,19,,,,CompletedRace,8,0.1,7,00:01:28.0300000,88.03,16/1,17,21,6,"£38,655",38655,,84,52,147598,Phil Cunningham,Space Traveller,GB,Cassima,False,False,,67,,False,,IRE,"Green and in rear throughout at Newmarket, finishing almost 5l behind Al Wathba; may do better with the experience under his belt but has work to do to reverse placings with that rival."
923954,British Stallion Studs EBF Maiden Stakes (Colts And Geldings Only),21,Goodwood,08/01/2026 16:45:00,Other,Class 2,,,2yo,None,7f,7,1407,1540,Good To Firm,Turf,9526592,Rupert The Brave right,93947,Tom Marquand right,42459,Oliver Cole right,2,,11,5,9-2,146,33/1,34,,,,CompletedRace,9,2,9,00:01:28.4300000,88.43,16/1,17,,,"£38,655",38655,,,,145362,Middleham Park Racing XLVI,Phoenix Of Spain,IRE,Marjubilation,False,False,,62,,False,,IRE,"38,000euros foal, 70,000gns yearling; Phoenix Of Spain half-brother to Listed-placed 5f/6f 2yo winner Rush Queen (RPR 88); dam unraced, out of maiden half-sister to Group-placed 1m 2yo winner Yaseer; begins career in rather deep waters."
923954,British Stallion Studs EBF Maiden Stakes (Colts And Geldings Only),21,Goodwood,08/01/2026 16:45:00,Other,Class 2,,,2yo,None,7f,7,1407,1540,Good To Firm,Turf,9613734,Bundaberg right,95388,David Egan right,41396,Gary &amp; Josh Moore right,2,,2,13,9-2,146,150/1,151,,,,CompletedRace,10,1.5,10.5,00:01:28.7300000,88.73,66/1,67,,,"£38,655",38655,,,,375686,Stj Racing,Australia,GB,Elle Maxima,False,False,,47,,False,,IRE,"45,000gns yearling; by Australia; dam placed at 1m2f/1m3f in Germany, sibling to a few very useful German winners, notably Elle Shadow (triple 1m2f Group 3); probably one to look out for over longer trips later on."
923954,British Stallion Studs EBF Maiden Stakes (Colts And Geldings Only),21,Goodwood,08/01/2026 16:45:00,Other,Class 2,,,2yo,None,7f,7,1407,1540,Good To Firm,Turf,8688823,Magi Melchior right,84636,Sean Levey right,28787,Richard Hannon right,2,,7,9,9-2,146,50/1,51,77,,,CompletedRace,11,2,12.5,00:01:29.1300000,89.13,33/1,34,19,44,"£38,655",38655,77,81,74,355407,John Collins & Emma Cracknell,Kodiac,GB,Background,False,False,,61,,False,,GB,"Has shown ability in 6f contests, finishing fourth both times and earning a mark of 77 which is 3lb below the one allotted to stablemate Rafe's Da Man but this is the first string on jockey arrangements and still open to progress with this new trip a plus on breeding."
923954,British Stallion Studs EBF Maiden Stakes (Colts And Geldings Only),21,Goodwood,08/01/2026 16:45:00,Other,Class 2,,,2yo,None,7f,7,1407,1540,Good To Firm,Turf,9115871,Regency Royal right,100360,Callum Hutchinson right,15605,Andrew Balding right,2,,10,10,9-2,146,11/1,12,,,,CompletedRace,12,2.25,14.75,00:01:29.5800000,89.58,5/1,6,22,2,"£38,655",38655,,83,78,280486,Michael Blencowe,Calyx,GB,Rondina,False,False,,60,,True,,GER,Showed promise with second-place finish in 6f event at Chester while shaping as if today's extra furlong will suit; this is a stronger race but he's open to progress and could go well.
923954,British Stallion Studs EBF Maiden Stakes (Colts And Geldings Only),21,Goodwood,08/01/2026 16:45:00,Other,Class 2,,,2yo,None,7f,7,1407,1540,Good To Firm,Turf,9472122,Speakers Corner right,79202,Ryan Moore right,7978,A P O'Brien right,2,,12,14,9-2,146,13/8F,2.625,,,,CompletedRace,13,1.75,16.5,00:01:29.9300000,89.93,11/4,3.75,14,4,"£38,655",38655,,82,41,294590,M Tabor & D Smith & Mrs J Magnier & Westerberg,Wootton Bassett,GB,Credenza,False,False,,52,,False,,IRE,"Ballydoyle colt who holds several Group entries; unable to quicken in steadily run maiden at the Curragh (7f, good to firm) but stuck on for fourth of six and should be capable of improvement, especially if getting a stronger pace kept to this distance; shortlisted."
923955,Coral Rewards Shaker Handicap,21,Goodwood,08/01/2026 17:20:00,Other,Class 3,,0-95,3yo+,None,1m1f,9,1809,1980,Good To Firm,Turf,7436430,Crest Of Fire right,93947,Tom Marquand right,40161,Jack Channon right,3,,12,14,9-6,150,100/30J,4.333333333333334,94,,,CompletedRace,1,0,0,00:01:53.7000000,113.7,7/2,4.5,22,2-1302,"£25,770",25770,94,103,88,355417,Crest Racing Ix,Phoenix Of Spain,IRE,Chicita Banana,False,False,,50,,False,,IRE,"Third to Blue Courvoisier in the Silver Bowl at Carlisle (1m, good to firm) in May and bounced back from Royal Ascot defeat (drawn on the wrong side) for clear second at Ascot (1m, good to firm), when a nose behind Ciarrai Abu who followed up here on Thursday; he should stay this far, and this progressive 3yo could be on an advantageous mark up 4lb since last time."
923955,Coral Rewards Shaker Handicap,21,Goodwood,08/01/2026 17:20:00,Other,Class 3,,0-95,3yo+,None,1m1f,9,1809,1980,Good To Firm,Turf,4924584,Boyfriend right,75506,Pat Dobbs right,28787,Richard Hannon right,5,,3,12,9-10,154,13/2,7.5,90,,,CompletedRace,2,0.3,0.3,00:01:53.7600000,113.76,11/1,12,50,56-813,"£25,770",25770,90,101,94,43901,Mrs J Wood,Twilight Son,GB,Tallow,False,False,,61,,False,,GB,"Fifth of 16 in this last year in a race that favoured those ridden more prominently and he's been in career-best form at Sandown on his last two starts, posting a win (1m, good) and a very creditable third of 12 (1m2f, good); could be involved."
923955,Coral Rewards Shaker Handicap,21,Goodwood,08/01/2026 17:20:00,Other,Class 3,,0-95,3yo+,None,1m1f,9,1809,1980,Good To Firm,Turf,8039755,Blue Courvoisier right,100350,Saffie Osborne right,5863,Clive Cox right,3,,16,6,9-3,147,100/30J,4.333333333333334,91,,,CompletedRace,3,0.5,0.75,00:01:53.8500000,113.85,4/1,5,44,2-2410,"£25,770",25770,91,100,89,352384,A D Spence & I Madueke,Sea The Stars,IRE,Priceless,False,False,,37,,False,,GB,"Built upon previous promise to win the Silver Bowl at Carlisle (1m, good to firm) in May on his third handicap start; mid-division in the Britannia at Royal Ascot (1m, good to firm) since when fifth of 15 on the unfavoured far side; this 3yo remains of interest and is firmly in calculations."
923955,Coral Rewards Shaker Handicap,21,Goodwood,08/01/2026 17:20:00,Other,Class 3,,0-95,3yo+,None,1m1f,9,1809,1980,Good To Firm,Turf,6604819,Shafdar right,95388,David Egan right,12465,Ian Williams right,4,t1,11,9,9-8,152,17/2,9.5,88,,,CompletedRace,4,0.3,1,00:01:53.9000000,113.9,14/1,15,49,120106,"£25,770",25770,88,101,92,343454,The Green Bar Owners,Make Believe,GB,Shafia,True,False,,47,,True,,IRE,"4yo who was making his seventh start when winning at Epsom (8.5f, good) in April; two lesser runs have followed but it wasn't a bad effort at Sandown last time and the fact he excelled at Epsom bodes well for today's first visit to Goodwood, which has similarities; wears a first-time tongue-tie."
923955,Coral Rewards Shaker Handicap,21,Goodwood,08/01/2026 17:20:00,Other,Class 3,,0-95,3yo+,None,1m1f,9,1809,1980,Good To Firm,Turf,5982510,Thunder Wonder right,98301,Marco Ghiani right,40131,Charlie Johnston right,4,,18,2,9-3,147,9/1,10,83,,,CompletedRace,5,1.25,2.25,00:01:54.1500000,114.15,10/1,11,32,0-0483,"£25,770",25770,83,100,86,80485,John Brown & Megan Dennis,Night Of Thunder,IRE,Princess Yaiza,False,False,,45,,True,,IRE,"Inconsistent and his losing sequence is up to 11 races; however, he was a close third off this reduced mark at Musselburgh (1m1f, good) last time and is an each-way contender if backing up that performance."
923955,Coral Rewards Shaker Handicap,21,Goodwood,08/01/2026 17:20:00,Other,Class 3,,0-95,3yo+,None,1m1f,9,1809,1980,Good To Firm,Turf,6595661,First Ambition right,91857,Daniel Muscutt right,41983,Michael Keady right,5,,15,8,9-4,148,150/1,151,84,,,CompletedRace,6,0.05,2.5,00:01:54.2000000,114.2,50/1,51,30,6-6706,"£25,770",25770,84,99,,375685,"Powell, Casimir-Mrowczynski, Fielding",Invincible Spirit,IRE,Laurens,False,False,,20,,True,2,GB,"5yo who won last year on first two starts before good second on handicap debut at Haydock where he was 7lb higher; however, his form has gone the wrong way since and there was no revival on last month's stable debut."
923955,Coral Rewards Shaker Handicap,21,Goodwood,08/01/2026 17:20:00,Other,Class 3,,0-95,3yo+,None,1m1f,9,1809,1980,Good To Firm,Turf,6114849,Spell Master right,88798,Ray Dawson right,42671,Oli Rix right,4,,7,4,9-9,153,4/1,5,89,,,CompletedRace,7,1,3.5,00:01:54.4000000,114.4,7/1,8,21,01-836,"£25,770",25770,89,102,81,371217,Blue Chip Bloodstock,Kameko,USA,Golden Spell,False,False,,80,,True,,GB,"Close third at Newmarket (good) in June on his first crack at 1m and second start for this yard, and he made good headway before his run petered out in the John Smith's Cup at York (10.2f, good to firm), finishing sixth of 22; has won here and today's drop back in trip/grade could prove ideal."
923955,Coral Rewards Shaker Handicap,21,Goodwood,08/01/2026 17:20:00,Other,Class 3,,0-95,3yo+,None,1m1f,9,1809,1980,Good To Firm,Turf,4175417,Real Gain right,6901,James Doyle right,25988,Hamad Al Jehani right,6,,4,18,9-10,154,12/1,13,90,,,CompletedRace,8,0.2,3.5,00:01:54.4000000,114.4,11/1,12,86,300-45,"£25,770",25770,90,103,82,325088,Wathnan Racing,Profitable,IRE,Real Me,False,False,,40,,False,,IRE,"Third of 15 for Richard Hughes in the Golden Mile here last August when 5lb higher; hasn't hit the same heights since, most recently fifth of nine at Redcar when the 6-4 favourite; however, he's on a dangerous mark and is not written off; interesting to see if he's again strong in the betting."
923955,Coral Rewards Shaker Handicap,21,Goodwood,08/01/2026 17:20:00,Other,Class 3,,0-95,3yo+,None,1m1f,9,1809,1980,Good To Firm,Turf,6666815,Ammes right,93237,Kieran Shoemark right,40072,James Owen right,4,v,6,15,9-9,153,12/1,13,89,,,CompletedRace,9,0.75,4.25,00:01:54.5500000,114.55,14/1,15,28,3-6244,"£25,770",25770,89,101,92,355524,J Melville And A Mehrad,No Nay Never,USA,Crystal Diamond,False,False,,68,,True,,IRE,"Kept on for second at Redcar (1m2f, good to firm) in April and he's run well in fourth on both starts since (1m2f/1m4f, good to soft/good to firm); he's never raced over a trip this short and it isn't an obvious plus, but on the flip-side a well-run race in this big field should play to his strengths."
923955,Coral Rewards Shaker Handicap,21,Goodwood,08/01/2026 17:20:00,Other,Class 3,,0-95,3yo+,None,1m1f,9,1809,1980,Good To Firm,Turf,6803062,Thinthread right,14629,Pat Cosgrave right,20005,George Baker right,4,p1,13,3,9-6,150,80/1,81,86,,,CompletedRace,10,0.1,4.5,00:01:54.6000000,114.6,50/1,51,30,5313-5,"£25,770",25770,86,96,86,374355,Desk To Dirt,Invincible Spirit,IRE,Cristielle,True,False,,54,,True,2,GB,"Two-time French winner who could improve from his British debut at Kempton (1m4f, AW) last month, when fifth of seven; dropped 2lb but there's a suspicion he remains on a tough mark; wears first-time cheekpieces."
923955,Coral Rewards Shaker Handicap,21,Goodwood,08/01/2026 17:20:00,Other,Class 3,,0-95,3yo+,None,1m1f,9,1809,1980,Good To Firm,Turf,2806566,Sweet Reward right,92774,Rob Hornby right,12601,Jonathan Portman right,9,,9,10,9-8,152,40/1,41,88,,,CompletedRace,11,0.75,5.25,00:01:54.7500000,114.75,20/1,21,50,7-2119,"£25,770",25770,88,101,82,318556,Maranto Manor,Acclamation,GB,Dangle,False,False,,56,,False,,IRE,"9yo who won two in a row at Lingfield (1m2f/1m1f, good to firm) and maybe went off too hard when well beaten at Sandown (1m2f, good) last time; has won here twice and he might not be far away if bouncing back."
923955,Coral Rewards Shaker Handicap,21,Goodwood,08/01/2026 17:20:00,Other,Class 3,,0-95,3yo+,None,1m1f,9,1809,1980,Good To Firm,Turf,5398613,Great Chieftain right,86013,David Probert right,42459,Oliver Cole right,5,b,14,11,9-5,149,40/1,41,85,,,CompletedRace,12,0.2,5.5,00:01:54.8000000,114.8,20/1,21,17,7-8594,"£25,770",25770,85,101,80,112240,Mrs Fitri Hay,Gleneagles,IRE,Ivirka,False,False,,62,,False,,IRE,"Course winner who won two in a row last May (1m, good) and is 4lb below his last winning mark; showed some spark at Meydan in January but hasn't shone in Britain on his two runs since and needs to turn things around."
923955,Coral Rewards Shaker Handicap,21,Goodwood,08/01/2026 17:20:00,Other,Class 3,,0-95,3yo+,None,1m1f,9,1809,1980,Good To Firm,Turf,4455657,Nostrum right,90243,Jason Hart right,10363,Michael Appleby right,6,p,8,7,9-8,152,25/1,26,88,,,CompletedRace,13,1.25,6.75,00:01:55.0500000,115.05,25/1,26,21,-02580,"£25,770",25770,88,100,91,249735,Thoroughbred British Racing,Kingman,GB,Mirror Lake,False,False,,52,,True,,GB,"Extremely well handicapped on his old form; it appeared to bode very well for this campaign when he was runner-up at Sandown in May on his second stable start, but he's failed to kick on and has something to prove."
923955,Coral Rewards Shaker Handicap,21,Goodwood,08/01/2026 17:20:00,Other,Class 3,,0-95,3yo+,None,1m1f,9,1809,1980,Good To Firm,Turf,3831806,Alcaraz right,90687,C Y Ho right,20005,George Baker right,7,,17,17,9-3,147,80/1,81,83,,,CompletedRace,14,5.5,12.25,00:01:56.1500000,116.15,50/1,51,72,7228-5,"£25,770",25770,83,100,97,373630,Downs House Racing,Intello,GER,Terre,False,False,,54,,True,2,FR,Seven-time winner in France; this front-runner was runner-up in twice in a row for Tom Dascombe last July/September but things didn't go to plan on his final two runs for that yard (Flat/hurdles) and he was well beaten on his stable and seasonal debut at Chepstow in May.
923955,Coral Rewards Shaker Handicap,21,Goodwood,08/01/2026 17:20:00,Other,Class 3,,0-95,3yo+,None,1m1f,9,1809,1980,Good To Firm,Turf,6102189,Rock Of Cashel right,13689,Jamie Spencer right,12967,Niels Petersen right,4,,1,1,9-12,156,40/1,41,92,,,CompletedRace,15,31,43.25,00:02:02.3500000,122.35,100/1,101,44,-00010,"£25,770",25770,92,96,65,150555,Douglas Livingston,Wootton Bassett,GB,Best In The World,False,False,,,,False,,IRE,Ex-Ballydoyle 4yo who has been running for Norwegian yard this year; won in Norway in May but struggled in handicaps at Meydan early this year and was well beaten in the Buckingham Palace at Royal Ascot in June (third of six in far-side group); others are preferred.
924021,Scullion Law 'Law Firm For Life' EBF Maiden Stakes (GBB Race),22,Hamilton,08/01/2026 17:50:00,Other,Class 4,,,2yo,None,6f,6,1206,1320,Good,Turf,9326750,Henley On Thames right,87290,Sam James right,37949,Kevin Philippart De Foy right,2,,3,3,9-7,151,2/1,3,79,,,CompletedRace,1,0,0,00:01:10.5100000,70.51,6/4,2.5,17,622,"£6,210",6210,79,84,67,252234,Amo Racing Limited,Persian Force,IRE,University,False,False,,60,,True,,IRE,Runner-up in fast-ground maidens at Brighton (5.5f) and Yarmouth (5f) on last two starts; sets a fair standard and shapes as if 6f could suit.
924021,Scullion Law 'Law Firm For Life' EBF Maiden Stakes (GBB Race),22,Hamilton,08/01/2026 17:50:00,Other,Class 4,,,2yo,None,6f,6,1206,1320,Good,Turf,9517078,Thanks Harry right,76872,P J McDonald right,17934,Tom Dascombe right,2,,5,1,9-7,151,6/1,7,,,,CompletedRace,2,2.25,2.25,00:01:10.9600000,70.96,16/1,17,21,7,"£6,210",6210,,57,39,374951,Albert Small & Russell Jones & Partner,Harry Angel,IRE,Thankful,False,False,,22,,True,,GB,Harry Angel colt who was sent off at 33-1 and finished well held on his Ascot debut three weeks ago.
924021,Scullion Law 'Law Firm For Life' EBF Maiden Stakes (GBB Race),22,Hamilton,08/01/2026 17:50:00,Other,Class 4,,,2yo,None,6f,6,1206,1320,Good,Turf,9544222,California School right,79371,Paul Mulrennan right,24890,Roger Varian right,2,,2,2,9-7,151,EvensF,2,,,,CompletedRace,3,0.5,2.75,00:01:11.0600000,71.06,6/4,2.5,14,6,"£6,210",6210,,69,69,375168,C Liang,Starspangledbanner,AUS,School Run,False,False,,54,,True,,IRE,"140,000gns breeze-up purchase who never threatened when sixth of ten on Newbury debut (6f, good to firm) a fortnight ago, but looked to be getting the hang of things late and improvement is very much on cards; Tuesday's Goodwood maiden winner Agrippa was second so it was probably a decent race."
924021,Scullion Law 'Law Firm For Life' EBF Maiden Stakes (GBB Race),22,Hamilton,08/01/2026 17:50:00,Other,Class 4,,,2yo,None,6f,6,1206,1320,Good,Turf,9613732,Bearing Gifts right,76831,Tom Eaves right,22525,Kevin Ryan right,2,,1,5,9-7,151,10/1,11,,,,CompletedRace,4,1.75,4.5,00:01:11.4100000,71.41,7/2,4.5,,,"£6,210",6210,,,,121822,Mrs R G Hillen,Starman,GB,Offering,False,False,,48,,False,,IRE,"200,000euros breeze-up purchase out of a mare who failed to win herself but is from a good family; betting informative for stable which enjoys plenty of first-time-out 2yo success."
924021,Scullion Law 'Law Firm For Life' EBF Maiden Stakes (GBB Race),22,Hamilton,08/01/2026 17:50:00,Other,Class 4,,,2yo,None,6f,6,1206,1320,Good,Turf,9590680,Polymer right,81166,Andrew Mullen right,22367,Ben Haslam right,2,,4,4,9-7,151,40/1,41,,,,CompletedRace,5,17,21.5,00:01:14.8100000,74.81,20/1,21,,,"£6,210",6210,,,,361584,"Fmq Stables, Inc",Space Blues,IRE,Ad Dahna,False,False,,54,,False,,IRE,Space Blues half-brother to 6f/7f AW 2yo winner Ghisa (RPR 77); dam unraced half-sister to some useful sorts; yard had an easy 2yo winner here (although not first time up) in June so a market move would be interesting.
924020,Strathmore Hotels Ltd Novice Stakes (GBB/GBBPlus Race),22,Hamilton,08/01/2026 18:25:00,Other,Class 3,,,3yo+,None,1m3f,11,2211,2420,Good,Turf,7601659,Tiernan right,81166,Andrew Mullen right,21516,Iain Jardine right,4,,2,4,9-13,157,11/8,2.375,85,,,CompletedRace,1,0,0,00:02:20.7800000,140.78,5/2,3.5,25,20-602,"£7,290",7290,85,87,52,255607,The Farming Army,Dubawi,IRE,Jollify,False,False,,68,,True,,IRE,"Form has been up and down, but one of his better efforts when beaten a neck in a Pontefract maiden (1m2f, good) last month; solid claims granted a similar effort."
924020,Strathmore Hotels Ltd Novice Stakes (GBB/GBBPlus Race),22,Hamilton,08/01/2026 18:25:00,Other,Class 3,,,3yo+,None,1m3f,11,2211,2420,Good,Turf,8144058,Kissmehoneyhoney right,79371,Paul Mulrennan right,3415,William Haggas right,4,,1,5,10-1,161,5/1,6,,,,CompletedRace,2,4,4,00:02:21.5800000,141.58,6/4,2.5,92,1-8,"£7,290",7290,,83,43,327792,Dash Grange Stud,Crystal Ocean,GB,Buildmeupbuttercup,False,False,,66,,True,,GB,"Overcame greenness when narrowly making a winning debut at Leicester (1m2f, good to soft) last September, but although only beating one home in a Listed contest at Goodwood (1m4f, good) in May, she did meet trouble; respected if resuming her progress."
924020,Strathmore Hotels Ltd Novice Stakes (GBB/GBBPlus Race),22,Hamilton,08/01/2026 18:25:00,Other,Class 3,,,3yo+,None,1m3f,11,2211,2420,Good,Turf,8437038,According To Mark right,76872,P J McDonald right,38073,Edward Bethell right,3,p1,3,2,9-4,148,5/4F,2.25,84,,,CompletedRace,3,9.5,13.5,00:02:23.4800000,143.48,15/8,2.875,23,4-222,"£7,290",7290,84,88,81,320771,Peter Jeffers,St Mark's Basilica,FR,Maimara,True,False,,72,,True,,IRE,"Runner-up in all three starts this year, the latest behind a nice sort (just beaten in a Goodwood handicap on Wednesday) at Doncaster (1m4f, good to firm; first start since being gelded) last month; big shout, especially if the cheekpieces have a positive effect."
924020,Strathmore Hotels Ltd Novice Stakes (GBB/GBBPlus Race),22,Hamilton,08/01/2026 18:25:00,Other,Class 3,,,3yo+,None,1m3f,11,2211,2420,Good,Turf,8437036,Sottsfield right,81371,Dale Swift right,34145,Seb Spencer right,3,,4,1,9-4,148,25/1,26,,,,CompletedRace,4,0.3,13.75,00:02:23.5300000,143.53,12/1,13,87,8-4,"£7,290",7290,,74,52,368749,Chalkstone Racing,Sottsass,FR,Silver Meadow,False,False,,50,,False,,IRE,"Not disgraced when fourth of five in a Chester maiden (1m2f, good; 150-1) in May, but he still has a bit to find and looks one for handicaps after this."
924020,Strathmore Hotels Ltd Novice Stakes (GBB/GBBPlus Race),22,Hamilton,08/01/2026 18:25:00,Other,Class 3,,,3yo+,None,1m3f,11,2211,2420,Good,Turf,9350211,Midnight Serenade right,86690,Amie Waugh right,10241,R Mike Smith right,3,h1,5,3,8-10,138,200/1,201,,,,CompletedRace,5,37,50.75,00:02:30.9300000,150.93,66/1,67,,,"£7,290",7290,,,,267983,Alexander James Bogle,Twilight Son,GB,Midnight Bahia,True,False,,41,3,True,,GB,"Half-sister to winners Earn Your Stripes (5f/6f; RPR 59) and Willy Il Coyote (Italian 6.7f-1m); dam 1m4f AW winner (58), half-sister to US 8.5f stakes winner Lilbourne Eliza and Listed-placed 1m/1m2f winner Terre Neuve; hooded on debut and wouldn't be an obvious winner first time out; refused to enter the stalls for her intended debut at Carlisle in June."
924022,PDM Handicap (GBBPlus Race),22,Hamilton,08/01/2026 19:00:00,Other,Class 4,,0-80,3yo+,None,1m5f,13,2614,2860,Good,Turf,5759904,Cabrera right,76872,P J McDonald right,38073,Edward Bethell right,5,,1,3,10-4,164,85/40F,3.125,82,,,CompletedRace,1,0,0,00:02:52.4300000,172.43,5/1,6,15,5-459V,"£5,286",5286,82,85,77,342295,Hot To Trot Racing 1 And Mrs David Egan,Phoenix Of Spain,IRE,Island Remede,False,False,,72,,False,,IRE,"Out of her depth in Listed company at Pontefract (1m4f, good) 15 days ago, but suggested she retains ability after returning from another lengthy absence in March; return to a longer trip may suit and respected down in grade."
924022,PDM Handicap (GBBPlus Race),22,Hamilton,08/01/2026 19:00:00,Other,Class 4,,0-80,3yo+,None,1m5f,13,2614,2860,Good,Turf,6679876,Secret Force right,99639,Mikey Sheehy right,29513,Adrian Paul Keatley right,4,,3,4,10-0,160,9/2,5.5,78,,,CompletedRace,2,0.2,0.2,00:02:52.4700000,172.47,6/1,7,,1-4317,"£5,286",5286,78,84,74,151530,J Fyffe,Frankel,GB,Duneflower,False,False,,38,,False,,IRE,"2-5 since joining this yard, winning at Pontefract (2m2f, good; first-time visor) in June and over hurdles at Cartmel a fortnight ago; clearly in good heart, but this may not be far enough for him now."
924022,PDM Handicap (GBBPlus Race),22,Hamilton,08/01/2026 19:00:00,Other,Class 4,,0-80,3yo+,None,1m5f,13,2614,2860,Good,Turf,6940961,Gallus Norman right,79371,Paul Mulrennan right,7795,Jim Goldie right,7,,9,11,9-2,146,8/1,9,66,,,CompletedRace,3,1.25,1.5,00:02:52.7300000,172.73,9/2,5.5,1,-21315,"£5,286",5286,66,83,71,353410,Gallus Racing,Telescope,IRE,La Vecchia Scuola,False,False,,46,,False,,GB,"Lightly raced 7yo who won at Musselburgh (2m, good) in May and Ayr (1m7f, soft) in June; however, he seemed to find the trip too sharp over C&D (good) in between and ran poorly over 2m when favourite at Musselburgh on Friday."
924022,PDM Handicap (GBBPlus Race),22,Hamilton,08/01/2026 19:00:00,Other,Class 4,,0-80,3yo+,None,1m5f,13,2614,2860,Good,Turf,8001136,Cotton Bud right,87589,Gina Mangan right,14024,Shaun Lycett right,3,,10,8,8-13,141,4/1,5,73,,,CompletedRace,4,2.25,3.75,00:02:53.1800000,173.18,6/1,7,79,442-16,"£5,286",5286,73,80,76,371255,Montefeltro Racing - Cotton Bud,Cloth Of Stars,IRE,Pink Anemone,False,False,,50,,True,,IRE,"Made a successful stable debut/reappearance at Doncaster (1m2f, good to firm) in April, but a 5lb rise seemed to find her out at York (1m4f, good) the following month; bred to stay this far, but she needs to bounce back after 79 days off."
924022,PDM Handicap (GBBPlus Race),22,Hamilton,08/01/2026 19:00:00,Other,Class 4,,0-80,3yo+,None,1m5f,13,2614,2860,Good,Turf,3098706,Spanish Hustle right,101188,Kaiya Fraser right,7795,Jim Goldie right,8,p,8,1,9-3,147,40/1,41,67,,,CompletedRace,5,1.75,5.5,00:02:53.5300000,173.53,16/1,17,21,8-0066,"£5,286",5286,67,80,63,178654,Johnnie Delta Racing,Pearl Secret,GB,Dos Lunas,False,False,,46,,False,,GB,"Six of his eight wins have come over 1m3f/1m4f here and is 6lb lower than for the most recent, but yet to click since returning in May; dual-handed stable won this in 2022 and 2023."
924022,PDM Handicap (GBBPlus Race),22,Hamilton,08/01/2026 19:00:00,Other,Class 4,,0-80,3yo+,None,1m5f,13,2614,2860,Good,Turf,5911351,Eroico right,100377,Mark Winn right,9693,Martin Todhunter right,4,,7,10,9-3,147,11/1,12,67,,,CompletedRace,6,1.25,6.75,00:02:53.7800000,173.78,25/1,26,38,42-594,"£5,286",5286,67,85,71,149020,The Surf And Turf Partnership,Phoenix Of Spain,IRE,Reiwa,False,False,,50,,False,,IRE,"0-8; finished fourth of 15 on her third start for the yard at Carlisle (1m3f, good to firm; 50-1) last time, but was still 15l behind the winner; another 2lb drop not enough to tempt."
924022,PDM Handicap (GBBPlus Race),22,Hamilton,08/01/2026 19:00:00,Other,Class 4,,0-80,3yo+,None,1m5f,13,2614,2860,Good,Turf,6229375,Gentle Warrior right,87290,Sam James right,5019,K R Burke right,4,p,4,6,9-9,153,14/1,15,73,,,CompletedRace,7,0.5,7.25,00:02:53.8800000,173.88,8/1,9,15,-0246V,"£5,286",5286,73,87,71,249690,Hambleton Racing Ltd XXXV & E Burke,Mohaather,GB,Gentle On My Mind,False,False,,64,,False,,IRE,"Edging back down the weights and now 3lb higher than for the latest of two wins over 1m6f last September; wore cheekpieces in a void race last month, but this is effectively his first start in them; shortlisted."
924022,PDM Handicap (GBBPlus Race),22,Hamilton,08/01/2026 19:00:00,Other,Class 4,,0-80,3yo+,None,1m5f,13,2614,2860,Good,Turf,5251970,Ouro Preto right,100697,Aiden Brookes right,21516,Iain Jardine right,5,,6,2,9-3,147,66/1,67,67,,,CompletedRace,8,0.75,8,00:02:54.0300000,174.03,33/1,34,7,-79790,"£5,286",5286,67,80,77,368751,Miss V E Renwick,Wootton Bassett,GB,Harem Mistress,False,False,,68,,False,,FR,"Three-time winner over 1m3f/1m4f on a soft surface in France, but he hasn't beaten many in five starts for this yard; down another 3lb, but hard to fancy."
924022,PDM Handicap (GBBPlus Race),22,Hamilton,08/01/2026 19:00:00,Other,Class 4,,0-80,3yo+,None,1m5f,13,2614,2860,Good,Turf,7878371,Wootton's Gal right,101888,Ethan Tindall right,42996,Richard &amp; Peter Fahey right,3,,11,5,8-0,128,28/1,29,65,,,CompletedRace,9,0.75,8.75,00:02:54.1800000,174.18,12/1,13,36,5-24,"£5,286",5286,65,80,61,102184,The Cosmic Cases,Nathaniel,IRE,Royal Cosmic,False,False,,35,5,True,,GB,Beaten upwards of 10l in three maidens over 7f-1m4f; from a highly successful staying family and worth a market check on handicap debut.
924022,PDM Handicap (GBBPlus Race),22,Hamilton,08/01/2026 19:00:00,Other,Class 4,,0-80,3yo+,None,1m5f,13,2614,2860,Good,Turf,5021312,High Point right,81166,Andrew Mullen right,21516,Iain Jardine right,5,,2,9,10-2,162,6/1,7,80,,,CompletedRace,10,1,9.75,00:02:54.3800000,174.38,6/1,7,51,15-301,"£5,286",5286,80,87,74,216122,I J Jardine,New Bay,GB,Pacharana,False,False,,68,,True,1,IRE,"Made all on his final start for Ross Burdon at Yarmouth (11.5f, soft) in June, since when he changed hands for 19,000gns; 4lb rise fair enough, but he could do with some rain; one of two runners for yard that took this in 2024."
924019,Cube Glass 'Soba' Handicap,22,Hamilton,08/01/2026 19:30:00,Other,Class 2,,0-100,3yo+,None,5f,5,1005,1100,Good,Turf,6582477,Corolla Point right,76872,P J McDonald right,38073,Edward Bethell right,4,,1,11,10-0,160,3/1F,4,97,,,CompletedRace,1,0,0,00:00:57.2100000,57.21,5/2,3.5,36,11-332,"£15,462",15462,97,102,88,362527,All The Ridings,Blue Point,IRE,Platinum Coast,False,False,,72,,True,,IRE,"Won 5f handicaps at Haydock (good) and here (soft) on his first two runs for Ed Bethell last September; has recorded even better form in defeat this year, notably his close second of 14 in the Gosforth Park Cup (5f) five weeks ago; won't be inconvenienced should any of the forecast showers arrive; gets the vote."
924019,Cube Glass 'Soba' Handicap,22,Hamilton,08/01/2026 19:30:00,Other,Class 2,,0-100,3yo+,None,5f,5,1005,1100,Good,Turf,5309181,Eternal Sunshine right,103748,Lauren Young right,7795,Jim Goldie right,6,,11,3,8-8,136,9/1,10,82,,,CompletedRace,2,0.1,0.1,00:00:57.2300000,57.23,16/1,17,7,094260,"£15,462",15462,82,104,97,252694,James Callow & J S Goldie,Orientor,GB,Eternal Instinct,False,False,,46,5,False,,GB,Won last season's Portland handicap at Doncaster (good) off a 2lb higher mark; looked on the way back when runner-up back at Doncaster early last month but two lesser runs have followed.
924019,Cube Glass 'Soba' Handicap,22,Hamilton,08/01/2026 19:30:00,Other,Class 2,,0-100,3yo+,None,5f,5,1005,1100,Good,Turf,6587058,Fluorescence right,87589,Gina Mangan right,38073,Edward Bethell right,4,,6,4,9-7,151,5/1,6,90,,,CompletedRace,3,0.05,0.2,00:00:57.2500000,57.25,10/1,11,22,04-U49,"£15,462",15462,90,106,75,307369,Sigsworth Partners,Twilight Son,GB,Azhar,False,False,,72,,True,,GB,Largely progressive form; ran a cracker on what was effectively her seasonal return (unseated her rider soon after start on reappearance) when fourth of 15 in 5f Ayr Listed race (soft) in June; travelled strongly close to the pace in 6f York Group 3 (good to firm) since and the return to 5f could suit back in handicap company; part of a strong hand for Ed Bethell.
924019,Cube Glass 'Soba' Handicap,22,Hamilton,08/01/2026 19:30:00,Other,Class 2,,0-100,3yo+,None,5f,5,1005,1100,Good,Turf,6046660,Canon's House right,100377,Mark Winn right,38543,Michael &amp; David Easterby right,5,,9,12,9-2,146,14/1,15,85,,,CompletedRace,4,1.25,1.5,00:00:57.5100000,57.51,12/1,13,27,625063,"£15,462",15462,85,102,93,359086,"M McHale, J Munroe, M Guy & D Walshe",Zoustar,AUS,Swiss Dream,False,False,,45,,True,,GB,"Four wins last season, including C&D on good; 0-6 in 2026 but latest Southwell third creditable and he's back on a winning mark."
924019,Cube Glass 'Soba' Handicap,22,Hamilton,08/01/2026 19:30:00,Other,Class 2,,0-100,3yo+,None,5f,5,1005,1100,Good,Turf,4839381,Vantheman right,76831,Tom Eaves right,22525,Kevin Ryan right,5,b,7,9,9-4,148,9/1,10,87,,,CompletedRace,5,0.3,1.75,00:00:57.5600000,57.56,11/1,12,15,701344,"£15,462",15462,87,103,98,375276,C Paterson,Invincible Army,IRE,Laila Honiwillow,False,False,,48,,False,,IRE,"Back in form since fitted with blinkers, scoring over C&D (good) in May; has reached the frame on all three outings since, although latest fourth of seven at Pontefract was no more than respectable."
924019,Cube Glass 'Soba' Handicap,22,Hamilton,08/01/2026 19:30:00,Other,Class 2,,0-100,3yo+,None,5f,5,1005,1100,Good,Turf,3178705,Fivethousandtoone right,86690,Amie Waugh right,10152,Tim Easterby right,8,p,13,14,8-9,137,25/1,26,81,,,CompletedRace,6,0.3,2,00:00:57.6100000,57.61,25/1,26,35,322068,"£15,462",15462,81,101,68,252211,King Power Racing Co Ltd,Frankel,GB,Promised Money,False,False,,46,3,True,,IRE,He is a better horse on AW than turf; a much lower mark in this sphere reflects that but his 1-28 record on the grass doesn't mark him down as the likely winner of this.
924019,Cube Glass 'Soba' Handicap,22,Hamilton,08/01/2026 19:30:00,Other,Class 2,,0-100,3yo+,None,5f,5,1005,1100,Good,Turf,4502654,Another Baar right,99639,Mikey Sheehy right,29513,Adrian Paul Keatley right,6,t,4,13,9-8,152,50/1,51,91,,,CompletedRace,7,1.25,3.25,00:00:57.8600000,57.86,33/1,34,36,100060,"£15,462",15462,91,99,71,335304,"Keatley Owners Group, Porter & Finneran",Mayson,GB,Rapid Recruit,False,False,,38,,False,,GB,Landed a 5f Bahrain handicap in January but has struggled since; the handicapper is starting to relent but others are still preferred.
924019,Cube Glass 'Soba' Handicap,22,Hamilton,08/01/2026 19:30:00,Other,Class 2,,0-100,3yo+,None,5f,5,1005,1100,Good,Turf,5118315,Purosangue right,101188,Kaiya Fraser right,12057,Robert Cowell right,5,,2,10,9-12,156,8/1,9,95,,,CompletedRace,8,2.25,5.5,00:00:58.3100000,58.31,15/2,8.5,36,40-445,"£15,462",15462,95,102,96,112240,Mrs Fitri Hay,Aclaim,IRE,Avon Breeze,False,False,,21,,True,,GB,"He hasn't won since a Listed success at York (6f, soft) in October 2023, but he's started for Robert Cowell with a trio of creditable efforts in competitive handicaps; could click for this yard at some point."
924019,Cube Glass 'Soba' Handicap,22,Hamilton,08/01/2026 19:30:00,Other,Class 2,,0-100,3yo+,None,5f,5,1005,1100,Good,Turf,5168469,Venture Capital right,90103,Shane Gray right,22525,Kevin Ryan right,5,p,12,5,8-13,141,33/1,34,82,,,CompletedRace,9,1.5,7,00:00:58.6100000,58.61,16/1,17,108,3-8708,"£15,462",15462,82,99,99,272025,Ms Leslie Clune,Washington DC,IRE,Ventura Blues,False,False,1,48,,False,,GB,Below par in three AW outings this year and a return to turf and first-time blinkers failed to spark a revival at Beverley in April; absent since (has had wind surgery for a second time).
924019,Cube Glass 'Soba' Handicap,22,Hamilton,08/01/2026 19:30:00,Other,Class 2,,0-100,3yo+,None,5f,5,1005,1100,Good,Turf,3549479,Manila Scouse right,96177,Sean Kirrane right,10152,Tim Easterby right,7,t,10,2,9-1,145,13/2,7.5,84,,,CompletedRace,10,0.2,7.25,00:00:58.6600000,58.66,9/1,10,26,-73261,"£15,462",15462,84,106,90,279357,Ambrose Turnbull & John Cruces,Aclaim,IRE,Forever Excel,False,False,,46,,False,,GB,"Running well this year, including close third to Vantheman over C&D in May, and he posted a deserved win in a big field at Ayr (6f, good) 26 days ago; raised 5lb but he was very competitive off similar marks in 2024."
924019,Cube Glass 'Soba' Handicap,22,Hamilton,08/01/2026 19:30:00,Other,Class 2,,0-100,3yo+,None,5f,5,1005,1100,Good,Turf,7896153,Arklow Lad right,103453,Conor Whiteley right,10363,Michael Appleby right,4,tp,3,7,9-4,148,4/1,5,92,,,CompletedRace,11,1.5,8.75,00:00:58.9600000,58.96,11/2,6.5,56,-13151,"£15,462",15462,92,101,76,314271,The Horse Watchers 6,Kuroshio,AUS,Ella Fitzgerald,False,False,,52,5,True,,IRE,"Made it 3-5 since joining Mick Appleby when seeing off 19 rivals in the Epsom Dash (5f, good to soft) eight weeks ago; had the advantage of racing against the near rail but most of his 6lb rise is offset by the promising Conor Whiteley's claim."
924023,Blitz Cleaning Commercial Cleaning Handicap,22,Hamilton,08/01/2026 20:00:00,Other,Class 5,,0-75,4yo+,None,5f,5,1005,1100,Good,Turf,5085191,Little Mi Mi right,81166,Andrew Mullen right,21516,Iain Jardine right,5,,5,4,9-4,148,4/1F,5,70,,,CompletedRace,1,0,0,00:00:57.3500000,57.35,11/2,6.5,36,121041,"£4,187",4187,70,87,67,371731,"N Irving, F Steele & I Jardine",Dandy Man,IRE,Alasaayel,False,False,,68,,False,,IRE,"Made it 3-10 on the AW when successful at Newcastle last month; up 5lb and 1-13 on turf, but a stiff 5f seems to suit her well; looks the pick of the stable's trio."
924023,Blitz Cleaning Commercial Cleaning Handicap,22,Hamilton,08/01/2026 20:00:00,Other,Class 5,,0-75,4yo+,None,5f,5,1005,1100,Good,Turf,5743692,Oriental Prince right,79371,Paul Mulrennan right,7795,Jim Goldie right,5,,6,3,9-3,147,5/1,6,69,,,CompletedRace,2,1.25,1.25,00:00:57.6000000,57.6,7/1,8,12,050748,"£4,187",4187,69,85,59,178654,Johnnie Delta Racing,Orientor,GB,Eternalist,False,False,,46,,False,,GB,"Another who has a better strike-rate on AW (7-19) than on turf (1-17); patchy form so far this year, but has dropped 3lb below his last winning mark and this is a drop in class; stable also runs Thunderstorm Katie."
924023,Blitz Cleaning Commercial Cleaning Handicap,22,Hamilton,08/01/2026 20:00:00,Other,Class 5,,0-75,4yo+,None,5f,5,1005,1100,Good,Turf,6074538,Hundred Caps right,87290,Sam James right,12225,Julie Camacho right,4,p,1,6,9-9,153,5/1,6,75,,,CompletedRace,3,0.5,1.75,00:00:57.7000000,57.7,4/1,5,29,225574,"£4,187",4187,75,85,74,6489,G B Turnbull Ltd,Showcasing,GB,Castle Hill Cassie,False,False,,20,,False,,GB,"Has been consistent since his successful reappearance at Southwell (6f, AW) in January and was only beaten 2l into fourth of eight in a 0-85 at Beverley last month; suited by a stiff 5f and much respected down in class."
924023,Blitz Cleaning Commercial Cleaning Handicap,22,Hamilton,08/01/2026 20:00:00,Other,Class 5,,0-75,4yo+,None,5f,5,1005,1100,Good,Turf,3505929,Harb right,86690,Amie Waugh right,22401,Tristan Davidson right,7,,9,9,8-7,135,10/1,11,62,,,CompletedRace,4,0.3,2,00:00:57.7500000,57.75,11/1,12,7,816830,"£4,187",4187,62,86,72,363371,Border Raiders II,Muhaarar,GB,Maid For Winning,False,False,,70,3,True,,GB,"Back off the same mark as when winning at Carlisle (5f, good) in May, but not very consistent so not quite sure what to expect."
924023,Blitz Cleaning Commercial Cleaning Handicap,22,Hamilton,08/01/2026 20:00:00,Other,Class 5,,0-75,4yo+,None,5f,5,1005,1100,Good,Turf,4241628,King's Crown right,76831,Tom Eaves right,5079,Michael Dods right,6,tp,4,1,9-5,149,28/1,29,71,,,CompletedRace,5,0.5,2.5,00:00:57.8500000,57.85,14/1,15,19,665340,"£4,187",4187,71,83,76,302579,Dods Racing Club,Starspangledbanner,AUS,Textured,False,False,,35,,True,,IRE,"Has a better strike-rate on the AW (4-26) than on turf (3-39); 4lb below his last winning mark, but has to put a modest effort at Ayr (5f, good to firm) last month behind him."
924023,Blitz Cleaning Commercial Cleaning Handicap,22,Hamilton,08/01/2026 20:00:00,Other,Class 5,,0-75,4yo+,None,5f,5,1005,1100,Good,Turf,4648391,Tiriac right,100377,Mark Winn right,15948,Paul Midgley right,6,p,3,5,9-5,149,8/1,9,71,,,CompletedRace,6,0.2,2.75,00:00:57.9000000,57.9,10/1,11,36,-97805,"£4,187",4187,71,81,74,356408,"Buist, Shields, Thompson & Partner",Sixties Icon,GB,Rough Courte,False,False,,44,,False,,GB,1lb below his last winning mark but usually misses the break and has finished out of the frame in all five starts this year; rain would help.
924023,Blitz Cleaning Commercial Cleaning Handicap,22,Hamilton,08/01/2026 20:00:00,Other,Class 5,,0-75,4yo+,None,5f,5,1005,1100,Good,Turf,2708949,Never Dark right,87589,Gina Mangan right,21516,Iain Jardine right,9,,12,10,8-6,134,25/1,26,58,,,CompletedRace,7,0.5,3.25,00:00:58,58,16/1,17,11,387-66,"£4,187",4187,58,81,66,157717,Alison Walker Sarah Cousins,No Nay Never,USA,Dark Missile,False,False,,68,,True,,GB,"Losing run up to 16, but has won twice over C&D and ran better than it looked when sixth of 11 at Wolverhampton (6f, AW) 11 days ago; 20lb below his last winning mark and could go well at a price."
924023,Blitz Cleaning Commercial Cleaning Handicap,22,Hamilton,08/01/2026 20:00:00,Other,Class 5,,0-75,4yo+,None,5f,5,1005,1100,Good,Turf,4375472,Mount Ruapehu right,100697,Aiden Brookes right,21516,Iain Jardine right,6,,11,7,8-7,135,33/1,34,59,,,CompletedRace,8,0.75,4,00:00:58.1500000,58.15,12/1,13,12,886664,"£4,187",4187,59,81,73,360759,Jardine Roofing Ltd,Invincible Spirit,IRE,Katla,False,False,,68,,True,,IRE,"1lb below his last winning mark, but is another who would have made more appeal on the AW (5-10) than turf (1-40)."
924023,Blitz Cleaning Commercial Cleaning Handicap,22,Hamilton,08/01/2026 20:00:00,Other,Class 5,,0-75,4yo+,None,5f,5,1005,1100,Good,Turf,5973427,Thunderstorm Katie right,103748,Lauren Young right,7795,Jim Goldie right,5,,10,2,8-4,132,5/1,6,61,,,CompletedRace,9,0.3,4.25,00:00:58.2000000,58.2,7/1,8,1,722262,"£4,187",4187,61,84,78,306424,Summerstorm Bloodstock Ltd,Muhaarar,GB,Firenze,False,False,,46,5,False,,GB,"One of five wins in the second half of last season was over C&D in August; four seconds (including over 5f/6f here) from the back in her last five starts this term, back to form at Musselburgh last night; each-way claims."
924023,Blitz Cleaning Commercial Cleaning Handicap,22,Hamilton,08/01/2026 20:00:00,Other,Class 5,,0-75,4yo+,None,5f,5,1005,1100,Good,Turf,3092685,Iris Dancer right,101188,Kaiya Fraser right,22401,Tristan Davidson right,8,b,7,11,9-1,145,11/2,6.5,67,,,CompletedRace,10,0.5,4.75,00:00:58.3000000,58.3,7/1,8,6,121613,"£4,187",4187,67,85,81,303017,Auld Pals,Kodiac,GB,Rainbow's Arch,False,False,,70,,True,,GB,"Holds her form really well despite being kept busy, winning three times here since mid-June and making it 12 course wins overall; the return here is a big plus, but all 14 career wins have come over 6f so she does have something to prove on a rare attempt at 5f; stable also runs Harb."
924023,Blitz Cleaning Commercial Cleaning Handicap,22,Hamilton,08/01/2026 20:00:00,Other,Class 5,,0-75,4yo+,None,5f,5,1005,1100,Good,Turf,5878991,Jm Jhingree right,84020,Greg Fairley right,38714,Ewan Whillans right,4,b1,8,8,9-0,144,20/1,21,66,,,CompletedRace,11,2,6.75,00:00:58.7000000,58.7,14/1,15,15,867183,"£4,187",4187,66,86,66,357386,Aim Equestrian Ltd,Dandy Man,IRE,La Pergola,True,False,,54,,False,,IRE,"2-5 over C&D, the latest win coming in first-time cheekpieces in June (good to firm, has won on soft); still just 2lb higher, but not the most consistent; first-time blinkers."
924024,GSS Contracts Handicap,22,Hamilton,08/01/2026 20:30:00,Other,Class 5,,0-75,3yo+,None,1m½f,8.5,1709,1870,Good,Turf,8009426,Ephron right,103453,Conor Whiteley right,39381,Gemma Tutty right,3,,9,8,8-10,138,11/1,12,67,,,CompletedRace,1,0,0,00:01:44.3400000,104.34,13/2,7.5,33,7-1527,"£4,187",4187,67,80,70,361202,Middleham Park Racing Lxvi And P Demilow,Calyx,GB,Gudrid,False,False,,44,5,True,,IRE,"Low-mileage 3yo whose form since handicapping features a reappearance win at Redcar (1m) in April and keeping-on second at Carlisle (1m1f, good to soft) in June; beaten by more than lack of stamina over 1m2f at Pontefract since, though."
924024,GSS Contracts Handicap,22,Hamilton,08/01/2026 20:30:00,Other,Class 5,,0-75,3yo+,None,1m½f,8.5,1709,1870,Good,Turf,6496520,Mwafaq right,101888,Ethan Tindall right,42996,Richard &amp; Peter Fahey right,4,p,4,9,9-7,151,5/2F,3.5,71,,,CompletedRace,2,0.3,0.3,00:01:44.4000000,104.4,4/1,5,29,-15211,"£4,187",4187,71,81,67,218252,Richard Fahey Ebor Racing Club Ltd,Mehmas,IRE,Pivotal Lady,False,False,,35,5,False,,IRE,"Progressive 4yo who scored over C&D (good to soft) in June before making it five wins in his last seven starts when overcoming interference to shade a close finish at Doncaster (1m, good to firm) four weeks ago; he and the second were clear of the rest on Town Moor so a 4lb rise may not stop him."
924024,GSS Contracts Handicap,22,Hamilton,08/01/2026 20:30:00,Other,Class 5,,0-75,3yo+,None,1m½f,8.5,1709,1870,Good,Turf,3205693,Yaaser right,103748,Lauren Young right,7795,Jim Goldie right,8,,10,10,8-8,136,20/1,21,58,,,CompletedRace,3,0.75,1,00:01:44.5400000,104.54,14/1,15,12,975953,"£4,187",4187,58,78,70,373110,David Smith & Jim Goldie,Lope De Vega,IRE,Urjuwaan,False,False,,46,5,False,,IRE,"Hold-up performer who is thrown in on his 2025 form but has yet to really get going this time round, including beaten 5l when third of six at Ayr (7f) 12 days ago; Paul Mulrennan, who has been on board for eight of his ten wins, is on Sanafi Zabeel this time."
924024,GSS Contracts Handicap,22,Hamilton,08/01/2026 20:30:00,Other,Class 5,,0-75,3yo+,None,1m½f,8.5,1709,1870,Good,Turf,5737974,Sanafi Zabeel right,79371,Paul Mulrennan right,7795,Jim Goldie right,5,,6,3,9-6,150,3/1,4,65,,,CompletedRace,4,1,2,00:01:44.7400000,104.74,9/2,5.5,16,531933,"£4,187",4187,65,80,64,178654,Johnnie Delta Racing,Intello,GER,Full Rose,False,False,,46,,False,,FR,Ex-German 1m1f winner; gained a first win for current yard over C&D (good to firm) in May and has matched that form when third here on his last two starts; likely to be on the premises again.
924024,GSS Contracts Handicap,22,Hamilton,08/01/2026 20:30:00,Other,Class 5,,0-75,3yo+,None,1m½f,8.5,1709,1870,Good,Turf,4502659,Rajapour right,100377,Mark Winn right,22839,David O'Meara right,6,tp,1,4,10-7,167,5/1,6,80,,,CompletedRace,5,0.3,2.25,00:01:44.7900000,104.79,4/1,5,7,36941F,"£4,187",4187,80,78,64,163361,Evan M Sutherland,Almanzor,FR,Raydara,False,False,,54,,False,,IRE,"Had been bubbling under prior to winning easily at Redcar (1m, good to firm) last month; keeping on (although still had a fair bit of ground to make up) when clipping heels and coming down 1f out at York last Saturday; 9lb higher than at Redcar but still a potential class act at this level if that nasty experience last weekend hasn't left a mark."
924024,GSS Contracts Handicap,22,Hamilton,08/01/2026 20:30:00,Other,Class 5,,0-75,3yo+,None,1m½f,8.5,1709,1870,Good,Turf,5104236,Starliner right,101188,Kaiya Fraser right,5728,Linda Perratt right,5,p,8,6,9-4,148,7/1,8,63,,,CompletedRace,6,2,4.25,00:01:45.1900000,105.19,11/2,6.5,12,938822,"£4,187",4187,63,81,71,354780,David Orr & Miss L A Perratt,Showcasing,GB,Dawning,False,False,,73,,False,,IRE,"Course winner who added to his tally at Ayr (1m, good to firm) in May; good runner-up efforts there in recent weeks and has to enter calculations."
924024,GSS Contracts Handicap,22,Hamilton,08/01/2026 20:30:00,Other,Class 5,,0-75,3yo+,None,1m½f,8.5,1709,1870,Good,Turf,7926380,Midsummer Storm right,87290,Sam James right,5019,K R Burke right,3,p1,5,5,9-7,151,14/1,15,73,,,CompletedRace,7,4.25,8.5,00:01:46.0400000,106.04,7/1,8,39,4346,"£4,187",4187,73,74,48,325088,Wathnan Racing,Night Of Thunder,IRE,Last Waltz,True,False,,64,,False,,IRE,"Cost 550,000euros as a 2yo but has yet to make a significant impact, including last of six on 7.5f Beverley handicap debut (good) 39 days ago; much too soon to write him off for leading stable but first-time cheekpieces need to give him a lift."
924024,GSS Contracts Handicap,22,Hamilton,08/01/2026 20:30:00,Other,Class 5,,0-75,3yo+,None,1m½f,8.5,1709,1870,Good,Turf,5770481,Sunriseontheboyne right,81166,Andrew Mullen right,22367,Ben Haslam right,4,,3,7,10-0,160,22/1,23,73,,,CompletedRace,8,0.5,9,00:01:46.1400000,106.14,20/1,21,60,980607,"£4,187",4187,73,74,13,367063,Future Champions Racing Syn & Ben Haslam,Cotai Glory,GB,Seafaring,False,False,,54,,False,,IRE,"Won his final start in Ireland (1m, heavy); hasn't been in the same form for new stable but worth a second look in the betting back from a two-month break."
924024,GSS Contracts Handicap,22,Hamilton,08/01/2026 20:30:00,Other,Class 5,,0-75,3yo+,None,1m½f,8.5,1709,1870,Good,Turf,5598786,Intrusively right,76831,Tom Eaves right,10363,Michael Appleby right,4,,2,2,10-2,162,9/1,10,75,,,CompletedRace,9,0.3,9.5,00:01:46.2400000,106.24,8/1,9,23,094447,"£4,187",4187,75,81,49,260821,Julian Ball & Partner,Territories,IRE,Intrusion,False,False,,52,,False,,GB,"Good and bad in six runs for this yard, failing to build on a decent run at Newcastle when seventh of eight at Doncaster last time."
924024,GSS Contracts Handicap,22,Hamilton,08/01/2026 20:30:00,Other,Class 5,,0-75,3yo+,None,1m½f,8.5,1709,1870,Good,Turf,7020381,Watcha Snoop right,90103,Shane Gray right,37984,Adam Nicol right,3,,7,1,9-6,150,50/1,51,72,,,CompletedRace,10,0.5,10,00:01:46.3400000,106.34,33/1,34,42,0-0000,"£4,187",4187,72,76,46,353995,Austin & McCallum,Coulsty,IRE,Scoop,False,False,,,,True,1,IRE,Landed 6f Ascot novice (soft) for Hugo Palmer last September; little to shout about since but his mark has tumbled as a result and Adam Nicol does well with new recruits (same owners); one to keep an eye on in the betting.
924025,Wellman Cars Hamilton Handicap,22,Hamilton,08/01/2026 21:00:00,Other,Class 6,,0-55,3yo+,None,1m1f,9,1809,1980,Good,Turf,2791132,Pisanello right,103453,Conor Whiteley right,22839,David O'Meara right,9,v,2,1,9-7,151,11/10F,2.1,55,,,CompletedRace,1,0,0,00:01:59.0700000,119.07,5/6,1.8333333333333335,3,575611,"£3,664",3664,55,70,46,180281,Trendy Ladies,Raven's Pass,USA,Painting,False,False,,54,5,False,,IRE,"Bids for a hat-trick after two wins on good to firm ground at Redcar, the latest in an apprentice handicap over 1m under Conor Whiteley on Wednesday; can race off 1lb lower and shouldn't have an issue with stepping back up trip, while rain would also be no problem; major claims."
924025,Wellman Cars Hamilton Handicap,22,Hamilton,08/01/2026 21:00:00,Other,Class 6,,0-55,3yo+,None,1m1f,9,1809,1980,Good,Turf,3425678,Jenson Benson right,87589,Gina Mangan right,14024,Shaun Lycett right,8,p1,5,9,9-7,151,33/1,34,50,,,CompletedRace,2,0.3,0.3,00:01:59.1300000,119.13,14/1,15,291,28465-,"£3,664",3664,50,63,,220327,L & M Atkins,Kodi Bear,IRE,Star Fire,True,False,,50,,False,,IRE,All four wins have come on the AW at Chelmsford (7f-1m2f) and is 0-11 on turf; plenty to prove on his return from ten months off with cheekpieces given a go.
924025,Wellman Cars Hamilton Handicap,22,Hamilton,08/01/2026 21:00:00,Other,Class 6,,0-55,3yo+,None,1m1f,9,1809,1980,Good,Turf,7935085,Saxon Grace right,90103,Shane Gray right,34365,Daragh Bourke right,3,,9,6,8-13,141,11/1,12,50,,,CompletedRace,3,0.2,0.5,00:01:59.1700000,119.17,25/1,26,26,674640,"£3,664",3664,50,61,36,124863,J Macleod,Saxon Warrior,JPN,Raajihah,False,False,,33,,True,,IRE,"Has twice made the frame over 6f this year, but 0-13 and has plenty to prove on this first attempt beyond 7f."
924025,Wellman Cars Hamilton Handicap,22,Hamilton,08/01/2026 21:00:00,Other,Class 6,,0-55,3yo+,None,1m1f,9,1809,1980,Good,Turf,3668349,Braes Of Doune right,79371,Paul Mulrennan right,7795,Jim Goldie right,8,p,1,7,9-12,156,9/2,5.5,55,,,CompletedRace,4,2.5,3,00:01:59.6700000,119.67,5/1,6,1,25-664,"£3,664",3664,55,67,43,252694,James Callow & J S Goldie,Orientor,GB,Gargoyle Girl,False,False,,46,,False,,GB,Mainly campaigned over shorter but does stay this far; 399 days off before this season; never-never fourth of seven at Musselburgh (7f) last night was probably his most positive display since; back on his last winning mark.
924025,Wellman Cars Hamilton Handicap,22,Hamilton,08/01/2026 21:00:00,Other,Class 6,,0-55,3yo+,None,1m1f,9,1809,1980,Good,Turf,2729681,Hostelry right,76831,Tom Eaves right,20045,Ruth Carr right,9,,3,8,9-9,153,14/1,15,52,,,CompletedRace,5,1.25,4.25,00:01:59.9200000,119.92,7/1,8,21,645554,"£3,664",3664,52,67,53,296665,Dennis Clayton And Ruth Carr,Coach House,IRE,Queens Jubilee,False,False,,53,,False,,GB,"Dual winner over the extended 1m here; losing run up to 13, but 16lb below her last winning mark and looked unlucky not to finish closer when fourth of six here (1m, good) three weeks ago; stays this far and could go well."
924025,Wellman Cars Hamilton Handicap,22,Hamilton,08/01/2026 21:00:00,Other,Class 6,,0-55,3yo+,None,1m1f,9,1809,1980,Good,Turf,5048133,Evelyn's Phoenix right,96177,Sean Kirrane right,10152,Tim Easterby right,5,tp,6,4,9-7,151,9/2,5.5,50,,,CompletedRace,6,3,7.25,00:02:00.5200000,120.52,20/1,21,48,129690,"£3,664",3664,50,66,62,216198,John R Saville,Phoenix Of Spain,IRE,Pebbles Place,False,False,,46,,False,,FR,"Back off the same mark as for his successful Nottingham reappearance (1m, good) in April, but his form has regressed since; enough to prove."
924025,Wellman Cars Hamilton Handicap,22,Hamilton,08/01/2026 21:00:00,Other,Class 6,,0-55,3yo+,None,1m1f,9,1809,1980,Good,Turf,3140863,Ring Of Gold right,102777,Lewis Chalkley right,38543,Michael &amp; David Easterby right,9,v,8,3,8-10,138,40/1,41,46,,,CompletedRace,7,4,11.25,00:02:01.3200000,121.32,25/1,26,42,254077,"£3,664",3664,46,63,18,260713,Laura Mason Syndicate Racing,Havana Gold,IRE,Pitter Patter,False,False,,45,7,False,,GB,5-37 on the AW but 0-24 on turf; hasn't looked like exploiting his declining mark of late; visor returns.
924025,Wellman Cars Hamilton Handicap,22,Hamilton,08/01/2026 21:00:00,Other,Class 6,,0-55,3yo+,None,1m1f,9,1809,1980,Good,Turf,5845557,Defence Missile right,101188,Kaiya Fraser right,5728,Linda Perratt right,4,p,4,2,9-8,152,10/1,11,51,,,CompletedRace,8,7,18.25,00:02:02.7200000,122.72,6/1,7,7,6-8951,"£3,664",3664,51,66,,316611,Paul Corrigan,Sottsass,FR,Moranda,False,False,,73,,False,,IRE,"Made it 15th-time lucky at Newcastle (1m, AW) a week ago; now needs to show he can do it back on turf from 4lb higher and also still has stamina to prove."
924026,Professional Horse Racing Tips At chracingclub.com Handicap (GBBPlus Race),31,Lingfield,08/01/2026 17:05:00,Other,Class 4,,0-85,3yo+,None,1m2f,10,2010,2200,Good To Firm,Turf,9208602,Bintknight right,94663,Lewis Edmunds right,41024,Harry Charlton right,3,,5,3,9-0,144,13/8F,2.625,77,,,CompletedRace,1,0,0,00:02:07.7700000,127.77,7/4,2.75,29,512,"£5,653",5653,77,92,79,343440,Salhia Stud Limited,Pinatubo,IRE,Westwiththenight,False,False,,55,,False,,GB,"Well-bred filly who won small-field C&D (good) maiden in May, her second start, and was creditable second on handicap debut at Doncaster (1m2f, good to firm) last month; still has more improvement to come; good chance."
924026,Professional Horse Racing Tips At chracingclub.com Handicap (GBBPlus Race),31,Lingfield,08/01/2026 17:05:00,Other,Class 4,,0-85,3yo+,None,1m2f,10,2010,2200,Good To Firm,Turf,4471469,Londoner right,100862,Ebrahim Nader right,37637,Daniel &amp; Claire Kubler right,6,p,1,1,10-3,163,4/1,5,86,,,CompletedRace,2,1,1,00:02:07.9700000,127.97,7/2,4.5,9,315954,"£5,653",5653,86,89,68,34005,Alan Kerr,Saxon Warrior,JPN,Gilt Edge Girl,False,False,,78,,True,,IRE,"Won off today's mark on Polytrack here (1m2f) in April; not quite at same level on turf since but was persistently denied clear run when fourth of six at Sandown (1m2f, good to firm; behind Percival) nine days ago and has possibilities if his luck improves."
924026,Professional Horse Racing Tips At chracingclub.com Handicap (GBBPlus Race),31,Lingfield,08/01/2026 17:05:00,Other,Class 4,,0-85,3yo+,None,1m2f,10,2010,2200,Good To Firm,Turf,4429422,Epictetus right,97319,William Carver right,13955,Jamie Osborne right,6,,3,5,9-10,154,5/1,6,79,,,CompletedRace,3,0.75,1.75,00:02:08.1200000,128.12,7/2,4.5,16,233052,"£5,653",5653,79,90,69,366262,Jamie Osborne & Partner,Kingman,GB,Thistle Bird,False,False,,50,,False,,IRE,"Yet to add to his Group 3 win at Glorious Goodwood three years ago but placed several times this year, losing out only by a neck at Epsom (1m4f, good to firm) on latest outing 16 days ago; remains on a workable mark and will be fine over today's shorter trip; probably on the premises again."
924026,Professional Horse Racing Tips At chracingclub.com Handicap (GBBPlus Race),31,Lingfield,08/01/2026 17:05:00,Other,Class 4,,0-85,3yo+,None,1m2f,10,2010,2200,Good To Firm,Turf,6732838,Percival right,100868,Taryn Langley right,39413,Dylan Cunha right,4,,2,4,9-9,153,7/2,4.5,83,,,CompletedRace,4,0.2,2,00:02:08.1700000,128.17,9/2,5.5,9,45-063,"£5,653",5653,83,88,70,373750,Quest Thoroughbreds - Percival,Camelot,GB,Bella Bolide,False,False,,39,5,True,,FR,"Lightly raced since heavy-ground win on debut in France in November 2024 but bettered low-key stable debut when respectable third at Sandown (1m2f, good to firm; hood removed) nine days ago, despite racing too freely; any further progress here will make him a serious player."
924026,Professional Horse Racing Tips At chracingclub.com Handicap (GBBPlus Race),31,Lingfield,08/01/2026 17:05:00,Other,Class 4,,0-85,3yo+,None,1m2f,10,2010,2200,Good To Firm,Turf,7020302,Starlight Time right,101300,Sean D Bowen right,24890,Roger Varian right,3,h,4,2,9-7,151,5/1,6,84,,,CompletedRace,5,2.5,4.5,00:02:08.6700000,128.67,8/1,9,22,181-88,"£5,653",5653,84,88,65,344888,Colin Matthew,Time Test,GB,Spirit Raiser,False,False,,54,,True,,GB,"2-3 as a 2yo; not much has gone to plan on his two starts this year but he had soft ground as a plausible excuse for 56l defeat at Epsom (1m2f) on Derby Derby, and his down-the-field finish at Ascot (1m; first-time hood) last month came in a warm 3yo handicap; this race is easier and it would be dangerous to write him off at this stage."
924032,Happy 50th Birthday Joanne Baker Classified Stakes,31,Lingfield,08/01/2026 17:40:00,Other,Class 6,,0-50,3yo+,None,1m2f,10,2010,2200,Good To Firm,Turf,7780579,Panthere Noir right,102723,Ryan Kavanagh right,12102,Luke Dace right,3,p,4,5,8-12,140,5/4F,2.25,47,,,CompletedRace,1,0,0,00:02:06.7700000,126.77,5/2,3.5,7,463932,"£3,454",3454,47,56,48,372423,Gd Bloodstock,Mohaather,GB,Billie Beane,False,False,,100,3,False,,GB,"0-16 but made brave bold from the front before weakening into third at Epsom (1m4f, good) last month and faced impossible task when second of four behind well-handicapped rival here (1m6f, good to firm) a week ago; ought to be suited by this drop back in trip; dangerous if allowed to dominate."
924032,Happy 50th Birthday Joanne Baker Classified Stakes,31,Lingfield,08/01/2026 17:40:00,Other,Class 6,,0-50,3yo+,None,1m2f,10,2010,2200,Good To Firm,Turf,7793628,Lapidarist right,100868,Taryn Langley right,16143,David Simcock right,3,,3,1,8-10,138,5/1,6,47,,,CompletedRace,2,0.3,0.3,00:02:06.8300000,126.83,5/1,6,35,635264,"£3,454",3454,47,54,36,125917,Tick Tock Partnership,Expert Eye,GB,Kaleidoscopic,False,False,,63,5,False,,GB,"13-race maiden; placed in two AW handicaps in early part of this year (1m/9.4f) but beaten about 16l when fourth of five on turf return at Windsor (1m, good to firm) in June; must do better here."
924032,Happy 50th Birthday Joanne Baker Classified Stakes,31,Lingfield,08/01/2026 17:40:00,Other,Class 6,,0-50,3yo+,None,1m2f,10,2010,2200,Good To Firm,Turf,7613499,Private Project right,92276,Paddy Bradley right,15914,Pat Phelan right,3,,5,4,9-1,145,11/1,12,50,,,CompletedRace,3,1.25,1.5,00:02:07.0700000,127.07,9/2,5.5,95,5-6309,"£3,454",3454,50,58,24,203233,Epsom Racegoers No 3,Churchill,IRE,Kingslady,False,False,,,,False,,IRE,Kept on for third in AW handicap here (1m2f) in March but was well down the field on both subsequent starts (1m4f/1m2f) and is now 0-9; eased in grade but needs three-month break to have done her good.
924032,Happy 50th Birthday Joanne Baker Classified Stakes,31,Lingfield,08/01/2026 17:40:00,Other,Class 6,,0-50,3yo+,None,1m2f,10,2010,2200,Good To Firm,Turf,9222322,Cormorant Rock right,95522,Luke Catton right,15108,Jim Boyle right,3,,2,2,8-12,140,12/1,13,44,,,CompletedRace,4,1.5,3,00:02:07.3700000,127.37,14/1,15,17,04855,"£3,454",3454,44,50,46,307464,South Hatch Partners,Kodi Bear,IRE,Glamoureuse,False,False,,56,3,True,,IRE,"Lightly raced after only five starts and wasn't disgraced when fifth of seven in this grade at Yarmouth (11.5f, good to firm) last month but needs to take another step forward."
924032,Happy 50th Birthday Joanne Baker Classified Stakes,31,Lingfield,08/01/2026 17:40:00,Other,Class 6,,0-50,3yo+,None,1m2f,10,2010,2200,Good To Firm,Turf,4612985,Zafaan right,101300,Sean D Bowen right,41928,Charlie Clover right,6,p,1,6,9-9,153,9/4,3.25,50,,,CompletedRace,5,1.75,4.75,00:02:07.7200000,127.72,13/8,2.625,24,555-14,"£3,454",3454,50,61,53,146831,Odds On Syndicate,Zoffany,IRE,Gush,False,False,,71,,True,,IRE,Below form in 1m2f Yarmouth handicap last month (no headgear) but returned to the Flat with win in refitted cheekpieces (back on today) over that C&D (good to firm) in June and has strong claims if back at that level.
924032,Happy 50th Birthday Joanne Baker Classified Stakes,31,Lingfield,08/01/2026 17:40:00,Other,Class 6,,0-50,3yo+,None,1m2f,10,2010,2200,Good To Firm,Turf,7935099,Ruiz right,99724,Tyler Heard right,870,Simon Dow right,3,h,6,3,9-1,145,25/1,26,40,,,CompletedRace,6,20,24.75,00:02:11.7200000,131.72,25/1,26,26,9-0065,"£3,454",3454,40,41,6,216605,Robert Moss,Legends Of War,USA,Vezere,False,False,,50,,False,,GB,"Yet to show any worthwhile form after six starts, the penultimate over C&D in this grade; significant improvement required."
924027,Pilgrims Sales &amp; Lettings Handicap,31,Lingfield,08/01/2026 18:15:00,Other,Class 5,,0-75,3yo+,None,2m½f,16.5,3317,3630,Good To Firm,Turf,8437046,Campeona right,92620,Dylan Hogan right,67,Sir Mark Prescott Bt right,3,p,4,4,9-0,144,8/15F,1.5333333333333332,71,,,CompletedRace,1,0,0,00:03:30.5000000,210.5,10/11,1.9090909090909092,9,77-211,"£4,397",4397,71,83,56,7073,Miss K Rausing,Study Of Man,IRE,Cubanita,False,False,,74,,True,,GB,"Much improved since hiked up in trip and switched to handicaps this season, and bids to complete a hat-trick after small-field success in first-time cheekpieces at Newbury (2m, good to firm) nine days ago; has an ungainly head carriage but is probably still well treated after latest 4lb rise."
924027,Pilgrims Sales &amp; Lettings Handicap,31,Lingfield,08/01/2026 18:15:00,Other,Class 5,,0-75,3yo+,None,2m½f,16.5,3317,3630,Good To Firm,Turf,4001991,An Bradan Feasa right,95785,Finley Marsh right,39483,Jack Jones right,6,,2,1,10-0,160,3/1,4,73,,,CompletedRace,2,0.3,0.3,00:03:30.5600000,210.56,2/1,3,,441-22,"£4,397",4397,73,80,41,327992,Jack Jones,Camelot,GB,Grianan Ailigh,False,False,,29,,True,,IRE,Clear second to fast-improving rival over C&D (good) on latest Flat start in June and also ran well over hurdles last month; may not have much margin for error off current mark but can make his presence felt.
924027,Pilgrims Sales &amp; Lettings Handicap,31,Lingfield,08/01/2026 18:15:00,Other,Class 5,,0-75,3yo+,None,2m½f,16.5,3317,3630,Good To Firm,Turf,5848836,Laravie right,101508,Harry Davies right,40072,James Owen right,7,b1,3,3,9-11,155,5/1,6,70,,,CompletedRace,3,14,14.25,00:03:33.3500000,213.35,7/2,4.5,8,111224,"£4,397",4397,70,80,73,353757,Laravie Partnership,Sans Frontieres,IRE,Lohort Castle,True,False,,68,,True,,IRE,"Won three in a row in a visor this spring (1m6f-2m1f, good to firm/good) but recent efforts suggest the handicapper may have her measure now; tried in blinkers here; needs to kick on again."
924030,Sky Sports Racing Virgin 512 Restricted Maiden Stakes (For horses In Bands C And D) (GBB Race),31,Lingfield,08/01/2026 18:45:00,Other,Class 5,,,3-5yo,None,7f,7,1407,1540,Good To Firm,Turf,9531400,Rogue Exile right,101508,Harry Davies right,40072,James Owen right,3,,2,5,9-7,151,1/3F,1.3333333333333333,,,,CompletedRace,1,0,0,00:01:24.5800000,84.58,5/6,1.8333333333333335,17,2,"£4,320",4320,,77,58,292553,The Rogues Gallery,Blue Point,IRE,Nayala,False,False,,68,,False,,IRE,"Out of a Listed-placed German winner; showed inexperience in early stages but ran on well for clear second of five (no threat to winner) on last month's debut at Yarmouth (7f, good to firm); ought to be more streetwise here; leading contender."
924030,Sky Sports Racing Virgin 512 Restricted Maiden Stakes (For horses In Bands C And D) (GBB Race),31,Lingfield,08/01/2026 18:45:00,Other,Class 5,,,3-5yo,None,7f,7,1407,1540,Good To Firm,Turf,8432214,Justice Court right,97319,William Carver right,13955,Jamie Osborne right,3,t1,1,6,9-7,151,9/2,5.5,,,,CompletedRace,2,0.3,0.3,00:01:24.6400000,84.64,5/2,3.5,241,3-,"£4,320",4320,,70,,10928,Khalifa Dasmal,Sands Of Mali,FR,Tatsia,True,True,,50,,True,,IRE,"Out of a half-sister to Group-placed 6f/7f 2yo winner Gavota; made quite promising debut when keeping-on third of ten at Kempton (6f, AW) in December; gelded during subsequent eight-month break and has tongue-tie fitted for turf debut; shortlisted."
924030,Sky Sports Racing Virgin 512 Restricted Maiden Stakes (For horses In Bands C And D) (GBB Race),31,Lingfield,08/01/2026 18:45:00,Other,Class 5,,,3-5yo,None,7f,7,1407,1540,Good To Firm,Turf,9105984,Malakai Kite right,92276,Paddy Bradley right,14931,Ronald Harris right,3,h1,3,4,9-5,149,13/2,7.5,59,,,CompletedRace,3,4,4.25,00:01:25.4300000,85.43,4/1,5,39,435,"£4,320",4320,59,67,43,169034,Ridge House Stables Ltd,Cotai Glory,GB,Malakite,True,False,,67,,True,,IRE,"Displayed promise on first three starts, most notably when third over C&D (good) in May; has a bit to find on the figures with a couple of these but can collect another minor prize; hooded for first time."
924030,Sky Sports Racing Virgin 512 Restricted Maiden Stakes (For horses In Bands C And D) (GBB Race),31,Lingfield,08/01/2026 18:45:00,Other,Class 5,,,3-5yo,None,7f,7,1407,1540,Good To Firm,Turf,9344938,Call Alert right,94663,Lewis Edmunds right,38350,William Muir &amp; Chris Grassick right,3,,6,3,9-0,144,33/1,34,,,,CompletedRace,4,0.5,4.75,00:01:25.5300000,85.53,25/1,26,21,05,"£4,320",4320,,66,21,25311,R Haim,Mohaather,GB,Callendula,False,False,,54,,True,,GB,"Struggled (albeit on soft ground) on debut here (7.6f) in June and didn't achieve much when last of five at Salisbury (7f, good to firm) last month; difficult to enthuse over."
924030,Sky Sports Racing Virgin 512 Restricted Maiden Stakes (For horses In Bands C And D) (GBB Race),31,Lingfield,08/01/2026 18:45:00,Other,Class 5,,,3-5yo,None,7f,7,1407,1540,Good To Firm,Turf,9340085,Dayna right,99143,Owen Lewis right,7300,Ed de Giles right,3,,5,2,8-11,139,40/1,41,,,,CompletedRace,5,3.25,8,00:01:26.1800000,86.18,25/1,26,26,5,"£4,320",4320,,50,,373501,Spear & Partner,Mehmas,IRE,Made For All,False,False,,67,5,True,,IRE,"Beaten over 15l when last of five on last month's debut at Ripon (1m, good); not the most obvious answer here."
924029,Drainex Group Nursery Handicap,31,Lingfield,08/01/2026 19:15:00,Other,Class 5,,0-75,2yo,None,6f,6,1206,1320,Good To Firm,Turf,9387269,Laylaty right,94663,Lewis Edmunds right,41024,Harry Charlton right,2,,4,7,9-2,146,9/4F,3.25,68,,,CompletedRace,1,0,0,00:01:11.1400000,71.14,9/2,5.5,23,43,"£4,397",4397,68,74,57,61763,Mohammed Jaber,Ardad,IRE,Nadein,False,False,,55,,False,,GB,"Built upon encouraging debut when third of ten in Newbury novice (6f, good to firm) last month, despite racing too freely, and should have more improvement to come in nurseries; must be considered."
924029,Drainex Group Nursery Handicap,31,Lingfield,08/01/2026 19:15:00,Other,Class 5,,0-75,2yo,None,6f,6,1206,1320,Good To Firm,Turf,9263899,Rogue Imperial right,101508,Harry Davies right,32276,Archie Watson right,2,,1,4,9-9,153,6/1,7,75,,,CompletedRace,2,0.1,0.1,00:01:11.1600000,71.16,7/2,4.5,33,537,"£4,397",4397,75,74,69,292553,The Rogues Gallery,Too Darn Hot,GB,Celestial Queen,False,False,,37,,False,,GB,Creditable third behind two useful rivals in valuable C&D (good) novice in June and had excuse when well beaten on latest outing (struck into); needs to be taken very seriously on nursery debut.
924029,Drainex Group Nursery Handicap,31,Lingfield,08/01/2026 19:15:00,Other,Class 5,,0-75,2yo,None,6f,6,1206,1320,Good To Firm,Turf,9105987,Seed Ya Later right,100384,Rose Dawes right,40161,Jack Channon right,2,h,5,2,8-10,138,13/2,7.5,67,,,CompletedRace,3,1.25,1.25,00:01:11.3900000,71.39,6/1,7,14,21367,"£4,397",4397,67,78,67,372343,"Walsh, Kelly, Quesnel & Partner",Bungle Inthejungle,GB,Mulberry Seed,False,False,,50,5,False,,IRE,"Safely held when sixth of seven on last month's nursery debut at Nottingham but subsequent seventh of 24 in Newbury's Super Sprint (also 5f, good to firm; first-time hood) was commendable, particularly as she was first of seven home in the far-side group; can feature if suited by this new trip."
924029,Drainex Group Nursery Handicap,31,Lingfield,08/01/2026 19:15:00,Other,Class 5,,0-75,2yo,None,6f,6,1206,1320,Good To Firm,Turf,9105992,Miss Moneypit right,92276,Paddy Bradley right,4550,Rod Millman right,2,,6,3,9-0,144,9/2,5.5,66,,,CompletedRace,4,1,2.25,00:01:11.5900000,71.59,9/2,5.5,10,84551,"£4,397",4397,66,81,75,240196,Book 3 Partnership,Without Parole,GB,Seprani,False,False,,61,,True,,GB,Won here when dropped back to 5f (good to firm) for recent nursery debut; could quite plausibly have more to offer back at 6f but is 5lb higher in a higher-grade race today.
924029,Drainex Group Nursery Handicap,31,Lingfield,08/01/2026 19:15:00,Other,Class 5,,0-75,2yo,None,6f,6,1206,1320,Good To Firm,Turf,9212582,Knock Three Times right,97319,William Carver right,13955,Jamie Osborne right,2,,2,1,9-9,153,7/2,4.5,75,,,CompletedRace,5,1.5,3.75,00:01:11.8900000,71.89,5/2,3.5,17,2241,"£4,397",4397,75,80,70,96097,Mrs Paul Shanahan,Supremacy,IRE,White Daffodil,False,False,,50,,False,,IRE,"Scored over C&D (good to firm) on nursery debut 17 days ago, beating the warm favourite; could still be well treated after recent 3lb rise; obvious contender."
924029,Drainex Group Nursery Handicap,31,Lingfield,08/01/2026 19:15:00,Other,Class 5,,0-75,2yo,None,6f,6,1206,1320,Good To Firm,Turf,8688502,Seathegulls right,95785,Finley Marsh right,41396,Gary &amp; Josh Moore right,2,p1,3,6,9-4,148,15/2,8.5,70,,,CompletedRace,6,1.5,5.25,00:01:12.1900000,72.19,16/1,17,14,7450,"£4,397",4397,70,72,69,354268,Future Champions And Partner,Twilight Son,GB,Zahrat Narjis,True,False,,47,,True,,GB,"Behind Seed Ya Later when tenth of 24 in Newbury's Super Sprint (5f, good to firm) a fortnight ago and has now been unplaced all four starts; needs combination of new trip and first-time cheekpieces to unlock improvement on this nursery debut."
924029,Drainex Group Nursery Handicap,31,Lingfield,08/01/2026 19:15:00,Other,Class 5,,0-75,2yo,None,6f,6,1206,1320,Good To Firm,Turf,9153299,Il Capo right,101300,Sean D Bowen right,28787,Richard Hannon right,2,,7,5,8-10,138,28/1,29,62,,,CompletedRace,7,1,6.25,00:01:12.3900000,72.39,14/1,15,8,6785,"£4,397",4397,62,75,65,341551,M Blencowe & Valmont,Supremacy,IRE,Vegatina,False,False,,61,,True,,IRE,"Only beaten about 2l when fifth of six on recent nursery debut at Chepstow (6f, good to firm) and is 2lb lower here but others have stronger claims."
924031,Core Group Handicap,31,Lingfield,08/01/2026 19:45:00,Other,Class 6,,0-55,3yo+,None,7f,7,1407,1540,Good To Firm,Turf,7609891,Musical Soldier right,101300,Sean D Bowen right,40346,Ollie Sangster right,3,tp1,1,2,9-9,153,3/1,4,60,,,CompletedRace,1,0,0,00:01:22.2700000,82.27,2/1,3,11,520221,"£3,768",3768,60,65,61,358758,"J Angell,S Hillier & Partner",Soldier's Call,GB,Harmonic Note,True,False,,63,,True,,IRE,Close second twice on good to firm turf last month before winning in first-time cheekpieces on Tapeta (also 7f) 11 days ago; 5lb higher here but commands respect in current form; usual tongue-tie (left off last time) is refitted.
924031,Core Group Handicap,31,Lingfield,08/01/2026 19:45:00,Other,Class 6,,0-55,3yo+,None,7f,7,1407,1540,Good To Firm,Turf,7020427,Creciente right,94663,Lewis Edmunds right,4550,Rod Millman right,3,p,5,6,9-4,148,5/2F,3.5,55,,,CompletedRace,2,0.05,0.05,00:01:22.2800000,82.28,9/4,3.25,10,850461,"£3,768",3768,55,66,53,220505,The Dirham Partnership,Lope Y Fernandez,IRE,Increasing,False,False,,61,,False,,GB,"Came good at 11th attempt, with clearcut win from off the pace in C&D (good to firm) classified ten days ago; has more on her plate in this handicap but further progress is possible."
924031,Core Group Handicap,31,Lingfield,08/01/2026 19:45:00,Other,Class 6,,0-55,3yo+,None,7f,7,1407,1540,Good To Firm,Turf,5172501,Jackson Street right,92276,Paddy Bradley right,16406,Michael Attwater right,5,,4,7,9-8,152,5/1,6,53,,,CompletedRace,3,0.75,0.75,00:01:22.4200000,82.42,10/1,11,32,-27644,"£3,768",3768,53,68,35,250737,Dare To Dream Racing,Dandy Man,IRE,Archetypal,False,False,,42,,False,,IRE,"Has modest 2-39 strike-rate, with both wins gained on AW, and tends to race too freely but the form of his never-dangerous fourth at Brighton (7f, good to firm) at end of June has worked out well; worth a second look."
924031,Core Group Handicap,31,Lingfield,08/01/2026 19:45:00,Other,Class 6,,0-55,3yo+,None,7f,7,1407,1540,Good To Firm,Turf,6000780,Mighty Ruler right,95785,Finley Marsh right,16406,Michael Attwater right,4,p,3,1,9-9,153,14/1,15,54,,,CompletedRace,4,0.05,0.75,00:01:22.4200000,82.42,12/1,13,25,7473F5,"£3,768",3768,54,63,29,158015,The Attwater Partnership,Mehmas,IRE,Macau,False,False,,42,,True,,IRE,Led close home for narrow AW win here in January but that's his only success from 21 starts and he posed no threat on turf at Brighton last month; others have more pressing claims.
924031,Core Group Handicap,31,Lingfield,08/01/2026 19:45:00,Other,Class 6,,0-55,3yo+,None,7f,7,1407,1540,Good To Firm,Turf,7148061,Fulford Cross right,100868,Taryn Langley right,16143,David Simcock right,4,,2,4,9-4,148,9/1,10,54,,,CompletedRace,5,1.25,2,00:01:22.6700000,82.67,10/1,11,56,18-755,"£3,768",3768,54,59,17,92820,A M Pickering,Lightning Spear,GB,Miss Fridaythorpe,False,False,,63,5,False,,GB,"Soundly beaten on all three turf starts, most recently in soft-ground C&D contest won by Beau Jardine in early June, but now 1lb lower than when winning on Polytrack here in December and has possibilities if this fast ground suits."
924031,Core Group Handicap,31,Lingfield,08/01/2026 19:45:00,Other,Class 6,,0-55,3yo+,None,7f,7,1407,1540,Good To Firm,Turf,3267422,Beau Jardine right,102723,Ryan Kavanagh right,40415,Rachel Cook &amp; John Bridger right,8,b,6,3,9-1,145,3/1,4,49,,,CompletedRace,6,2.5,4.5,00:01:23.1700000,83.17,9/2,5.5,11,-64174,"£3,768",3768,49,68,51,319458,Happy Families,Make Believe,GB,Akira,False,False,,11,3,True,,IRE,"Ended long losing run with soft-ground C&D win in June and gave another good account when fourth at Salisbury (7f, good to firm) 11 days ago; probably won't be far away."
924031,Core Group Handicap,31,Lingfield,08/01/2026 19:45:00,Other,Class 6,,0-55,3yo+,None,7f,7,1407,1540,Good To Firm,Turf,7966347,Saturday Again right,99724,Tyler Heard right,870,Simon Dow right,3,h,8,8,8-11,139,33/1,34,48,,,CompletedRace,7,11,15.5,00:01:25.3700000,85.37,16/1,17,157,876-59,"£3,768",3768,48,61,24,16657,S Dow,Roseman,IRE,State Sovereignty,False,False,,50,,False,,GB,"Still unexposed after only five starts but raced too freely and was soundly beaten on handicap debut at Kempton (7f, AW) in February; returns from five-month break."
924028,Sky Sports Racing Sky 415 Apprentice Handicap,31,Lingfield,08/01/2026 20:15:00,Other,Class 5,,0-75,3yo+,None,7½f,7.5,1508,1650,Good To Firm,Turf,6143341,Distinct Spirit right,95522,Luke Catton right,37637,Daniel &amp; Claire Kubler right,6,,1,3,10-6,166,5/4F,2.25,79,,,CompletedRace,1,0,0,00:01:30.9400000,90.94,11/8,2.375,4,5U-331,"£4,397",4397,79,79,52,80133,Mr & Mrs G Middlebrook,Invincible Spirit,IRE,Distinctive,False,False,,78,,True,,GB,"Began season with two decent efforts over 1m before justifying skinny odds in tactical, four-runner contest at Ffos Las (7.3f, good) on Tuesday; effectively only 4lb higher under 5lb penalty here, and evidently in good nick."
924028,Sky Sports Racing Sky 415 Apprentice Handicap,31,Lingfield,08/01/2026 20:15:00,Other,Class 5,,0-75,3yo+,None,7½f,7.5,1508,1650,Good To Firm,Turf,8330906,Allegrino right,103619,Alfie Redman right,15605,Andrew Balding right,3,,4,1,8-11,139,2/1,3,70,,,CompletedRace,2,2,2,00:01:31.3400000,91.34,13/8,2.625,24,-31231,"£4,397",4397,70,75,73,363998,Nick Bradley Racing 37 & Partner,Oasis Dream,GB,Allegrezza,False,False,,60,7,False,,IRE,"Kept on well to score at Yarmouth (7f, good to firm) last month and is now 2-7; still unexposed on turf and promises to be suited by today's slightly longer trip; ought to be right in the thick of things."
924028,Sky Sports Racing Sky 415 Apprentice Handicap,31,Lingfield,08/01/2026 20:15:00,Other,Class 5,,0-75,3yo+,None,7½f,7.5,1508,1650,Good To Firm,Turf,7529974,Wetsand right,100868,Taryn Langley right,40072,James Owen right,3,v,3,5,9-6,150,5/2,3.5,75,,,CompletedRace,3,0.75,2.75,00:01:31.4900000,91.49,11/4,3.75,10,758761,"£4,397",4397,75,80,73,239363,Nick Bradley Racing 18,Acclamation,GB,Winter Snow,False,False,,68,3,True,,IRE,"Useful 2yo who needed significant help from the handicapper before her narrow win in first-time visor here (7f, good to firm; made all) ten days ago; went back up only 2lb for that, though; respected."
924006,British Stallion Studs EBF Chalice Stakes (Listed Race) (Fillies &amp; Mares) (GBBPlus Race),174,Newmarket (July),08/01/2026 13:33:00,Other,Class 1,Listed,,3yo+,Fillies,1m4f,12,2412,2640,Good To Firm,Turf,8101908,Romantic Symphony right,77767,Billy Loughnane right,28338,Charlie Appleby right,3,,8,1,8-13,141,5/4F,2.25,98,,,CompletedRace,1,0,0,00:02:29.0300000,149.03,6/5,2.2,44,1-142,"£39,697",39697,98,106,95,49845,Godolphin,Dubawi,IRE,Rumh,False,False,,84,,False,,IRE,"Won her first two races; disappointing when favourite for Lingfield Oaks Trial in the spring but firmly back on track when second in French Listed event (1m4f, good; collared late on after being clear over 1f out) six weeks ago; still has untapped potential."
924006,British Stallion Studs EBF Chalice Stakes (Listed Race) (Fillies &amp; Mares) (GBBPlus Race),174,Newmarket (July),08/01/2026 13:33:00,Other,Class 1,Listed,,3yo+,Fillies,1m4f,12,2412,2640,Good To Firm,Turf,5230597,Francophone right,98602,Laura Pearson right,40131,Charlie Johnston right,5,,1,7,9-9,153,17/2,9.5,102,,,CompletedRace,2,1.25,1.25,00:02:29.2800000,149.28,11/1,12,14,1-4004,"£39,697",39697,102,111,89,7073,Miss K Rausing,Study Of Man,IRE,Francophilia,False,False,,45,,True,,GB,"Useful on her day; highly tried and not at best so far this year, but she ran respectably when never-nearer fourth of eight in Irish Group 3 (1m2f, good to firm) two weeks ago; moves into unknown territory trip-wise but her pedigree gives hope that she'll stay and this is a drop in grade."
924006,British Stallion Studs EBF Chalice Stakes (Listed Race) (Fillies &amp; Mares) (GBBPlus Race),174,Newmarket (July),08/01/2026 13:33:00,Other,Class 1,Listed,,3yo+,Fillies,1m4f,12,2412,2640,Good To Firm,Turf,6560235,Revoir right,98254,Rhys Clutterbuck right,13917,Ralph Beckett right,4,v1,5,6,9-9,153,6/1,7,101,,,CompletedRace,3,2.5,3.75,00:02:29.7800000,149.78,13/2,7.5,14,37-225,"£39,697",39697,101,110,98,517,J H Richmond-Watson,Study Of Man,IRE,Regardez,True,False,,57,,True,,GB,From a family that has served these connections well; 0-10 since her debut success but she finished close behind Orionis when fifth in C&D Listed race (7-4 favourite) last time; previous two efforts read even better and she's a major player with a visor replacing cheekpieces.
924006,British Stallion Studs EBF Chalice Stakes (Listed Race) (Fillies &amp; Mares) (GBBPlus Race),174,Newmarket (July),08/01/2026 13:33:00,Other,Class 1,Listed,,3yo+,Fillies,1m4f,12,2412,2640,Good To Firm,Turf,8227212,Sunshine Star right,9836,Robert Havlin right,38291,John &amp; Thady Gosden right,3,,9,8,8-13,141,11/1,12,86,,,CompletedRace,4,0.5,4.25,00:02:29.8800000,149.88,10/1,11,12,2-612,"£39,697",39697,86,101,78,46148,Lady Bamford,Sea The Stars,IRE,Dream Peace,False,False,,76,,True,,GB,"Sea The Stars half-sister to the same connections' Oaks winner Soul Sister; arrives on an upward curve after easy novice win at Lingfield and unlucky second in handicap at Windsor (1m2f, good to firm; stayed on well after being short of room); plenty to find on bare form in this higher grade but she should be well suited by this step up in trip and cannot be discounted."
924006,British Stallion Studs EBF Chalice Stakes (Listed Race) (Fillies &amp; Mares) (GBBPlus Race),174,Newmarket (July),08/01/2026 13:33:00,Other,Class 1,Listed,,3yo+,Fillies,1m4f,12,2412,2640,Good To Firm,Turf,5587117,Orchard Keeper right,84416,Jack Mitchell right,24890,Roger Varian right,5,,3,3,9-9,153,33/1,34,93,,,CompletedRace,5,0.75,5,00:02:30.0300000,150.03,25/1,26,296,13244-,"£39,697",39697,93,104,93,308300,William Crager,Churchill,IRE,Fearn's Pippin,False,False,,54,,False,,IRE,Reliable type whose wins have come in 1m2f and 1m6f handicaps; good fourth on her only attempts at Listed company but she'll need a personal best if she's to make a winning reappearance after ten months off.
924006,British Stallion Studs EBF Chalice Stakes (Listed Race) (Fillies &amp; Mares) (GBBPlus Race),174,Newmarket (July),08/01/2026 13:33:00,Other,Class 1,Listed,,3yo+,Fillies,1m4f,12,2412,2640,Good To Firm,Turf,6679877,Orionis right,98519,Cieren Fallon right,3415,William Haggas right,4,,4,9,9-9,153,4/1,5,96,,,CompletedRace,6,1.5,6.5,00:02:30.3300000,150.33,9/2,5.5,14,13-173,"£39,697",39697,96,109,90,16105,Cheveley Park Stud,Sea The Stars,IRE,Troarn,False,False,,66,,False,,GB,"Best effort when winning Goodwood handicap (1m4f, good) in May; respectable third in C&D Listed race two weeks ago, racing freely and finding no extra; may not have reached her ceiling just yet and she's high on the list."
924006,British Stallion Studs EBF Chalice Stakes (Listed Race) (Fillies &amp; Mares) (GBBPlus Race),174,Newmarket (July),08/01/2026 13:33:00,Other,Class 1,Listed,,3yo+,Fillies,1m4f,12,2412,2640,Good To Firm,Turf,5831382,Miss Justice right,101259,Joe Leavy right,7221,Brian Meehan right,5,ht1,2,4,9-9,153,17/2,9.5,101,,,CompletedRace,7,1.25,7.75,00:02:30.5800000,150.58,10/1,11,28,52-844,"£39,697",39697,101,109,95,184074,S E Sangster,Justify,USA,Time Being,True,False,,58,,False,,GB,"Listed winner and Group 3 runner-up for the Gosdens last year; has shown she retains all her ability, fourth in Group 2 over C&D (good to firm; wore tongue-strap) last month; this is easier and she should be thereabouts in a first-time hood."
924006,British Stallion Studs EBF Chalice Stakes (Listed Race) (Fillies &amp; Mares) (GBBPlus Race),174,Newmarket (July),08/01/2026 13:33:00,Other,Class 1,Listed,,3yo+,Fillies,1m4f,12,2412,2640,Good To Firm,Turf,8227216,Gone By right,89627,Charles Bishop right,13917,Ralph Beckett right,3,,7,5,8-13,141,20/1,21,93,,,CompletedRace,8,4,11.75,00:02:31.3800000,151.38,12/1,13,32,2-211,"£39,697",39697,93,102,90,311863,Valmont,Gleneagles,IRE,Pigota,False,False,,57,,True,,IRE,"Has improved with each run this year, winning maiden at Ripon (1m3f, good) and handicap at Salisbury (1m4f, good to firm; dug deep to see off main challenger by a neck), both in small fields; this is a sterner assignment but she's still unexposed and in good hands."
924007,British Stallion Studs EBF Fillies' Nursery Handicap,174,Newmarket (July),08/01/2026 14:13:00,Other,Class 2,,,2yo,Fillies,6f,6,1206,1320,Good To Firm,Turf,9179729,Havana Sprite right,84416,Jack Mitchell right,25914,James Tate right,2,,4,1,9-4,148,4/1,5,88,,,CompletedRace,1,0,0,00:01:11.0800000,71.08,7/2,4.5,37,4211,"£20,616",20616,88,103,86,311863,Valmont,Havana Grey,GB,Spright,False,False,,55,,True,,GB,Green on debut but hasn't looked back since and she forced a dead-heat in C&D Listed race (good to firm; 100-30) last time; may have more in the tank and she's high on the list once more.
924007,British Stallion Studs EBF Fillies' Nursery Handicap,174,Newmarket (July),08/01/2026 14:13:00,Other,Class 2,,,2yo,Fillies,6f,6,1206,1320,Good To Firm,Turf,9290856,Acclamation Star right,98519,Cieren Fallon right,40072,James Owen right,2,,2,7,9-8,152,7/1,8,92,,,CompletedRace,2,0.5,0.5,00:01:11.1800000,71.18,6/1,7,22,106,"£20,616",20616,92,91,66,373036,Five Star Dreamers,Acclamation,GB,Isole Canarie,False,False,,68,,True,,GB,"Highly tried since debut win at Bath (5.7f, firm) in May; seemed to show improvement when sixth of eight in C&D Group 2 three weeks ago, although 50-1 and no threat; that run hasn't been missed by the handicapper."
924007,British Stallion Studs EBF Fillies' Nursery Handicap,174,Newmarket (July),08/01/2026 14:13:00,Other,Class 2,,,2yo,Fillies,6f,6,1206,1320,Good To Firm,Turf,9179726,Holi Scarlett right,101479,Olivia Haines right,8543,Stuart Williams right,2,,9,4,7-9,121,25/1,26,72,,,CompletedRace,3,0.75,1.25,00:01:11.3300000,71.33,20/1,21,14,763130,"£20,616",20616,72,92,81,330915,James Parry And Partners,Bungle Inthejungle,GB,Zuzinia,False,False,,45,7,True,,IRE,"Like Rollthedicebaby, she finished in mid-division in the Super Sprint (80-1) last time, but she had no excuses on account of the draw; up against it here from 4lb out of the handicap."
924007,British Stallion Studs EBF Fillies' Nursery Handicap,174,Newmarket (July),08/01/2026 14:13:00,Other,Class 2,,,2yo,Fillies,6f,6,1206,1320,Good To Firm,Turf,9092932,Love A Giggle right,93480,Clifford Lee right,5019,K R Burke right,2,,1,5,9-9,153,2/1F,3,93,,,CompletedRace,4,1,2.25,00:01:11.5300000,71.53,4/1,5,45,110,"£20,616",20616,93,92,75,148244,C Waters,Kodiac,GB,Silver Bullet Lady,False,False,,64,,False,,IRE,"Down the field in the Group 2 Queen Mary at Royal Ascot, but she'd previously come from the rear to win the Listed Marygate at York (5f, good); should be just as effective over 6f and may still have untapped potential."
924007,British Stallion Studs EBF Fillies' Nursery Handicap,174,Newmarket (July),08/01/2026 14:13:00,Other,Class 2,,,2yo,Fillies,6f,6,1206,1320,Good To Firm,Turf,9208608,Fire Thunder right,98602,Laura Pearson right,9003,Marco Botti right,2,,8,6,8-2,130,18/1,19,72,,,CompletedRace,5,0.3,2.5,00:01:11.5800000,71.58,9/1,10,17,2221,"£20,616",20616,72,97,81,372091,Mamba Racing & Les Boyer Partnership,Sioux Nation,USA,Bosphorus Queen,False,False,,69,,True,,IRE,"Gained deserved win after three second places in maiden at Lingfield (6f, good to firm) 17 days ago, no more than workmanlike in landing the odds; in deeper here and 3lb out of weights but she may not be fully exposed."
924007,British Stallion Studs EBF Fillies' Nursery Handicap,174,Newmarket (July),08/01/2026 14:13:00,Other,Class 2,,,2yo,Fillies,6f,6,1206,1320,Good To Firm,Turf,8688643,Rollthedicebaby right,101259,Joe Leavy right,28787,Richard Hannon right,2,,5,9,8-10,138,11/2,6.5,80,,,CompletedRace,6,0.5,3,00:01:11.6800000,71.68,5/1,6,14,210,"£20,616",20616,80,96,74,343530,O Humphrey,Soldier's Call,GB,Masquerading,False,False,,61,,True,,IRE,"Could finish only in midfield in the Super Sprint at Newbury (4-1) last month but she was done no favours by the draw; better judged on a clearcut maiden win at Goodwood (6f, soft) the time before; remains open to improvement and may well get back on track here."
924007,British Stallion Studs EBF Fillies' Nursery Handicap,174,Newmarket (July),08/01/2026 14:13:00,Other,Class 2,,,2yo,Fillies,6f,6,1206,1320,Good To Firm,Turf,9312940,Glamorize right,77767,Billy Loughnane right,31461,George Scott right,2,p,3,8,9-5,149,4/1,5,89,,,CompletedRace,7,0.75,3.75,00:01:11.8300000,71.83,4/1,5,11,2011,"£20,616",20616,89,94,79,252234,Amo Racing Limited,Starman,GB,Karalara,False,False,,67,,True,,IRE,"Improving with each run and won going away from two rivals in nursery at Nottingham (5f, good to firm) 11 days ago; raised 5lb but should be well suited by this return to 6f and may well complete a hat-trick."
924007,British Stallion Studs EBF Fillies' Nursery Handicap,174,Newmarket (July),08/01/2026 14:13:00,Other,Class 2,,,2yo,Fillies,6f,6,1206,1320,Good To Firm,Turf,9092904,Lady Dublin right,100775,Tom Kiely-Marshall right,19836,Ollie Pears right,2,p,6,2,8-1,129,14/1,15,76,,,CompletedRace,8,0.3,4,00:01:11.8800000,71.88,10/1,11,8,446311,"£20,616",20616,76,100,89,370848,Legacy Racing & Ollie Pears,Ardad,IRE,Increasing,False,False,,67,5,True,,GB,"Has taken off for front-running tactics and cheekpieces on her last two starts, winning nurseries at Catterick and Thirsk (both 6f, good to firm); up 11lb in total but keeps improving and should make another bold bid."
924007,British Stallion Studs EBF Fillies' Nursery Handicap,174,Newmarket (July),08/01/2026 14:13:00,Other,Class 2,,,2yo,Fillies,6f,6,1206,1320,Good To Firm,Turf,9153174,Donegal Rose right,2456,J F Egan right,25009,Hugo Palmer right,2,,7,3,8-2,130,33/1,34,72,,,CompletedRace,9,3.25,7.25,00:01:12.5300000,72.53,16/1,17,22,514,"£20,616",20616,72,97,84,371378,Cannon Morris Owen Wilson,Kodiac,GB,My Kathleen,False,False,,38,,True,,IRE,"Got up late on to win maiden at Chester (5.5f, good) in May but ran poorly when upped to 7f for nursery there two months later; perhaps this intermediate trip will suit but she's on a retrieval mission."
924009,Lodge At The National Stud EBF Fillies' Novice Stakes (GBB Race) (IRE Incentive Race),174,Newmarket (July),08/01/2026 14:48:00,Other,Class 3,,,2yo,Fillies,7f,7,1407,1540,Good To Firm,Turf,9595362,Spirited Gesture right,9836,Robert Havlin right,38291,John &amp; Thady Gosden right,2,,7,7,9-2,146,6/4,2.5,,,,CompletedRace,1,0,0,00:01:26.3900000,86.39,2/1,3,,,"£6,700",6700,,,,301671,Juddmonte,Kingman,GB,Helleborine,False,False,,76,,False,,GB,"By Kingman; sister to winners Calyx (6f including 2yo Group 2; RPR 118), Coppice (7f/1m including 2yo/Listed; 117) and Stanage (7f; 92); dam 6f-1m 2yo winner (including Group 3; 112), sister to 6f Group 1 winner African Rose; has an excellent Juddmonte pedigree and her stable's 2yos are just beginning to fire; big player on paper."
924009,Lodge At The National Stud EBF Fillies' Novice Stakes (GBB Race) (IRE Incentive Race),174,Newmarket (July),08/01/2026 14:48:00,Other,Class 3,,,2yo,Fillies,7f,7,1407,1540,Good To Firm,Turf,9419854,Kiah right,101259,Joe Leavy right,7221,Brian Meehan right,2,,5,1,9-2,146,14/1,15,,,,CompletedRace,2,2.25,2.25,00:01:26.8400000,86.84,8/1,9,14,03,"£6,700",6700,,87,51,374231,Kerr-Dineen And Partners,Australia,GB,Merville,False,False,,58,,False,,IRE,Quite stoutly bred and predictably improved for the step up to 7f when third here (good to firm; 33-1) two weeks ago; the type to progress with racing and should be involved in the shake-up once more.
924009,Lodge At The National Stud EBF Fillies' Novice Stakes (GBB Race) (IRE Incentive Race),174,Newmarket (July),08/01/2026 14:48:00,Other,Class 3,,,2yo,Fillies,7f,7,1407,1540,Good To Firm,Turf,9599858,Asheyra right,84416,Jack Mitchell right,24890,Roger Varian right,2,,1,2,9-2,146,7/1,8,,,,CompletedRace,3,1,3.25,00:01:27.0400000,87.04,4/1,5,,,"£6,700",6700,,,,14781,Sheikh Ahmed Al Maktoum,Dark Angel,IRE,Punita Arora,False,False,,54,,False,,IRE,"380,000gns yearling; by Dark Angel; dam 5f/5.5f winner (including 2yo/Listed; RPR 99), half-sister to 5f-6f winner Marching Mac, out of 1m winning half-sister to 7f Group 3 winner Muthabara; expensive purchase with a useful pedigree and representing a leading local yard."
924009,Lodge At The National Stud EBF Fillies' Novice Stakes (GBB Race) (IRE Incentive Race),174,Newmarket (July),08/01/2026 14:48:00,Other,Class 3,,,2yo,Fillies,7f,7,1407,1540,Good To Firm,Turf,9613737,Haleema right,77767,Billy Loughnane right,28338,Charlie Appleby right,2,,3,6,9-2,146,11/10F,2.1,,,,CompletedRace,4,1,4.25,00:01:27.2400000,87.24,6/4,2.5,,,"£6,700",6700,,,,49845,Godolphin,Frankel,GB,Duneflower,False,False,,84,,False,,GB,"By Frankel; sister to 1m3f/2m2f Flat (RPR 84) and 2m/2m1f hurdle winner Secret Force, half-sister to 7f winner Cerro Blanco (103); dam 7f/1m winner (including 2yo/Listed; 107), out of Group-placed 7f 2yo winner; stable won this race in 2017, 2020 and 2024 and has a strike-rate of over 40% with its 2yos this season."
924009,Lodge At The National Stud EBF Fillies' Novice Stakes (GBB Race) (IRE Incentive Race),174,Newmarket (July),08/01/2026 14:48:00,Other,Class 3,,,2yo,Fillies,7f,7,1407,1540,Good To Firm,Turf,9544216,Jessica right,98602,Laura Pearson right,37949,Kevin Philippart De Foy right,2,,4,5,9-2,146,16/1,17,,,,CompletedRace,5,1,5.25,00:01:27.4400000,87.44,8/1,9,,,"£6,700",6700,,,,252234,Amo Racing Limited,Coulsty,IRE,Sultanina,False,False,,60,,False,,IRE,"200,000euros yearling; Coulsty half-sister to winners Pierre Bonnard (1m/1m2f 2yo including Group 1; RPR 119), Crepe Suzette (Group-placed 9.4f; 110) and Diavolo (7f; 91); dam 1m2f-1m4f winner (including Group 1 Nassau Stakes; 116); has a classy pedigree; stable's 2yos operating at 19% this season."
924009,Lodge At The National Stud EBF Fillies' Novice Stakes (GBB Race) (IRE Incentive Race),174,Newmarket (July),08/01/2026 14:48:00,Other,Class 3,,,2yo,Fillies,7f,7,1407,1540,Good To Firm,Turf,9554427,Give Me A Bow right,92801,Josephine Gordon right,16307,William Stone right,2,,2,4,9-2,146,50/1,51,,,,CompletedRace,6,11,16.25,00:01:29.6400000,89.64,66/1,67,,,"£6,700",6700,,,,1992,Mrs Denis Haynes,Stradivarius,IRE,Give Me Breath,False,False,,20,,False,,GB,"By Stradivarius; dam placed 7f 2yo (RPR 70), half-sister to useful winners Not Never (1m1f 2yo/1m4f Flat and 2m-2m3f hurdle/chase) and Final Watch (7f); may be of more interest in the longer term."
924009,Lodge At The National Stud EBF Fillies' Novice Stakes (GBB Race) (IRE Incentive Race),174,Newmarket (July),08/01/2026 14:48:00,Other,Class 3,,,2yo,Fillies,7f,7,1407,1540,Good To Firm,Turf,9350232,Phillipa right,93480,Clifford Lee right,39326,James Horton right,2,,6,3,9-2,146,150/1,151,,,,CompletedRace,7,1,17.25,00:01:29.8400000,89.84,100/1,101,15,90,"£6,700",6700,,42,27,117654,Anita Wigan,Dark Angel,IRE,Phillimore,False,False,,55,,True,,GB,Slowly away and always behind both starts; may benefit from today's step up in distance but needs a giant leap forward.
924010,Racing TV Handicap,174,Newmarket (July),08/01/2026 15:23:00,Other,Class 4,,0-85,3yo,None,7f,7,1407,1540,Good To Firm,Turf,7900596,Tryst right,77767,Billy Loughnane right,36211,George Boughey right,3,p,1,1,9-11,155,5/1,6,87,,,CompletedRace,1,0,0,00:01:24.8100000,84.81,3/1,4,17,-42761,"£6,443",6443,87,92,83,360538,Highclere Thoroughbred Racing - Redwood,Sottsass,FR,Amerique,False,False,,54,,False,,IRE,"Campaigned over as far as 10.3f but proved well suited by the drop back to 7f when winning in clearcut style at Yarmouth (good to firm; first-time cheekpieces) last month; now that connections have found the key, she's open to further improvement; leading contender."
924010,Racing TV Handicap,174,Newmarket (July),08/01/2026 15:23:00,Other,Class 4,,0-85,3yo,None,7f,7,1407,1540,Good To Firm,Turf,7436444,Lion Of Mali right,84416,Jack Mitchell right,4540,James Fanshawe right,3,,5,4,8-11,139,5/2F,3.5,73,,,CompletedRace,2,1.75,1.75,00:01:25.1600000,85.16,100/30,4.333333333333334,22,121512,"£6,443",6443,73,94,84,213622,The Cool Silk Partnership,Sands Of Mali,FR,Setantii Girl,False,False,,68,,True,,GB,Likeable 7f specialist (all four wins at this trip); just edged out by Sierra Sands over C&D three weeks ago; holding his form really well and should be in the thick of things again.
924010,Racing TV Handicap,174,Newmarket (July),08/01/2026 15:23:00,Other,Class 4,,0-85,3yo,None,7f,7,1407,1540,Good To Firm,Turf,7205131,Spirit Of Saxony right,89627,Charles Bishop right,18920,Eve Johnson Houghton right,3,,3,5,9-8,152,100/30,4.333333333333334,84,,,CompletedRace,3,0.5,2.25,00:01:25.2600000,85.26,9/2,5.5,28,255124,"£6,443",6443,84,95,79,341569,Whitesock Racing,Saxon Warrior,JPN,Power's Dream,False,False,,49,,False,,IRE,"Unlucky over this trip at Sandown two outings ago from just 1lb lower, but was disappointing when only fourth there next time; hasn't had much racing and may get back on the up."
924010,Racing TV Handicap,174,Newmarket (July),08/01/2026 15:23:00,Other,Class 4,,0-85,3yo,None,7f,7,1407,1540,Good To Firm,Turf,8124839,Sierra Sands right,9836,Robert Havlin right,9036,Ed Dunlop right,3,,2,3,9-8,152,5/1,6,84,,,CompletedRace,4,3.25,5.5,00:01:25.9100000,85.91,100/30,4.333333333333334,22,-40311,"£6,443",6443,84,94,68,360051,Stormtroopers,Sands Of Mali,FR,Tickerdi,False,False,,38,,True,,IRE,"Thriving on this course this summer, and beat Lion Of Mali a neck over C&D three weeks ago; edging up the weights only slowly and should give another good account of himself."
924010,Racing TV Handicap,174,Newmarket (July),08/01/2026 15:23:00,Other,Class 4,,0-85,3yo,None,7f,7,1407,1540,Good To Firm,Turf,7762489,Electrical right,101259,Joe Leavy right,40895,Brian Toomey right,3,,6,2,8-10,138,40/1,41,72,,,CompletedRace,5,13,18.5,00:01:28.5100000,88.51,25/1,26,31,84-767,"£6,443",6443,72,87,69,353864,Brian Toomey,Nathaniel,IRE,Opera Dancer,False,False,,100,,False,,GB,"Sprang a 25-1 upset on debut at Newbury (6f) last summer, but unplaced all outings since, including over 1m4f last time; plummeting in the weights but hard to fancy."
924010,Racing TV Handicap,174,Newmarket (July),08/01/2026 15:23:00,Other,Class 4,,0-85,3yo,None,7f,7,1407,1540,Good To Firm,Turf,7613512,Hardy's Hero right,98519,Cieren Fallon right,3415,William Haggas right,3,p1,4,6,9-5,149,100/30,4.333333333333334,81,,,CompletedRace,6,4,22.5,00:01:29.3100000,89.31,7/2,4.5,9,5-2322,"£6,443",6443,81,95,68,273391,T J W Bridge,New Bay,GB,Improve,True,False,,66,,False,,GB,"Narrowly beaten on three of his four starts since being gelded, going down on the nod at Yarmouth (7f, good to firm) on latest; should go close again off an unchanged mark, especially if first-time headgear has a positive effect."
924008,Racing Welfare Handicap (GBBPlus Race),174,Newmarket (July),08/01/2026 15:58:00,Other,Class 3,,0-90,4yo+,None,1m4f,12,2412,2640,Good To Firm,Turf,3161474,Arqoob right,84416,Jack Mitchell right,9801,Lucy Wadham right,8,b,4,8,9-7,151,10/1,11,86,,,CompletedRace,1,0,0,00:02:29.0100000,149.01,8/1,9,29,64-563,"£10,308",10308,86,101,84,303969,Little Staughton Farms Ltd,Estidhkaar,IRE,Via Ballycroy,False,False,,100,,True,,IRE,"Gained his most recent win here (1m6f) last August off 2lb lower in first-time blinkers; with creditable shows in two of his three starts this season, he is firmly in calculations."
924008,Racing Welfare Handicap (GBBPlus Race),174,Newmarket (July),08/01/2026 15:58:00,Other,Class 3,,0-90,4yo+,None,1m4f,12,2412,2640,Good To Firm,Turf,4642854,Sixpack right,77767,Billy Loughnane right,40072,James Owen right,6,p,3,3,9-9,153,13/2,7.5,88,,,CompletedRace,2,0.5,0.5,00:02:29.1100000,149.11,6/1,7,27,313114,"£10,308",10308,88,100,83,332538,Houghton And Lang,Sea The Moon,GER,Terre Du Vent,False,False,,68,,True,,GB,"Has done well over 1m4f-1m6f on turf this term, winning three times from six starts; latest win came easily at this track (1m6f, good to firm) in June and he's 7lb higher today; tailing off so badly at Southwell four weeks ago may be offputting but he came last in 2025 in his only other AW race, so perhaps can spring back to life with today's return to turf."
924008,Racing Welfare Handicap (GBBPlus Race),174,Newmarket (July),08/01/2026 15:58:00,Other,Class 3,,0-90,4yo+,None,1m4f,12,2412,2640,Good To Firm,Turf,3900235,Haku right,89627,Charles Bishop right,15429,Mark Loughnane right,7,,1,7,9-9,153,125/1,126,88,,,CompletedRace,3,0.2,0.75,00:02:29.1600000,149.16,16/1,17,185,4513-7,"£10,308",10308,88,94,,176455,Level Par Racing,Dragon Pulse,IRE,Quiania,False,False,,60,,True,,IRE,"Ten-time AW winner who is 5lb lower than when winning at Southwell (1m4f, AW) last November; however, this is his first run since January and he was well beaten at Ascot in May 2024 on his last encounter with turf; 0-5 on grass and others have less to prove."
924008,Racing Welfare Handicap (GBBPlus Race),174,Newmarket (July),08/01/2026 15:58:00,Other,Class 3,,0-90,4yo+,None,1m4f,12,2412,2640,Good To Firm,Turf,3841730,First Officer right,103462,Alexandra Egan right,17851,Jane Chapple-Hyam right,7,,8,6,8-5,133,9/2,5.5,77,,,CompletedRace,4,0.2,1,00:02:29.2100000,149.21,4/1,5,21,43-522,"£10,308",10308,77,100,92,250227,Bryan Hirst & Jane Chapple-Hyam,Galileo,IRE,Weekend Strike,False,False,,54,7,False,,IRE,"Often ridden by claimer Alexandra Egan, including when he won a four-runner C&D race (good to firm) last July off the same mark as today; creditable second on last two outings (C&D latest) suggest he will be bang there."
924008,Racing Welfare Handicap (GBBPlus Race),174,Newmarket (July),08/01/2026 15:58:00,Other,Class 3,,0-90,4yo+,None,1m4f,12,2412,2640,Good To Firm,Turf,7748947,Divine Knight right,98519,Cieren Fallon right,3415,William Haggas right,5,,6,1,9-4,148,5/4F,2.25,83,,,CompletedRace,5,2.5,3.5,00:02:29.7100000,149.71,5/2,3.5,21,40-633,"£10,308",10308,83,102,89,49738,Aidan J Ryan,Night Of Thunder,IRE,Diantha,False,False,,66,,False,,IRE,"5yo now who won for Sean Woods on belated debut last July; no joy in his seven races since, three for this yard, but he kept on well for a good third of 12 in a slowly run race at Ayr (upped markedly to 1m5f, soft) in June and may well have been stretched by 1m6f when performing respectably at Ascot (good to firm; made most) three weeks ago; firmly in the mix."
924008,Racing Welfare Handicap (GBBPlus Race),174,Newmarket (July),08/01/2026 15:58:00,Other,Class 3,,0-90,4yo+,None,1m4f,12,2412,2640,Good To Firm,Turf,3332140,Way Of Life right,101828,Olivia Tubb right,12601,Jonathan Portman right,8,,2,4,9-4,148,11/2,6.5,88,,,CompletedRace,6,0.75,4.25,00:02:29.8600000,149.86,7/1,8,15,1-1313,"£10,308",10308,88,98,70,96782,Berkeley Racing,Havana Gold,IRE,Upskittled,False,False,,56,5,False,,GB,"He's had a long career but never been better than this season, winning on AW at Wolverhampton (9.4f) and Lingfield (1m4f); they were in March/April but he returned from a break with creditable third of six here (1m2f, good to firm) 15 days ago, again under Olivia Tubb; probably not far away."
924008,Racing Welfare Handicap (GBBPlus Race),174,Newmarket (July),08/01/2026 15:58:00,Other,Class 3,,0-90,4yo+,None,1m4f,12,2412,2640,Good To Firm,Turf,7622797,Almekarem right,98254,Rhys Clutterbuck right,67,Sir Mark Prescott Bt right,4,,7,2,8-13,141,17/2,9.5,78,,,CompletedRace,7,5.5,9.75,00:02:30.9600000,150.96,4/1,5,10,9364-1,"£10,308",10308,78,99,80,361015,A Harman,Kingman,GB,Tarfasha,False,False,,74,,True,,IRE,"Both wins (from nine races) have been in small fields, including from off the pace at Lingfield (1m2f, good to firm) on reappearance ten days ago; going back up 4lb demands more but there's a fair chance that he'll turn out to be an improved performer this term; up 2f, which he's not sure to stay, but he has to be on the shortlist."
924008,Racing Welfare Handicap (GBBPlus Race),174,Newmarket (July),08/01/2026 15:58:00,Other,Class 3,,0-90,4yo+,None,1m4f,12,2412,2640,Good To Firm,Turf,4601460,Greek Order right,94631,Pierre-Louis Jamin right,4113,Michael Bell right,6,p,5,5,9-6,150,33/1,34,85,,,CompletedRace,8,4.75,14.5,00:02:31.9100000,151.91,12/1,13,33,-04566,"£10,308",10308,85,100,92,374389,"S Mizon, H McAlpine & Winner Racing Ltd",Kingman,GB,Trojan Queen,False,False,,36,,True,,GB,"Has some back-class but now 0-11 for this yard and the form he showed in initial outings last summer has not been repeated; accelerating down the weights, which gives him a chance on this year's form even, but others are more convincing."
925339,National Stud Fillies' Handicap (GBBPlus Race),174,Newmarket (July),08/01/2026 16:33:00,Other,Class 4,,0-85,3yo+,Fillies,1m2f,10,2010,2200,Good To Firm,Turf,8290506,Hollywell Stream right,77767,Billy Loughnane right,17851,Jane Chapple-Hyam right,3,,3,1,9-7,151,7/2,4.5,80,,,CompletedRace,1,0,0,00:02:04.4300000,124.43,9/2,5.5,24,2-625,"£6,543",6543,80,91,33,6291,P W Harris,Lope De Vega,IRE,Au Clair De Lune,False,False,,54,,True,,IRE,"280,000gns purchase as a yearling; hasn't gone on as anticipated from a promising debut, fading and beating only one home in maiden at Yarmouth (1m2f, good to firm) three weeks ago; still early days but she has something to prove."
925339,National Stud Fillies' Handicap (GBBPlus Race),174,Newmarket (July),08/01/2026 16:33:00,Other,Class 4,,0-85,3yo+,Fillies,1m2f,10,2010,2200,Good To Firm,Turf,8084432,Food For Thought right,98254,Rhys Clutterbuck right,13917,Ralph Beckett right,3,,1,3,9-9,153,10/11F,1.9090909090909092,82,,,CompletedRace,2,1.5,1.5,00:02:04.7300000,124.73,10/11,1.9090909090909092,21,62-412,"£6,543",6543,82,96,88,327676,HM The King & HM The Queen,Dubawi,IRE,Thought Process,False,False,,57,,True,,GB,"Has taken a while to get the hang of things, but improved form last two starts, winning novice in small field at Nottingham and pulling clear with the winner when second in handicap at Salisbury (both 1m2f, good to firm); tactically versatile and looks the one to beat."
925339,National Stud Fillies' Handicap (GBBPlus Race),174,Newmarket (July),08/01/2026 16:33:00,Other,Class 4,,0-85,3yo+,Fillies,1m2f,10,2010,2200,Good To Firm,Turf,8062562,Thaluna right,98519,Cieren Fallon right,3415,William Haggas right,3,,2,4,9-9,153,100/30,4.333333333333334,82,,,CompletedRace,3,4.25,5.75,00:02:05.5800000,125.58,9/4,3.25,21,10-235,"£6,543",6543,82,92,67,332275,George Waud,Zoustar,AUS,Peach Melba,False,False,,66,,False,,GB,6f winner last autumn; has been running respectably in 7f/1m handicaps without looking ahead of her mark; now moves up in distance (sister won up to 1m2f); should be thereabouts.
925339,National Stud Fillies' Handicap (GBBPlus Race),174,Newmarket (July),08/01/2026 16:33:00,Other,Class 4,,0-85,3yo+,Fillies,1m2f,10,2010,2200,Good To Firm,Turf,7900599,Valkyrie Storm right,89627,Charles Bishop right,18920,Eve Johnson Houghton right,3,,4,2,9-2,146,7/1,8,75,,,CompletedRace,4,7.5,13.25,00:02:07.0800000,127.08,10/1,11,12,-11565,"£6,543",6543,75,91,79,274813,Hunscote Stud Limited,Saxon Warrior,JPN,Hail Shower,False,False,,49,,False,,GB,"Two wins from ten outings, both over the extended 1m at Nottingham; faded on first attempt at 1m2f when fifth at Windsor last time; beginning to look exposed."
924011,British Racing School Handicap,174,Newmarket (July),08/01/2026 17:10:00,Other,Class 5,,0-70,3yo+,None,5f,5,1005,1100,Good To Firm,Turf,5102058,Merrimack right,102043,Chloe Lyons right,8543,Stuart Williams right,5,tv,1,6,9-6,150,11/4,3.75,69,,,CompletedRace,1,0,0,00:00:58.6300000,58.63,3/1,4,5,323823,"£5,154",5154,69,76,71,274269,W Enticknap & B Ralph,Showcasing,GB,Megan Lily,False,False,,45,7,False,,GB,"Tough 5f performer, holding his form well; close third under regular rider Chloe Lyons at Windsor on Monday; should give it his best shot again."
924011,British Racing School Handicap,174,Newmarket (July),08/01/2026 17:10:00,Other,Class 5,,0-70,3yo+,None,5f,5,1005,1100,Good To Firm,Turf,8330909,Sound And Vision right,77767,Billy Loughnane right,23926,Ed Walker right,3,t1,4,2,9-10,154,2/1F,3,69,,,CompletedRace,2,1.25,1.25,00:00:58.8800000,58.88,11/4,3.75,14,431-53,"£5,154",5154,69,77,69,165782,David Ward,Starman,GB,Commodus,True,False,,68,,False,,IRE,"Lightly raced 3yo; sole win came over this trip at Southwell last winter, and she shaped nicely after six months off on turf debut at Nottingham (5f, good to firm) two weeks ago; now fitted with a tongue-strap; big player if building on her last run."
924011,British Racing School Handicap,174,Newmarket (July),08/01/2026 17:10:00,Other,Class 5,,0-70,3yo+,None,5f,5,1005,1100,Good To Firm,Turf,5364278,Silky Robin right,101259,Joe Leavy right,40895,Brian Toomey right,5,b,2,4,9-12,156,6/1,7,68,,,CompletedRace,3,0.5,1.75,00:00:58.9800000,58.98,100/30,4.333333333333334,40,865511,"£5,154",5154,68,75,68,359623,Vinny & Ted Racing Syndicate,Exceed And Excel,AUS,Shaya,False,False,,100,,False,,IRE,"0-7 on the AW between September and April, but he has won his last five races on turf; patiently ridden as usual and led late at Brighton (5f, good to firm) six weeks ago; edging up the weights only slowly and in the mix once more."
924011,British Racing School Handicap,174,Newmarket (July),08/01/2026 17:10:00,Other,Class 5,,0-70,3yo+,None,5f,5,1005,1100,Good To Firm,Turf,5973533,Dottie Diamond right,84416,Jack Mitchell right,16307,William Stone right,4,,5,5,9-9,153,3/1,4,65,,,CompletedRace,4,2.5,4.25,00:00:59.4800000,59.48,3/1,4,11,6/4111,"£5,154",5154,65,76,66,127385,Miss Caroline Scott,Cable Bay,IRE,Diamond Lady,False,False,,20,,True,,GB,Missed 2025 but is making up for lost time and completed a hat-trick of 5f handicaps at Salisbury (good to firm) 11 days ago; thriving and may not have reached her limit just yet.
924011,British Racing School Handicap,174,Newmarket (July),08/01/2026 17:10:00,Other,Class 5,,0-70,3yo+,None,5f,5,1005,1100,Good To Firm,Turf,8330907,Angel Summer right,98519,Cieren Fallon right,25124,Patrick Owens right,3,,6,1,8-10,138,17/2,9.5,55,,,CompletedRace,5,1.25,5.5,00:00:59.7300000,59.73,12/1,13,5,-36496,"£5,154",5154,55,74,64,220006,The Lovat Family,Dark Angel,IRE,Summer Sunday,False,False,,67,,True,2,IRE,"0-7; never dangerous when sixth of 11 on stable debut at Windsor (5f, good to firm) on Monday, finishing three places behind Merrimack; however, she did meet trouble that day and can't be ruled out entirely."
924011,British Racing School Handicap,174,Newmarket (July),08/01/2026 17:10:00,Other,Class 5,,0-70,3yo+,None,5f,5,1005,1100,Good To Firm,Turf,5859153,Tuscan Point right,84882,William Carson right,42921,Adam Kirby right,4,et,3,3,9-11,155,18/1,19,67,,,CompletedRace,6,0.75,6.25,00:00:59.8800000,59.88,14/1,15,15,124704,"£5,154",5154,67,74,56,370208,Adam Kirby Racing Club,Blue Point,IRE,Tuscan Oasis,False,False,,38,,False,,IRE,"Started well for this yard but seems to have gone off the boil, safely held when fourth over C&D two weeks ago; needs a revival."
924036,John &amp; Paula 25th Wedding Anniversary EBF Novice Stakes (GBB/IRE Incentive Race),80,Thirsk,08/01/2026 13:38:00,Other,Class 4,,,2yo,None,5f,5,1005,1100,Good,Turf,8688529,Battle Fever right,91867,Kevin Stott right,22525,Kevin Ryan right,2,,4,7,9-4,148,9/4,3.25,76,,,CompletedRace,1,0,0,00:00:58.2300000,58.23,3/1,4,15,23,"£5,940",5940,76,80,48,285837,Allan Kerr & Partner,Sands Of Mali,FR,Miss Gradenko,False,False,,48,,False,,IRE,"Never looked like getting to Palm Reader when second at Beverley (5f, good to firm) four weeks ago; no improvement for stepping up to 6f at Hamilton two weeks ago; 7lb turnaround in the weights may be insufficient to turn the tables."
924036,John &amp; Paula 25th Wedding Anniversary EBF Novice Stakes (GBB/IRE Incentive Race),80,Thirsk,08/01/2026 13:38:00,Other,Class 4,,,2yo,None,5f,5,1005,1100,Good,Turf,8688464,Red Blue Point right,83746,Silvestre De Sousa right,25914,James Tate right,2,,5,2,9-4,148,7/2,4.5,,,,CompletedRace,2,3,3,00:00:58.8300000,58.83,7/4,2.75,,,"£5,940",5940,,,,2791,Jaber Abdullah,Blue Point,IRE,Grammata,False,False,,55,,False,,IRE,"92,000gns yearling; second foal; half-brother to 7f AW winner Espona Bay (RPR 71); dam 5f 2yo winner (89), half-sister to 7f winners Bendy Spirit and The Toff; stable operating at a healthy strike-rate with 2yos this season; betting useful."
924036,John &amp; Paula 25th Wedding Anniversary EBF Novice Stakes (GBB/IRE Incentive Race),80,Thirsk,08/01/2026 13:38:00,Other,Class 4,,,2yo,None,5f,5,1005,1100,Good,Turf,9424942,Bacha right,92732,Cam Hardie right,42996,Richard &amp; Peter Fahey right,2,,3,5,9-4,148,9/1,10,,,,CompletedRace,3,1,4,00:00:59.0300000,59.03,9/1,10,35,5,"£5,940",5940,,68,,257296,Saeed Bin Mohammed Al Qassimi,Cotai Glory,GB,Sun Sign,False,False,,35,,True,,IRE,Never in the hunt in a 5f novice at Newcastle five weeks ago (18-1); should do much better at some point.
924036,John &amp; Paula 25th Wedding Anniversary EBF Novice Stakes (GBB/IRE Incentive Race),80,Thirsk,08/01/2026 13:38:00,Other,Class 4,,,2yo,None,5f,5,1005,1100,Good,Turf,9485643,Palm Reader right,96669,Zak Wheatley right,3297,Declan Carroll right,2,t,1,4,9-11,155,5/4F,2.25,,,,CompletedRace,4,1.5,5.5,00:00:59.3300000,59.33,7/4,2.75,28,1,"£5,940",5940,,81,34,374634,"Unique Retreats, P Morrall & J Blackburn",Blue Point,IRE,Angel Palm,False,False,,67,,False,,IRE,"Cost 160,000euros at the breeze-ups in May; justified favouritism with a front-running success at Beverley (5f, good to firm; Battle Fever second) four weeks ago; more to come and he's the one to beat."
924036,John &amp; Paula 25th Wedding Anniversary EBF Novice Stakes (GBB/IRE Incentive Race),80,Thirsk,08/01/2026 13:38:00,Other,Class 4,,,2yo,None,5f,5,1005,1100,Good,Turf,9286460,Suenicora Star right,95279,Ben Robinson right,4431,Brian Ellison right,2,,8,3,8-13,141,66/1,67,,,,CompletedRace,5,1.25,6.75,00:00:59.5800000,59.58,50/1,51,7,0,"£5,940",5940,,61,,372972,Chris Lowther & Richard Hepple,Aclaim,IRE,Lady Crossmar,False,False,,38,,True,,GB,"150-1 when finishing down the field on last week's Newcastle debut (6f, AW); needs a big step forward."
924036,John &amp; Paula 25th Wedding Anniversary EBF Novice Stakes (GBB/IRE Incentive Race),80,Thirsk,08/01/2026 13:38:00,Other,Class 4,,,2yo,None,5f,5,1005,1100,Good,Turf,9554440,Unbeatable Fame right,99547,Oisin McSweeney right,42996,Richard &amp; Peter Fahey right,2,,7,8,9-4,148,40/1,41,,,,CompletedRace,6,2.5,9.25,00:01:00.0800000,60.08,25/1,26,12,7,"£5,940",5940,,44,27,218252,Richard Fahey Ebor Racing Club Ltd,Invincible Army,IRE,Autograph,False,False,,35,,True,,IRE,"33-1 and always in rear on his debut at Beverley (5f, good to firm) 12 days ago; best watched."
924036,John &amp; Paula 25th Wedding Anniversary EBF Novice Stakes (GBB/IRE Incentive Race),80,Thirsk,08/01/2026 13:38:00,Other,Class 4,,,2yo,None,5f,5,1005,1100,Good,Turf,9046202,River Jordan right,90868,Connor Beasley right,35791,Phillip Makin right,2,,6,1,9-4,148,18/1,19,,,,CompletedRace,7,1.5,10.75,00:01:00.3800000,60.38,20/1,21,21,75,"£5,940",5940,,65,49,370189,E Hughes & Pj Makin,Ubettabelieveit,IRE,Zerka,False,False,,25,,False,,GB,Modest form in two 5f maidens 98 days apart (gelded after debut); improvement essential.
924036,John &amp; Paula 25th Wedding Anniversary EBF Novice Stakes (GBB/IRE Incentive Race),80,Thirsk,08/01/2026 13:38:00,Other,Class 4,,,2yo,None,5f,5,1005,1100,Good,Turf,9429281,Articulate right,100476,William Pyle right,43173,Kevin &amp; Lauren Frost right,2,,2,6,9-4,148,40/1,41,,,,CompletedRace,8,0.5,11.25,00:01:00.4800000,60.48,100/1,101,12,58,"£5,940",5940,,42,25,330301,Trisha Keane & Friend,Showcasing,GB,Dutch Treat,False,False,,77,,False,,GB,Down the field in two 5f runs last month; minor nurseries beckon.
924033,William Hill Summer Cup Handicap,80,Thirsk,08/01/2026 14:08:00,Other,Class 2,,0-105,3yo+,None,1m,8,1608,1760,Good,Turf,3816935,Witch Hunter right,96282,Seamus Cronin right,28787,Richard Hannon right,7,,5,8,9-2,146,12/1,13,93,,,CompletedRace,1,0,0,00:01:38.9000000,98.9,25/1,26,35,890000,"£26,170",26170,93,105,86,182860,William Stobart,Siyouni,FR,Sorciere,False,False,,61,5,True,,FR,"Formerly smart but is currently out of sorts, as several duck eggs next to his name reflect, and hasn't scored on turf for nearly three years (gained last two wins on Newcastle AW); opposed."
924033,William Hill Summer Cup Handicap,80,Thirsk,08/01/2026 14:08:00,Other,Class 2,,0-105,3yo+,None,1m,8,1608,1760,Good,Turf,5343898,Dain Ma Nut In right,105027,Lexie Clarkson right,42490,Lucinda Russell &amp; Michael Scudamore right,5,,2,1,9-4,148,40/1,41,97,,,CompletedRace,2,0.5,0.5,00:01:39,99,25/1,26,21,80-170,"£26,170",26170,97,104,73,212081,Lamont Racing,Phoenix Of Spain,IRE,Jive Lady,False,False,,,7,True,,IRE,"Formerly a miler but has gained last three wins over 1m2f, the most recent in Bahrain; well held in major handicap returned to home soil last time; bit to prove off current mark back down in trip; Lexie Clarkson claims 7lb but has limited experience."
924033,William Hill Summer Cup Handicap,80,Thirsk,08/01/2026 14:08:00,Other,Class 2,,0-105,3yo+,None,1m,8,1608,1760,Good,Turf,3190711,Northern Express right,90868,Connor Beasley right,5079,Michael Dods right,8,p,3,4,9-11,155,9/2,5.5,97,,,CompletedRace,3,0.3,0.75,00:01:39.0500000,99.05,9/2,5.5,22,-63551,"£26,170",26170,97,108,92,186652,Sekura Group,Zoffany,IRE,Hint Of A Tint,False,False,,35,,False,,IRE,"Nosed ahead in the final strides at York (7f) last time, ending a two-year losing spell and showing he retains plenty of ability aged eight; back up just 2lb he remains well treated on historical data; won the Thirsk Hunt Cup over C&D in 2023; should remain competitive."
924033,William Hill Summer Cup Handicap,80,Thirsk,08/01/2026 14:08:00,Other,Class 2,,0-105,3yo+,None,1m,8,1608,1760,Good,Turf,7743751,Jeddaal right,88785,George Downing right,23926,Ed Walker right,3,,12,7,8-10,138,3/1J,4,89,,,CompletedRace,4,0.2,1,00:01:39.1000000,99.1,11/4,3.75,49,45-131,"£26,170",26170,89,108,89,14781,Sheikh Ahmed Al Maktoum,Lope De Vega,IRE,Bustaan,False,False,,68,,False,,GB,"Sole 3yo in this field; maiden last term; gelded prior to posting form figures of 131 (over 7f-1m) this season, the wins on sharp, left-handed tracks, namely Catterick (good) and Chester (good to soft); open to further improvement, should take well to Thirsk and receives weight all round; respected."
924033,William Hill Summer Cup Handicap,80,Thirsk,08/01/2026 14:08:00,Other,Class 2,,0-105,3yo+,None,1m,8,1608,1760,Good,Turf,6134845,Tuscan Hills right,96409,Faye McManoman right,865,Nigel Tinkler right,4,,6,10,9-7,151,22/1,23,93,,,CompletedRace,5,0.3,1.25,00:01:39.1500000,99.15,12/1,13,21,06-005,"£26,170",26170,93,104,74,252234,Amo Racing Limited,Night Of Thunder,IRE,Taqleed,False,False,,53,,True,2,FR,"Commenced career with two wins, including Listed; 0-6 and patchy form-wise since but proved resurgent in York handicap (1m; debut for new stable) most recently and is interesting off current mark assuming he builds on that effort."
924033,William Hill Summer Cup Handicap,80,Thirsk,08/01/2026 14:08:00,Other,Class 2,,0-105,3yo+,None,1m,8,1608,1760,Good,Turf,6859961,Pure Legend right,91867,Kevin Stott right,22525,Kevin Ryan right,4,,4,11,9-10,154,11/1,12,96,,,CompletedRace,6,0.3,1.5,00:01:39.2000000,99.2,14/1,15,69,67-441,"£26,170",26170,96,103,80,375688,Raymond Huschka,Mehmas,IRE,Golden Legend,False,False,,48,,True,1,FR,"Record of 3-11 in France for Henri-Francois Devin, most recently prevailing narrowly in big-field handicap at Longchamp in May; sold for 80,000euros since; likely faces a stiffer task off opening British mark but market support should be heeded."
924033,William Hill Summer Cup Handicap,80,Thirsk,08/01/2026 14:08:00,Other,Class 2,,0-105,3yo+,None,1m,8,1608,1760,Good,Turf,3552558,Sterling Knight right,102526,Jack Callan right,9036,Ed Dunlop right,7,,10,6,9-2,146,16/1,17,91,,,CompletedRace,7,0.5,2,00:01:39.3000000,99.3,10/1,11,23,731003,"£26,170",26170,91,106,97,369075,Turf Club 2024 And Partner,Camelot,GB,Sterling Sound,False,False,,38,3,False,,GB,"Campaigned mostly at the Newmarket tracks this term, winning in May and respectable third last time; has shown versatility in the past but looks weighted to the hilt off current mark and this step back up in class adds to the difficulty."
924033,William Hill Summer Cup Handicap,80,Thirsk,08/01/2026 14:08:00,Other,Class 2,,0-105,3yo+,None,1m,8,1608,1760,Good,Turf,4827041,Mr Swivell right,92732,Cam Hardie right,37949,Kevin Philippart De Foy right,5,,8,2,9-7,151,11/2,6.5,93,,,CompletedRace,8,0.3,2.5,00:01:39.4000000,99.4,9/2,5.5,21,0-7042,"£26,170",26170,93,108,68,375689,Stuart Wood & Martin Arlett,City Light,FR,How High The Sky,False,False,,60,,True,,GB,"Scored twice in 2024 and three times in 2025; gradually back to form this season, creditable second in useful handicap at York (1m) most recently; appears to be on his way to regaining the winning thread and looks a must for the shortlist."
924033,William Hill Summer Cup Handicap,80,Thirsk,08/01/2026 14:08:00,Other,Class 2,,0-105,3yo+,None,1m,8,1608,1760,Good,Turf,3841764,Mirsky right,82231,Daniel Tudhope right,22839,David O'Meara right,7,,7,5,9-7,151,3/1J,4,93,,,CompletedRace,9,0.75,3.25,00:01:39.5500000,99.55,5/1,6,28,310079,"£26,170",26170,93,109,87,143695,J N Blackburn,Siyouni,FR,Latice,False,False,,54,,False,,GB,"Useful on his day and has a record of 2-3 over C&D, notably a success off current mark in this year's Thirsk Hunt Cup; not particularly solid on form elsewhere since but the return to this scenario may have a positive effect; not dismissed."
924033,William Hill Summer Cup Handicap,80,Thirsk,08/01/2026 14:08:00,Other,Class 2,,0-105,3yo+,None,1m,8,1608,1760,Good,Turf,5325053,Dosman right,100783,Jonny Peate right,42671,Oli Rix right,5,,9,3,9-5,149,22/1,23,91,,,CompletedRace,10,1.25,4.5,00:01:39.8000000,99.8,14/1,15,37,212456,"£26,170",26170,91,106,81,225459,Dynasty Racing,Kingman,GB,Diamond Fields,False,False,,80,,False,,GB,"Generally in good form, mostly on AW, for current stable and latest effort is best forgiven (race didn't pan out favourably); not disgraced in most recent turf attempt but is still seeking a first success in this sphere and is somewhat hostage to fortune the way he races."
924033,William Hill Summer Cup Handicap,80,Thirsk,08/01/2026 14:08:00,Other,Class 2,,0-105,3yo+,None,1m,8,1608,1760,Good,Turf,6064648,Priapos right,99547,Oisin McSweeney right,35791,Phillip Makin right,4,p,11,9,9-0,144,40/1,41,86,,,CompletedRace,11,6,10.5,00:01:41,101,14/1,15,23,-74110,"£26,170",26170,86,105,91,361469,New Holland Horsepower,Zoustar,AUS,Laurel Wreath,False,False,,25,,True,,IRE,"Front-running tactics backfired at the Newmarket July festival last time when bidding for a 1m hat-trick after Class 4 wins at Carlisle; remains on career-high mark and is upped further in grade, so needs to resume his improvement."
924037,Theakston Great Yorkshire Pint EBF Novice Stakes (GBB Race),80,Thirsk,08/01/2026 14:43:00,Other,Class 4,,,3yo+,None,1m,8,1608,1760,Good,Turf,9153188,Brighton Beach right,82231,Daniel Tudhope right,3415,William Haggas right,3,,6,6,8-13,141,5/6F,1.8333333333333335,,,,CompletedRace,1,0,0,00:01:41.0200000,101.02,2/1,3,22,53,"£5,400",5400,,86,70,9896,D J Deer,Palace Pier,GB,Poplin,False,False,,66,,True,,IRE,"Has shown promise in both starts, even when last of three at Chester (1m2f, good) last month (runner-up has won since); shortlisted for stable that took this in 2022 and 2023."
924037,Theakston Great Yorkshire Pint EBF Novice Stakes (GBB Race),80,Thirsk,08/01/2026 14:43:00,Other,Class 4,,,3yo+,None,1m,8,1608,1760,Good,Turf,9268202,Le Samourai right,94158,Edward Greatrex right,13917,Ralph Beckett right,3,t,1,2,9-11,155,100/30,4.333333333333334,79,,,CompletedRace,2,0.2,0.2,00:01:41.0600000,101.06,15/8,2.875,30,01,"£5,400",5400,79,78,7,325088,Wathnan Racing,New Bay,GB,Folk Melody,False,False,,57,,True,,IRE,"450,000gns yearling; disappointing when sent off favourite for his Salisbury debut (7f, soft) in June, but with a tongue-tie fitted he showed his true colours when winning a Kempton novice (7f, AW) last month; has a 7lb penalty to carry, but bred to be smart so could easily step forward again."
924037,Theakston Great Yorkshire Pint EBF Novice Stakes (GBB Race),80,Thirsk,08/01/2026 14:43:00,Other,Class 4,,,3yo+,None,1m,8,1608,1760,Good,Turf,8263637,West Sleekburn Lad right,92732,Cam Hardie right,15449,Peter Niven right,3,,5,4,9-4,148,300/1,301,,,,CompletedRace,3,16,16.25,00:01:44.2700000,104.27,100/1,101,57,0-8,"£5,400",5400,,35,9,363292,"Fairweather, Hedley, Little & Tomkins",Golden Horn,GB,Cat Hunter,False,False,,17,,False,,GB,Huge prices and failed to beat a rival in his first two starts (7f/1m2f) eight months apart; handicaps beckon.
924037,Theakston Great Yorkshire Pint EBF Novice Stakes (GBB Race),80,Thirsk,08/01/2026 14:43:00,Other,Class 4,,,3yo+,None,1m,8,1608,1760,Good,Turf,8106621,Test Run right,95152,Billy Garritty right,38543,Michael &amp; David Easterby right,3,,4,1,9-4,148,33/1,34,,,,CompletedRace,4,3.5,19.75,00:01:44.9700000,104.97,10/1,11,16,4-5,"£5,400",5400,,77,51,183852,B Padgett,Time Test,GB,Ronja,False,False,,45,,False,,GB,"Offered promise when fourth of ten in a Doncaster maiden (1m, soft) on his debut September, but well held on his Hamilton return (1m, good to firm) 16 days ago; looks one for handicaps."
924037,Theakston Great Yorkshire Pint EBF Novice Stakes (GBB Race),80,Thirsk,08/01/2026 14:43:00,Other,Class 4,,,3yo+,None,1m,8,1608,1760,Good,Turf,9503899,Morty Robinson right,92735,Jack Garritty right,4431,Brian Ellison right,6,,2,3,9-11,155,100/1,101,,,,CompletedRace,5,2,21.75,00:01:45.3700000,105.37,100/1,101,9,0,"£5,400",5400,,,,89641,Brian Ellison Racing Club,Forever Now,GB,Bezant,False,False,,38,,True,,GB,"Sent off 100-1 when beaten miles into last of 13 on his Southwell debut (7f, AW) nine days ago; stable runs three."
924035,Jordan Foy Memorial Handicap,80,Thirsk,08/01/2026 15:17:00,Other,Class 4,,0-80,3yo+,None,5f,5,1005,1100,Good,Turf,5937860,Accrual right,100476,William Pyle right,20045,Ruth Carr right,5,,7,2,9-9,153,12/1,13,75,,,CompletedRace,1,0,0,00:00:57.3900000,57.39,12/1,13,26,5U5305,"£6,281",6281,75,82,60,375687,Miss K Padgett And Mrs S D Pearson,Profitable,IRE,Albertine Rose,False,False,,53,,True,1,GB,"Well handicapped on this winter's AW form but he has gone off the boil more recently; given a chance by the handicapper as a consequence and he needs a market check starting out for Ruth Carr (sold out of David Loughnane's stable for 22,000gns last month)."
924035,Jordan Foy Memorial Handicap,80,Thirsk,08/01/2026 15:17:00,Other,Class 4,,0-80,3yo+,None,5f,5,1005,1100,Good,Turf,5047951,Moulin Booj right,91867,Kevin Stott right,31461,George Scott right,6,,2,11,10-1,161,5/1,6,81,,,CompletedRace,2,1,1,00:00:57.5900000,57.59,13/2,7.5,29,066325,"£6,281",6281,81,87,79,313103,The Pals,Sioux Nation,USA,Enliven,False,False,,67,,True,,IRE,Successful off this mark at Wolverhampton in March; solid efforts on his last three starts and he should make a bold bid to win this race for the second season in succession.
924035,Jordan Foy Memorial Handicap,80,Thirsk,08/01/2026 15:17:00,Other,Class 4,,0-80,3yo+,None,5f,5,1005,1100,Good,Turf,6577905,Tiva right,82231,Daniel Tudhope right,22839,David O'Meara right,4,tv,3,4,9-13,157,8/1,9,79,,,CompletedRace,3,0.2,1.25,00:00:57.6400000,57.64,10/1,11,29,-52546,"£6,281",6281,79,86,81,314664,Akela Thoroughbreds Limited,Mehmas,IRE,Sarasota Bay,False,False,,54,,False,,IRE,"Won a 5f handicap off this mark at Newmarket (good to firm) last August; she has run some fair races this year but her latest effort (tried in cheekpieces, usual visor back on today) wasn't one of them; no surprise to see her bounce back quickly."
924035,Jordan Foy Memorial Handicap,80,Thirsk,08/01/2026 15:17:00,Other,Class 4,,0-80,3yo+,None,5f,5,1005,1100,Good,Turf,4350766,Rock Of England right,95152,Billy Garritty right,15948,Paul Midgley right,6,,6,6,9-10,154,11/2,6.5,76,,,CompletedRace,4,0.3,1.5,00:00:57.6900000,57.69,7/2,4.5,15,913121,"£6,281",6281,76,83,75,294352,D Padgett,Unfortunately,IRE,Miss Fay,False,False,,44,,True,,IRE,"Prominent racer; thriving this season, winning three of his last five starts with the latest a cosy success at Hamilton (5f, good to firm) two weeks ago; up 4lb but he needs serious consideration; stable also runs American Bay."
924035,Jordan Foy Memorial Handicap,80,Thirsk,08/01/2026 15:17:00,Other,Class 4,,0-80,3yo+,None,5f,5,1005,1100,Good,Turf,5193468,American Bay right,102526,Jack Callan right,15948,Paul Midgley right,5,,4,8,9-7,151,100/30,4.333333333333334,76,,,CompletedRace,5,1,2.5,00:00:57.8900000,57.89,8/1,9,21,325720,"£6,281",6281,76,85,75,356189,Mike Taylor & Partner,New Bay,GB,All I Need,False,False,,44,3,True,,GB,"C&D winner; below par in a big field at York (6f, good to firm) three weeks ago but plenty of form this season that makes him of interest; Jack Callan's claim a bonus; one to consider back at 5f."
924035,Jordan Foy Memorial Handicap,80,Thirsk,08/01/2026 15:17:00,Other,Class 4,,0-80,3yo+,None,5f,5,1005,1100,Good,Turf,4274030,Castan right,95279,Ben Robinson right,373,Bryan Smart right,6,p,5,7,9-10,154,40/1,41,76,,,CompletedRace,6,1.75,4.25,00:00:58.2400000,58.24,33/1,34,22,281409,"£6,281",6281,76,83,71,152765,Ceffyl Racing,Charming Thought,GB,Astley Park,False,False,,33,,False,,GB,"5f AW win in April; ran well at Ripon (5f, good) later that month but he has struggled twice since; has a C&D win on his record but others bring more pressing claims."
924035,Jordan Foy Memorial Handicap,80,Thirsk,08/01/2026 15:17:00,Other,Class 4,,0-80,3yo+,None,5f,5,1005,1100,Good,Turf,7365393,Rotokura Belle right,83746,Silvestre De Sousa right,30867,Ivan Furtado right,3,,10,9,9-6,150,11/4F,3.75,75,,,CompletedRace,7,0.75,5,00:00:58.3900000,58.39,4/1,5,22,164173,"£6,281",6281,75,87,75,356743,Miss D Francis,Cable Bay,IRE,Belle Dormant,False,False,,54,,False,,GB,"Two 5f wins this year and she ran her best race so far when third of 12 at York (5f, good to firm) three weeks ago; races off the same mark here and should make another bold bid."
924035,Jordan Foy Memorial Handicap,80,Thirsk,08/01/2026 15:17:00,Other,Class 4,,0-80,3yo+,None,5f,5,1005,1100,Good,Turf,5096521,Canaria Queen right,82122,Duran Fentiman right,10152,Tim Easterby right,6,p,12,10,9-2,146,11/1,12,68,,,CompletedRace,8,0.75,5.75,00:00:58.5400000,58.54,9/1,10,8,221552,"£6,281",6281,68,83,80,144066,The Senators,Pastoral Pursuits,GB,Gran Canaria Queen,False,False,,46,,False,,GB,"Three wins in 5f handicaps this year, the latest off 6lb lower last month; another good effort when second over 6f here last week; likely vulnerable in Class 4."
924035,Jordan Foy Memorial Handicap,80,Thirsk,08/01/2026 15:17:00,Other,Class 4,,0-80,3yo+,None,5f,5,1005,1100,Good,Turf,4839379,True Promise right,99547,Oisin McSweeney right,40171,Fionn McSharry right,5,,1,3,10-1,161,20/1,21,81,,,CompletedRace,9,1,6.75,00:00:58.7400000,58.74,10/1,11,22,522015,"£6,281",6281,81,80,66,373193,Graham Smith And Partner,Washington DC,IRE,In Trutina,False,False,,,,False,,GB,Wasn't winning out of turn when taking a 5f handicap at Wolverhampton in May; didn't get the clearest run at Chester three weeks ago but that took his turf record to 0-11; others are more appealing.
924035,Jordan Foy Memorial Handicap,80,Thirsk,08/01/2026 15:17:00,Other,Class 4,,0-80,3yo+,None,5f,5,1005,1100,Good,Turf,7622806,Comic Strip right,90868,Connor Beasley right,37478,Simon &amp; Ed Crisford right,3,tp1,8,1,9-9,153,33/1,34,78,,,CompletedRace,10,1.25,8,00:00:58.9900000,58.99,12/1,13,33,2-3755,"£6,281",6281,78,80,70,246183,Rabbah Racing,Blue Point,IRE,Laugh Aloud,True,False,,71,,True,,IRE,Didn't run badly at Windsor in May but that run is sandwiched by two lesser turf runs; connections now turn to a tongue tie and cheekpieces.
924035,Jordan Foy Memorial Handicap,80,Thirsk,08/01/2026 15:17:00,Other,Class 4,,0-80,3yo+,None,5f,5,1005,1100,Good,Turf,3092785,Muker right,96409,Faye McManoman right,865,Nigel Tinkler right,8,,11,12,9-6,150,25/1,26,72,,,CompletedRace,11,1,9,00:00:59.1900000,59.19,25/1,26,22,800640,"£6,281",6281,72,83,65,343139,Peter Blyth & Partner,Mehmas,IRE,Naias,False,False,,53,,False,,IRE,"Has a couple of C&D wins on his record; not found his best form this year and he has too much to prove for comfort, for all he is tumbling down the weights."
924035,Jordan Foy Memorial Handicap,80,Thirsk,08/01/2026 15:17:00,Other,Class 4,,0-80,3yo+,None,5f,5,1005,1100,Good,Turf,3096972,Mondammej right,92732,Cam Hardie right,30941,Antony Brittain right,9,,9,5,9-8,152,33/1,34,74,,,CompletedRace,12,0.5,9.5,00:00:59.2900000,59.29,9/1,10,11,24-062,"£6,281",6281,74,86,61,295957,Mrs C Brittain,Lope De Vega,IRE,Lamps Of Heaven,False,False,,50,,False,,GB,Talented veteran but has temperament to match his ability; no turf win since 2021 and when second at Nottingham 11 days ago there were only four runners; more minor money perhaps his best hope.
924034,William Hill Epic Boosts Handicap,80,Thirsk,08/01/2026 15:47:00,Other,Class 3,,0-90,4yo+,None,7f,7,1407,1540,Good,Turf,6130358,Asuka right,102526,Jack Callan right,36211,George Boughey right,4,,3,2,9-5,149,15/8F,2.875,89,,,CompletedRace,1,0,0,00:01:24.2000000,84.2,7/4,2.75,10,1/21,"£9,720",9720,89,107,68,367414,Exors Of The Late Sheikh Mohammed Obaid,Night Of Thunder,IRE,Lady Momoka,False,False,,54,3,True,,GB,"Impressive on 2yo debut in 2024 (6f, good) then absent until last month, when going very close at Wolverhampton (7f, AW) before easy win at 1-50 at Lingfield (6f, good to firm); could be on a good mark for this first handicap."
924034,William Hill Epic Boosts Handicap,80,Thirsk,08/01/2026 15:47:00,Other,Class 3,,0-90,4yo+,None,7f,7,1407,1540,Good,Turf,5884240,Angel Hunter right,96282,Seamus Cronin right,28787,Richard Hannon right,4,b,5,13,9-2,146,9/2,5.5,88,,,CompletedRace,2,0.2,0.2,00:01:24.2400000,84.24,11/2,6.5,22,166764,"£9,720",9720,88,101,82,182860,William Stobart,Acclamation,GB,Ruxleys Star,False,False,,61,5,True,,GB,"Won at Lingfield (1m, AW) in April and achieved his best result of this turf season when close fourth of 17 at York (7f, good to firm) three weeks ago; he might not be far away."
924034,William Hill Epic Boosts Handicap,80,Thirsk,08/01/2026 15:47:00,Other,Class 3,,0-90,4yo+,None,7f,7,1407,1540,Good,Turf,3555999,Croupier right,83746,Silvestre De Sousa right,41822,Joel Parkinson &amp; Sue Smith right,7,,2,9,9-8,152,20/1,21,89,,,CompletedRace,3,2.25,2.5,00:01:24.7000000,84.7,20/1,21,22,12/090,"£9,720",9720,89,99,83,321643,Elaine Banks & Sam Lambert,Invincible Spirit,IRE,Aaraamm,False,False,,50,,True,,IRE,Well handicapped on his form up to June 2023 but he was then absent until this season and hasn't been the force of old on his three runs in 2026.
924034,William Hill Epic Boosts Handicap,80,Thirsk,08/01/2026 15:47:00,Other,Class 3,,0-90,4yo+,None,7f,7,1407,1540,Good,Turf,4175545,Woodstock right,92732,Cam Hardie right,20045,Ruth Carr right,6,v,15,10,8-10,138,11/1,12,77,,,CompletedRace,4,0.2,2.75,00:01:24.7500000,84.75,14/1,15,7,734622,"£9,720",9720,77,101,91,252869,Miss Vanessa Church & Toby Brereton,Sixties Icon,GB,Isabella Bird,False,False,,53,,True,,GB,"Without a win since August 2024 but he's been in good form since this visor went on, bumping into an unexposed 3yo when second of four at Catterick (7f, good to firm) and again finishing runner-up at Chester (7.5f, good) last time; in each-way calculations once more."
924034,William Hill Epic Boosts Handicap,80,Thirsk,08/01/2026 15:47:00,Other,Class 3,,0-90,4yo+,None,7f,7,1407,1540,Good,Turf,5900673,Andesite right,91867,Kevin Stott right,32385,Roger Fell right,4,tp,11,14,9-2,146,11/1,12,83,,,CompletedRace,5,0.05,2.75,00:01:24.7500000,84.75,14/1,15,22,053220,"£9,720",9720,83,105,94,276597,Swales & Fell,Pinatubo,IRE,Katie's Diamond,False,False,,44,5,True,,GB,"Ran really well when runner-up in two big-field handicaps at York (7f/1m, good) in June; not at the same level when mid-division there (7f, good to firm) three weeks ago in first-time cheekpieces (retained) but can be in the shake-up if swiftly rediscovering his previous form."
924034,William Hill Epic Boosts Handicap,80,Thirsk,08/01/2026 15:47:00,Other,Class 3,,0-90,4yo+,None,7f,7,1407,1540,Good,Turf,5580002,Brighton Boy right,82122,Duran Fentiman right,10152,Tim Easterby right,4,,8,4,9-4,148,16/1,17,85,,,CompletedRace,6,0.3,3,00:01:24.8000000,84.8,16/1,17,35,701260,"£9,720",9720,85,101,82,176815,Reality Partnerships II,Gregorian,IRE,Natural Instinct,False,False,,46,,False,,IRE,"Won over C&D (good) in May and close second at Chester (7f, good) a fortnight later; respectable sixth of 19 at York (7f, good) next time and perhaps unsuited by return to AW most recently; each-way possibilities."
924034,William Hill Epic Boosts Handicap,80,Thirsk,08/01/2026 15:47:00,Other,Class 3,,0-90,4yo+,None,7f,7,1407,1540,Good,Turf,7214032,Aurora Majesty right,95208,William Cox right,32276,Archie Watson right,4,,4,1,9-8,152,25/1,26,89,,,CompletedRace,7,0.5,3.5,00:01:24.9000000,84.9,20/1,21,57,1320-0,"£9,720",9720,89,102,92,285820,Salem Rashid Bin Ghadayer,Night Of Thunder,IRE,Anahita,False,False,,37,,False,,IRE,Well beaten on final outing last season and same story on reappearance at Epsom on Oaks day (pulled hard); he has something to prove but that latest outing may have got the freshness out of him and he's on a handy mark on last season's best efforts; not written off.
924034,William Hill Epic Boosts Handicap,80,Thirsk,08/01/2026 15:47:00,Other,Class 3,,0-90,4yo+,None,7f,7,1407,1540,Good,Turf,5366268,King's School right,100783,Jonny Peate right,39381,Gemma Tutty right,5,tp,14,7,8-11,139,33/1,34,78,,,CompletedRace,8,2.5,6,00:01:25.4000000,85.4,33/1,34,23,8-3125,"£9,720",9720,78,101,77,347386,"Middlehamparkracing, Partner & P&g Upton",Lightning Spear,GB,Elenora Delight,False,False,,44,,True,,GB,"Four-time AW winner, the latest at Newcastle (7f) in May, and good second at Chester (7f, good to soft) in June; however, only fifth of ten at Doncaster (7f, good to firm) last time and has to leave that run behind if he's to get off the mark on turf at the seventh attempt."
924034,William Hill Epic Boosts Handicap,80,Thirsk,08/01/2026 15:47:00,Other,Class 3,,0-90,4yo+,None,7f,7,1407,1540,Good,Turf,3297869,It Just Takes Time right,92735,Jack Garritty right,28876,Mark Walford right,8,,10,8,9-3,147,11/1,12,84,,,CompletedRace,9,0.2,6.25,00:01:25.4500000,85.45,11/1,12,12,602231,"£9,720",9720,84,101,91,257436,Go Alfresco Racing Partners,Power,GB,War Bride,False,False,,72,,False,,IRE,"8yo who was knocking on the door prior to making all in fine style at Beverley (7.4f, good to firm) 12 days ago; had just three rivals to beat last time and he's 4lb higher in a tougher race today, but is clearly in good heart and is a two-time winner at Thirsk; could go well."
924034,William Hill Epic Boosts Handicap,80,Thirsk,08/01/2026 15:47:00,Other,Class 3,,0-90,4yo+,None,7f,7,1407,1540,Good,Turf,4303378,Enola Grey right,100476,William Pyle right,39381,Gemma Tutty right,6,,16,12,8-5,133,16/1,17,72,,,CompletedRace,10,0.75,7,00:01:25.6000000,85.6,25/1,26,7,556680,"£9,720",9720,72,103,93,232250,Cragg Wood Racing,Havana Grey,GB,Izola,False,False,,44,,False,,IRE,"She's dropped below her last winning mark and has run some reasonable races on turf this summer, but without suggesting a win is imminent; she's just 1-20 on grass as opposed to 6-43 on AW."
924034,William Hill Epic Boosts Handicap,80,Thirsk,08/01/2026 15:47:00,Other,Class 3,,0-90,4yo+,None,7f,7,1407,1540,Good,Turf,5021374,Our Havana right,99547,Oisin McSweeney right,42996,Richard &amp; Peter Fahey right,5,p1,7,5,9-5,149,33/1,34,86,,,CompletedRace,11,1.5,8.5,00:01:25.9000000,85.9,25/1,26,22,699-10,"£9,720",9720,86,101,72,329965,Macintosh Knaggs Partnership,Havana Gold,IRE,Jalela,True,False,,35,,True,,GB,"Reappeared at York (7f, good) in June following a wind op and he beat 19 rivals to win; very much of interest based on that performance but he was well beaten back at York (7f, good to firm) last time; cheekpieces go on."
924034,William Hill Epic Boosts Handicap,80,Thirsk,08/01/2026 15:47:00,Other,Class 3,,0-90,4yo+,None,7f,7,1407,1540,Good,Turf,4175384,Glenfinnan right,90868,Connor Beasley right,5079,Michael Dods right,6,h,13,3,8-12,140,25/1,26,79,,,CompletedRace,12,0.75,9.25,00:01:26.0500000,86.05,20/1,21,28,771942,"£9,720",9720,79,102,96,343269,Csk Services Limited,Harry Angel,IRE,Fatanah,False,False,,35,,False,,IRE,"Won at Beverley (7.4f, good to firm) in May and has run well in defeat at Carlisle (1m, good to firm) and Beverley (7.4f, good to firm) on his last two starts; he's in with an each-way chance."
924034,William Hill Epic Boosts Handicap,80,Thirsk,08/01/2026 15:47:00,Other,Class 3,,0-90,4yo+,None,7f,7,1407,1540,Good,Turf,4532168,Obelix right,95279,Ben Robinson right,12225,Julie Camacho right,6,,12,15,9-1,145,18/1,19,82,,,CompletedRace,13,0.2,9.5,00:01:26.1000000,86.1,14/1,15,21,9-0155,"£9,720",9720,82,101,92,343262,Ursa Major Racing Ltd & Julie Camacho,Sea The Stars,IRE,La Mortola,False,False,,20,,True,,GB,"Won in fields of a similar size to today's at York (7f, good) last July and Wetherby (7f, good to firm) in June; outside of those wins his form figures since last June read 000089055 and he's a type who needs everything to drop right, but it's possible that will happen off an expected good pace today."
924034,William Hill Epic Boosts Handicap,80,Thirsk,08/01/2026 15:47:00,Other,Class 3,,0-90,4yo+,None,7f,7,1407,1540,Good,Turf,6323502,Yankee Dude right,94158,Edward Greatrex right,22011,Warren Greatrex right,4,,6,6,9-7,151,40/1,41,88,,,CompletedRace,14,1.25,10.75,00:01:26.3500000,86.35,16/1,17,117,11/0-2,"£9,720",9720,88,98,,286937,Jim And Claire Limited,Starspangledbanner,AUS,Split Decision,False,False,,30,,False,,IRE,"Very lightly raced since winning two 2yo novice races in autumn 2024 (7f, AW); returned from another absence at Wolverhampton (7f, AW) in April, having been gelded, and ran well in second of six; could have part to play."
924034,William Hill Epic Boosts Handicap,80,Thirsk,08/01/2026 15:47:00,Other,Class 3,,0-90,4yo+,None,7f,7,1407,1540,Good,Turf,4352838,New Image right,82231,Daniel Tudhope right,22839,David O'Meara right,6,,9,11,9-3,147,9/1,10,84,,,CompletedRace,15,20,30.75,00:01:30.3500000,90.35,10/1,11,21,-30570,"£9,720",9720,84,105,94,249735,Thoroughbred British Racing,Frankel,GB,Modern Look,False,False,,54,,False,,GB,Won four times in 2024; just two runs last year and reappeared this April with close third at Redcar; down to a dangerous mark but he hasn't really shone on his last four starts and has to turn things around.
924038,Vision PVC Carlton Miniott Thirsk Handicap,80,Thirsk,08/01/2026 16:22:00,Other,Class 5,,0-75,3yo+,None,1m4f,12,2412,2640,Good,Turf,8290509,La Peregrina right,88785,George Downing right,23926,Ed Walker right,3,,3,2,9-3,147,4/7F,1.5714285714285714,70,,,CompletedRace,1,0,0,00:02:41.5100000,161.51,8/15,1.5333333333333332,23,-55022,"£4,187",4187,70,81,69,112240,Mrs Fitri Hay,Sea The Stars,IRE,Pink Pearl,False,False,,68,,False,,GB,"Improved form the last twice, finishing first past the post at Goodwood (1m4f; demoted to second for causing interference) then beaten only a neck at Newbury (1m5f); respected."
924038,Vision PVC Carlton Miniott Thirsk Handicap,80,Thirsk,08/01/2026 16:22:00,Other,Class 5,,0-75,3yo+,None,1m4f,12,2412,2640,Good,Turf,7436348,Northern Brave right,90868,Connor Beasley right,5079,Michael Dods right,3,,2,3,9-8,152,100/30,4.333333333333334,75,,,CompletedRace,2,1.5,1.5,00:02:41.8100000,161.81,4/1,5,43,31-074,"£4,187",4187,75,75,59,186652,Sekura Group,Gleneagles,IRE,Huamulan,False,True,,35,,False,,IRE,Novice win last October; has come up well short in Class 4 handicaps this term (modest fourth last time; gelded since) but may fare better off a reduced mark at this lower level.
924038,Vision PVC Carlton Miniott Thirsk Handicap,80,Thirsk,08/01/2026 16:22:00,Other,Class 5,,0-75,3yo+,None,1m4f,12,2412,2640,Good,Turf,8277426,That Darn Cantor right,102526,Jack Callan right,9036,Ed Dunlop right,3,p,4,4,8-13,141,14/1,15,69,,,CompletedRace,3,0.1,1.5,00:02:41.8100000,161.81,8/1,9,14,7-9564,"£4,187",4187,69,76,59,235917,Alec Leopold & Ms Leanne Norman,Too Darn Hot,GB,Capricious Cantor,False,False,,38,3,True,,GB,"Five-race maiden who has two standout pieces of form, including creditable effort with cheekpieces fitted at Doncaster (1m4f) last time; could go well in the retained headgear."
924038,Vision PVC Carlton Miniott Thirsk Handicap,80,Thirsk,08/01/2026 16:22:00,Other,Class 5,,0-75,3yo+,None,1m4f,12,2412,2640,Good,Turf,4315424,Ludo's Landing right,83746,Silvestre De Sousa right,40131,Charlie Johnston right,6,,1,1,10-2,162,9/2,5.5,73,,,CompletedRace,4,9,10.5,00:02:43.6100000,163.61,11/2,6.5,8,104355,"£4,187",4187,73,81,55,317346,Phil & Jude Jones,Kodiac,GB,Most Beautiful,False,False,,45,,True,,IRE,"Exposed 6yo who concedes weight to 3yo rivals but brings positives, being the only C&D scorer in the field and a winner off 2lb higher in most recent attempt in this grade."
924039,John Joseph Robson Memorial Handicap,80,Thirsk,08/01/2026 16:55:00,Other,Class 6,,0-65,3yo+,None,6f,6,1206,1320,Good,Turf,6256669,Maldevious right,95279,Ben Robinson right,4431,Brian Ellison right,4,tp1,4,9,9-11,155,15/2,8.5,63,,,CompletedRace,1,0,0,00:01:10.1800000,70.18,15/2,8.5,36,494439,"£3,140",3140,63,72,61,347649,Returnedwithahorse,Kodi Bear,IRE,Piacere,True,False,,38,,False,,IRE,"Not beaten far on a few occasions in the spring, but now 0-12 and cheekpieces made no difference last time; needs the addition of a tongue-tie to make a difference."
924039,John Joseph Robson Memorial Handicap,80,Thirsk,08/01/2026 16:55:00,Other,Class 6,,0-65,3yo+,None,6f,6,1206,1320,Good,Turf,4076451,Northcliff right,83746,Silvestre De Sousa right,42295,Ross Burdon right,6,v,1,2,9-13,157,6/4F,2.5,65,,,CompletedRace,2,1.25,1.25,00:01:10.4300000,70.43,9/2,5.5,21,081460,"£3,140",3140,65,70,62,339503,Stable Silks Investments Limited,Dandy Man,IRE,Colgin,False,False,,75,,False,,IRE,"Very disappointing at Ascot (7f, good to firm) three weeks ago which needs forgiving, but his Chepstow success (7f, good to firm) in May was the only occasion he has dropped into Class 6 company in more than two years; worth a second look."
924039,John Joseph Robson Memorial Handicap,80,Thirsk,08/01/2026 16:55:00,Other,Class 6,,0-65,3yo+,None,6f,6,1206,1320,Good,Turf,5708856,Great right,87958,Jonathan England right,31667,Sam England right,4,,2,3,9-13,157,7/2,4.5,65,,,CompletedRace,3,2.75,4,00:01:10.9800000,70.98,3/1,4,12,378715,"£3,140",3140,65,73,60,350438,Racing To Profit Syndicate & Partners,Twilight Son,GB,Barathea Dancer,False,False,,39,,False,,GB,"Narrowly bounced back to winning form under Jonathan England at Carlisle (6f, good to firm) last month, but met traffic when fifth of ten at Beverley (5f, good to firm) 11 days later; a player granted better luck."
924039,John Joseph Robson Memorial Handicap,80,Thirsk,08/01/2026 16:55:00,Other,Class 6,,0-65,3yo+,None,6f,6,1206,1320,Good,Turf,3880932,Lord Abama right,95152,Billy Garritty right,5079,Michael Dods right,7,b,9,4,9-4,148,9/1,10,56,,,CompletedRace,4,0.3,4.25,00:01:11.0300000,71.03,8/1,9,46,-59778,"£3,140",3140,56,68,50,370567,Mrs K S Pratt & M Dods,Profitable,IRE,Dancing Years,False,False,,35,,True,,IRE,"Handy sort whose three turf wins have all come over C&D; not firing of late, but has become dangerously well handicapped having dropped 14lb below his last winning mark."
924039,John Joseph Robson Memorial Handicap,80,Thirsk,08/01/2026 16:55:00,Other,Class 6,,0-65,3yo+,None,6f,6,1206,1320,Good,Turf,5207753,Kings Merchant right,92732,Cam Hardie right,18875,Philip Kirby right,5,p,3,5,9-12,156,9/2,5.5,64,,,CompletedRace,5,1.5,5.75,00:01:11.3300000,71.33,7/2,4.5,10,478214,"£3,140",3140,64,72,65,357387,G Harrison,Bated Breath,GB,Rhossili Down,False,False,,36,,False,,GB,"2-6 over C&D; ended a 17-race losing run at Chester (7f, good) last month and only beaten just over 2l into fourth of eight at Catterick (7f, good to firm) ten days ago; shouldn't have an issue with the return to this trip and shortlisted."
924039,John Joseph Robson Memorial Handicap,80,Thirsk,08/01/2026 16:55:00,Other,Class 6,,0-65,3yo+,None,6f,6,1206,1320,Good,Turf,3549487,Bay Breeze right,82122,Duran Fentiman right,10152,Tim Easterby right,7,p,7,8,9-8,152,14/1,15,60,,,CompletedRace,6,0.5,6.25,00:01:11.4300000,71.43,8/1,9,23,-67344,"£3,140",3140,60,69,53,252683,D A West & Partner,Buratino,IRE,Midnight Mojito,False,False,,46,,False,,GB,"Winner of eight races including one over C&D, but losing run up to 12 despite a slipping mark; not disgraced when fourth of 11 behind Great at Carlisle (6f, good to firm) last month, but he could really do with the ground easing."
924039,John Joseph Robson Memorial Handicap,80,Thirsk,08/01/2026 16:55:00,Other,Class 6,,0-65,3yo+,None,6f,6,1206,1320,Good,Turf,7499470,Fanjove right,102526,Jack Callan right,9036,Ed Dunlop right,3,p1,8,1,9-5,149,33/1,34,64,,,CompletedRace,7,14,20.25,00:01:14.2300000,74.23,10/1,11,37,2-4696,"£3,140",3140,64,69,29,150321,P C J Dalby & R D Schuster,Nando Parrado,GB,Company Jeed,True,False,,38,3,True,,IRE,"Both wins came on the AW last autumn; 1lb lower than for the latest, but he has beaten just one rival in four starts on turf; blinkers removed after one use and are replaced by cheekpieces."
924039,John Joseph Robson Memorial Handicap,80,Thirsk,08/01/2026 16:55:00,Other,Class 6,,0-65,3yo+,None,6f,6,1206,1320,Good,Turf,5845639,Mecca's Symphony right,90868,Connor Beasley right,5079,Michael Dods right,4,t,6,6,9-8,152,20/1,21,60,,,CompletedRace,8,1.25,21.5,00:01:14.4800000,74.48,12/1,13,43,37-020,"£3,140",3140,60,71,56,118394,David T J Metcalfe,Sergei Prokofiev,CAN,Anastazia,False,False,,35,,False,,GB,"0-9; 33-1 when second of 11 at Redcar (7f, good to firm; first-time tongue-tie) in May, but ran poorly over the same C&D the following month; has questions to answer back in trip; stable also runs Lord Abama."
924039,John Joseph Robson Memorial Handicap,80,Thirsk,08/01/2026 16:55:00,Other,Class 6,,0-65,3yo+,None,6f,6,1206,1320,Good,Turf,3158787,Khabib right,101189,Cian Horgan right,8273,Ray Craggs right,8,p,5,7,9-5,149,33/1,34,62,,,CompletedRace,9,0.75,22.25,00:01:14.6300000,74.63,20/1,21,46,420/98,"£3,140",3140,62,68,37,27497,Ray Craggs,Mehmas,IRE,Lady Mega,False,False,,100,5,True,2,IRE,"Well handicapped on old form, but has shown little in two starts since returning from a long absence in May; just 1-36 on turf and hard to fancy."
926067,Prix du Pays d'Auge - 8th Etape du Defi du Galop-G.Camprubi (Listed Race) (Turf),252,Clairefontaine (FR),08/01/2026 16:00:00,Other,,Listed,,4yo+,None,1m1f,9,1809,1980,Soft,Turf,7312311,Phineas right,84879,Maxime Guyon right,43260,A &amp; L Fabre right,4,,2,7,9-3,147,3/5F,1.6,110,,,CompletedRace,1,0,0,00:01:45.7000000,105.7,2/1,3,,113-11,"£20,696",20696,110,128,,59934,Wertheimer & Frere,Lope De Vega,IRE,Romanciere,False,False,,100,,False,1,GB,
926067,Prix du Pays d'Auge - 8th Etape du Defi du Galop-G.Camprubi (Listed Race) (Turf),252,Clairefontaine (FR),08/01/2026 16:00:00,Other,,Listed,,4yo+,None,1m1f,9,1809,1980,Soft,Turf,5964332,Stingray right,88642,Antoine Hamelin right,37618,Marcel Weiss right,5,,1,4,9-3,147,28/1,29,100,,,CompletedRace,2,3.5,3.5,00:01:46.5750000,106.575,12/1,13,,136-13,"£20,696",20696,100,119,,215093,Taxi4horses.com,Zarak,FR,Santa Luz,False,False,,,,True,,FR,
926067,Prix du Pays d'Auge - 8th Etape du Defi du Galop-G.Camprubi (Listed Race) (Turf),252,Clairefontaine (FR),08/01/2026 16:00:00,Other,,Listed,,4yo+,None,1m1f,9,1809,1980,Soft,Turf,6578003,Treble Tee right,75796,Christophe Soumillon right,37478,Simon &amp; Ed Crisford right,4,t,5,6,9-0,144,23/5,5.6,106,,,CompletedRace,3,2.5,6,00:01:47.2000000,107.2,7/2,4.5,37,167-51,"£20,696",20696,106,124,,350329,Michael Geoghegan Et Al,Persian King,IRE,Sefroua,False,False,,67,,True,,IRE,
926067,Prix du Pays d'Auge - 8th Etape du Defi du Galop-G.Camprubi (Listed Race) (Turf),252,Clairefontaine (FR),08/01/2026 16:00:00,Other,,Listed,,4yo+,None,1m1f,9,1809,1980,Soft,Turf,4996508,Mont De Soleil right,88520,Pierre-Charles Boudot right,26118,F-H Graffard right,6,t,3,5,9-0,144,39/10,4.9,104,,,CompletedRace,4,1,7,00:01:47.4500000,107.45,8/1,9,,1-4521,"£20,696",20696,104,124,,273841,Al Asayl France,Siyouni,FR,Kohinur,False,False,,80,,True,,IRE,
926067,Prix du Pays d'Auge - 8th Etape du Defi du Galop-G.Camprubi (Listed Race) (Turf),252,Clairefontaine (FR),08/01/2026 16:00:00,Other,,Listed,,4yo+,None,1m1f,9,1809,1980,Soft,Turf,4503563,Petit Marin right,92477,Sibylle Vogt right,37618,Marcel Weiss right,7,,6,1,9-0,144,118/10,12.8,109,,,CompletedRace,5,2,9,00:01:47.9500000,107.95,2/1,3,,0352-2,"£20,696",20696,109,128,,95815,Dirk Von Mitzlaff,Flamingo Fantasy,GER,Pongal,False,False,,,,False,,GER,
926067,Prix du Pays d'Auge - 8th Etape du Defi du Galop-G.Camprubi (Listed Race) (Turf),252,Clairefontaine (FR),08/01/2026 16:00:00,Other,,Listed,,4yo+,None,1m1f,9,1809,1980,Soft,Turf,6675534,Instant Fragile right,95774,Alexis Pouchin right,41805,Gerald Mosse right,4,,7,2,9-0,144,207/10,21.7,103,,,CompletedRace,6,0.75,9.75,00:01:48.1375000,108.1375,33/1,34,,617-29,"£20,696",20696,103,123,,82127,Jean-Claude Seroul,Sea The Moon,GER,Anazone,False,False,,100,,False,,FR,
926067,Prix du Pays d'Auge - 8th Etape du Defi du Galop-G.Camprubi (Listed Race) (Turf),252,Clairefontaine (FR),08/01/2026 16:00:00,Other,,Listed,,4yo+,None,1m1f,9,1809,1980,Soft,Turf,9259001,Discovery Day right,75499,Stephane Pasquier right,17873,F Zobal right,6,,4,3,9-0,144,32/1,33,,,,CompletedRace,7,1.25,11,00:01:48.4500000,108.45,33/1,34,,14-142,"£20,696",20696,,104,,269728,Vaclav Luka Sr,Dux Scholar,GB,Diredawa,False,False,,,,True,,CZE,
926068,Caen Tattoo Festival - Prix Luth Enchantee (Listed Race) (Fillies &amp; Mares) (Turf),252,Clairefontaine (FR),08/01/2026 16:35:00,Other,,Listed,,4yo+,Fillies,1m4f,12,2412,2640,Soft,Turf,8031297,Karla Jet right,78624,Ronan Thomas right,39600,C &amp; Y Lerner right,4,,1,8,9-0,144,27/10,3.7,99,,,CompletedRace,1,0,0,00:02:29.5000000,149.5,12/1,13,,6-8134,"£19,087",19087,99,115,,228373,Chevotel Racing,Le Havre,IRE,Karsabruni,False,False,,100,,False,,GB,
926068,Caen Tattoo Festival - Prix Luth Enchantee (Listed Race) (Fillies &amp; Mares) (Turf),252,Clairefontaine (FR),08/01/2026 16:35:00,Other,,Listed,,4yo+,Fillies,1m4f,12,2412,2640,Soft,Turf,6005898,Alla Stella right,75240,Jean-Bernard Eyquem right,67,Sir Mark Prescott Bt right,4,,7,6,9-0,144,22/5,5.4,99,,,CompletedRace,2,1,1,00:02:29.7500000,149.75,6/1,7,13,9/3652,"£19,087",19087,99,116,,7073,Miss K Rausing,Study Of Man,IRE,Alla Speranza,False,False,,73,,True,,GB,
926068,Caen Tattoo Festival - Prix Luth Enchantee (Listed Race) (Fillies &amp; Mares) (Turf),252,Clairefontaine (FR),08/01/2026 16:35:00,Other,,Listed,,4yo+,Fillies,1m4f,12,2412,2640,Soft,Turf,7771223,Mahiya right,95774,Alexis Pouchin right,43260,A &amp; L Fabre right,4,,3,4,9-0,144,126/10,13.6,97,,,CompletedRace,3,0.2,1.25,00:02:29.8125000,149.8125,16/1,17,,43-065,"£19,087",19087,97,114,,94907,Mme Andre Fabre,Sottsass,FR,Mahati,False,False,,100,,False,2,IRE,
926068,Caen Tattoo Festival - Prix Luth Enchantee (Listed Race) (Fillies &amp; Mares) (Turf),252,Clairefontaine (FR),08/01/2026 16:35:00,Other,,Listed,,4yo+,Fillies,1m4f,12,2412,2640,Soft,Turf,6645048,Desert Spring right,88850,Cristian Demuro right,36990,Mario Baratti right,4,p,2,5,9-0,144,26/5,6.2,97,,,CompletedRace,4,0.75,2,00:02:30,150,5/1,6,,16-443,"£19,087",19087,97,116,,370508,"Elliott Bloodstock, W Jackson-Stops & Monaughty Bloodstock",Oasis Dream,GB,Fly The Flag,False,False,,,,False,,GB,
926068,Caen Tattoo Festival - Prix Luth Enchantee (Listed Race) (Fillies &amp; Mares) (Turf),252,Clairefontaine (FR),08/01/2026 16:35:00,Other,,Listed,,4yo+,Fillies,1m4f,12,2412,2640,Soft,Turf,5485740,Le Combat Continue right,98386,Augustin Madamet right,9627,S Wattel right,5,p,5,3,9-0,144,145/10,15.5,95,,,CompletedRace,5,1,3,00:02:30.2500000,150.25,7/2,4.5,,257-36,"£19,087",19087,95,121,,338460,"Mme Genevieve Meunier, Elevage Des Vallons Et Al",De Treville,GB,Unguja,False,False,,,,False,,FR,
926068,Caen Tattoo Festival - Prix Luth Enchantee (Listed Race) (Fillies &amp; Mares) (Turf),252,Clairefontaine (FR),08/01/2026 16:35:00,Other,,Listed,,4yo+,Fillies,1m4f,12,2412,2640,Soft,Turf,5260585,Masaiya right,84951,Aurelien Lemaitre right,37548,Alicja Karkosa right,5,tp,4,7,9-0,144,144/10,15.4,97,,,CompletedRace,6,1.75,4.75,00:02:30.6875000,150.6875,7/2,4.5,,10-483,"£19,087",19087,97,118,,129412,Fedai Kahraman,Camelot,GB,Maysiyana,False,False,,,,False,,IRE,
926068,Caen Tattoo Festival - Prix Luth Enchantee (Listed Race) (Fillies &amp; Mares) (Turf),252,Clairefontaine (FR),08/01/2026 16:35:00,Other,,Listed,,4yo+,Fillies,1m4f,12,2412,2640,Soft,Turf,7457900,Understudy right,93579,Clement Lecoeuvre right,26118,F-H Graffard right,4,t,8,2,9-0,144,21/10F,3.1,97,,,CompletedRace,7,4.5,9.25,00:02:31.8125000,151.8125,4/1,5,,5462-2,"£19,087",19087,97,116,,355667,Resolute Bloodstock,Sea The Stars,IRE,Sequester,False,False,,80,,True,2,GB,
926068,Caen Tattoo Festival - Prix Luth Enchantee (Listed Race) (Fillies &amp; Mares) (Turf),252,Clairefontaine (FR),08/01/2026 16:35:00,Other,,Listed,,4yo+,Fillies,1m4f,12,2412,2640,Soft,Turf,5390059,Beauty Approach right,89262,Theo Bachelot right,33722,Miroslav Nieslanik right,6,,6,1,9-0,144,32/1,33,72,,,CompletedRace,8,9,18.25,00:02:34.0625000,154.0625,20/1,21,,14-655,"£19,087",19087,72,98,,246777,Dr Eva Nieslanikova,New Approach,IRE,Bargain Buy,False,False,,100,,True,,IRE,
925513,Secretariat Stakes (Grade 2) (Turf),603,Colonial Downs (USA),08/01/2026 21:22:00,Other,,(Grade 2),,3yo,None,1m½f,8.5,1709,1870,Firm,Turf,9609121,Supercharger right,92679,Manuel Franco right,34962,Cherie DeVaux right,3,b,3,3,8-6,134,16/5,4.2,,,,CompletedRace,1,0,0,00:01:41.2400000,101.24,,,,,,,,,,,,,,,,,,,,,,,
925513,Secretariat Stakes (Grade 2) (Turf),603,Colonial Downs (USA),08/01/2026 21:22:00,Other,,(Grade 2),,3yo,None,1m½f,8.5,1709,1870,Firm,Turf,7887284,Infiltrate right,93961,Tyler Gaffalione right,26181,Brendan P Walsh right,3,,6,6,8-6,134,99/10,10.9,,,,CompletedRace,2,0.5,0.5,00:01:41.3400000,101.34,,,,,,,,,,,,,,,,,,,,,,,
925513,Secretariat Stakes (Grade 2) (Turf),603,Colonial Downs (USA),08/01/2026 21:22:00,Other,,(Grade 2),,3yo,None,1m½f,8.5,1709,1870,Firm,Turf,7957228,Alpyland right,86588,Javier Castellano right,9011,Mark Casse right,3,,9,8,8-8,136,11/10F,2.1,,,,CompletedRace,3,0.3,0.75,00:01:41.3900000,101.39,,,,,,,,,,,,,,,,,,,,,,,
925513,Secretariat Stakes (Grade 2) (Turf),603,Colonial Downs (USA),08/01/2026 21:22:00,Other,,(Grade 2),,3yo,None,1m½f,8.5,1709,1870,Firm,Turf,8009392,Fuzzbuster right,10766,John R Velazquez right,14726,Victoria H Oliver right,3,,4,4,8-6,134,94/10,10.4,,,,CompletedRace,4,1.25,2,00:01:41.6400000,101.64,,,,,,,,,,,,,,,,,,,,,,,
925513,Secretariat Stakes (Grade 2) (Turf),603,Colonial Downs (USA),08/01/2026 21:22:00,Other,,(Grade 2),,3yo,None,1m½f,8.5,1709,1870,Firm,Turf,7913297,Turf Star right,93632,Jorge Ruiz right,12872,H Graham Motion right,3,b,1,1,8-6,134,146/10,15.6,,,,CompletedRace,5,0.5,2.5,00:01:41.7400000,101.74,,,,,,,,,,,,,,,,,,,,,,,
925513,Secretariat Stakes (Grade 2) (Turf),603,Colonial Downs (USA),08/01/2026 21:22:00,Other,,(Grade 2),,3yo,None,1m½f,8.5,1709,1870,Firm,Turf,8093642,Conducted right,87585,Paco Lopez right,36868,Jose Francisco D'Angelo right,3,,2,2,8-6,134,39/10,4.9,,,,CompletedRace,6,0.75,3.25,00:01:41.8900000,101.89,,,,,,,,,,,,,,,,,,,,,,,
925513,Secretariat Stakes (Grade 2) (Turf),603,Colonial Downs (USA),08/01/2026 21:22:00,Other,,(Grade 2),,3yo,None,1m½f,8.5,1709,1870,Firm,Turf,7882491,Street Beast right,92805,Brian Joseph Hernandez Jr right,28705,Ben Colebrook right,3,,7,7,8-6,134,157/10,16.7,,,,CompletedRace,7,2.5,5.75,00:01:42.3900000,102.39,,,,,,,,,,,,,,,,,,,,,,,
925513,Secretariat Stakes (Grade 2) (Turf),603,Colonial Downs (USA),08/01/2026 21:22:00,Other,,(Grade 2),,3yo,None,1m½f,8.5,1709,1870,Firm,Turf,8930899,Vino Solo right,104326,Jose E Vargas right,39687,Mario Roberto Lopez right,3,b,5,5,8-6,134,108/1,109,,,,CompletedRace,8,8.25,14,00:01:44.0400000,104.04,,,,,,,,,,,,,,,,,,,,,,,
925511,Beverly D Stakes (Grade 2) (Fillies &amp; Mares) (Turf),603,Colonial Downs (USA),08/01/2026 10:03:00,Other,,(Grade 2),,3yo+,Fillies,1m1½f,9.5,1910,2090,Firm,Turf,5719022,Gimme A Nother right,10766,John R Velazquez right,12872,H Graham Motion right,6,,9,7,8-10,138,8/5F,2.6,,,,CompletedRace,1,0,0,00:01:54.2800000,114.28,,,,,,,,,,,,,,,,,,,,,,,
925511,Beverly D Stakes (Grade 2) (Fillies &amp; Mares) (Turf),603,Colonial Downs (USA),08/01/2026 10:03:00,Other,,(Grade 2),,3yo+,Fillies,1m1½f,9.5,1910,2090,Firm,Turf,5884365,Achieve right,95664,Sonny Leon right,9011,Mark Casse right,4,,6,4,8-10,138,91/10,10.1,,,,CompletedRace,2,0.3,0.3,00:01:54.3400000,114.34,,,,,,,,,,,,,,,,,,,,,,,
925511,Beverly D Stakes (Grade 2) (Fillies &amp; Mares) (Turf),603,Colonial Downs (USA),08/01/2026 10:03:00,Other,,(Grade 2),,3yo+,Fillies,1m1½f,9.5,1910,2090,Firm,Turf,6188652,Somethinabouther right,93961,Tyler Gaffalione right,26181,Brendan P Walsh right,4,,3,1,8-10,138,122/10,13.2,,,,CompletedRace,3,0.3,0.5,00:01:54.3800000,114.38,,,,,,,,,,,,,,,,,,,,,,,
925511,Beverly D Stakes (Grade 2) (Fillies &amp; Mares) (Turf),603,Colonial Downs (USA),08/01/2026 10:03:00,Other,,(Grade 2),,3yo+,Fillies,1m1½f,9.5,1910,2090,Firm,Turf,7293757,Stellify right,92679,Manuel Franco right,18362,Brad H Cox right,5,,8,6,8-10,138,13/5,3.6,,,,CompletedRace,4,2,2.5,00:01:54.7800000,114.78,,,,,,,,,,,,,,,,,,,,,,,
925511,Beverly D Stakes (Grade 2) (Fillies &amp; Mares) (Turf),603,Colonial Downs (USA),08/01/2026 10:03:00,Other,,(Grade 2),,3yo+,Fillies,1m1½f,9.5,1910,2090,Firm,Turf,7374118,Fast Market right,101868,Samuel Marin right,14457,John Terranova II right,4,,11,8,8-10,138,29/1,30,,,,CompletedRace,5,2,4.5,00:01:55.1800000,115.18,,,,,,,,,,,,,,,,,,,,,,,
925511,Beverly D Stakes (Grade 2) (Fillies &amp; Mares) (Turf),603,Colonial Downs (USA),08/01/2026 10:03:00,Other,,(Grade 2),,3yo+,Fillies,1m1½f,9.5,1910,2090,Firm,Turf,8201008,Haute Diva right,100371,Keith J Asmussen right,1104,Patrick L Biancone right,3,,4,2,8-6,134,73/1,74,,,,CompletedRace,6,0.3,5,00:01:55.2800000,115.28,,,,,,,,,,,,,,,,,,,,,,,
925511,Beverly D Stakes (Grade 2) (Fillies &amp; Mares) (Turf),603,Colonial Downs (USA),08/01/2026 10:03:00,Other,,(Grade 2),,3yo+,Fillies,1m1½f,9.5,1910,2090,Firm,Turf,5289474,Way To Be Marie right,86588,Javier Castellano right,14456,Eddie Kenneally right,5,,12,9,8-10,138,79/10,8.9,,,,CompletedRace,7,2,7,00:01:55.6800000,115.68,,,,,,,,,,,,,,,,,,,,,,,
925511,Beverly D Stakes (Grade 2) (Fillies &amp; Mares) (Turf),603,Colonial Downs (USA),08/01/2026 10:03:00,Other,,(Grade 2),,3yo+,Fillies,1m1½f,9.5,1910,2090,Firm,Turf,5451454,Pin Up Betty right,94806,Mychel J Sanchez right,16548,Michael J Maker right,5,b,7,5,8-10,138,32/5,7.4,,,,CompletedRace,8,0.3,7.25,00:01:55.7300000,115.73,,,,,,,,,,,,,,,,,,,,,,,
925511,Beverly D Stakes (Grade 2) (Fillies &amp; Mares) (Turf),603,Colonial Downs (USA),08/01/2026 10:03:00,Other,,(Grade 2),,3yo+,Fillies,1m1½f,9.5,1910,2090,Firm,Turf,5320867,Crevalle d'Oro right,87585,Paco Lopez right,36868,Jose Francisco D'Angelo right,5,b,5,3,8-10,138,44/5,9.8,,,,CompletedRace,9,2.75,10,00:01:56.2800000,116.28,,,,,,,,,,,,,,,,,,,,,,,
925512,Arlington Million Stakes (Grade 1) (Turf),603,Colonial Downs (USA),08/01/2026 10:52:00,Other,,(Grade 1),,3yo+,None,1m2f,10,2010,2200,Firm,Turf,6790252,Burnham Square right,92805,Brian Joseph Hernandez Jr right,18041,Ian R Wilkes right,4,b,5,5,8-12,140,4/5F,1.8,,,,CompletedRace,1,0,0,00:02:00.8000000,120.8,5/2,3.5,49,2-2111,"£444,445",444445,,134,,221064,Whitham Thoroughbreds LLC,Liam's Map,USA,Linda,False,False,,,,False,,USA,"Progressive turf performer, thriving at present and still not fully exposed; completed hat-trick in Listed race at Churchill Downs (1m3f) last time, beating smart Chapman's Peak (who received 5lb) by a neck, pair clear; previously wide-margin winner over 1m4f of Grade 2 at Keeneland and Grade 3 at Churchill Downs; the coming force in this division and can prove himself at top level today."
925512,Arlington Million Stakes (Grade 1) (Turf),603,Colonial Downs (USA),08/01/2026 10:52:00,Other,,(Grade 1),,3yo+,None,1m2f,10,2010,2200,Firm,Turf,6283372,Gran Oriente right,87585,Paco Lopez right,25931,Saffie A Joseph Jr right,5,b,8,7,8-10,138,89/10,9.9,,,,CompletedRace,2,0.5,0.5,00:02:00.9000000,120.9,10/1,11,28,015111,"£444,445",444445,,130,,372522,"Epic Horses LLC, WSS Racing Et Al",Classic Empire,USA,Oresteia,False,False,,,,True,,CHI,"Chilean Grade 1 winner in 2025; very useful form to complete hat-trick outside graded events in USA (one at Santa Anita, two at Gulfstream); on latest start (second for current trainer) he justified favouritism by just over 1l in handicap at Gulfstream (8.5f) from stablemate Nemo; progressive and in excellent hands but needs to rediscover peak from former country if he's to contend."
925512,Arlington Million Stakes (Grade 1) (Turf),603,Colonial Downs (USA),08/01/2026 10:52:00,Other,,(Grade 1),,3yo+,None,1m2f,10,2010,2200,Firm,Turf,6537138,Dresden Row right,93961,Tyler Gaffalione right,10697,Todd Pletcher right,5,,1,1,8-10,138,77/10,8.7,,,,CompletedRace,3,0.05,0.5,00:02:00.9000000,120.9,7/1,8,35,31-113,"£444,445",444445,,131,,337689,Twin Oaks Bloodstock LLC,Lord Nelson,USA,Elle Special,False,False,,,,True,1,USA,"Smart and consistent type who has won three Grade 3s on Tapeta at Woodbine, including Autumn Stakes (1m1f) last November; showed himself just as good on turf (won allowance in May) when about 1l third to Lagynos in Grade 2 Wise Dan at Churchill Downs (8.5f) last time; best form at about 1m."
925512,Arlington Million Stakes (Grade 1) (Turf),603,Colonial Downs (USA),08/01/2026 10:52:00,Other,,(Grade 1),,3yo+,None,1m2f,10,2010,2200,Firm,Turf,8052901,Layabout right,100371,Keith J Asmussen right,1104,Patrick L Biancone right,4,,2,2,8-10,138,67/1,68,,,,CompletedRace,4,0.3,0.75,00:02:00.9500000,120.95,20/1,21,28,21-147,"£444,445",444445,,130,,361679,Kevin M Doyle,Laoban,USA,Batalla Sindical,False,False,,,,False,,USA,Grade 3 winner at Gulfstream Park (1m4f; good ride by David Egan) in January; better of two efforts since when fourth in Grade 3 on penultimate start but overall form leaves him plenty to find.
925512,Arlington Million Stakes (Grade 1) (Turf),603,Colonial Downs (USA),08/01/2026 10:52:00,Other,,(Grade 1),,3yo+,None,1m2f,10,2010,2200,Firm,Turf,3811115,Fort Washington right,86588,Javier Castellano right,1701,Claude R McGaughey III right,7,b,3,3,8-10,138,137/10,14.7,,,,CompletedRace,5,3,3.75,00:02:01.5500000,121.55,5/1,6,35,6-6417,"£444,445",444445,,133,,244486,Magic Cap Stables,War Front,USA,Azaelia,False,False,,,,False,,USA,"Last year's winner when he came off fast pace to beat Grand Sonata by half a length, with Integration close third; has struggled to reproduce that form, though did win Grade 3 Dinner Party Stakes (1m1f) at Laurel in May; respectable effort latest and maybe this track suits him, but on balance he looks opposable."
925512,Arlington Million Stakes (Grade 1) (Turf),603,Colonial Downs (USA),08/01/2026 10:52:00,Other,,(Grade 1),,3yo+,None,1m2f,10,2010,2200,Firm,Turf,6379976,Test Score right,92679,Manuel Franco right,12872,H Graham Motion right,4,b,6,6,9-0,144,7/2,4.5,,,,CompletedRace,6,0.2,4,00:02:01.6000000,121.6,9/2,5.5,56,13-182,"£444,445",444445,,134,,94288,Amerman Racing Stables LLC,Lookin At Lucky,USA,Joy Of Learning,False,False,,,,False,,USA,"Benefited from excellent ride from Manny Franco when winning Grade 1 Pegasus World Cup Turf Invitational at Gulfstream in January (1m1f, firm) by a neck; back to form when beaten half a length by Deterministic in Grade 1 Manhattan Stakes (9.5f) at Saratoga; best form at shorter than 1m2f but should get the trip."
925512,Arlington Million Stakes (Grade 1) (Turf),603,Colonial Downs (USA),08/01/2026 10:52:00,Other,,(Grade 1),,3yo+,None,1m2f,10,2010,2200,Firm,Turf,5307285,Integration right,10766,John R Velazquez right,1701,Claude R McGaughey III right,6,,4,4,8-10,138,23/5,5.6,,,,CompletedRace,7,21.75,25.75,00:02:05.9500000,125.95,4/1,5,56,23-315,"£444,445",444445,,133,,295364,West Point Thoroughbreds & Woodford Racing LLC,Quality Road,USA,Harmonize,False,False,,,,False,,USA,Six wins from 18 starts include Grade 2s in 2023 and 2024; largely consistent since (close third in this last year) and beaten just under 2l by Deterministic when fifth in Grade 1 Manhattan Stakes (9.5f) at Saratoga on last start; looks poised to make a bold bid.
926024,Aurie's Star Handicap (Group 3) (Handicap) (Turf),297,Flemington (AUS),08/01/2026 18:50:00,Other,,(Group 3),,2yo+,None,6f,6,1206,1320,Good,Turf,6940953,Boomtown Boss right,84932,Daniel Moor right,20536,Tony Gollan right,5,,6,1,8-7,135,12/1,13,96,,,CompletedRace,1,0,0,00:01:08.7300000,68.73,9/1,10,,523059,"£59,406",59406,96,,,366735,"Wessel Thoroughbreds, R H Morrison Et Al",Spirit Of Boom,AUS,Boomalicious,False,False,,,,True,,AUS,"Let-up (42-days). Performance just fair in the Eye Liner at Ipswich when went around $10. Since trialled at Caulfield Heath 16 Jul. Each way claims.    "
926024,Aurie's Star Handicap (Group 3) (Handicap) (Turf),297,Flemington (AUS),08/01/2026 18:50:00,Other,,(Group 3),,2yo+,None,6f,6,1206,1320,Good,Turf,5848798,Royal Insignia right,102992,Luke Cartwright right,9876,Grahame Begg right,5,,8,4,8-7,135,15/2,8.5,86,,,CompletedRace,2,0.4,0.4,00:01:08.8100000,68.81,20/1,21,,9-7562,"£59,406",59406,86,,,248724,Neville Begg OAM & Partners,Written Tycoon,AUS,Yau Chin,False,False,,,,False,,AUS,"Just missed in a crackerjack finish in the (Bm88) at Flemington over this trip. Can play a role.    "
926024,Aurie's Star Handicap (Group 3) (Handicap) (Turf),297,Flemington (AUS),08/01/2026 18:50:00,Other,,(Group 3),,2yo+,None,6f,6,1206,1320,Good,Turf,4662554,Arkansaw Kid right,81565,Mark Zahra right,40621,"Ben, Will &amp; JD Hayes right",6,,2,2,9-4,148,19/5,4.8,108,,,CompletedRace,3,1,1.5,00:01:09.0300000,69.03,7/2,4.5,,23-273,"£59,406",59406,108,,,343201,"Ms J McAlpine, Philippa Duncan Bloodstock Et Al",Harry Angel,IRE,Florabella,False,False,,,,False,,AUS,"First-up (18-weeks). Last prep was highlighted by a G1 placing. Proven fresh performer. Has form this track and distance and a nice weight drop. Worth a look.    "
926024,Aurie's Star Handicap (Group 3) (Handicap) (Turf),297,Flemington (AUS),08/01/2026 18:50:00,Other,,(Group 3),,2yo+,None,6f,6,1206,1320,Good,Turf,6069465,Ndola right,93047,Jye McNeil right,40621,"Ben, Will &amp; JD Hayes right",5,t,5,3,8-8,136,2/1F,3,99,,,CompletedRace,4,1.5,3,00:01:09.3300000,69.33,10/1,11,,-22131,"£59,406",59406,99,,,354341,"Lindsay Park Bloodstock Pty Ltd, P B Devitt Et Al",Justify,USA,Hear The Chant,False,False,,,,True,,AUS,"Turned on the speed and fended off challengers to narrowly prevail this course 4 Jul. Unbeaten at track and distance. Well placed for a repeat performance.    "
926024,Aurie's Star Handicap (Group 3) (Handicap) (Turf),297,Flemington (AUS),08/01/2026 18:50:00,Other,,(Group 3),,2yo+,None,6f,6,1206,1320,Good,Turf,5256283,Cote Atlantique right,86839,Declan Bates right,29581,Henry Dwyer right,5,b,4,6,8-9,137,8/1,9,100,,,CompletedRace,5,0.75,3.75,00:01:09.4800000,69.48,11/1,12,,-22206,"£59,406",59406,100,,,355809,"Seymour Bloodstock, B W James Et Al",Kodiac,GB,Liwa Palace,False,False,,,,True,,IRE,"Freshened. Not disgraced in soft going at Sunshine Coast. Switching to 1200m. Can challenge.    "
926024,Aurie's Star Handicap (Group 3) (Handicap) (Turf),297,Flemington (AUS),08/01/2026 18:50:00,Other,,(Group 3),,2yo+,None,6f,6,1206,1320,Good,Turf,3954893,Star Patrol right,81479,Craig Newitt right,16018,Clinton McDonald right,8,,3,7,8-10,138,4/1,5,101,,,CompletedRace,6,0.3,4,00:01:09.5300000,69.53,7/2,4.5,,0/230-,"£59,406",59406,101,,,375778,"J P M Ma, A K Y Leung & Mrs J R McGrath",Starspangledbanner,AUS,It's One,False,False,,,,True,,AUS,"Resuming (39-weeks). Very speedy type. Nabbed on the wire in Open company first-up last campaign while warmed up with a synthetic trial & winning a recent Cranbourne jump-out. Watch closely.    "
926024,Aurie's Star Handicap (Group 3) (Handicap) (Turf),297,Flemington (AUS),08/01/2026 18:50:00,Other,,(Group 3),,2yo+,None,6f,6,1206,1320,Good,Turf,5424990,Fancify right,104776,Jabez Johnstone right,19845,Ciaron Maher right,7,t,7,5,8-7,135,17/2,9.5,94,,,CompletedRace,7,0.5,4.5,00:01:09.6300000,69.63,16/1,17,,38-629,"£59,406",59406,94,,,372714,H Yao,Niagara,AUS,Laced Up,False,False,,,,True,,NZ,"Great run at Swan Hill 5 Jun. Made the running but soon off the bit and weakened noticeably this course last time. Drops back in trip now. Could run into the exotics.    "
926024,Aurie's Star Handicap (Group 3) (Handicap) (Turf),297,Flemington (AUS),08/01/2026 18:50:00,Other,,(Group 3),,2yo+,None,6f,6,1206,1320,Good,Turf,3248503,Windstorm right,99056,Akira Sugawara right,31056,Logan McGill right,10,tb,9,8,8-7,135,100/1,101,83,,,CompletedRace,8,10,14.5,00:01:11.6300000,71.63,100/1,101,,-97400,"£59,406",59406,83,,,354776,"Mailbag Windstorm, C C F C Group Et Al",Redoute's Choice,AUS,Storm Alert,False,False,,,,True,1,AUS,"Now 5 weeks between runs. Well back and never sighted at Caulfield at first run for new trainer at long odds. Usually gets back. Keener on others here.    "
925555,Saratoga Special Stakes (Grade 2) (Dirt),445,Saratoga (USA),08/01/2026 20:20:00,Other,,(Grade 2),,2yo,None,6½f,6.5,1307,1430,Fast,Dirt,9618952,Twinkle Town right,92018,Jose L Ortiz right,9030,Kenneth McPeek right,2,,3,3,8-10,138,71/20,4.55,,,,CompletedRace,1,0,0,00:01:16.4400000,76.44,,,,,,,,,,,,,,,,,,,,,,,
925555,Saratoga Special Stakes (Grade 2) (Dirt),445,Saratoga (USA),08/01/2026 20:20:00,Other,,(Grade 2),,2yo,None,6½f,6.5,1307,1430,Fast,Dirt,9157448,Booked right,90708,Ricardo Santana Jr right,11876,Steven Asmussen right,2,,4,4,8-10,138,204/100,3.04,,,,CompletedRace,2,6,6,00:01:17.6400000,77.64,,,,,,,,,,,,,,,,,,,,,,,
925555,Saratoga Special Stakes (Grade 2) (Dirt),445,Saratoga (USA),08/01/2026 20:20:00,Other,,(Grade 2),,2yo,None,6½f,6.5,1307,1430,Fast,Dirt,9331688,How's Al Today right,88814,Luis Saez right,40030,Riley Mott right,2,,1,1,8-10,138,22/5,5.4,,,,CompletedRace,3,7,13,00:01:19.0400000,79.04,,,,,,,,,,,,,,,,,,,,,,,
925555,Saratoga Special Stakes (Grade 2) (Dirt),445,Saratoga (USA),08/01/2026 20:20:00,Other,,(Grade 2),,2yo,None,6½f,6.5,1307,1430,Fast,Dirt,9340104,Rasasi right,92353,Edgard J Zayas right,23210,Antonio Sano right,2,,2,2,8-10,138,36/1,37,,,,CompletedRace,4,5.25,18.25,00:01:20.0900000,80.09,,,,,,,,,,,,,,,,,,,,,,,
925555,Saratoga Special Stakes (Grade 2) (Dirt),445,Saratoga (USA),08/01/2026 20:20:00,Other,,(Grade 2),,2yo,None,6½f,6.5,1307,1430,Fast,Dirt,9535710,Uncle Kef right,91146,Irad Ortiz Jr right,28636,Kevin Rice right,2,b,5,5,8-10,138,178/10,18.8,,,,CompletedRace,5,10.5,28.75,00:01:22.1900000,82.19,,,,,,,,,,,,,,,,,,,,,,,
925555,Saratoga Special Stakes (Grade 2) (Dirt),445,Saratoga (USA),08/01/2026 20:20:00,Other,,(Grade 2),,2yo,None,6½f,6.5,1307,1430,Fast,Dirt,9447210,Flight Command right,88273,Flavien Prat right,22918,Rudy Rodriguez right,2,,6,6,8-10,138,33/20F,2.65,,,,CompletedRace,6,6,34.75,00:01:23.3900000,83.39,,,,,,,,,,,,,,,,,,,,,,,
925556,Lake George Stakes Presented By Surfside (Grade 3) (Fillies) (Turf),445,Saratoga (USA),08/01/2026 10:06:00,Other,,(Grade 3),,3yo,Fillies,1m½f,8.5,1709,1870,Firm,Turf,9618953,Amberglen right,91146,Irad Ortiz Jr right,18362,Brad H Cox right,3,,6,6,8-8,136,5/3F,2.666666666666667,,,,CompletedRace,1,0,0,00:01:42.3300000,102.33,,,,,,,,,,,,,,,,,,,,,,,
925556,Lake George Stakes Presented By Surfside (Grade 3) (Fillies) (Turf),445,Saratoga (USA),08/01/2026 10:06:00,Other,,(Grade 3),,3yo,Fillies,1m½f,8.5,1709,1870,Firm,Turf,8120464,Deep Learning right,88273,Flavien Prat right,20681,Chad C Brown right,3,,8,7,8-8,136,107/20,6.35,,,,CompletedRace,2,1.25,1.25,00:01:42.5800000,102.58,,,,,,,,,,,,,,,,,,,,,,,
925556,Lake George Stakes Presented By Surfside (Grade 3) (Fillies) (Turf),445,Saratoga (USA),08/01/2026 10:06:00,Other,,(Grade 3),,3yo,Fillies,1m½f,8.5,1709,1870,Firm,Turf,8157595,Honfleur right,92018,Jose L Ortiz right,20681,Chad C Brown right,3,,1,1,8-8,136,11/1,12,,,,CompletedRace,3,0.3,1.5,00:01:42.6300000,102.63,,,,,,,,,,,,,,,,,,,,,,,
925556,Lake George Stakes Presented By Surfside (Grade 3) (Fillies) (Turf),445,Saratoga (USA),08/01/2026 10:06:00,Other,,(Grade 3),,3yo,Fillies,1m½f,8.5,1709,1870,Firm,Turf,8031316,Time To Dream right,92353,Edgard J Zayas right,10697,Todd Pletcher right,3,,4,4,8-8,136,84/10,9.4,,,,CompletedRace,4,0.05,1.5,00:01:42.6300000,102.63,,,,,,,,,,,,,,,,,,,,,,,
925556,Lake George Stakes Presented By Surfside (Grade 3) (Fillies) (Turf),445,Saratoga (USA),08/01/2026 10:06:00,Other,,(Grade 3),,3yo,Fillies,1m½f,8.5,1709,1870,Firm,Turf,8309191,Ultimate Love right,90708,Ricardo Santana Jr right,15532,Michael Trombetta right,3,,5,5,8-8,136,164/10,17.4,,,,CompletedRace,5,0.3,2,00:01:42.7300000,102.73,,,,,,,,,,,,,,,,,,,,,,,
925556,Lake George Stakes Presented By Surfside (Grade 3) (Fillies) (Turf),445,Saratoga (USA),08/01/2026 10:06:00,Other,,(Grade 3),,3yo,Fillies,1m½f,8.5,1709,1870,Firm,Turf,9051028,Star Actress right,86688,Junior Alvarado right,1471,William Mott right,3,,2,2,8-8,136,155/10,16.5,,,,CompletedRace,6,2.75,4.75,00:01:43.2800000,103.28,,,,,,,,,,,,,,,,,,,,,,,
925556,Lake George Stakes Presented By Surfside (Grade 3) (Fillies) (Turf),445,Saratoga (USA),08/01/2026 10:06:00,Other,,(Grade 3),,3yo,Fillies,1m½f,8.5,1709,1870,Firm,Turf,8084405,Lion Lake right,88814,Luis Saez right,26181,Brendan P Walsh right,3,,9,8,8-12,140,43/20,3.15,,,,CompletedRace,7,0.2,4.75,00:01:43.2800000,103.28,,,,,,,,,,,,,,,,,,,,,,,
925556,Lake George Stakes Presented By Surfside (Grade 3) (Fillies) (Turf),445,Saratoga (USA),08/01/2026 10:06:00,Other,,(Grade 3),,3yo,Fillies,1m½f,8.5,1709,1870,Firm,Turf,7847689,Candy Moonshine right,89679,Jaime Rodriguez right,15110,Michael E Gorham right,3,,3,3,8-8,136,31/1,32,,,,CompletedRace,8,3.25,8,00:01:43.9300000,103.93,,,,,,,,,,,,,,,,,,,,,,,
925557,Jim Dandy Stakes Presented By Mohegan Sun (Grade 2) (Dirt),445,Saratoga (USA),08/01/2026 10:44:00,Other,,(Grade 2),,3yo,None,1m1f,9,1809,1980,Fast,Dirt,8153058,Renegade right,91146,Irad Ortiz Jr right,10697,Todd Pletcher right,3,,3,3,8-12,140,41/30,2.3666666666666667,,,,CompletedRace,1,0,0,00:01:49.0800000,109.08,2/1,3,55,2-1123,"£222,220",222220,,134,,363257,"Robert Low, Lawana L Low & Repole Stable",Into Mischief,USA,Spice Is Nice,False,False,,,,False,,USA,Normally pretty consistent and took the Grade 1 Arkansas Derby in March; finished just behind Commandment when third two months ago; might find this easier; has strong claims.
925557,Jim Dandy Stakes Presented By Mohegan Sun (Grade 2) (Dirt),445,Saratoga (USA),08/01/2026 10:44:00,Other,,(Grade 2),,3yo,None,1m1f,9,1809,1980,Fast,Dirt,8210051,Commandment right,88273,Flavien Prat right,18362,Brad H Cox right,3,b,5,5,8-12,140,6/5F,2.2,,,,CompletedRace,2,0.5,0.5,00:01:49.1800000,109.18,11/4,3.75,55,-11172,"£222,220",222220,,133,,325088,Wathnan Racing,Into Mischief,USA,Sippican Harbor,False,False,,,,False,,USA,"Won the Grade 1 Florida Derby four months ago and producing consistent form; was on the premises in the Belmont Stakes (second, beaten just over 1l) two months ago; this is a step down in class; should not be far away."
925557,Jim Dandy Stakes Presented By Mohegan Sun (Grade 2) (Dirt),445,Saratoga (USA),08/01/2026 10:44:00,Other,,(Grade 2),,3yo,None,1m1f,9,1809,1980,Fast,Dirt,8357749,Silent Tactic right,88814,Luis Saez right,9011,Mark Casse right,3,b,4,4,8-10,138,103/10,11.3,,,,CompletedRace,3,2,2.5,00:01:49.5800000,109.58,7/2,4.5,126,2-2122,"£222,220",222220,,125,,85951,John C Oxley,Tacitus,USA,Magical Sign,False,False,,,,True,,USA,"On target twice in his last six outings; running consistently; solid effort in the Arkansas Derby, beaten 4l to finish runner-up behind Renegade (Oaklawn Park) in March; down in class; returns from a layoff here; competitive shout."
925557,Jim Dandy Stakes Presented By Mohegan Sun (Grade 2) (Dirt),445,Saratoga (USA),08/01/2026 10:44:00,Other,,(Grade 2),,3yo,None,1m1f,9,1809,1980,Fast,Dirt,8406240,Chip Honcho right,92018,Jose L Ortiz right,11876,Steven Asmussen right,3,,1,1,8-10,138,42/10,5.2,,,,CompletedRace,4,12,14.5,00:01:51.9800000,111.98,13/2,7.5,42,-42531,"£222,220",222220,,133,,363973,"Leland Ackerley Racing LLC, James Sherwood et al",Connect,USA,Miss My Rose,False,False,,,,False,,USA,Narrow winner of a Grade 3 at Thistledown six weeks ago; successful three times in his last seven starts.
925557,Jim Dandy Stakes Presented By Mohegan Sun (Grade 2) (Dirt),445,Saratoga (USA),08/01/2026 10:44:00,Other,,(Grade 2),,3yo,None,1m1f,9,1809,1980,Fast,Dirt,9340056,Asked And Answered right,89679,Jaime Rodriguez right,33620,Antonio Arriaga right,3,b,2,2,8-8,136,34/1,35,,,,CompletedRace,5,4.25,18.75,00:01:52.8300000,112.83,12/1,13,16,258247,"£222,220",222220,,111,,374891,Aci Racing Stable LLC & Gerardo Salinas,Tapit,USA,Faypien,False,False,,,,False,,USA,"Although yet to hit the target, he has shown ability; held in seventh over 1m here (maiden claimer) last month; this line-up contains some strong opposition so others more likely."
926059,Seagram Cup Stakes (Grade 3) (All Weather) (Tapeta),265,Woodbine (CAN),08/01/2026 10:25:00,Other,,(Grade 3),,3yo+,None,1m½f,8.5,1709,1870,Fast,Dirt,5260537,Paramount Prince right,102988,Fraser Aebly right,9011,Mark Casse right,6,,9,8,8-10,138,15/4,4.75,,,,CompletedRace,1,0,0,00:01:43.2400000,103.24,,,,,,,,,,,,,,,,,,,,,,,
926059,Seagram Cup Stakes (Grade 3) (All Weather) (Tapeta),265,Woodbine (CAN),08/01/2026 10:25:00,Other,,(Grade 3),,3yo+,None,1m½f,8.5,1709,1870,Fast,Dirt,7996857,Runaway Again right,94442,Ryan Munger right,14957,Sid C Attard right,4,,2,2,8-12,140,19/20F,1.95,,,,CompletedRace,2,0.2,0.2,00:01:43.2800000,103.28,,,,,,,,,,,,,,,,,,,,,,,
926059,Seagram Cup Stakes (Grade 3) (All Weather) (Tapeta),265,Woodbine (CAN),08/01/2026 10:25:00,Other,,(Grade 3),,3yo+,None,1m½f,8.5,1709,1870,Fast,Dirt,6079095,Sedburys Ghost right,103694,Austin Adams right,10594,Barbara J Minshall right,4,b,1,1,8-10,138,144/10,15.4,,,,CompletedRace,3,5.5,5.75,00:01:44.3900000,104.39,,,,,,,,,,,,,,,,,,,,,,,
926059,Seagram Cup Stakes (Grade 3) (All Weather) (Tapeta),265,Woodbine (CAN),08/01/2026 10:25:00,Other,,(Grade 3),,3yo+,None,1m½f,8.5,1709,1870,Fast,Dirt,6537140,Rapid Test right,93891,Sahin Civaci right,34442,Catherine Day Phillips right,6,b,3,3,8-10,138,26/5,6.2,,,,CompletedRace,4,0.3,6,00:01:44.4400000,104.44,,,,,,,,,,,,,,,,,,,,,,,
926059,Seagram Cup Stakes (Grade 3) (All Weather) (Tapeta),265,Woodbine (CAN),08/01/2026 10:25:00,Other,,(Grade 3),,3yo+,None,1m½f,8.5,1709,1870,Fast,Dirt,5357813,War Court right,87793,Keveh Nicholls right,19431,Ronald H Sadler right,8,,4,4,8-10,138,179/10,18.9,,,,CompletedRace,5,0.5,6.5,00:01:44.5400000,104.54,,,,,,,,,,,,,,,,,,,,,,,
926059,Seagram Cup Stakes (Grade 3) (All Weather) (Tapeta),265,Woodbine (CAN),08/01/2026 10:25:00,Other,,(Grade 3),,3yo+,None,1m½f,8.5,1709,1870,Fast,Dirt,6949152,Mansetti right,103695,Pietro Moran right,16410,Kevin Attard right,4,,5,5,8-10,138,98/10,10.8,,,,CompletedRace,6,0.3,6.75,00:01:44.5900000,104.59,,,,,,,,,,,,,,,,,,,,,,,
926059,Seagram Cup Stakes (Grade 3) (All Weather) (Tapeta),265,Woodbine (CAN),08/01/2026 10:25:00,Other,,(Grade 3),,3yo+,None,1m½f,8.5,1709,1870,Fast,Dirt,4584282,Twin City right,98348,Romero Ramsay Maragh right,18637,Stuart C Simon right,6,b,7,6,8-10,138,54/1,55,,,,CompletedRace,7,3.5,10.25,00:01:45.2900000,105.29,,,,,,,,,,,,,,,,,,,,,,,
926059,Seagram Cup Stakes (Grade 3) (All Weather) (Tapeta),265,Woodbine (CAN),08/01/2026 10:25:00,Other,,(Grade 3),,3yo+,None,1m½f,8.5,1709,1870,Fast,Dirt,7996847,Lucky Guest right,84853,Emma-Jayne Wilson right,9011,Mark Casse right,4,,8,7,8-11,139,885/100,9.85,,,,CompletedRace,8,9.75,20,00:01:47.2400000,107.24,,,,,,,,,,,,,,,,,,,,,,,
924042,Radnor Hills Handicap (GBBPlus Race),13,Chester,08/02/2026 14:10:00,Other,Class 4,,0-85,3yo+,None,1m4½f,12.5,2513,2750,Good,Turf,5204005,Charmaine right,91857,Daniel Muscutt right,4540,James Fanshawe right,5,,2,4,10-1,161,7/2,4.5,82,,,CompletedRace,1,0,0,00:02:39.6300000,159.63,4/1,5,34,6-2444,"£7,731",7731,82,89,59,44043,Elite Racing Club,Camelot,GB,Zest,False,False,,65,,False,,GB,All three wins have been on the AW (1m/1m4f) but she's a consistent mare with comparable form on turf and should give her running once more (second on previous visit here); chance.
924042,Radnor Hills Handicap (GBBPlus Race),13,Chester,08/02/2026 14:10:00,Other,Class 4,,0-85,3yo+,None,1m4½f,12.5,2513,2750,Good,Turf,8455176,Level Look right,92728,Oisin Murphy right,15605,Andrew Balding right,3,,7,5,9-1,145,7/4F,2.75,78,,,CompletedRace,2,1.5,1.5,00:02:39.9300000,159.93,4/1,5,16,04-14,"£7,731",7731,78,86,80,164585,Kingsclere Racing Club,Passing Glance,GB,Inclyne,False,False,,54,,True,,GB,"Progressed last year to win a 1m2f novice at Newcastle (AW); last of four on handicap debut at Newmarket (1m4f, good to firm) but that was after a break of 189 days and he's fully entitled to strip fitter for that; yard's runners always respected around here."
924042,Radnor Hills Handicap (GBBPlus Race),13,Chester,08/02/2026 14:10:00,Other,Class 4,,0-85,3yo+,None,1m4½f,12.5,2513,2750,Good,Turf,5472320,L'Eagle Aid right,102526,Jack Callan right,40131,Charlie Johnston right,5,p1,6,6,9-6,150,11/1,12,73,,,CompletedRace,3,1.5,3,00:02:40.2300000,160.23,6/1,7,11,566353,"£7,731",7731,73,89,76,231932,Two Goldfish & A Balloon,Free Eagle,IRE,Acres Of Diamonds,True,False,,45,,True,,IRE,"One of three wins came over C&D in July of last year (promoted after dead-heating); solid runs in his last three races, two at Chester; tactically versatile and should be in the mix; first-time headgear."
924042,Radnor Hills Handicap (GBBPlus Race),13,Chester,08/02/2026 14:10:00,Other,Class 4,,0-85,3yo+,None,1m4½f,12.5,2513,2750,Good,Turf,6550753,Patagonia Girl right,86013,David Probert right,25009,Hugo Palmer right,4,,1,7,10-1,161,8/1,9,82,,,CompletedRace,4,2,5,00:02:40.6300000,160.63,13/2,7.5,23,-21758,"£7,731",7731,82,87,69,372298,D R Passant & E Spragg,Australia,GB,Katiesheidinlisa,False,False,,45,,False,,GB,"Six visits here have yielded two wins and as many thirds; below her best over an extended 1m2f in last two races (also here) but she's back to Class 4 level in which she made all over C&D in May off only 2lb lower; considered, for all that an easy leads seems unlikely."
924042,Radnor Hills Handicap (GBBPlus Race),13,Chester,08/02/2026 14:10:00,Other,Class 4,,0-85,3yo+,None,1m4½f,12.5,2513,2750,Good,Turf,4449778,Westerton right,94575,George Wood right,15552,Jennie Candlish right,6,,4,2,9-12,156,20/1,21,79,,,CompletedRace,5,1.25,6.25,00:02:40.8800000,160.88,10/1,11,,35059-,"£7,731",7731,79,86,74,375272,Alan Baxter & Shaun Sowray,Belardo,IRE,Aubusson,False,False,,48,,True,,IRE,"Nearly won over hurdles in May but two lesser runs followed and now 0-7 in that scene, while he's only 1-21 on the Flat (for Alan King); on a useful mark but probably not as good as he was, and he's unraced at Chester."
924042,Radnor Hills Handicap (GBBPlus Race),13,Chester,08/02/2026 14:10:00,Other,Class 4,,0-85,3yo+,None,1m4½f,12.5,2513,2750,Good,Turf,6626289,Kuredu King right,85782,Joanna Mason right,15674,Donald McCain right,4,b,3,3,9-13,157,25/1,26,80,,,CompletedRace,6,1,7.25,00:02:41.0800000,161.08,12/1,13,43,151-43,"£7,731",7731,80,84,74,375693,Ian Furlong & Neil Clayton,Churchill,IRE,Orcia,False,False,,64,,True,,IRE,"Won 11.6f and 1m6f handicaps last year for the Gosden yard; two heavy defeats over hurdles to start off with for current one but he was a 5l fourth of nine over 2m here in May and he was held up in a small field when never threatening at Newmarket last time (1m6f); back here, on a realistic mark, he could feature."
924042,Radnor Hills Handicap (GBBPlus Race),13,Chester,08/02/2026 14:10:00,Other,Class 4,,0-85,3yo+,None,1m4½f,12.5,2513,2750,Good,Turf,8070679,Timber Twelve right,89973,Ross Coakley right,4113,Michael Bell right,3,,5,1,9-9,153,11/4,3.75,86,,,CompletedRace,7,1.25,8.5,00:02:41.3300000,161.33,9/4,3.25,32,1-1451,"£7,731",7731,86,87,78,125358,R A Pegum,Ulysses,IRE,Wood Chorus,False,False,,36,,False,,GB,"Record of 3-5 and it was his first time at 1m4f when making all for a convincing win at Epsom a month ago (good); that race couldn't have worked out better for him and he could be pressured this time if going from the front, but he looks progressive; up 6lb."
924045,"British Stallion Studs EBF ""Confined"" Maiden Stakes (Three Runs Or Less) (GBB/IRE Incentive Race)",13,Chester,08/02/2026 14:45:00,Other,Class 4,,,2yo,None,6f,6,1206,1320,Good,Turf,9212565,Pure Grit right,92728,Oisin Murphy right,15605,Andrew Balding right,2,,1,4,9-7,151,4/9F,1.4444444444444444,85,,,CompletedRace,1,0,0,00:01:14.8900000,74.89,1/2,1.5,64,22,"£7,731",7731,85,88,89,3033,Saeed Suhail,Pinatubo,IRE,Gumhrear,False,False,,54,,False,,GB,"Promising second at Newbury (6f, good) in May and ran to a similar level when second over C&D two weeks later; absent for nine weeks since but he sets a clear standard and still has more to offer."
924045,"British Stallion Studs EBF ""Confined"" Maiden Stakes (Three Runs Or Less) (GBB/IRE Incentive Race)",13,Chester,08/02/2026 14:45:00,Other,Class 4,,,2yo,None,6f,6,1206,1320,Good,Turf,9472246,Shakwaa right,93237,Kieran Shoemark right,23926,Ed Walker right,2,,2,2,9-7,151,11/8,2.375,,,,CompletedRace,2,2.25,2.25,00:01:15.3400000,75.34,9/4,3.25,31,3,"£7,731",7731,,77,69,14781,Sheikh Ahmed Al Maktoum,Golden Pal,USA,Lady Clementine,False,False,,64,,False,,GB,"210,000gns yearling; palpably green when third of ten on his debut at Newbury (6f, good to firm) last month but he kept on steadily in the closing stages; open to improvement and he's a key player."
924045,"British Stallion Studs EBF ""Confined"" Maiden Stakes (Three Runs Or Less) (GBB/IRE Incentive Race)",13,Chester,08/02/2026 14:45:00,Other,Class 4,,,2yo,None,6f,6,1206,1320,Good,Turf,9410018,Sovereigns High right,94158,Edward Greatrex right,13917,Ralph Beckett right,2,,3,5,9-7,151,28/1,29,,,,CompletedRace,3,2,4.25,00:01:15.7400000,75.74,7/1,8,20,38,"£7,731",7731,,75,44,357973,Clarence Bennie Robinson,Ten Sovereigns,IRE,High Gloss,False,False,,55,,True,,IRE,Stayed on for third in a maiden at Kempton (6f) in June; unable to build on it at Windsor three weeks ago; others are stronger.
924045,"British Stallion Studs EBF ""Confined"" Maiden Stakes (Three Runs Or Less) (GBB/IRE Incentive Race)",13,Chester,08/02/2026 14:45:00,Other,Class 4,,,2yo,None,6f,6,1206,1320,Good,Turf,9429288,Therewearethen right,94575,George Wood right,15552,Jennie Candlish right,2,,4,1,9-7,151,125/1,126,,,,CompletedRace,4,6,10.25,00:01:16.9400000,76.94,100/1,101,10,90,"£7,731",7731,,33,,199331,Paul & Clare Rooney,Gleneagles,IRE,Lady Of Rath,False,False,,48,,True,,IRE,Poor form in two AW (7f/6f) runs this summer; can't recommend.
924045,"British Stallion Studs EBF ""Confined"" Maiden Stakes (Three Runs Or Less) (GBB/IRE Incentive Race)",13,Chester,08/02/2026 14:45:00,Other,Class 4,,,2yo,None,6f,6,1206,1320,Good,Turf,9382614,Independent Roze right,85782,Joanna Mason right,9170,Lisa Williamson right,2,,5,3,9-2,146,300/1,301,,,,CompletedRace,5,2.25,12.5,00:01:17.3900000,77.39,200/1,201,39,5,"£7,731",7731,,,,203850,Ian Furlong,Bangkok,IRE,Granny Roz,False,False,,33,,True,,GB,"100-1 and offered little short-term promise at Carlisle (6f, good to firm) in June."
924040,Queensferry Stakes (Listed Race),13,Chester,08/02/2026 15:20:00,Other,Class 1,Listed,,3yo,None,6f,6,1206,1320,Good,Turf,7020345,Simplify right,92728,Oisin Murphy right,15605,Andrew Balding right,3,,9,2,8-10,138,6/1,7,95,,,CompletedRace,1,0,0,00:01:12.9700000,72.97,12/1,13,44,1-1120,"£34,026",34026,95,117,89,354015,Ahmad Alkhallafi &  Marc Waters,Profitable,IRE,Fanrouge,False,False,,54,,True,,IRE,Progressive this year before struggling in the Palace Of Holyroodhouse at Royal Ascot 44 days ago; won't mind stepping back up to 6f but a big personal best will be needed to win.
924040,Queensferry Stakes (Listed Race),13,Chester,08/02/2026 15:20:00,Other,Class 1,Listed,,3yo,None,6f,6,1206,1320,Good,Turf,7204955,Calico Blue right,88798,Ray Dawson right,24890,Roger Varian right,3,,3,3,9-1,145,6/5F,2.2,100,,,CompletedRace,2,0.2,0.2,00:01:13.0100000,73.01,11/4,3.75,8,1-2421,"£34,026",34026,100,116,101,355413,Michael D'Arcy,Calyx,GB,Queen Of York,False,False,,48,,False,,GB,Progressive sprinter; chased home Jazl in a Newmarket handicap last month (2lb worse off today) before improving his flawless C&D record to 3-3 with an easy win eight days ago; worth his place in this stronger company and he looks sure to go well once again.
924040,Queensferry Stakes (Listed Race),13,Chester,08/02/2026 15:20:00,Other,Class 1,Listed,,3yo,None,6f,6,1206,1320,Good,Turf,7830202,Lifeplan right,96669,Zak Wheatley right,3297,Declan Carroll right,3,,5,9,9-1,145,9/1,10,113,,,CompletedRace,3,1,1.25,00:01:13.2200000,73.22,3/1,4,345,11-,"£34,026",34026,113,119,112,308660,Martin Tedham & Wasdell Properties Ltd,Kodi Bear,IRE,A Taad Moody,False,False,,57,,False,,IRE,"2-2 as a 2yo, following his debut success in a novice at Thirsk (6f, good) with a ready win in the Group 2 Gimcrack at York (6f, good to firm) last August; that form hasn't worked out and his subsequent absence is a slight concern; has the highest BHA rating in the field but he's drawn widest and there are grounds for taking him on."
924040,Queensferry Stakes (Listed Race),13,Chester,08/02/2026 15:20:00,Other,Class 1,Listed,,3yo,None,6f,6,1206,1320,Good,Turf,7020306,Ardisia right,98519,Cieren Fallon right,25009,Hugo Palmer right,3,,2,4,9-1,145,16/1,17,100,,,CompletedRace,4,1.5,2.75,00:01:13.5200000,73.52,25/1,26,43,-74630,"£34,026",34026,100,115,86,353988,Ardisia Partnership,Ardad,IRE,Garraun,False,False,,45,,True,,IRE,"Five wins in a busy 2yo campaign, notably the Listed Two-Year-Old Trophy at Redcar (6f, good to soft) in October; retains ability but others bring stronger claims."
924040,Queensferry Stakes (Listed Race),13,Chester,08/02/2026 15:20:00,Other,Class 1,Listed,,3yo,None,6f,6,1206,1320,Good,Turf,7020247,Fitzella right,86013,David Probert right,25009,Hugo Palmer right,3,,8,5,8-10,138,11/1,12,104,,,CompletedRace,5,0.1,2.75,00:01:13.5200000,73.52,9/1,10,23,5-5650,"£34,026",34026,104,124,98,220503,D R Passant & Hefin Williams,Too Darn Hot,GB,Shamandar,False,False,,45,,False,,GB,"Kept good company as a 2yo, winning Group 3 Princess Margaret Stakes at Ascot (6f, good); unplaced in four runs this year but her close fifth in the Commonwealth Cup was a personal best; down the field at York last month but she raced alone towards the stands' side and that isn't the run to judge her on; big player."
924040,Queensferry Stakes (Listed Race),13,Chester,08/02/2026 15:20:00,Other,Class 1,Listed,,3yo,None,6f,6,1206,1320,Good,Turf,7436350,Song Of The Clyde right,93237,Kieran Shoemark right,5863,Clive Cox right,3,,1,8,9-4,148,18/1,19,108,,,CompletedRace,6,1.5,4.25,00:01:13.8200000,73.82,7/1,8,15,5-4177,"£34,026",34026,108,116,105,358380,Middleham Park Racing Cxx & M Parker,Sergei Prokofiev,CAN,Queenoftheclyde,False,False,,36,,True,,GB,"Won a valuable sales race at last season's Ebor meeting; improved performer this year, winning a Listed event at Newbury (6f, good) before a close seventh in the Commonwealth Cup at Royal Ascot; disappointed at Newbury two weeks ago when reportedly finding the ground too fast; a penalty could leave him vulnerable today."
924040,Queensferry Stakes (Listed Race),13,Chester,08/02/2026 15:20:00,Other,Class 1,Listed,,3yo,None,6f,6,1206,1320,Good,Turf,7978777,Jazl right,84416,Jack Mitchell right,37478,Simon &amp; Ed Crisford right,3,,4,6,9-1,145,3/1,4,98,,,CompletedRace,7,1,5.25,00:01:14.0200000,74.02,4/1,5,24,3-1101,"£34,026",34026,98,113,88,179608,Mohammed Sultan,No Nay Never,USA,Mummy Bear,False,False,,59,,False,,IRE,"Beaten favourite in both 2yo starts; gelded prior to his reappearance at Windsor (6f, good to firm) and he showed his true colours, recording a comfortable success; followed up in a Leicester handicap in May and was a leading fancy for the Palace Of Holyroodhouse at Royal Ascot, only to completely blow out; back on the up with a hard-fought neck defeat of Calico Blue at Newmarket last month; remains a sprinter of interest."
924040,Queensferry Stakes (Listed Race),13,Chester,08/02/2026 15:20:00,Other,Class 1,Listed,,3yo,None,6f,6,1206,1320,Good,Turf,7566114,Rock On Thunder right,91867,Kevin Stott right,22525,Kevin Ryan right,3,p,6,7,9-1,145,28/1,29,107,,,CompletedRace,8,0.3,5.5,00:01:14.0700000,74.07,10/1,11,44,226-60,"£34,026",34026,107,113,77,367414,Exors Of The Late Sheikh Mohammed Obaid,Night Of Thunder,IRE,Boston Rocker,False,False,,39,,False,,IRE,Chased home Lifeplan in the Gimcrack last August; well beaten in Group 2/Group 1 events so far this year; this drop in class could revive his fortunes but he is up against some progressive sorts.
924040,Queensferry Stakes (Listed Race),13,Chester,08/02/2026 15:20:00,Other,Class 1,Listed,,3yo,None,6f,6,1206,1320,Good,Turf,7547284,Sirius A right,94575,George Wood right,39326,James Horton right,3,,7,1,9-1,145,40/1,41,98,,,CompletedRace,9,1.25,6.75,00:01:14.3200000,74.32,25/1,26,44,32-150,"£34,026",34026,98,110,85,292623,Team Valor LLC & Gary Barber,Palace Pier,GB,Night Of Light,False,True,,50,,True,,IRE,Didn't need to improve on his 2yo form to win a conditions event at Wolverhampton (6f) in April; backward steps twice since and he needs a subsequent gelding operation to spark improvement.
924041,Disney's High School Musical At Lowry Handicap,13,Chester,08/02/2026 15:52:00,Other,Class 2,,0-100,3yo+,None,7f,7,1407,1540,Good,Turf,6692990,Dance In The Storm right,92728,Oisin Murphy right,15605,Andrew Balding right,4,h,5,10,9-11,155,EvensF,2,95,,,CompletedRace,1,0,0,00:01:26.1500000,86.15,5/2,3.5,45,30-150,"£12,885",12885,95,108,88,16523,J C Smith,Night Of Thunder,IRE,Strictly Dancing,False,False,,54,,False,,GB,"Produced a smart turn of foot to defy a wide draw in a C&D handicap in May; unplaced twice since but her potential hasn't been dimmed, looking stretched by the trip on rain-softened ground at Epsom and then doing best of her group at Royal Ascot; drawn widest again but this mark is unlikely to prove beyond her."
924041,Disney's High School Musical At Lowry Handicap,13,Chester,08/02/2026 15:52:00,Other,Class 2,,0-100,3yo+,None,7f,7,1407,1540,Good,Turf,7378496,The Angel King right,94158,Edward Greatrex right,12465,Ian Williams right,4,,7,2,9-5,149,22/1,23,89,,,CompletedRace,2,1,1,00:01:26.3500000,86.35,14/1,15,58,1-7060,"£12,885",12885,89,102,93,195879,D R Passant,Dark Angel,IRE,Khaleesy,False,False,,41,,False,,GB,Ex-French 4yo; three runs for Ian Williams have resulted in two heavy defeats either side of an eyecatching C&D effort in May; won't be far away if back at that level.
924041,Disney's High School Musical At Lowry Handicap,13,Chester,08/02/2026 15:52:00,Other,Class 2,,0-100,3yo+,None,7f,7,1407,1540,Good,Turf,5007998,Palmar Bay right,104790,Harry Vigors right,13917,Ralph Beckett right,5,,1,5,9-11,155,28/1,29,100,,,CompletedRace,3,1.25,2.25,00:01:26.6000000,86.6,9/1,10,22,4-4408,"£12,885",12885,100,101,80,116730,Robert Ng,Exceed And Excel,AUS,Di Fede,False,False,,55,5,True,,FR,"Won the corresponding race 12 months ago off a 10lb lower mark; as good as ever when fourth of eight at Wolverhampton (7f, Listed) in March but has found it tougher going since; apprentice's claim is useful but he still has little margin for error off this mark."
924041,Disney's High School Musical At Lowry Handicap,13,Chester,08/02/2026 15:52:00,Other,Class 2,,0-100,3yo+,None,7f,7,1407,1540,Good,Turf,5900710,Khafiz right,91867,Kevin Stott right,32385,Roger Fell right,4,,6,3,9-8,152,13/2,7.5,92,,,CompletedRace,4,0.75,3,00:01:26.7500000,86.75,10/1,11,22,3-5004,"£12,885",12885,92,105,100,293114,Woodhurst Ltd & Withernsea,New Bay,GB,Hala Hala,False,False,,44,,True,2,IRE,"Yet to win a handicap but he is easing down the weights and his stable debut at York (1m, good to firm) was encouraging; well drawn back at 7f and he's one to consider."
924041,Disney's High School Musical At Lowry Handicap,13,Chester,08/02/2026 15:52:00,Other,Class 2,,0-100,3yo+,None,7f,7,1407,1540,Good,Turf,8031346,Monarch's Gold right,104693,Toby Moore right,37949,Kevin Philippart De Foy right,3,,9,7,8-9,137,12/1,13,92,,,CompletedRace,5,0.3,3.25,00:01:26.8000000,86.8,11/2,6.5,17,520293,"£12,885",12885,92,103,89,252234,Amo Racing Limited,Too Darn Hot,GB,Maid Up,False,False,,54,7,True,,GB,Won twice on AW (6f) as a 2yo; his best run this season came at Chester when a close second over 7.6f at the May meeting; good third at Hamilton last month (first run after a gelding operation); each-way shout.
924041,Disney's High School Musical At Lowry Handicap,13,Chester,08/02/2026 15:52:00,Other,Class 2,,0-100,3yo+,None,7f,7,1407,1540,Good,Turf,3526644,Roman Dragon right,86013,David Probert right,25009,Hugo Palmer right,7,p,3,6,9-13,157,22/1,23,97,,,CompletedRace,6,3.25,6.5,00:01:27.4500000,87.45,16/1,17,22,018009,"£12,885",12885,97,107,83,303413,Nick Hughes & Owen Promotions Ltd,Heeraat,IRE,Trixie Malone,False,False,,45,,False,,GB,"Eight course wins to his name, the latest in May (5f, good) off a 2lb lower mark; had form over 7f in his youth but this year's two C&D runs haven't been convincing."
924041,Disney's High School Musical At Lowry Handicap,13,Chester,08/02/2026 15:52:00,Other,Class 2,,0-100,3yo+,None,7f,7,1407,1540,Good,Turf,7068767,Miami Matrix right,92276,Paddy Bradley right,14293,Patrick Morris right,4,p,10,1,8-13,141,20/1,21,83,,,CompletedRace,7,0.75,7.25,00:01:27.6000000,87.6,8/1,9,22,02-494,"£12,885",12885,83,102,95,371969,The Matrix Partnership,Invincible Spirit,IRE,Duchess Of Danzig,False,False,,10,,True,,IRE,Promiment racer who is well drawn to attack; three creditable runs here for his new stable in 2026 but others appeal as being better treated.
924041,Disney's High School Musical At Lowry Handicap,13,Chester,08/02/2026 15:52:00,Other,Class 2,,0-100,3yo+,None,7f,7,1407,1540,Good,Turf,3540201,Korker right,102773,Jack Nicholls right,5019,K R Burke right,7,,8,9,9-2,146,20/1,21,89,,,CompletedRace,8,0.3,7.5,00:01:27.6500000,87.65,10/1,11,36,-08064,"£12,885",12885,89,107,93,345637,"Fine Claret Racing,Mrs Burke & C Wood",Dandy Man,IRE,Adaptation,False,False,,57,3,False,,IRE,"On a long losing run but he has dropped to a dangerous mark and his latest Newcastle run confirmed he retains a good chunk of ability, surging to the front 1f out but failing to see out the stiff 7f; this easier test should suit and he can't be discounted."
924041,Disney's High School Musical At Lowry Handicap,13,Chester,08/02/2026 15:52:00,Other,Class 2,,0-100,3yo+,None,7f,7,1407,1540,Good,Turf,6032333,The Strikin Viking right,92867,Faleh Bughenaim right,25988,Hamad Al Jehani right,4,h,2,4,10-2,162,14/1,15,100,,,CompletedRace,9,0.75,8.25,00:01:27.8000000,87.8,25/1,26,26,14-056,"£12,885",12885,100,102,77,325088,Wathnan Racing,Inns Of Court,IRE,Asmeen,False,False,,39,,False,,IRE,"Group 3 win in Germany (6f, soft) last August; not at his best this year but the handicapper is cutting him some slack; stamina for 7f, even around here, has to be taken on trust."
924041,Disney's High School Musical At Lowry Handicap,13,Chester,08/02/2026 15:52:00,Other,Class 2,,0-100,3yo+,None,7f,7,1407,1540,Good,Turf,6402359,Power Fizz right,98519,Cieren Fallon right,3415,William Haggas right,4,,4,8,9-12,156,9/2,5.5,96,,,CompletedRace,10,19,27.25,00:01:31.6000000,91.6,7/2,4.5,36,214-10,"£12,885",12885,96,102,,201227,Sheikh Juma Dalmook Al Maktoum,Wootton Bassett,GB,Cristal Fizz,False,False,,62,,False,,IRE,"Three 7f wins in 2025; impressive dropped to 6f at Newcastle in March but he disappointed as favourite back at Newcastle five weeks ago; the penultimate performance suggests this mark is well within his range, and he could resume his progress back at 7f."
924044,J20 Classified Claiming Stakes,13,Chester,08/02/2026 16:22:00,Other,Class 4,,0-85,3yo+,None,7½f,7.5,1508,1650,Good,Turf,4990396,Blue Prince right,92728,Oisin Murphy right,3846,David Evans right,5,,4,4,8-13,141,13/8F,2.625,85,,,CompletedRace,1,0,0,00:01:34.3300000,94.33,5/4,2.25,12,-33133,"£7,731",7731,85,106,88,326550,G & A Racing,Blue Point,IRE,Zip Along,False,False,,71,,False,,IRE,"The last run wasn't his best (four ran) but he was bang there in his four previous races, all handicaps at 7f/1m; drops into a claimer on favourable terms and must have every chance; has run well here before."
924044,J20 Classified Claiming Stakes,13,Chester,08/02/2026 16:22:00,Other,Class 4,,0-85,3yo+,None,7½f,7.5,1508,1650,Good,Turf,4175394,Alpha Capture right,91867,Kevin Stott right,32385,Roger Fell right,6,b,2,5,9-4,148,9/4,3.25,82,,,CompletedRace,2,0.3,0.3,00:01:34.3900000,94.39,11/4,3.75,9,362120,"£7,731",7731,82,101,84,372496,Nextgen Racing And Fell,Cotai Glory,GB,York Express,False,False,,44,,False,,IRE,"Consistent since leaving Willie Mullins, performing well in handicaps from 6f to 1m; York last time wasn't necessarily a backward step as he wasn't beaten all that far in a big field after finding trouble in running; solid chance now into a claimer; first run here."
924044,J20 Classified Claiming Stakes,13,Chester,08/02/2026 16:22:00,Other,Class 4,,0-85,3yo+,None,7½f,7.5,1508,1650,Good,Turf,5708618,Midnight Strike right,102526,Jack Callan right,15552,Jennie Candlish right,4,tp,6,1,8-13,141,13/2,7.5,77,,,CompletedRace,3,2.25,2.5,00:01:34.8300000,94.83,10/1,11,15,000815,"£7,731",7731,77,96,85,347584,James Paul Services To Industry Ltd,Starspangledbanner,AUS,Not After Midnight,False,False,,48,,True,,IRE,"Won on debut for Joseph O'Brien; his only effort of note in six starts for current yard (two here) was last month's selling win at Beverley (extended 1m) when odds-on in beating two rivals (in this first-time headgear); back in a handicap last time and was found wanting, albeit over 1m2f; others preferred."
924044,J20 Classified Claiming Stakes,13,Chester,08/02/2026 16:22:00,Other,Class 4,,0-85,3yo+,None,7½f,7.5,1508,1650,Good,Turf,5900734,Calyxoh right,92276,Paddy Bradley right,14293,Patrick Morris right,4,v1,5,6,8-13,141,40/1,41,72,,,CompletedRace,4,3,5.5,00:01:35.4300000,95.43,20/1,21,8,909730,"£7,731",7731,72,90,88,371969,The Matrix Partnership,Calyx,GB,Eldalil,True,False,,10,,True,,IRE,Third in a C&D handicap last month but that's been about it since joining this stable; now visored and doesn't have obvious claims on these terms.
924044,J20 Classified Claiming Stakes,13,Chester,08/02/2026 16:22:00,Other,Class 4,,0-85,3yo+,None,7½f,7.5,1508,1650,Good,Turf,4213774,I Still Have Faith right,88798,Ray Dawson right,8543,Stuart Williams right,6,t,3,2,9-2,146,100/30,4.333333333333334,81,,,CompletedRace,5,1,6.5,00:01:35.6300000,95.63,9/2,5.5,15,254065,"£7,731",7731,81,100,81,366351,J Morley D Reynolds C Watkins & Partner,Expert Eye,GB,The Thrill Is Gone,False,False,,45,,False,,GB,All wins have been over further when hooded and he's 0-7 at about 7f (has placed form); hasn't really fired in any of his last three races but this is easier than he's accustomed to; unraced at Chester.
924044,J20 Classified Claiming Stakes,13,Chester,08/02/2026 16:22:00,Other,Class 4,,0-85,3yo+,None,7½f,7.5,1508,1650,Good,Turf,5207760,Candonomore right,94575,George Wood right,15552,Jennie Candlish right,5,tp,1,3,9-6,150,18/1,19,79,,,CompletedRace,6,7.5,14,00:01:37.1300000,97.13,8/1,9,20,213687,"£7,731",7731,79,94,81,372764,Broad Oak Km,Almanzor,FR,Tikitiki,False,False,,48,,True,,FR,"Won races for two previous yards and was a close third on debut for current one (1m1f, good to firm); hasn't kicked on from there, including here two runs back when beating one home over 6f; drops into a claimer but these terms aren't easy."
924043,Tom Jones Live At Chester Racecourse Handicap (GBBPlus Race),13,Chester,08/02/2026 16:52:00,Other,Class 4,,0-80,3yo+,None,1m2½f,10.5,2111,2310,Good,Turf,7267865,Tiger right,94158,Edward Greatrex right,12465,Ian Williams right,4,,5,5,9-12,156,2/1F,3,75,,,CompletedRace,1,0,0,00:02:10.1200000,130.12,7/2,4.5,49,34-642,"£7,731",7731,75,81,77,356187,Gonzales And Michael Watt,Wooded,IRE,Edya,False,False,,41,,True,,FR,"Ex-French 4yo who has raced seven times for Ian Williams and encouragingly the best of those efforts was his latest when beaten half a length from the back at Doncaster (1m4f, good to soft); back up 2lb; unraced on firmer than good; fair chance provided conditions don't hold him back."
924043,Tom Jones Live At Chester Racecourse Handicap (GBBPlus Race),13,Chester,08/02/2026 16:52:00,Other,Class 4,,0-80,3yo+,None,1m2½f,10.5,2111,2310,Good,Turf,8245527,Cape Fear right,92728,Oisin Murphy right,15605,Andrew Balding right,3,p1,9,4,9-7,151,9/4,3.25,78,,,CompletedRace,2,5.5,5.5,00:02:11.2200000,131.22,3/1,4,22,323213,"£7,731",7731,78,80,70,164585,Kingsclere Racing Club,Kameko,USA,Cape Spirit,True,False,,54,,False,,GB,"No course form but acts on good and faster ground; it took six races to get off the mark, when odds-on over an extended 1m3f at Lingfield in June, and he proved very disappointing when a shade of odds-on for last month's handicap debut at Newmarket (1m4f; beaten 18l); now goes in cheekpieces and he could be given another chance, especially as the horse he beat in his novice has won since."
924043,Tom Jones Live At Chester Racecourse Handicap (GBBPlus Race),13,Chester,08/02/2026 16:52:00,Other,Class 4,,0-80,3yo+,None,1m2½f,10.5,2111,2310,Good,Turf,3122432,Farasi Lane right,100697,Aiden Brookes right,5020,Micky Hammond right,8,p,1,9,10-2,162,28/1,29,79,,,CompletedRace,3,0.3,5.75,00:02:11.2700000,131.27,11/1,12,4,655515,"£7,731",7731,79,83,63,145684,Anthony Bithell,Belardo,IRE,No Such Zone,False,False,,47,,False,,IRE,"Has been around the block and mostly seen on the AW these days; he did win on debut for this yard at Ripon (1m, good; by a head) but then finished last at Sandown four days ago; unplaced in one previous run here."
924043,Tom Jones Live At Chester Racecourse Handicap (GBBPlus Race),13,Chester,08/02/2026 16:52:00,Other,Class 4,,0-80,3yo+,None,1m2½f,10.5,2111,2310,Good,Turf,5120110,Secret Beach right,104693,Toby Moore right,15674,Donald McCain right,5,t,2,6,9-9,153,4/1,5,79,,,CompletedRace,4,0.3,6,00:02:11.3200000,131.32,11/2,6.5,8,-95742,"£7,731",7731,79,85,57,292277,Mrs Carol Shaw,Footstepsinthesand,GB,Dubai,False,False,,64,7,True,,IRE,"Perhaps best over further but he was only nabbed late on over C&D last week and, although 1lb higher, Toby Moore rides him for the first time claiming 7lb; can be inconsistent but he's run three excellent races in defeat around here; solid chance."
924043,Tom Jones Live At Chester Racecourse Handicap (GBBPlus Race),13,Chester,08/02/2026 16:52:00,Other,Class 4,,0-80,3yo+,None,1m2½f,10.5,2111,2310,Good,Turf,4336791,Eagle Day right,2456,J F Egan right,3846,David Evans right,6,,10,7,8-13,141,40/1,41,62,,,CompletedRace,5,2,8,00:02:11.7200000,131.72,20/1,21,12,180494,"£7,731",7731,62,83,41,335034,David Edwards & Arthur Hoyle,Kodiac,GB,Ramone,False,False,,71,,True,,IRE,"Exposed 6yo who excels at Wolverhampton where's he won five times and yet on turf he's 1-19; close fourth on his favourite patch 12 days ago and 4lb lower back on the grass, but he wouldn't be the percentage call on first visit here."
924043,Tom Jones Live At Chester Racecourse Handicap (GBBPlus Race),13,Chester,08/02/2026 16:52:00,Other,Class 4,,0-80,3yo+,None,1m2½f,10.5,2111,2310,Good,Turf,3142182,Oman right,96669,Zak Wheatley right,9714,Tony Carroll right,8,,7,2,9-8,152,14/1,15,71,,,CompletedRace,6,0.3,8.5,00:02:11.8200000,131.82,16/1,17,27,841479,"£7,731",7731,71,84,71,56434,A W Carroll,Australia,GB,Awohaam,False,False,,45,,False,,IRE,"Has competitive course form, including a respectable fourth over the extended 7f in June; this is more his trip but he needs to bounce back from two forgettable runs at 1m4f (here) and 9.4f (AW)."
924043,Tom Jones Live At Chester Racecourse Handicap (GBBPlus Race),13,Chester,08/02/2026 16:52:00,Other,Class 4,,0-80,3yo+,None,1m2½f,10.5,2111,2310,Good,Turf,6166271,Echalar right,86013,David Probert right,12465,Ian Williams right,4,h,6,8,9-11,155,28/1,29,74,,,CompletedRace,7,4,12.5,00:02:12.6200000,132.62,10/1,11,17,667034,"£7,731",7731,74,82,61,30867,S Bell,Too Darn Hot,GB,Rocana,False,False,,41,,True,,IRE,"AW winner over 7f for previous yard off 3lb higher; signs of getting it together for Ian Williams, albeit those were Class 5 handicaps at Chepstow and over 1m; down 1lb and, if he can see out the trip, wouldn't be without hope."
924043,Tom Jones Live At Chester Racecourse Handicap (GBBPlus Race),13,Chester,08/02/2026 16:52:00,Other,Class 4,,0-80,3yo+,None,1m2½f,10.5,2111,2310,Good,Turf,3199979,Saligo Bay right,76831,Tom Eaves right,31667,Sam England right,8,,3,1,10-0,160,7/1,8,77,,,CompletedRace,8,5.5,18,00:02:13.7200000,133.72,4/1,5,,13421-,"£7,731",7731,77,84,72,353457,Lpd Demolition Ltd,New Bay,GB,Glorification,False,False,,46,,False,,IRE,Progressive form under both codes last year included a 1m4f course win; quiet return to jumping at Cartmel two weeks ago but that was after a lengthy break and he's on better Flat mark than he is over hurdles.
924043,Tom Jones Live At Chester Racecourse Handicap (GBBPlus Race),13,Chester,08/02/2026 16:52:00,Other,Class 4,,0-80,3yo+,None,1m2½f,10.5,2111,2310,Good,Turf,8101893,Moon Beginnings right,98602,Laura Pearson right,31698,David Loughnane right,4,e/s,8,10,9-8,152,28/1,29,71,,,CompletedRace,9,8.5,26.5,00:02:15.4200000,135.42,12/1,13,22,880548,"£7,731",7731,71,84,71,365062,"Nbr30, Mike Owen & Rasio Cymru Racing",Saxon Warrior,JPN,Mimiteh,False,False,,35,,False,,IRE,"0-8 since his winning debut here last September (7f); last two runs have also been here at about 7f and neither was wildly encouraging (in cheekpieces then an eyeshield); bit to prove, including stamina for this far."
925574,Adare Manor Opportunity Handicap Hurdle,183,Galway (IRE),08/02/2026 13:50:00,Hurdle,,,,4yo+,None,2m½f,16.5,3317,3630,Good,Turf,58956154,Timurshah right,100355,Conor Smithers right,41541,Aidan Melia right,5,,1,,11-10,186,7/2,4.5,122,,,CompletedRace,1,0,0,00:04:01,241,11/2,6.5,6,60-111,"€10,308",10308,122,125,109,342291,Ms M Connolly,Mastercraftsman,IRE,Timiniya,False,False,,67,4,False,,IRE,"Thriving since joining current yard, making it 3-3 when scoring in emphatic fashion over C&D on Monday, despite taking a keen hold; hit with a 13lb rise for that so up an aggregate of 29lb since joining the yard; Conor Smithers has ridden him on all three wins and maintains the partnership here; big player."
925574,Adare Manor Opportunity Handicap Hurdle,183,Galway (IRE),08/02/2026 13:50:00,Hurdle,,,,4yo+,None,2m½f,16.5,3317,3630,Good,Turf,5864556,Castleheath right,100873,Eoghan Finegan right,38077,Ciaran Murphy right,5,,7,,11-2,178,14/1,15,112,,,CompletedRace,2,5,5,00:04:02,242,14/1,15,216,4/450-,"€10,308",10308,112,124,109,308860,Niall & Cathal Slevin,Elzaam,AUS,Ekagra,False,False,,56,2,True,,IRE,"Three-time Flat winner is 1-7 over timber, that win in a Punchestown maiden (2m1f, soft) last season; absent since poor run at Limerick over Christmas so watching brief advised, unless market speaks."
925574,Adare Manor Opportunity Handicap Hurdle,183,Galway (IRE),08/02/2026 13:50:00,Hurdle,,,,4yo+,None,2m½f,16.5,3317,3630,Good,Turf,3098477,Teed Up right,100370,Alan O'Sullivan right,30971,Emmet Mullins right,9,t,4,,11-8,184,3/1F,4,118,,,CompletedRace,3,4.25,9.25,00:04:02.8500000,242.85,6/1,7,,80000-,"€10,308",10308,118,124,127,18220,Mrs A F Mee,Gleneagles,IRE,Dibiya,False,False,,42,2,True,,IRE,"Won this 2022 & 2023 and bids for third win on the back of a fine third of 20 in Connacht Hotel QR Handicap here on Monday, staying on well after not clear run; below best on flat here on Friday, questionable whether he'll turn out for a third time this week."
925574,Adare Manor Opportunity Handicap Hurdle,183,Galway (IRE),08/02/2026 13:50:00,Hurdle,,,,4yo+,None,2m½f,16.5,3317,3630,Good,Turf,5147922,Mo Ghille Mar right,101087,Harry Sexton right,18845,John Joseph Hanlon right,5,p,11,,10-7,167,18/1,19,105,,,CompletedRace,4,3.5,12.75,00:04:03.5500000,243.55,25/1,26,,06-177,"€10,308",10308,105,128,105,325850,Bronsan Racing,Zoffany,IRE,First Love,False,False,,35,4,True,,IRE,"Three Flat wins for Jessica Harrington and off the mark hurdling at eighth attempt in 2m1f Wexford handicap in May; runs since however have been modest, never counting on the flat here on Friday."
925574,Adare Manor Opportunity Handicap Hurdle,183,Galway (IRE),08/02/2026 13:50:00,Hurdle,,,,4yo+,None,2m½f,16.5,3317,3630,Good,Turf,3226202,Wahraan right,101231,Carl Millar right,34491,Jessica Bedi right,8,t,10,,10-12,172,100/30,4.333333333333334,108,,,CompletedRace,5,2.25,15,00:04:04,244,4/1,5,,36-1,"€10,308",10308,108,122,107,360463,NoHopersJokers & Rogues,Le Havre,IRE,Al Jassasiyah,False,False,,33,2,True,,FR,"In terrific form of late, winning 2m3f Market Rasen handicap hurdle in May (good) and returned from a short break when strong-finishing neck second (clear of remainder) of 19 in 2m1f flat handicap here on Wednesday; clearly handles the track, should go well."
925574,Adare Manor Opportunity Handicap Hurdle,183,Galway (IRE),08/02/2026 13:50:00,Hurdle,,,,4yo+,None,2m½f,16.5,3317,3630,Good,Turf,5160467,Playtime right,102354,Josh Williamson right,18145,Gordon Elliott right,5,,5,,11-9,185,14/1,15,117,,,CompletedRace,6,1.5,16.5,00:04:04.3000000,244.3,10/1,11,19,-63273,"€10,308",10308,117,127,101,365847,West Of The Shannon Syndicate,Sea The Moon,GER,Partygorl,False,False,,37,,False,,GB,"Leopardstown maiden hurdle winner (2m, soft) in March and runner-up to the smart Switch From Diesel in a Punchestown novice, his best run since; 2m6f may have stretched him last time, back in trip now."
925574,Adare Manor Opportunity Handicap Hurdle,183,Galway (IRE),08/02/2026 13:50:00,Hurdle,,,,4yo+,None,2m½f,16.5,3317,3630,Good,Turf,5412934,Cloonainra right,101603,Joshua Halford right,14751,John C McConnell right,7,p,8,,11-0,176,18/1,19,112,,,CompletedRace,7,4.75,21.25,00:04:05.2500000,245.25,25/1,26,49,9845-0,"€10,308",10308,112,124,107,353022,Pauline Conlon & BK Vets Partnership,Financial Reward,IRE,Ashes Summer,False,False,,46,,True,,IRE,Two hurdle wins at 2m2f but has lost her way since Listowel novice chase win in September; others in better form.
925574,Adare Manor Opportunity Handicap Hurdle,183,Galway (IRE),08/02/2026 13:50:00,Hurdle,,,,4yo+,None,2m½f,16.5,3317,3630,Good,Turf,5003636,Dream Shaper right,101027,Brian Barry right,13164,I Madden right,7,t,18,,9-12,156,14/1,15,94,,,CompletedRace,8,6,27.25,00:04:06.4500000,246.45,8/1,9,9,0F9-31,"€10,308",10308,94,126,103,46573,I Madden,Morpheus,GB,Silverscreen Queen,False,False,,50,4,True,,IRE,"Off the mark at 28th attempt when landing 2m3f Kilbeggan handicap last month, allowed to slip the field and win unchallenged; 9lb rise okay on the face of it, but not sure if he'll back that up and 3lb out of handicap here."
925574,Adare Manor Opportunity Handicap Hurdle,183,Galway (IRE),08/02/2026 13:50:00,Hurdle,,,,4yo+,None,2m½f,16.5,3317,3630,Good,Turf,5859136,Space Warrior right,100828,Sean Cleary-Farrell right,16319,Thomas Mullins right,5,,16,,9-10,154,25/1,26,94,,,CompletedRace,9,0.2,27.5,00:04:06.5000000,246.5,16/1,17,12,4P63-9,"€10,308",10308,94,125,117,352306,Mrs Helen Mullins & M J Lomax,Belardo,IRE,Surface Of Earth,False,False,,14,4,False,,IRE,"No success since a juvenile maiden hurdle win at Fairyhouse in November 2024; has dropped a long way in the ratings from an opening mark of 111 and, although recent Ballinrobe effort wasn't convincing, previous Clonmel third under today's rider offers hope; 1lb wrong."
925574,Adare Manor Opportunity Handicap Hurdle,183,Galway (IRE),08/02/2026 13:50:00,Hurdle,,,,4yo+,None,2m½f,16.5,3317,3630,Good,Turf,7935078,Barrys Spirit right,102961,Kevin Healy right,19030,Adrian Murray right,5,,6,,11-4,180,40/1,41,116,,,CompletedRace,10,2.5,30,00:04:07,247,20/1,21,246,9415-,"€10,308",10308,116,122,95,177288,Neale/Murtagh Partnership,Poet's Word,IRE,Leo's Spirit,False,False,,,4,True,1,IRE,Lightly-raced 5yo won 2m2f Downpatrick maiden for Gavin Cromwell last autumn before never counting in Grade 3 at Fairyhouse; back from eight months' absence on yard/handicap debut and probably best watched.
925574,Adare Manor Opportunity Handicap Hurdle,183,Galway (IRE),08/02/2026 13:50:00,Hurdle,,,,4yo+,None,2m½f,16.5,3317,3630,Good,Turf,4994499,Penzance right,102840,Paddy Hanlon right,18845,John Joseph Hanlon right,6,tp,12,,10-9,169,16/1,17,105,,,CompletedRace,11,3.5,33.5,00:04:07.7000000,247.7,10/1,11,11,3-4222,"€10,308",10308,105,122,104,337351,Eventmasters Limited,Wootton Bassett,GB,Iromea,False,False,,35,2,False,,GB,"Not the force of old (one-time useful Flat handicapper) but runner-up on latest three starts in modest maiden hurdle company in Britain; twice at Stratford and most recently after making most (carrying head awkwardly, hung right) at Worcester (2m, good); handicap debut and doesn't exactly appear thrown in."
925574,Adare Manor Opportunity Handicap Hurdle,183,Galway (IRE),08/02/2026 13:50:00,Hurdle,,,,4yo+,None,2m½f,16.5,3317,3630,Good,Turf,8401624,Torque De Lune right,102474,Calum Hogan right,18845,John Joseph Hanlon right,6,,17,,9-12,156,50/1,51,94,,,CompletedRace,12,3.75,37.25,00:04:08.4500000,248.45,20/1,21,16,0-F43U,"€10,308",10308,94,121,82,336074,Peter M Lawlor & Joseph Lawlor,Workforce,GB,Garryduff Beg,False,False,,35,2,True,,IRE,"Lightly-raced mare showed a bit of promise in a 2m3f Downpatrick mares maiden in June, but unseated in maiden at Killarney latest; handicap debut and others look more likely; 1lb wrong."
925574,Adare Manor Opportunity Handicap Hurdle,183,Galway (IRE),08/02/2026 13:50:00,Hurdle,,,,4yo+,None,2m½f,16.5,3317,3630,Good,Turf,7272324,Coolboy Christy right,97308,Shane O'Callaghan right,13570,P J Rothwell right,5,b1,14,,10-3,163,14/1,15,97,,,CompletedRace,13,2.75,40,00:04:09,249,16/1,17,10,5-4845,"€10,308",10308,97,127,102,342177,Geesala Racing Group Syndicate,Feel Like Dancing,GB,Carleys Hollow,True,False,,48,,True,,IRE,"12-race maiden but has shaped well on a few occasions, most notably when fourth at Leopardstown (2m2f, soft) in March; recent Wexford effort in first-time cheekpieces was okay, blinkers now tried."
925574,Adare Manor Opportunity Handicap Hurdle,183,Galway (IRE),08/02/2026 13:50:00,Hurdle,,,,4yo+,None,2m½f,16.5,3317,3630,Good,Turf,4231788,My Trump Card right,102869,Shane Fitzsimons right,14751,John C McConnell right,8,,2,,11-8,184,100/1,101,120,,,CompletedRace,14,2.5,42.5,00:04:09.5000000,249.5,25/1,26,100,78560-,"€10,308",10308,120,126,,363723,Wise Guys Syndicate,Shantou,USA,Screaming Witness,False,False,,46,4,True,1,IRE,"Bumper and 2m4f maiden hurdle winner for Gordon Elliott but 0-7 chasing last season and debuts for new yard back over hurdles, over what appears an inadequate trip."
925574,Adare Manor Opportunity Handicap Hurdle,183,Galway (IRE),08/02/2026 13:50:00,Hurdle,,,,4yo+,None,2m½f,16.5,3317,3630,Good,Turf,5864702,Party President right,104226,Dylan O'Connor right,43187,A D Leahy right,6,p1,13,,10-4,164,16/1,17,102,,,CompletedRace,15,4.5,47,00:04:10.4000000,250.4,25/1,26,5,-P2660,"€10,308",10308,102,126,66,112427,David M Walsh,Berkshire,IRE,Chosen Destiny,True,False,,,4,False,,IRE,Two-time hurdles winner last year; tame chase effort here on Tuesday and tried in first-time cheekpieces now back hurdling.
925574,Adare Manor Opportunity Handicap Hurdle,183,Galway (IRE),08/02/2026 13:50:00,Hurdle,,,,4yo+,None,2m½f,16.5,3317,3630,Good,Turf,6737491,Bannow Blaze right,99011,Charlie O'Dwyer right,29785,Jonathan Fogarty right,6,t,9,,11-2,178,14/1,15,110,,,PulledUp,0,0,0,00:04:01,241,25/1,26,55,120-UF,"€10,308",10308,110,125,,351791,Zero Three Champs Syndicate,Lucky Speed,IRE,Queeny,False,False,,,2,False,,IRE,"Wexford handicap winner last season at this trip (yielding); hasn't completed in both chase outings, well held when faller three out at Roscommon last time; back hurdling and opposable off this mark."
925574,Adare Manor Opportunity Handicap Hurdle,183,Galway (IRE),08/02/2026 13:50:00,Hurdle,,,,4yo+,None,2m½f,16.5,3317,3630,Good,Turf,58956123,Imperial Miss right,103298,Michael Kenneally right,19282,Thomas Gibney right,5,t,15,,10-2,162,28/1,29,96,,,UnseatedRider,0,0,0,00:04:01,241,12/1,13,231,04280-,"€10,308",10308,96,125,90,359144,Declan Reilly & Kieran Murray,Churchill,IRE,Recife,False,False,,43,,True,,IRE,"Dual-purpose maiden went closest to scoring when just denied in a 2m6f novice handicap here last October (yielding) off 1lb higher; absent since December but on a nice mark and any market support could be significant, although drop in trip could be an issue."
925575,Kenny Galway Peugeot Handicap Hurdle,183,Galway (IRE),08/02/2026 14:20:00,Hurdle,,,,4yo+,None,3m½f,24.5,4926,5390,Good,Turf,4609249,Caher Roes Den right,87524,Danny Mullins right,1475,W P Mullins right,8,,17,,10-8,168,9/2,5.5,102,,,CompletedRace,1,0,0,00:06:09.9000000,369.9,10/1,11,19,/39P/4,"€10,308",10308,102,122,65,11234,R S Brookhouse,Soldier Of Fortune,IRE,Douglas Park,False,False,,67,,True,2,IRE,"Point-to-point winner; 0-6 hurdling in Britain for Ben Brookhouse, yard debut (after long absence) in 2m6f Downpatrick handicap last month was encouraging enough and worth another shot at this trip, especially on better ground."
925575,Kenny Galway Peugeot Handicap Hurdle,183,Galway (IRE),08/02/2026 14:20:00,Hurdle,,,,4yo+,None,3m½f,24.5,4926,5390,Good,Turf,7891671,Mr Master Mac right,103949,Thomas O'Connor right,28193,Mark Fahey right,5,,4,,11-2,178,9/1,10,117,,,CompletedRace,2,3.75,3.75,00:06:10.6500000,370.65,14/1,15,49,313-17,"€10,308",10308,117,122,103,360483,MasterMac Partnership,Blue Bresil,FR,Maria's Oscar,False,False,,25,7,False,,IRE,"Bumper winner; off mark at second attempt over hurdles in 2m3f Downpatrick maiden in May (good), following month tame enough effort in handicap over same C&D; back from a short break and tries a new trip."
925575,Kenny Galway Peugeot Handicap Hurdle,183,Galway (IRE),08/02/2026 14:20:00,Hurdle,,,,4yo+,None,3m½f,24.5,4926,5390,Good,Turf,5368112,Justatan right,100370,Alan O'Sullivan right,30971,Emmet Mullins right,7,tp1,20,,10-5,165,5/1,6,99,,,CompletedRace,3,1.5,5.25,00:06:10.9500000,370.95,10/1,11,21,5309-3,"€10,308",10308,99,117,85,18220,Mrs A F Mee,Estejo,GER,Eza,True,False,,42,5,True,,FR,"Unbeaten in two point-to-points for Michael Goff; mild promise in maiden hurdles, most recently stayed on late into modest third (to Wild Mandate) in 3m2f Sligo handicap last month (good); cheekpieces now added and could be dangerous off light weight under a more positive ride."
925575,Kenny Galway Peugeot Handicap Hurdle,183,Galway (IRE),08/02/2026 14:20:00,Hurdle,,,,4yo+,None,3m½f,24.5,4926,5390,Good,Turf,7046539,Adaliz right,96391,Darragh O'Keeffe right,1249,Henry De Bromhead right,6,b1,18,,10-6,166,22/1,23,100,,,CompletedRace,4,0.5,5.75,00:06:11.0500000,371.05,16/1,17,19,310-90,"€10,308",10308,100,121,110,275327,Syndicates.Racing,Waldpark,GER,Aspidistra,True,False,,59,,False,,GER,"Won twice last year, including over this trip at Tipperary off 95; has run just three times since, tame enough Downpatrick effort on latest; blinkers now replace cheekpieces."
925575,Kenny Galway Peugeot Handicap Hurdle,183,Galway (IRE),08/02/2026 14:20:00,Hurdle,,,,4yo+,None,3m½f,24.5,4926,5390,Good,Turf,6509771,Sallap right,103298,Michael Kenneally right,22421,S Curling right,6,,19,,10-1,161,8/1,9,100,,,CompletedRace,5,4.75,10.5,00:06:12,372,15/2,8.5,31,1F-011,"€10,308",10308,100,121,71,88983,W G Cleary,Court Cave,IRE,Emmy Lou,False,False,,25,5,False,,IRE,"Progressive mare has won three of last four completed outings, including last two in 2m6f handicaps at Clonmel and when defying 7lb rise at Limerick last month in ready fashion to win going away; up a further 9lb so more needed but quite possible."
925575,Kenny Galway Peugeot Handicap Hurdle,183,Galway (IRE),08/02/2026 14:20:00,Hurdle,,,,4yo+,None,3m½f,24.5,4926,5390,Good,Turf,4177632,Stormbreaker right,102840,Paddy Hanlon right,18845,John Joseph Hanlon right,7,,9,,11-2,178,100/1,101,115,,,CompletedRace,6,7.5,18,00:06:13.5000000,373.5,25/1,26,21,2000/P,"€10,308",10308,115,126,,325850,Bronsan Racing,Proconsul,GB,Shadows' Whispers,False,False,,35,5,True,2,GB,Maiden hurdle winner for Willie Mullins ran well in some handicaps; pulled up on yard debut after some 14 months' absence at Sligo recently; probably best watched for now.
925575,Kenny Galway Peugeot Handicap Hurdle,183,Galway (IRE),08/02/2026 14:20:00,Hurdle,,,,4yo+,None,3m½f,24.5,4926,5390,Good,Turf,58958802,Fou De Toi right,86502,Paul Townend right,1475,W P Mullins right,5,,7,,11-7,183,8/1,9,115,,,CompletedRace,7,9.5,27.5,00:06:15.4000000,375.4,13/2,7.5,30,/43P-2,"€10,308",10308,115,116,38,18484,Mrs J Donnelly,Motivator,GB,Finella,False,False,,67,,False,,FR,"Lightly-raced 5yo ran once in France and still looks a work in progress after four starts for champion trainer, tight 2m4f in Wexford maiden last time may not have been ideal; bit to prove but improvement quite likely back at 3m."
925575,Kenny Galway Peugeot Handicap Hurdle,183,Galway (IRE),08/02/2026 14:20:00,Hurdle,,,,4yo+,None,3m½f,24.5,4926,5390,Good,Turf,7276562,Elusive Ogie right,93137,Simon Torrens right,26124,Eoin Christopher McCarthy right,5,,11,,11-5,181,18/1,19,113,,,CompletedRace,8,7.5,35,00:06:16.9000000,376.9,9/1,10,16,59-U05,"€10,308",10308,113,128,114,286494,Denis Enright,Elusive Pimpernel,USA,Newtown Dancer,False,False,,43,,True,,IRE,"Limerick maiden winner last year and finished good third in the Lartigue at Listowel; easily best run since and just beginning his challenge (going well) when unseating two out at Killarney in May, most recently would have gone closer but for pecking two out at same venue last month over 2m7f; remains of interest; also due to run here yeasterday (3.12)."
925575,Kenny Galway Peugeot Handicap Hurdle,183,Galway (IRE),08/02/2026 14:20:00,Hurdle,,,,4yo+,None,3m½f,24.5,4926,5390,Good,Turf,6265700,Reiki Revolution right,88732,Keith Donoghue right,17836,Gavin Cromwell right,6,ht,8,,11-7,183,11/1,12,115,,,CompletedRace,9,0.75,35.75,00:06:17.0500000,377.05,12/1,13,33,P4-UU4,"€10,308",10308,115,128,,165543,James F Dunne,Wings Of Eagles,FR,Presenting Gems,False,False,,29,,False,,IRE,"Bumper and 2m4f maiden (Punchestown) hurdle winner; unseated two out when shaping with promise on first two chase efforts, most recently completed but again let down by jumping at Wexford; reverts to hurdles here, placings over this trip in maidens."
925575,Kenny Galway Peugeot Handicap Hurdle,183,Galway (IRE),08/02/2026 14:20:00,Hurdle,,,,4yo+,None,3m½f,24.5,4926,5390,Good,Turf,4952190,Beggars Rock right,101851,Conor Stone-Walsh right,38240,Ian Patrick Donoghue right,7,tv,16,,10-8,168,28/1,29,102,,,CompletedRace,10,0.3,36,00:06:17.1000000,377.1,14/1,15,78,3P63-6,"€10,308",10308,102,123,63,355637,Beggars Cant Be Choosers Syndicate,Soldier Of Fortune,IRE,Try Trix,False,False,,22,,True,,IRE,"Both wins have been at around 2m5f, including Kilbeggan beginners' chase last year; just okay run on latest in Wexford handicap hurdle over this trip in May; stamina remains a possible issue."
925575,Kenny Galway Peugeot Handicap Hurdle,183,Galway (IRE),08/02/2026 14:20:00,Hurdle,,,,4yo+,None,3m½f,24.5,4926,5390,Good,Turf,5764626,High Court Cave right,99137,Mr O McGill right,17764,Noel C Kelly right,6,p,3,,11-4,180,100/30F,4.333333333333334,117,,,CompletedRace,11,28,64,00:06:22.7000000,382.7,16/1,17,35,217-65,"€10,308",10308,117,128,94,199115,Victor McCrea,Court Cave,IRE,Bury The Evidence,False,False,,38,5,False,,IRE,Runner-up in 2m6f handicap at last year's festival before winning 2m2f maiden at Downpatrick (yielding); has struggled a bit since in handicaps and others look better handicapped right now.
925575,Kenny Galway Peugeot Handicap Hurdle,183,Galway (IRE),08/02/2026 14:20:00,Hurdle,,,,4yo+,None,3m½f,24.5,4926,5390,Good,Turf,5826649,Forceonmyown right,101603,Joshua Halford right,18145,Gordon Elliott right,7,p,13,,10-6,166,33/1,34,107,,,CompletedRace,12,8.5,72.5,00:06:24.4000000,384.4,20/1,21,110,63458-,"€10,308",10308,107,124,115,228908,Around The Fire Syndicate,Workforce,GB,Mise En Place,False,False,,37,7,False,,IRE,"Point-to-point and bumper winner; 0-5 hurdling, unconvincing upped in trip (2m7f) at Clonmel when last seen in April."
925575,Kenny Galway Peugeot Handicap Hurdle,183,Galway (IRE),08/02/2026 14:20:00,Hurdle,,,,4yo+,None,3m½f,24.5,4926,5390,Good,Turf,8881567,Mento right,102354,Josh Williamson right,4406,Thomas Cooper right,4,,15,,10-4,164,28/1,29,109,,,CompletedRace,13,12,84.5,00:06:26.8000000,386.8,16/1,17,6,70-16,"€10,308",10308,109,120,66,271391,Paul Byrne,Karaktar,IRE,Loin De Toi,False,False,,67,5,True,,FR,Lightly-raced 4yo ran twice in bumpers before debut hurdles win in 2m3f Kilbeggan maiden in May (good-to-yielding); soon beaten in good-class 2m1f novice here on Monday and now takes a big step up in trip for handicap debut.
925575,Kenny Galway Peugeot Handicap Hurdle,183,Galway (IRE),08/02/2026 14:20:00,Hurdle,,,,4yo+,None,3m½f,24.5,4926,5390,Good,Turf,3290532,Rocky's Howya right,83386,Mr D L Queally right,7988,Declan Queally right,10,tv,6,,11-8,184,10/1,11,116,,,CompletedRace,14,11,95.5,00:06:29,389,8/1,9,27,1P-101,"€10,308",10308,116,132,81,199195,Mrs Margaret C Kiely,Ask,GB,It's My Choice,False,False,,57,,False,,IRE,"Has been making hay in claiming hurdles this year and has won five of his last seven starts, most recently over this trip at Roscommon last month; front-runner back in handicap company now and interesting to see if he can be as competitive off what appears a high enough mark."
925575,Kenny Galway Peugeot Handicap Hurdle,183,Galway (IRE),08/02/2026 14:20:00,Hurdle,,,,4yo+,None,3m½f,24.5,4926,5390,Good,Turf,2201739,Pat Coyne right,102830,Mr S P Queally right,4259,John Queally right,12,,23,,9-9,153,100/1,101,96,,,PulledUp,0,0,0,00:06:09.9000000,369.9,,,,,,,,,,,,,,,,,,,,,,,
925575,Kenny Galway Peugeot Handicap Hurdle,183,Galway (IRE),08/02/2026 14:20:00,Hurdle,,,,4yo+,None,3m½f,24.5,4926,5390,Good,Turf,4217545,Pinot Rouge right,99321,Conor Rabbitt right,34491,Jessica Bedi right,8,p,5,,11-6,182,28/1,29,117,,,PulledUp,0,0,0,00:06:09.9000000,369.9,12/1,13,50,5F4-72,"€10,308",10308,117,125,101,338940,Ms M Bourke-Siggins,Vendangeur,IRE,Moanbaun Lady,False,False,,33,3,False,1,IRE,Both wins in Britain came at around this trip on easy ground; best effort for some time on latest when front-running second in 3m Hexham handicap in June for Susan Corbett; debuts for new trainer who had a good second on the flat here on Wednesday.
925575,Kenny Galway Peugeot Handicap Hurdle,183,Galway (IRE),08/02/2026 14:20:00,Hurdle,,,,4yo+,None,3m½f,24.5,4926,5390,Good,Turf,5098065,Wild Mandate right,97308,Shane O'Callaghan right,19629,Mark Michael McNiff right,7,tb,21,,10-0,160,18/1,19,97,,,PulledUp,0,0,0,00:06:09.9000000,369.9,,,,,,,,,,,,,,,,,,,,,,,
925575,Kenny Galway Peugeot Handicap Hurdle,183,Galway (IRE),08/02/2026 14:20:00,Hurdle,,,,4yo+,None,3m½f,24.5,4926,5390,Good,Turf,3265169,Tullyveery Lad right,92335,Donagh Meyler right,35318,R P Cody right,10,b,14,,10-12,172,33/1,34,106,,,UnseatedRider,0,0,0,00:06:09.9000000,369.9,10/1,11,27,38-502,"€10,308",10308,106,128,67,309271,Pat Tennyson & N P Morrissey & Raymond Micheal Cody,Famous Name,GB,Toye Native,False,False,,57,,False,,IRE,"5-40 under rules, three of those have come in chases, the latest at Tramore last summer (2m6f, good); yet to hit form this year although recent 9l second to Rocky's Howya in 3m Roscommon claiming hurdle was a step in the right direction and enjoys an 8lb pull in the weights with that rival back in handicap company."
925576,Kinlay Hostel Handicap Chase,183,Galway (IRE),08/02/2026 14:55:00,SteepleChase,,,,4yo+,None,2m6½f,22.5,4524,4950,Good,Turf,6701916,Jukebox Johnny right,96391,Darragh O'Keeffe right,1249,Henry De Bromhead right,6,tp,14,,11-4,180,9/2,5.5,102,,,CompletedRace,1,0,0,00:05:50.8000000,350.8,11/2,6.5,73,45P7-2,"€10,013",10013,102,112,87,331587,Anthony N Durkan & B M Durkan,Jukebox Jury,IRE,Belle Fortune,False,False,,59,,False,,IRE,"Not much as a hurdler, but was second in sole point and again on chase debut over this trip in Limerick handicap where tongue-tie did him no harm; top yard and rider, and can improve again."
925576,Kinlay Hostel Handicap Chase,183,Galway (IRE),08/02/2026 14:55:00,SteepleChase,,,,4yo+,None,2m6½f,22.5,4524,4950,Good,Turf,5784874,Drop A Threat right,87524,Danny Mullins right,1475,W P Mullins right,7,t,11,,11-6,182,6/1,7,104,,,CompletedRace,2,4,4,00:05:51.6000000,351.6,10/1,11,5,4-0P56,"€10,013",10013,104,113,91,113523,Gigginstown House Stud,Triple Threat,FR,Lola Drop,False,False,,67,,False,,IRE,"A lot of Gigginstown's have been taking flight from Mullins' yard lately, and this modest performer will probably be on his way to Doncaster sales, rather than Elliott's, before long; did plug away over 2m2f when sixth of 20 here on Tuesday."
925576,Kinlay Hostel Handicap Chase,183,Galway (IRE),08/02/2026 14:55:00,SteepleChase,,,,4yo+,None,2m6½f,22.5,4524,4950,Good,Turf,7499336,Mistyburn right,93137,Simon Torrens right,13570,P J Rothwell right,6,tp,18,,10-3,163,33/1,34,87,,,CompletedRace,3,2.75,6.75,00:05:52.1500000,352.15,14/1,15,27,731-66,"€10,013",10013,87,111,86,361153,Nice Little Earner Syndicate,Policy Maker,IRE,Queen Althea,False,False,,48,,True,,IRE,Point and 3m hurdles winner was around 20l off Le Grand Vert on handicap chase debut at Punchestown (3m1f); still early days for him in this discipline.
925576,Kinlay Hostel Handicap Chase,183,Galway (IRE),08/02/2026 14:55:00,SteepleChase,,,,4yo+,None,2m6½f,22.5,4524,4950,Good,Turf,5867556,Ira Hayes right,103298,Michael Kenneally right,14751,John C McConnell right,7,v,2,,11-9,185,11/2,6.5,112,,,CompletedRace,4,2.5,9.25,00:05:52.6500000,352.65,18/1,19,56,301-25,"€10,013",10013,112,120,99,351865,Ira Hayes Partnership,Mahler,GB,Dangan Dawn,False,False,,46,5,True,,IRE,Lucky to win a Tramore beginners' but then ran well in Market Rasen handicap; lapped at Perth and back from a break here.
925576,Kinlay Hostel Handicap Chase,183,Galway (IRE),08/02/2026 14:55:00,SteepleChase,,,,4yo+,None,2m6½f,22.5,4524,4950,Good,Turf,4201349,Soldante right,100873,Eoghan Finegan right,38077,Ciaran Murphy right,8,,1,,11-10,186,9/1,10,113,,,CompletedRace,5,4.5,13.75,00:05:53.5500000,353.55,15/2,8.5,6,43-313,"€10,013",10013,113,115,87,319935,P McCormack & David P McCormack & Sarah Glynn,Soldier Of Fortune,IRE,Dantes Firth,False,False,,56,5,False,,IRE,Generally runs at around 2m and won at Roscommon before running well in hurdle here on Monday; stamina for new trip is the imponderable.
925576,Kinlay Hostel Handicap Chase,183,Galway (IRE),08/02/2026 14:55:00,SteepleChase,,,,4yo+,None,2m6½f,22.5,4524,4950,Good,Turf,2838107,Le Grand Vert right,99137,Mr O McGill right,17764,Noel C Kelly right,10,tp,10,,11-2,178,25/1,26,105,,,CompletedRace,6,1.5,15.25,00:05:53.8500000,353.85,14/1,15,21,P-412P,"€10,013",10013,105,120,105,337346,All Play & No Work Syndicate,Great Pretender,IRE,Eliga,False,False,,38,5,False,,FR,"Hard enough to predict but has won four handicap chases, latest over 3m1f at Punchestown in June; first visit to Galway and he's ground-versatile."
925576,Kinlay Hostel Handicap Chase,183,Galway (IRE),08/02/2026 14:55:00,SteepleChase,,,,4yo+,None,2m6½f,22.5,4524,4950,Good,Turf,4908760,Prince Palace right,99225,Ross Sugrue right,13570,P J Rothwell right,8,b,8,,11-1,177,66/1,67,106,,,CompletedRace,7,2,17.25,00:05:54.2500000,354.25,20/1,21,9,PP9-05,"€10,013",10013,106,119,87,337532,Thethreeofus Syndicate,Turgeon,USA,Aspetta E Spera,False,False,,48,7,False,,FR,Landed a nice pot on heavy ground at Navan over a year ago but form has deteriorated since; long way off Golden Temple last time.
925576,Kinlay Hostel Handicap Chase,183,Galway (IRE),08/02/2026 14:55:00,SteepleChase,,,,4yo+,None,2m6½f,22.5,4524,4950,Good,Turf,4027277,Sammy Smart right,88924,James Smith right,19282,Thomas Gibney right,10,,6,,11-5,181,33/1,34,108,,,CompletedRace,8,3.5,20.75,00:05:54.9500000,354.95,22/1,23,33,43-8UP,"€10,013",10013,108,119,48,373043,MJD Partnership,Kalanisi,IRE,Fancy Fisher,False,False,,43,5,False,,GB,"Had decent form in the winter, and stays 3m, but has been struggling of late; place chance if he bounces back, and yard has had three run well here this week."
925576,Kinlay Hostel Handicap Chase,183,Galway (IRE),08/02/2026 14:55:00,SteepleChase,,,,4yo+,None,2m6½f,22.5,4524,4950,Good,Turf,5727952,Journey So Far right,88732,Keith Donoghue right,17836,Gavin Cromwell right,6,h,3,,12-0,192,11/1,12,112,,,CompletedRace,9,19,39.75,00:05:58.7500000,358.75,5/1,6,65,078-61,"€10,013",10013,112,121,64,20887,John P McManus,Jet Away,GB,Smiths Lady,False,False,,29,,False,,IRE,Dotted up from the front in a Tramore beginners' over this trip and has been freshened up since.
925576,Kinlay Hostel Handicap Chase,183,Galway (IRE),08/02/2026 14:55:00,SteepleChase,,,,4yo+,None,2m6½f,22.5,4524,4950,Good,Turf,4440459,Smallcraftwarning right,96526,Bryan Carver right,8256,John Patrick Ryan right,9,t,17,,11-2,178,16/1,17,100,,,CompletedRace,10,44,83.75,00:06:07.5500000,367.55,14/1,15,17,838204,"€10,013",10013,100,118,35,358128,We Win Farming Syndicate,Gale Force Ten,GB,Scrumptious,False,False,,25,,True,,IRE,"Mixes it between chasing and hurdling; consistent last year including C&D second over fences; a little less predictable lately, but couple of good runs at Limerick and jockey booking is noted."
925576,Kinlay Hostel Handicap Chase,183,Galway (IRE),08/02/2026 14:55:00,SteepleChase,,,,4yo+,None,2m6½f,22.5,4524,4950,Good,Turf,6573396,Kings Jet right,102907,Mr T A Halford right,13964,C W J Farrell right,6,,4,,11-5,181,9/1,10,110,,,CompletedRace,11,14,97.75,00:06:10.3500000,370.35,25/1,26,30,162P-U,"€10,013",10013,110,115,41,364386,Nice But Syndicate,Jet Away,GB,Court Gamble,False,False,,,7,False,,IRE,Hunter chase winner only made it to the first when 25s for handicap debut at Wexford.
925576,Kinlay Hostel Handicap Chase,183,Galway (IRE),08/02/2026 14:55:00,SteepleChase,,,,4yo+,None,2m6½f,22.5,4524,4950,Good,Turf,2989560,Riggs right,91248,Liam McKenna right,7015,P Cluskey right,11,b,13,,11-2,178,80/1,81,103,,,PulledUp,0,0,0,00:05:50.8000000,350.8,40/1,41,33,68-P8P,"€10,013",10013,103,114,,356581,Paul M Butler & James Patrick Byrne,Mahler,GB,Cousin Kizzy,False,False,,,3,False,,IRE,"Dual winner over farther last summer, but old boy is hard to recommend on recent evidence."
925576,Kinlay Hostel Handicap Chase,183,Galway (IRE),08/02/2026 14:55:00,SteepleChase,,,,4yo+,None,2m6½f,22.5,4524,4950,Good,Turf,3073165,Gorthill right,91441,Mr S Connor right,42302,Stephen Carlin right,10,t,15,,10-9,169,66/1,67,100,,,PulledUp,0,0,0,00:05:50.8000000,350.8,33/1,34,72,UP5P-5,"€10,013",10013,100,117,92,357427,Miss Maeve Carlin,Rail Link,GB,Reflexion,False,False,,,7,True,2,FR,"Four point wins and snared a maiden hunter chase three years ago, but hard to fancy in a competitive handicap."
925576,Kinlay Hostel Handicap Chase,183,Galway (IRE),08/02/2026 14:55:00,SteepleChase,,,,4yo+,None,2m6½f,22.5,4524,4950,Good,Turf,3283333,Inchidaly Copper right,101818,Luke Burke Ott right,40582,Alexander Ott right,10,b,9,,11-0,176,33/1,34,105,,,PulledUp,0,0,0,00:05:50.8000000,350.8,14/1,15,17,133-83,"€10,013",10013,105,115,,272923,Owen M O'Flynn,Doyen,IRE,Arctic Aunt,False,False,,,7,False,,IRE,"Family horse has won thrice over fences; has handled Tramore, so he might be okay around here; hurdling off lower marks lately and comes here in good shape."
925576,Kinlay Hostel Handicap Chase,183,Galway (IRE),08/02/2026 14:55:00,SteepleChase,,,,4yo+,None,2m6½f,22.5,4524,4950,Good,Turf,4420243,Golden Temple right,100365,Sam Ewing right,4446,Noel Meade right,6,tb,7,,11-9,185,4/1F,5,107,,,PulledUp,0,0,0,00:05:50.8000000,350.8,5/1,6,4,9-6412,"€10,013",10013,107,112,104,304673,The Spice Of Life Partnership,Galileo Gold,GB,Miss Sally,False,False,,55,,False,,IRE,Has hit form with a chase win over 2m4f at Kilbeggan nine days ago and a belting run over hurdles (2m6f) here on Wednesday; every chance.
925576,Kinlay Hostel Handicap Chase,183,Galway (IRE),08/02/2026 14:55:00,SteepleChase,,,,4yo+,None,2m6½f,22.5,4524,4950,Good,Turf,4711762,Noble Talent right,88288,J J Slevin right,13842,T J Nagle Jr right,9,b,12,,11-5,181,80/1,81,103,,,PulledUp,0,0,0,00:05:50.8000000,350.8,66/1,67,57,0P7P-P,"€10,013",10013,103,117,39,100277,T J Nagle Jr,Getaway,GER,Noble Motive,False,False,,,,False,,IRE,"Decent winter performer as a novice a couple of years ago, but his form has fallen off a cliff, with his mark still clinging on to the precipice; blinkers made no odds last time."
925576,Kinlay Hostel Handicap Chase,183,Galway (IRE),08/02/2026 14:55:00,SteepleChase,,,,4yo+,None,2m6½f,22.5,4524,4950,Good,Turf,4977983,Saunton Surf right,100378,Mr D McGill right,35399,Gary McGill right,7,p,16,,10-9,169,5/1,6,100,,,PulledUp,0,0,0,00:05:50.8000000,350.8,8/1,9,50,P55-21,"€10,013",10013,100,118,95,167014,Gee Gee's Syndicate,Sea Moon,GB,Carrigmoorna Fame,False,False,,,7,True,,IRE,Won a point and seems to have improved markedly for having fences back in front of her; won a Downpatrick restricted beginners' by 10l and the runner-up won a handicap by the same margin next time; stays farther and plenty to like.
925576,Kinlay Hostel Handicap Chase,183,Galway (IRE),08/02/2026 14:55:00,SteepleChase,,,,4yo+,None,2m6½f,22.5,4524,4950,Good,Turf,7139198,Lawful Ruler right,104298,Mr T J Stafford right,15863,Paul Stafford right,7,,5,,11-4,180,66/1,67,109,,,PulledUp,0,0,0,00:05:50.8000000,350.8,25/1,26,33,2317-P,"€10,013",10013,109,110,56,173989,James Joseph Stafford,Rule Of Law,USA,Never Been Wrong,False,False,,,7,False,,IRE,Nothing to recommend him since winning 3m hunter chase at Cork over Easter; first handicap.
925577,Lord Hemphill Memorial Handicap Chase,183,Galway (IRE),08/02/2026 15:30:00,SteepleChase,,,,4yo+,None,2m2f,18,3619,3960,Good,Turf,4241537,Blood Destiny right,86502,Paul Townend right,1475,W P Mullins right,7,t,1,,11-12,188,5/1,6,150,,,CompletedRace,1,0,0,00:04:38.7000000,278.7,4/1,5,62,P125-2,"€17,670",17670,150,157,139,256603,Roaringwater Syndicate,No Risk At All,FR,High Blood,False,False,,67,,False,,FR,Handicap mark has been remarkably static for the past two years and he's just in that 'twilight zone' where he's difficult to place; they don't often run him in handicap chases and he's been pulled up the twice he's tried; beatable under a hefty impost.
925577,Lord Hemphill Memorial Handicap Chase,183,Galway (IRE),08/02/2026 15:30:00,SteepleChase,,,,4yo+,None,2m2f,18,3619,3960,Good,Turf,4117774,Coming Up Easy right,96391,Darragh O'Keeffe right,1249,Henry De Bromhead right,8,t,2,,11-2,178,4/1,5,140,,,CompletedRace,2,3.75,3.75,00:04:39.4500000,279.45,15/2,8.5,114,1/1P0-,"€17,670",17670,140,155,108,310542,Anthony Head,Califet,FR,Quaspia,False,False,,59,,False,,IRE,"Was flying it in handicap chases last year, from an opening perch of 116; jumping went to pot when only 13-2 for Cheltenham's Paddy Power and tailed off in Topham in April; not sure to appreciate the contours of this track, but trip will suit if he handles it."
925577,Lord Hemphill Memorial Handicap Chase,183,Galway (IRE),08/02/2026 15:30:00,SteepleChase,,,,4yo+,None,2m2f,18,3619,3960,Good,Turf,3918361,Watch The Weather right,102354,Josh Williamson right,35318,R P Cody right,10,t,11,,9-9,153,11/1,12,124,,,CompletedRace,3,1.75,5.5,00:04:39.8000000,279.8,14/1,15,30,86-205,"€17,670",17670,124,152,99,117575,Sean Connors,Kayf Tara,GB,Tinker's Burrow,False,False,,57,5,True,,GB,"Disappointing in Mayo National at Ballinrobe and held by a couple of these on latest Wexford fifth; crack conditional being on board will help his chance, and is back down to a nice mark."
925577,Lord Hemphill Memorial Handicap Chase,183,Galway (IRE),08/02/2026 15:30:00,SteepleChase,,,,4yo+,None,2m2f,18,3619,3960,Good,Turf,1774345,Bythesametoken right,101851,Conor Stone-Walsh right,25225,Ross O'Sullivan right,12,tp,12,,10-0,160,33/1,34,124,,,CompletedRace,4,6.5,12,00:04:41.1000000,281.1,18/1,19,114,/1359-,"€17,670",17670,124,157,130,88893,Downtown Syndicate,Fame And Glory,GB,Moscow Mo Chuisle,False,False,,41,,True,,IRE,"Owned by Galway people but hasn't clicked here yet, although has run well over hurdles at this venue;  last win was over similar trip at last year's Listowel festival, but 8lb higher now because he's well out of the handicap."
925577,Lord Hemphill Memorial Handicap Chase,183,Galway (IRE),08/02/2026 15:30:00,SteepleChase,,,,4yo+,None,2m2f,18,3619,3960,Good,Turf,6492151,Le Nez Creux right,81414,Mark Walsh right,17836,Gavin Cromwell right,5,t,4,,10-8,168,9/1,10,132,,,CompletedRace,5,2.75,14.75,00:04:41.6500000,281.65,11/4,3.75,106,13152-,"€17,670",17670,132,158,138,232866,Robcour,No Risk At All,FR,Tire En Touche,False,False,,29,,True,2,FR,"Cost plenty from France where she was a dual chase winner and fair fifth in a 4yo Grade 1 over 2m6f; ran well on stable debut at Ayr in April where 2m looked too sharp; a most interesting contender, and similarly interesting riding arrangement; could have a class edge over most of these, if she's right."
925577,Lord Hemphill Memorial Handicap Chase,183,Galway (IRE),08/02/2026 15:30:00,SteepleChase,,,,4yo+,None,2m2f,18,3619,3960,Good,Turf,5793388,Runcok right,88288,J J Slevin right,14751,John C McConnell right,6,h,3,,10-9,169,50/1,51,133,,,CompletedRace,6,4.5,19.25,00:04:42.5500000,282.55,20/1,21,69,F174-6,"€17,670",17670,133,154,145,206920,Simon Munir & Isaac Souede,Cokoriko,FR,Runonthesand,False,False,,46,,False,2,FR,"Winner over hurdles and fences in these colours when with Willie Mullins; last three runs have been poor, including stable debut hurdling; hood back on but yet to convince with his jumping (can go left); handicap debut."
925577,Lord Hemphill Memorial Handicap Chase,183,Galway (IRE),08/02/2026 15:30:00,SteepleChase,,,,4yo+,None,2m2f,18,3619,3960,Good,Turf,4994572,Itsalladream right,82680,Phillip Enright right,13084,Paul John Gilligan right,7,,10,,10-0,160,7/2F,4.5,124,,,CompletedRace,7,1.5,20.75,00:04:42.8500000,282.85,12/1,13,30,45-554,"€17,670",17670,124,155,130,357902,Dapper & Nat Partnership,My Dream Boat,IRE,Perilously,False,False,,41,,True,,IRE,"Course maiden hurdle winner was over-faced several times over fences after winning a Roscommon novice which fell apart last summer; has the beating of Blood Destiny on Listowel running two runs back, and little wrong with his 6l fourth to Lisleigh Lad on handicap debut at Wexford, where he didn't quite see it out over a furlong farther."
925577,Lord Hemphill Memorial Handicap Chase,183,Galway (IRE),08/02/2026 15:30:00,SteepleChase,,,,4yo+,None,2m2f,18,3619,3960,Good,Turf,5396362,Drumgill right,103298,Michael Kenneally right,8256,John Patrick Ryan right,7,,7,,9-10,154,6/1,7,125,,,CompletedRace,8,1.25,22,00:04:43.1000000,283.1,10/1,11,16,U-75P4,"€17,670",17670,125,157,127,46477,John Patrick Ryan,Elusive Pimpernel,USA,Medinah Theatre,False,False,,25,5,False,,IRE,"Won a nice pot over 2m1f at Fairyhouse in November, but it's been all downhill since and he's now 4lb lower than that last winning mark."
925577,Lord Hemphill Memorial Handicap Chase,183,Galway (IRE),08/02/2026 15:30:00,SteepleChase,,,,4yo+,None,2m2f,18,3619,3960,Good,Turf,4301525,War Correspondent right,102840,Paddy Hanlon right,18845,John Joseph Hanlon right,7,tb,9,,9-9,153,33/1,34,124,,,CompletedRace,9,0.3,22.25,00:04:43.1500000,283.15,28/1,29,7,-44U43,"€17,670",17670,124,158,109,361510,N. Seventeen Syndicate,Teofilo,IRE,Walkamia,False,False,,35,5,False,,IRE,"Quirky customer won over fences at Wexford last summer and is unexposed as a chaser; okay run over hurdles last time, and small chance if they've got his confidence back (didn't want to know about jumping on his last run over fences)."
925577,Lord Hemphill Memorial Handicap Chase,183,Galway (IRE),08/02/2026 15:30:00,SteepleChase,,,,4yo+,None,2m2f,18,3619,3960,Good,Turf,3072057,The Banger Doyle right,87524,Danny Mullins right,4259,John Queally right,10,,6,,10-5,165,9/1,10,129,,,CompletedRace,10,2.75,25,00:04:43.7000000,283.7,15/2,8.5,16,660-72,"€17,670",17670,129,157,112,40902,John W Nicholson,Windsor Knot,IRE,Knockcroghery,False,False,,100,,False,,IRE,"Latest of three wins over fences was in 2024, but ran well on the flat a couple of times this summer and chasing second at Killarney was encouraging too; Danny Mullins on board for just the second time."
925577,Lord Hemphill Memorial Handicap Chase,183,Galway (IRE),08/02/2026 15:30:00,SteepleChase,,,,4yo+,None,2m2f,18,3619,3960,Good,Turf,4189575,Lisleigh Lad right,100370,Alan O'Sullivan right,19271,Ms Eleanor Broderick right,8,,8,,9-10,154,11/2,6.5,124,,,CompletedRace,11,30,55,00:04:49.7000000,289.7,5/1,6,30,24-341,"€17,670",17670,124,153,127,154147,Living The Dream Partnership,Dansant,GB,Babies Present,False,False,,,5,False,,IRE,"Dual winning hunter has taken well to handicaps and the form of his fluent-jumping Wexford win is very solid; second was only beaten 7l in the Plate and third almost won next time; stays farther, but might just prefer an easier finish than this punishing climb."
925367,Irish Stallion Farms EBF Ahonoora Handicap (Premier Handicap),183,Galway (IRE),08/02/2026 16:00:00,Other,,,,3yo+,None,7f,7,1407,1540,Yielding,Turf,3246062,Dunum right,81425,W J Lee right,30945,Miss Natalia Lupini right,8,,4,4,9-8,152,11/1,12,96,,,CompletedRace,1,0,0,00:01:27.0500000,87.05,10/1,11,5,0130-0,"€64,790",64790,96,107,100,84753,Maurice Burns,Ivawood,IRE,Shamora,False,False,,,,False,,IRE,"Course specialist won this in 2023 and third in last two renewals; lacked a prep outing before his run here on Tuesday where he backpedalled tamely; draw has been kind for one with his run-style, but he's pushing on and looks opposable."
925367,Irish Stallion Farms EBF Ahonoora Handicap (Premier Handicap),183,Galway (IRE),08/02/2026 16:00:00,Other,,,,3yo+,None,7f,7,1407,1540,Yielding,Turf,6358965,Unique Journey right,103558,Terry Casey right,40747,Daniel James Murphy right,4,p,7,11,9-1,145,28/1,29,96,,,CompletedRace,2,1.75,1.75,00:01:27.4875000,87.4875,20/1,21,71,11-240,"€64,790",64790,96,108,97,348444,N W T Dalzell/James Morgan/Karl Kirwan/Mrs John Murphy,Caravaggio,USA,Surround,False,False,,86,7,True,,IRE,"Good record over 6f on straight tracks and on easy ground; was second in C&D nursery at two, but there will probably be stronger finishers up the hill; jockey is one to watch."
925367,Irish Stallion Farms EBF Ahonoora Handicap (Premier Handicap),183,Galway (IRE),08/02/2026 16:00:00,Other,,,,3yo+,None,7f,7,1407,1540,Yielding,Turf,3106218,Vafortino right,88563,Ronan Whelan right,28913,Charlie Fellowes right,8,,2,3,9-12,156,15/2,8.5,100,,,CompletedRace,3,0.3,2,00:01:27.5500000,87.55,20/1,21,45,450789,"€64,790",64790,100,107,88,375514,"D MacAuliffe, Anoj Don and Dahab Racing",New Bay,GB,Arbaah,False,False,,64,,True,,IRE,Well-travelled and well-exposed 8yo is a long time winless; was running in stakes races in Dubai during the winter; held in handicap company in Britain last twice.
925367,Irish Stallion Farms EBF Ahonoora Handicap (Premier Handicap),183,Galway (IRE),08/02/2026 16:00:00,Other,,,,3yo+,None,7f,7,1407,1540,Yielding,Turf,6111582,Pierre Royal right,100877,Adam Caffrey right,14088,Adrian McGuinness right,4,,14,7,9-3,147,7/4F,2.75,91,,,CompletedRace,4,0.3,2.25,00:01:27.6125000,87.6125,4/1,5,5,16-612,"€64,790",64790,91,106,100,373759,A Twist Of Fate Syndicate,Kingman,GB,Rose De Pierre,False,False,,42,,False,,IRE,"Unexposed and progressive; won well at the Curragh on Derby weekend and fine second to Orandi when favourite here on Tuesday; had a decent run through then, and no real excuses; first time to drop back to 7f, and it's not sure to suit him as well as a mile."
925367,Irish Stallion Farms EBF Ahonoora Handicap (Premier Handicap),183,Galway (IRE),08/02/2026 16:00:00,Other,,,,3yo+,None,7f,7,1407,1540,Yielding,Turf,4493100,Lord Massusus right,86848,Gary Carroll right,4572,Joseph G Murphy right,6,t1,8,9,9-7,151,28/1,29,95,,,CompletedRace,5,1.75,4,00:01:28.0500000,88.05,33/1,34,5,636780,"€64,790",64790,95,108,98,289153,John N Bourke,Markaz,IRE,Wajaha,True,False,,57,,False,,IRE,Yard stalwart weakened right out of it behind Orandi here on Tuesday and hard to fancy; tongue-tie tried.
925367,Irish Stallion Farms EBF Ahonoora Handicap (Premier Handicap),183,Galway (IRE),08/02/2026 16:00:00,Other,,,,3yo+,None,7f,7,1407,1540,Yielding,Turf,4175383,Gleneagle Bay right,99727,Dylan Browne McMonagle right,41787,Stephen Thorne right,6,p,5,17,9-8,152,9/1,10,96,,,CompletedRace,6,0.1,4.25,00:01:28.1125000,88.1125,6/1,7,5,-04516,"€64,790",64790,96,106,86,252234,Amo Racing Limited,Gleneagles,IRE,Charlotte Rua,False,False,,38,,False,,IRE,Infrequent winner but got it done over this trip at Cork and was strong-travelling second in this last year; luckless run when sixth over 1m here on Tuesday and the 'champ' takes over in the saddle.
925367,Irish Stallion Farms EBF Ahonoora Handicap (Premier Handicap),183,Galway (IRE),08/02/2026 16:00:00,Other,,,,3yo+,None,7f,7,1407,1540,Yielding,Turf,5127944,City House right,101012,James Ryan right,14088,Adrian McGuinness right,5,t,10,15,9-4,148,40/1,41,92,,,CompletedRace,7,0.3,4.5,00:01:28.1750000,88.175,14/1,15,15,054840,"€64,790",64790,92,106,100,357517,Dooley Thoroughbreds & J Fairhurst,Night Of Thunder,IRE,Impala,False,False,,42,,True,,IRE,"Yet to win for this yard, but handicapper slow enough to relent; fair fourth to Gleneagle Bay at Cork in June; first time here, which will be an eye-opener for him."
925367,Irish Stallion Farms EBF Ahonoora Handicap (Premier Handicap),183,Galway (IRE),08/02/2026 16:00:00,Other,,,,3yo+,None,7f,7,1407,1540,Yielding,Turf,3662423,Lir Speciale right,83482,Chris Hayes right,4431,Brian Ellison right,7,,16,1,8-13,141,5/1,6,87,,,CompletedRace,8,0.1,4.5,00:01:28.1750000,88.175,,,,,,,,,,,,,,,,,,,,,,,
925367,Irish Stallion Farms EBF Ahonoora Handicap (Premier Handicap),183,Galway (IRE),08/02/2026 16:00:00,Other,,,,3yo+,None,7f,7,1407,1540,Yielding,Turf,6550804,Dos Mukasan right,103948,Nicola Burns right,10702,Gerard O'Leary right,4,,13,2,8-12,140,66/1,67,91,,,CompletedRace,9,0.5,5,00:01:28.3000000,88.3,33/1,34,91,310-00,"€64,790",64790,91,107,30,338998,Purosangue Racing Syndicate,Golden Horde,IRE,Dalkeya,False,False,,33,5,True,,FR,"Four wins in France, including AW Listed contest over 7f; 50s, showed nothing in first two Irish starts."
925367,Irish Stallion Farms EBF Ahonoora Handicap (Premier Handicap),183,Galway (IRE),08/02/2026 16:00:00,Other,,,,3yo+,None,7f,7,1407,1540,Yielding,Turf,7134166,Jagged Edge right,101185,Jack Kearney right,41787,Stephen Thorne right,4,,1,14,9-11,155,7/1,8,102,,,CompletedRace,10,1.25,6.25,00:01:28.6125000,88.6125,5/1,6,5,10-103,"€64,790",64790,102,106,99,248841,Shamrock Thoroughbreds,Blue Point,IRE,Jaega,False,False,,38,3,False,,IRE,"All wins over 1m and was outpaced in the dip when third here on Tuesday; wide trip means that effort can be marked up, but 7f could be a bit sharp for him."
925367,Irish Stallion Farms EBF Ahonoora Handicap (Premier Handicap),183,Galway (IRE),08/02/2026 16:00:00,Other,,,,3yo+,None,7f,7,1407,1540,Yielding,Turf,3184401,Orandi right,75609,Robbie Colgan right,7293,A J Martin right,8,t,6,18,9-8,152,10/1,11,96,,,CompletedRace,11,0.5,6.75,00:01:28.7375000,88.7375,7/2,4.5,5,-00781,"€64,790",64790,96,104,97,324506,C J Murtagh & B Hourihane,Morandi,FR,Elusive Feeling,False,False,,27,,False,,FR,"Got all the gaps down the inner when winning the big 1m handicap here on Tuesday, with seven of these behind; has loads of gears and likely to be ridden similarly from widest draw; 7lb penalty."
925367,Irish Stallion Farms EBF Ahonoora Handicap (Premier Handicap),183,Galway (IRE),08/02/2026 16:00:00,Other,,,,3yo+,None,7f,7,1407,1540,Yielding,Turf,6460916,Dark Ace right,99171,J M Sheridan right,14088,Adrian McGuinness right,4,,11,16,9-4,148,25/1,26,92,,,CompletedRace,12,1,7.75,00:01:28.9875000,88.9875,10/1,11,15,-11330,"€64,790",64790,92,103,97,363543,J Fairhurst & Damian McCann & Cyril McMullan,Soldier's Call,GB,Likewise,False,False,,42,,True,,IRE,Progressive and consistent sprinter until latest run at the Curragh; 6f looks his optimum; placed effort over 7f on AW doesn't mean he's sure to get up the hill here.
925367,Irish Stallion Farms EBF Ahonoora Handicap (Premier Handicap),183,Galway (IRE),08/02/2026 16:00:00,Other,,,,3yo+,None,7f,7,1407,1540,Yielding,Turf,7551785,Dorset right,76602,Wayne Lordan right,7978,A P O'Brien right,3,,3,13,9-8,152,14/1,15,102,,,CompletedRace,13,2.5,10.25,00:01:29.6125000,89.6125,12/1,13,4,-78940,"€64,790",64790,102,106,100,296815,Derrick Smith/Mrs John Magnier/Michael Tabor/Westerberg,Wootton Bassett,GB,Snowflakes,False,False,,53,,False,,IRE,"Smart 2yo mostly relegated to pacemaking duties this season, although penultimate start in Curragh Group 2 was decent; last in the Sussex on Wednesday having done his job, and is the complete opposite of one who has been laid out for this."
925367,Irish Stallion Farms EBF Ahonoora Handicap (Premier Handicap),183,Galway (IRE),08/02/2026 16:00:00,Other,,,,3yo+,None,7f,7,1407,1540,Yielding,Turf,4528292,Genuine Article right,82458,Rory Cleary right,9598,Gerard Keane right,6,tp,15,10,8-13,141,14/1,15,87,,,CompletedRace,14,3.75,14,00:01:30.5500000,90.55,18/1,19,5,57-050,"€64,790",64790,87,106,73,294329,Wear A Pink Ribbon Syndicate,Muhaarar,GB,Bona Fide,False,False,,60,,False,,GB,"Won over 1m here last year, in lower grade; well beaten behind Orandi and co here on Tuesday and hard to fancy."
925578,Irish EBF Auction Series Maiden (IRE Incentive Race),183,Galway (IRE),08/02/2026 16:30:00,Other,,,,2yo,None,7f,7,1407,1540,Yielding,Turf,9377475,Oristown Boy right,102050,Rory Mulligan right,30486,Joseph Anthony Murray right,2,,6,5,8-8,136,15/2,8.5,,,,CompletedRace,1,0,0,00:01:28.9900000,88.99,7/1,8,44,04,"€14,725",14725,,84,66,373848,Ms Lisa Sheridan & Patrick M O'Brien & Larry Murray,Inns Of Court,IRE,Billie Eria,False,False,,50,5,True,,IRE,Looked as green as grass before flying home from rear (fully 12l off the pace 2f out) to be beaten less than a length at Down Royal on second start; definitely has an engine and the hill will suit.
925578,Irish EBF Auction Series Maiden (IRE Incentive Race),183,Galway (IRE),08/02/2026 16:30:00,Other,,,,2yo,None,7f,7,1407,1540,Yielding,Turf,9467456,Whosinterviewinwho right,97030,Andrew Slattery right,10588,Andrew Slattery right,2,,7,4,8-13,141,13/2,7.5,,,,CompletedRace,2,0.75,0.75,00:01:29.1775000,89.1775,12/1,13,17,75,"€14,725",14725,,76,70,332624,Punchestown Friends Syndicate,Inns Of Court,IRE,The Mehmas Touch,False,False,,47,,True,,IRE,"Late headway when two places, and two lengths, off Someday Somewhere at Leopardstown where the winner was in a different county; not out of this."
925578,Irish EBF Auction Series Maiden (IRE Incentive Race),183,Galway (IRE),08/02/2026 16:30:00,Other,,,,2yo,None,7f,7,1407,1540,Yielding,Turf,8881376,Seaxburh right,99727,Dylan Browne McMonagle right,32145,Joseph Patrick O'Brien right,2,p,8,1,8-12,140,9/4F,3.25,77,,,CompletedRace,3,0.5,1.25,00:01:29.3025000,89.3025,2/1,3,8,5622,"€14,725",14725,77,92,57,145217,O T I Racing,Saxon Warrior,JPN,Kitty Matcham,False,False,,67,,False,,IRE,The most experienced of these and runner-up over 7f at right-handed tracks last twice; obvious chance.
925578,Irish EBF Auction Series Maiden (IRE Incentive Race),183,Galway (IRE),08/02/2026 16:30:00,Other,,,,2yo,None,7f,7,1407,1540,Yielding,Turf,9317871,Someday Somewhere right,81425,W J Lee right,41787,Stephen Thorne right,2,,10,10,8-10,138,7/2,4.5,,,,CompletedRace,4,3.75,5,00:01:30.2400000,90.24,5/1,6,17,3,"€14,725",14725,,81,80,248841,Shamrock Thoroughbreds,Persian Force,IRE,Evening Spirit,False,False,,38,,False,,IRE,"Was 9s and quietly fancied when third at Leopardstown on debut, 2l in front of Whosinterviewinwho; winner was different gravy, but it was still a decent start to her career."
925578,Irish EBF Auction Series Maiden (IRE Incentive Race),183,Galway (IRE),08/02/2026 16:30:00,Other,,,,2yo,None,7f,7,1407,1540,Yielding,Turf,9046193,Star Glory right,83482,Chris Hayes right,4446,Noel Meade right,2,,9,8,8-12,140,3/1,4,,,,CompletedRace,5,0.5,5.5,00:01:30.3650000,90.365,13/8,2.625,17,62,"€14,725",14725,,92,75,295620,Swords Bloodstock Limited,Cotai Glory,GB,Mrs King,False,False,,55,,True,,IRE,"Improved from Curragh debut to be close second over this trip at Leopardstown (first three were clear and third has gone in since); has given trouble in the stalls, but was better in that regard last time."
925578,Irish EBF Auction Series Maiden (IRE Incentive Race),183,Galway (IRE),08/02/2026 16:30:00,Other,,,,2yo,None,7f,7,1407,1540,Yielding,Turf,9531360,Hypiradon right,82458,Rory Cleary right,34668,Kevin Thomas Coleman right,2,,3,2,9-5,149,80/1,81,,,,CompletedRace,6,0.5,6,00:01:30.4900000,90.49,66/1,67,17,0,"€14,725",14725,,63,49,308494,Roving Swan Partnership,Cotai Glory,GB,Lady Athaliah,False,False,,25,,False,,IRE,66s when around 9l behind runner-up Star Glory at Leopardstown last month.
925578,Irish EBF Auction Series Maiden (IRE Incentive Race),183,Galway (IRE),08/02/2026 16:30:00,Other,,,,2yo,None,7f,7,1407,1540,Yielding,Turf,9392239,Miss Cornelia right,86848,Gary Carroll right,4572,Joseph G Murphy right,2,,4,9,9-2,146,15/2,8.5,,,,CompletedRace,7,1.5,7.5,00:01:30.8650000,90.865,12/1,13,45,6,"€14,725",14725,,80,41,41882,T Egan,Nathaniel,IRE,Caesara,False,False,,57,,True,,IRE,"Had run in a barrier trial before sixth at Leopardstown, where she was off the bridle before the straight over 7f; wants farther, but will be keeping on up the hill."
925578,Irish EBF Auction Series Maiden (IRE Incentive Race),183,Galway (IRE),08/02/2026 16:30:00,Other,,,,2yo,None,7f,7,1407,1540,Yielding,Turf,9392236,Dakota Jack right,100975,Robert Whearty right,19084,Paul W Flynn right,2,,1,3,9-9,153,150/1,151,,,,CompletedRace,8,2.25,9.75,00:01:31.4275000,91.4275,100/1,101,6,58,"€14,725",14725,,48,,374013,Shane M Kenny & T Leydon,Ghaiyyath,IRE,Sioux Love,False,False,,40,,True,,IRE,Yet to beat a rival and gets a mark after this.
925578,Irish EBF Auction Series Maiden (IRE Incentive Race),183,Galway (IRE),08/02/2026 16:30:00,Other,,,,2yo,None,7f,7,1407,1540,Yielding,Turf,9619015,Gabby Hayes right,98517,Siobhan Rutledge right,4446,Noel Meade right,2,,5,7,8-13,141,40/1,41,,,,CompletedRace,9,0.5,10.25,00:01:31.5525000,91.5525,25/1,26,,,"€14,725",14725,,,,323750,Noel Meade Racing Ltd,Space Traveller,GB,Poker Hospital,False,False,,55,,False,,IRE,"Space Traveller newcomer cost 8,000euro as a yearling; half-brother to three winners out of 7f AW winner; very much the second string for yard."
925578,Irish EBF Auction Series Maiden (IRE Incentive Race),183,Galway (IRE),08/02/2026 16:30:00,Other,,,,2yo,None,7f,7,1407,1540,Yielding,Turf,9531357,Scotty Cameron right,75609,Robbie Colgan right,34668,Kevin Thomas Coleman right,2,,2,6,9-9,153,100/1,101,,,,CompletedRace,10,5.5,15.75,00:01:32.9275000,92.9275,66/1,67,17,0,"€14,725",14725,,17,15,371478,Velocity Racing Syndicate,Caturra,IRE,Fourth Way,False,False,,25,,True,,GB,"50s, no show at Leopardstown last month."
925579,Village Salthill Handicap,183,Galway (IRE),08/02/2026 17:00:00,Other,,,,3yo,None,1m½f,8.5,1709,1870,Yielding,Turf,7780573,Blue Blue Moon right,103866,Patrick McGettigan right,28180,J P Murtagh right,3,,3,10,9-3,147,14/1,15,74,,,CompletedRace,1,0,0,00:01:45.2300000,105.23,9/1,10,22,5-75,"€10,602",10602,74,74,26,18339,Moyglare Stud Farm,Space Blues,IRE,Acqua Di Gioia,False,False,,55,5,True,,IRE,"Debuted at Listed level last year and hasn't really got competitive in both maidens this term, latest in steadily-run 1m4f Limerick fillies' contest last month; back in trip here for handicap debut with likely more to offer."
925579,Village Salthill Handicap,183,Galway (IRE),08/02/2026 17:00:00,Other,,,,3yo,None,1m½f,8.5,1709,1870,Yielding,Turf,7966368,Iamimmaculate right,99727,Dylan Browne McMonagle right,10702,Gerard O'Leary right,3,,1,1,10-0,160,5/4F,2.25,80,,,CompletedRace,2,1.5,1.5,00:01:45.6050000,105.605,13/2,7.5,33,012-4,"€10,602",10602,80,79,65,185761,Lance Bloodstock Limited,Coulsty,IRE,Alphabetique,False,False,,33,,False,,IRE,"Claimed after Naas success last September and fine yard debut effort following month when second in Leopardstown nursery; seemingly ridden to stay 1m2f trip on seasonal return at Roscommon in late June, staying on into fourth under today's rider; back in trip here but softer ground will suit and can go well."
925579,Village Salthill Handicap,183,Galway (IRE),08/02/2026 17:00:00,Other,,,,3yo,None,1m½f,8.5,1709,1870,Yielding,Turf,7834644,Felix Somary right,103817,Sadhbh Tormey right,39079,John S O'Donoghue right,3,v1,4,4,8-13,141,9/1,10,72,,,CompletedRace,3,0.2,1.75,00:01:45.6675000,105.6675,10/1,11,22,0-9903,"€10,602",10602,72,86,58,369521,D M Hegarty,Acclamation,GB,Kiltara,True,False,,67,7,False,,IRE,"Debut 6f maiden win at Sligo last August sole success from seven starts, although recent Navan third (1m2f) under a positive ride was more encouraging; visor now replaces cheekpieces and drops in trip; could go well if handling softer ground."
925579,Village Salthill Handicap,183,Galway (IRE),08/02/2026 17:00:00,Other,,,,3yo,None,1m½f,8.5,1709,1870,Yielding,Turf,8743836,Snow Princess right,101012,James Ryan right,33642,Jack W Davison right,3,,5,9,9-5,149,9/1,10,71,,,CompletedRace,4,2.25,4,00:01:46.2300000,106.23,14/1,15,8,5435,"€10,602",10602,71,76,67,367370,Staton Flurry & Partner,Mohaather,GB,Aneen,False,False,,100,,False,,GB,"Improvement since switched from AW, third in Leopardstown maiden (yielding-to-soft) and never-nearer fifth on handicap debut at Gowran, both over 1m; remains open to more improvement."
925579,Village Salthill Handicap,183,Galway (IRE),08/02/2026 17:00:00,Other,,,,3yo,None,1m½f,8.5,1709,1870,Yielding,Turf,8304784,Jp's Express right,100805,Wesley Joyce right,17940,Michael Mulvany right,3,p,9,13,9-2,146,7/2,4.5,71,,,CompletedRace,5,1.25,5.25,00:01:46.5425000,106.5425,4/1,5,2,-60031,"€10,602",10602,71,85,58,318184,Terence Bellew McManus,Soldier's Call,GB,Kodiac The First,False,False,,50,3,False,,IRE,"Eyecatching third at Fairyhouse and backed that up by winning over C&D on Friday in first-time cheekpieces, asserting late on on yielding-to-soft; major chance if making quick return under mandatory 7lb penalty, although wide draw to contend with."
925579,Village Salthill Handicap,183,Galway (IRE),08/02/2026 17:00:00,Other,,,,3yo,None,1m½f,8.5,1709,1870,Yielding,Turf,7691581,Nephin Mountain right,103558,Terry Casey right,17940,Michael Mulvany right,3,,13,12,8-2,130,16/1,17,61,,,CompletedRace,6,1.75,7,00:01:46.9800000,106.98,15/2,8.5,13,484051,"€10,602",10602,59,76,58,273979,Michael Mulvany,Supremacy,IRE,Balqaa,False,False,,50,7,False,,IRE,"Off the mark at the eleventh attempt when just getting up to beat Aquilla Star at Ballinrobe (1m2f) last month, having run wide home turn; 4lb wrong here and wide draw to overcome."
925579,Village Salthill Handicap,183,Galway (IRE),08/02/2026 17:00:00,Other,,,,3yo,None,1m½f,8.5,1709,1870,Yielding,Turf,8179373,Aquilla Star right,98517,Siobhan Rutledge right,14751,John C McConnell right,3,p1,8,11,8-12,140,11/1,12,64,,,CompletedRace,7,2.25,9.25,00:01:47.5425000,107.5425,15/2,8.5,2,72-720,"€10,602",10602,64,81,63,273563,Kevin E Doyle,Starman,GB,Coconut,True,False,,46,,False,,IRE,"Runner-up in a heavy ground nursery here last October and again when only caught late by Nephin Mountain over 1m2f at Ballinrobe recently, having handled home turn much better than that rival; well below that form in first-time cheekpieces over C&D on Friday however, having not had a clear run."
925579,Village Salthill Handicap,183,Galway (IRE),08/02/2026 17:00:00,Other,,,,3yo,None,1m½f,8.5,1709,1870,Yielding,Turf,7588035,Cisterna right,97030,Andrew Slattery right,10588,Andrew Slattery right,3,,10,7,8-8,136,10/1,11,60,,,CompletedRace,8,2,11.25,00:01:48.0425000,108.0425,10/1,11,32,531755,"€10,602",10602,60,84,67,368465,Alltheblues Syndicate,Mehmas,IRE,Zarnitsa,False,False,,47,,False,,IRE,Roscommon winner on good ground with just okay form since off 5lb higher; bit to find with Jp's Express on latest Fairyhouse run. although has been dropped 2lb.
925579,Village Salthill Handicap,183,Galway (IRE),08/02/2026 17:00:00,Other,,,,3yo,None,1m½f,8.5,1709,1870,Yielding,Turf,9212547,Mr Ballynonty right,81425,W J Lee right,10588,Andrew Slattery right,3,p,2,3,9-10,154,22/1,23,76,,,CompletedRace,9,0.5,11.75,00:01:48.1675000,108.1675,7/1,8,20,385,"€10,602",10602,76,81,56,159995,Kay Russell,Ten Sovereigns,IRE,Laughing Lashes,False,False,,47,,True,,IRE,"Promising Navan debut run (1m2f, yielding) hasn't been replicated in two starts since, not getting home last time over 1m4f; back markedly in trip here for handicap debut with Billy Lee booked."
925579,Village Salthill Handicap,183,Galway (IRE),08/02/2026 17:00:00,Other,,,,3yo,None,1m½f,8.5,1709,1870,Yielding,Turf,9263841,Into Tomorrow right,104676,Reese Holohan right,9803,Kieran P Cotter right,3,,12,6,8-0,128,40/1,41,59,,,CompletedRace,10,0.75,12.5,00:01:48.3550000,108.355,16/1,17,39,490,"€10,602",10602,59,66,52,372804,Matilda Partnership,St Mark's Basilica,FR,Led Astray,False,False,,40,7,True,,IRE,"Mildly promising Cork debut in May but two poor runs since; 4lb wrong on handicap debut, but rider's claim negates that."
925579,Village Salthill Handicap,183,Galway (IRE),08/02/2026 17:00:00,Other,,,,3yo,None,1m½f,8.5,1709,1870,Yielding,Turf,8711048,Unfamiliar right,83482,Chris Hayes right,37630,Kevin Michael Smith right,3,,11,5,8-7,135,25/1,26,59,,,CompletedRace,11,11,23.5,00:01:51.1050000,111.105,14/1,15,6,888510,"€10,602",10602,59,77,58,193360,Kevin John Smith,Phoenix Of Spain,IRE,Too Familiar,False,False,,,,False,,IRE,Just held on over 7f at Limerick two starts back; never counted (tight for room early on) here on Monday and of limited appeal from 3lb out of handicap.
925580,Fr. Breen Memorial (Pro/Am) INH Flat Race,183,Galway (IRE),08/02/2026 17:30:00,Hurdle,,,,4yo+,None,2m,16,3217,3520,Good,Turf,9350195,Caislean Gear right,100118,Mr A P Ryan right,10588,Andrew Slattery right,4,,4,,11-6,182,13/2,7.5,,,,CompletedRace,1,0,0,00:03:35.3000000,215.3,9/2,5.5,17,241,"€10,013",10013,,112,102,268688,Taceec Syndicate,Galileo Chrome,IRE,Deeru,False,False,,47,5,False,,IRE,Chased home Linford on Roscommon debut in June and off the mark at third attempt when making all on better ground at Killarney in what looked an ordinary contest; good bit more likely required but going the right way.
925580,Fr. Breen Memorial (Pro/Am) INH Flat Race,183,Galway (IRE),08/02/2026 17:30:00,Hurdle,,,,4yo+,None,2m,16,3217,3520,Good,Turf,9162177,Linford right,85115,Mr P W Mullins right,1475,W P Mullins right,4,,2,,12-0,192,2/11F,1.1818181818181819,,,,CompletedRace,2,6,6,00:03:36.5000000,216.5,4/6,1.6666666666666665,55,11,"€10,013",10013,,126,113,265021,Dr S P Fitzgerald,Masked Marvel,GB,Petite Fantasie,False,False,,67,,False,,FR,"Masked Marvel gelding a decisive winner of both bumpers, at Killarney in May and on softer ground at Roscommon following month (beating subsequent winner Caislean Gear), both times racing prominently; major prospects of completing the hat-trick here."
925580,Fr. Breen Memorial (Pro/Am) INH Flat Race,183,Galway (IRE),08/02/2026 17:30:00,Hurdle,,,,4yo+,None,2m,16,3217,3520,Good,Turf,8940370,The Two Mary's right,104569,Ms K M Ryan right,18845,John Joseph Hanlon right,4,,7,,10-4,164,40/1,41,,,,CompletedRace,4,7,13,00:03:37.9000000,217.9,50/1,51,,FP-,"€10,013",10013,,,,324127,Ms Rachel O'Neill,Affinisea,IRE,Gaoth Tire,False,False,,35,7,True,,IRE,Affinisea filly hasn't completed in two point-to-points; can only be watched on rules debut.
925580,Fr. Breen Memorial (Pro/Am) INH Flat Race,183,Galway (IRE),08/02/2026 17:30:00,Hurdle,,,,4yo+,None,2m,16,3217,3520,Good,Turf,7529909,Back In Favour right,97414,Miss A B O'Connor right,29816,Anthony McCann right,5,h,6,,11-0,176,40/1,41,,,,CompletedRace,3,0.2,13.25,00:03:37.9500000,217.95,16/1,17,27,F52-18,"€10,013",10013,,109,44,324258,Kenneth James Farmer,Shirocco,GER,All For Luck,False,False,,,,False,,IRE,Half-sister to winners Win Some Lose Some (useful 2m3f-2m7f hurdle) and Don'tstopbelievin (point); point-to-point winner (sixth attempt) in May before staying on into midfield on bumper debut at Roscommon; lots of improvement needed.
925580,Fr. Breen Memorial (Pro/Am) INH Flat Race,183,Galway (IRE),08/02/2026 17:30:00,Hurdle,,,,4yo+,None,2m,16,3217,3520,Good,Turf,8489862,Mindyourheadmike right,100378,Mr D McGill right,38077,Ciaran Murphy right,5,,3,,11-7,183,15/2,8.5,,,,CompletedRace,5,2.5,15.75,00:03:38.4500000,218.45,13/2,7.5,80,P0-1,"€10,013",10013,,109,73,354172,Benlex Racing,Poet's Word,IRE,Traffic Lights,False,False,,56,7,True,1,IRE,"Never counted on Bellewstown debut in April but following month huge improvement to score at Clonmel when allowed to dictate (good-to-yielding), trained then by Terence O'Brien; bought for 42,000GBP a week later and debuts for new trainer."
925580,Fr. Breen Memorial (Pro/Am) INH Flat Race,183,Galway (IRE),08/02/2026 17:30:00,Hurdle,,,,4yo+,None,2m,16,3217,3520,Good,Turf,9619017,Reafadda right,98325,Mr H C Swan right,8256,John Patrick Ryan right,4,,5,,11-4,180,28/1,29,,,,CompletedRace,6,36,51.75,00:03:45.6500000,225.65,20/1,21,,,"€10,013",10013,,,,46477,John Patrick Ryan,Wings Of Eagles,FR,Talkative,False,False,,25,,False,,IRE,Cheaply bought Wings Of Eagles gelding is half-brother to winners Good to Talk (French 5f-1m1f inc 2yo/AW; RPR 80) and Cable (2m hurdle/2m2f chase); dam unraced half-sister to US 1m Grade 1 winner Price Tag; stiff enough debut against four previous winners.
924047,Bodhi Solutions - Facilities Management Front Runner Handicap,104,Yarmouth,08/02/2026 14:35:00,Other,Class 5,,0-75,3yo,None,1m3½f,11.5,2312,2530,Good To Firm,Turf,8137375,Brighton View right,98301,Marco Ghiani right,17966,William Knight right,3,,2,2,9-7,151,1/2F,1.5,73,,,CompletedRace,1,0,0,00:02:27.7900000,147.79,13/8,2.625,24,5-7102,"£4,397",4397,73,84,53,179605,Abdulla Al Mansoori,Palace Pier,GB,Patina,False,False,,56,,True,,GB,"Scored on handicap debut at Newbury in May and bounced back from a duff effort when running-on second to progressive rival at Doncaster (also 1m2f, good to firm) last month; could have untapped potential over this longer trip; respected."
924047,Bodhi Solutions - Facilities Management Front Runner Handicap,104,Yarmouth,08/02/2026 14:35:00,Other,Class 5,,0-75,3yo,None,1m3½f,11.5,2312,2530,Good To Firm,Turf,9060387,Mr Bollinger right,77767,Billy Loughnane right,4113,Michael Bell right,3,,3,1,9-1,145,3/1,4,67,,,CompletedRace,2,7,7,00:02:29.1900000,149.19,2/1,3,10,64841,"£4,397",4397,67,84,59,331702,Neil Smith & Alfie Smith,Munnings,USA,Faithfully,False,False,,36,,False,,USA,"Well beaten on handicap debut (1m2f; only run in cheekpieces) but looked a different horse when winning five-runner C&D (good to firm) contest from the front ten days ago; enjoyed the run of the race that day but was nicely clear of the others with the odds-on favourite, and a 2lb rise could turn out to be lenient."
924047,Bodhi Solutions - Facilities Management Front Runner Handicap,104,Yarmouth,08/02/2026 14:35:00,Other,Class 5,,0-75,3yo,None,1m3½f,11.5,2312,2530,Good To Firm,Turf,7204798,Shadow Brigade right,95815,Darragh Keenan right,31461,George Scott right,3,b,1,3,9-12,156,11/2,6.5,78,,,CompletedRace,3,6.5,13.5,00:02:30.4900000,150.49,7/4,2.75,10,38-741,"£4,397",4397,78,83,50,361251,Victorious Forever,Acclamation,GB,Mohassan,False,False,,56,,True,,IRE,"Off the mark at sixth attempt, coming from off the pace to lead close home in first-time blinkers at Doncaster (1m2f, good to firm) ten days ago; still unexposed over middle distances and may have more to offer."
924046,Juddmonte EBF Restricted Novice Stakes (Bands C/D) (EBF Restricted Race Qualifier) (GBB Race),104,Yarmouth,08/02/2026 15:08:00,Other,Class 2,,,2yo,None,7f,7,1407,1540,Good To Firm,Turf,9364261,Keep Grating right,101259,Joe Leavy right,28787,Richard Hannon right,2,,5,7,9-4,148,11/10F,2.1,77,,,CompletedRace,1,0,0,00:01:24.4400000,84.44,6/4,2.5,15,632,"£15,702",15702,77,85,68,368558,"Horgan, Robin Blunt & Palmer-Brown",Space Traveller,GB,Secret Liaison,False,False,,58,,True,,IRE,Showed clear promise over 6f on first two starts and lost out only by a head when upped to 7f at Doncaster (good to firm) a fortnight ago; that form already gives him strong claims here and further progress is possible.
924046,Juddmonte EBF Restricted Novice Stakes (Bands C/D) (EBF Restricted Race Qualifier) (GBB Race),104,Yarmouth,08/02/2026 15:08:00,Other,Class 2,,,2yo,None,7f,7,1407,1540,Good To Firm,Turf,9410019,Telegraphic right,77767,Billy Loughnane right,40131,Charlie Johnston right,2,,1,3,9-10,154,2/1,3,82,,,CompletedRace,2,0.3,0.3,00:01:24.5000000,84.5,7/4,2.75,26,41,"£15,702",15702,82,84,39,374169,Owners Group 162,Kameko,USA,Roubles,False,False,,45,,True,,GB,"Took big step forward from debut run when easily drawing clear by over 7l at Brighton (7f, good to firm) last month; that wasn't a strong race but he's an obvious contender under penalty here."
924046,Juddmonte EBF Restricted Novice Stakes (Bands C/D) (EBF Restricted Race Qualifier) (GBB Race),104,Yarmouth,08/02/2026 15:08:00,Other,Class 2,,,2yo,None,7f,7,1407,1540,Good To Firm,Turf,9522201,Cracking Idea right,101508,Harry Davies right,9036,Ed Dunlop right,2,,3,6,9-4,148,22/1,23,,,,CompletedRace,3,2.25,2.5,00:01:24.9400000,84.94,12/1,13,20,5,"£15,702",15702,,69,,235918,The EDR Partnership,Cracksman,GB,Poet's Queen,False,False,,20,,True,,IRE,"Made fairly encouraging debut when fifth of nine at Lingfield (7f, AW) three weeks ago but has a bit to find with the principals here and might be one for a bit further down the line."
924046,Juddmonte EBF Restricted Novice Stakes (Bands C/D) (EBF Restricted Race Qualifier) (GBB Race),104,Yarmouth,08/02/2026 15:08:00,Other,Class 2,,,2yo,None,7f,7,1407,1540,Good To Firm,Turf,9613741,Javelot right,83746,Silvestre De Sousa right,9003,Marco Botti right,2,,4,5,9-4,148,13/2,7.5,,,,CompletedRace,4,4.25,6.75,00:01:25.7900000,85.79,12/1,13,,,"£15,702",15702,,,,257430,Les Boyer Partnership 1,Harry Angel,IRE,Guroor,False,False,,57,,False,,GB,"Third foal; dam 1m3f/1m4f AW winner (RPR 89), half-sister to winners Cemhaan (smart 1m-1m6f) and Moliwood (12.4f-2m); has fairly good standard to reach on debut but worth a check in the betting."
924046,Juddmonte EBF Restricted Novice Stakes (Bands C/D) (EBF Restricted Race Qualifier) (GBB Race),104,Yarmouth,08/02/2026 15:08:00,Other,Class 2,,,2yo,None,7f,7,1407,1540,Good To Firm,Turf,9490308,Biscaysian right,93947,Tom Marquand right,4113,Michael Bell right,2,,2,9,9-4,148,16/1,17,,,,CompletedRace,5,0.5,7.25,00:01:25.8900000,85.89,16/1,17,,,"£15,702",15702,,,,368550,David Fish And Ballylinch Stud,Bayside Boy,IRE,Chrysocolla,False,False,,36,,False,,FR,"30,000euros yearling; fourth foal; dam French 1m4f AW winner, half-sister to 1m2f Group 2 winner Ocovango and two other winners; market support will bring him into the equation."
924046,Juddmonte EBF Restricted Novice Stakes (Bands C/D) (EBF Restricted Race Qualifier) (GBB Race),104,Yarmouth,08/02/2026 15:08:00,Other,Class 2,,,2yo,None,7f,7,1407,1540,Good To Firm,Turf,9609083,Pirates Paradise right,95815,Darragh Keenan right,31461,George Scott right,2,p1,6,8,9-4,148,33/1,34,,,,CompletedRace,5,0,7.25,00:01:25.8900000,85.89,12/1,13,,,"£15,702",15702,,,,375639,Blue Starr Racing 7,State Of Rest,IRE,Lethal Quality,True,True,,56,,False,,IRE,"42,000euros yearling; eighth foal; half-brother to winners Promising (Group-placed 6f AW; RPR 103), Lethal Promise (5f-6f including 2yo/Listed; 102), Glen Force (1m-1m4f; 99), Kaser (8.6f-10.4f; 94) and Simple Man (5f/6f; 87); dam US 5.5f/6f winner; has nice pedigree but it's worrying to see cheekpieces fitted on debut."
924046,Juddmonte EBF Restricted Novice Stakes (Bands C/D) (EBF Restricted Race Qualifier) (GBB Race),104,Yarmouth,08/02/2026 15:08:00,Other,Class 2,,,2yo,None,7f,7,1407,1540,Good To Firm,Turf,9317899,Sovereign Dawn right,102310,Kyle McHugh right,41983,Michael Keady right,2,,7,2,9-4,148,100/1,101,,,,CompletedRace,7,1,8.25,00:01:26.0900000,86.09,50/1,51,31,03,"£15,702",15702,,67,25,373280,Andrew Edward Diaper,Coulsty,IRE,Sommore,False,False,,18,,False,,IRE,Last of ten on debut at Windsor (5f) in June and probably didn't achieve much when third of four in tactical race won comfortably by 2-9 favourite here (6f) last month; upped in trip again today.
924046,Juddmonte EBF Restricted Novice Stakes (Bands C/D) (EBF Restricted Race Qualifier) (GBB Race),104,Yarmouth,08/02/2026 15:08:00,Other,Class 2,,,2yo,None,7f,7,1407,1540,Good To Firm,Turf,9613742,Strong Performance right,98301,Marco Ghiani right,17966,William Knight right,2,,9,1,9-1,145,9/1,10,,,,CompletedRace,8,5,13.25,00:01:27.0900000,87.09,10/1,11,,,"£15,702",15702,,,,179605,Abdulla Al Mansoori,Universal,IRE,Elite Artist,False,False,,56,,False,,GB,"First foal; unraced dam closely related to 1m 2yo winner Luzon Heights, half-sister to winners Alobayyah (useful 1m including 2yo), Alexej (7f/7.5f) and Exceedingly Regal (1m), out of 7f 2yo Group 3 winner; stable enjoying good season with 2yos."
924046,Juddmonte EBF Restricted Novice Stakes (Bands C/D) (EBF Restricted Race Qualifier) (GBB Race),104,Yarmouth,08/02/2026 15:08:00,Other,Class 2,,,2yo,None,7f,7,1407,1540,Good To Firm,Turf,8881300,Spes Durat Avorum right,100783,Jonny Peate right,41836,Jack Morland right,2,,8,4,9-4,148,80/1,81,,,,CompletedRace,9,3.5,16.75,00:01:27.7900000,87.79,25/1,26,,,"£15,702",15702,,,,368549,Middleham Park Racing And Partners,Sergei Prokofiev,CAN,Silver Link,False,True,,33,,False,,GB,"20,000euros yearling; fifth foal; half-brother to winners Lazieelunch (1m/9.4f AW including 2yo; RPR 83), Renovatio Angel (7f 2yo; 74) and Kool Kid (bumper/jumps); dam 1m6f AW winner (79); trainer not prolific with newcomers."
924051,Bodhi - Exceeding Expectations In Construction Classified Stakes,104,Yarmouth,08/02/2026 15:38:00,Other,Class 6,,0-50,3yo+,None,7f,7,1407,1540,Good To Firm,Turf,7631485,Caitlin G right,98171,Grace McEntee right,39866,Micky Fenton right,3,,5,2,9-3,147,22/1,23,46,,,CompletedRace,1,0,0,00:01:24.5900000,84.59,12/1,13,11,-99754,"£3,454",3454,46,55,36,316272,Jim Gill,Bangkok,IRE,Sara Dream,False,False,,67,,False,,GB,"Unplaced all eight starts; belied 100-1 odds when fourth in this grade at Lingfield (7f, good to firm) 11 days ago, her second run for Micky Fenton, but needs to build on that performance here."
924051,Bodhi - Exceeding Expectations In Construction Classified Stakes,104,Yarmouth,08/02/2026 15:38:00,Other,Class 6,,0-50,3yo+,None,7f,7,1407,1540,Good To Firm,Turf,7957277,Girls Allowed right,92620,Dylan Hogan right,42026,Julia &amp; Shelley Birkett right,3,,6,4,9-3,147,4/1,5,45,,,CompletedRace,2,0.1,0.1,00:01:24.6100000,84.61,15/2,8.5,53,966-46,"£3,454",3454,45,56,48,360843,Harraton Ladies,Alkumait,GB,Atlanteia,False,False,,50,,True,,IRE,"Low-mileage filly who made quite promising seasonal/handicap debut when fourth at Leicester (7f, good to firm) in May and may not have been suited by the soft ground when sixth (behind Nicely Curved) in this grade here (1m) in June; might be the answer."
924051,Bodhi - Exceeding Expectations In Construction Classified Stakes,104,Yarmouth,08/02/2026 15:38:00,Other,Class 6,,0-50,3yo+,None,7f,7,1407,1540,Good To Firm,Turf,4735684,Nicely Curved right,100783,Jonny Peate right,42378,Hayley Burton right,6,ht,2,6,9-9,153,11/4,3.75,49,,,CompletedRace,3,0.75,0.75,00:01:24.7400000,84.74,4/1,5,36,9-2733,"£3,454",3454,49,59,34,217697,Stepaside Farm LLC,Maclean's Music,USA,Tiz Ladys Legs,False,False,,75,,False,,USA,"Looked unlucky not to win or go close when third on turf return here (1m, soft) in June, and again ran well in this grade when third at Lingfield (7.6f, good to firm) last month; may not be ideally suited by this shorter trip but still features prominently in calculations."
924051,Bodhi - Exceeding Expectations In Construction Classified Stakes,104,Yarmouth,08/02/2026 15:38:00,Other,Class 6,,0-50,3yo+,None,7f,7,1407,1540,Good To Firm,Turf,4310837,Oh So Audacious right,77767,Billy Loughnane right,39483,Jack Jones right,7,p1,3,1,9-9,153,12/1,13,48,,,CompletedRace,4,1,1.75,00:01:24.9400000,84.94,13/2,7.5,11,40-849,"£3,454",3454,48,63,39,147821,The Eight Of Diamonds,Mukhadram,GB,Oh So Saucy,True,False,,33,,False,,GB,"Bettered low-key seasonal/stable debut when fourth in Brighton handicap in June but finished down the field in this grade at Lingfield (also 7f, good to firm) last month; now tries cheekpieces; not easy to predict."
924051,Bodhi - Exceeding Expectations In Construction Classified Stakes,104,Yarmouth,08/02/2026 15:38:00,Other,Class 6,,0-50,3yo+,None,7f,7,1407,1540,Good To Firm,Turf,5048039,Aspire To Glory right,93947,Tom Marquand right,39413,Dylan Cunha right,5,t,1,5,9-9,153,5/1,6,48,,,CompletedRace,5,0.5,2.25,00:01:25.0400000,85.04,6/1,7,17,-00066,"£3,454",3454,48,59,49,324435,Coral Racing Club,Cotai Glory,GB,Green Boulevard,False,False,,36,,True,,IRE,"Six-time AW winner for Alice Haynes; out of form for new stable this year (five runs) but took step back in right direction when respectable sixth in this grade at Thirsk (1m, good to firm) last month and may benefit from this drop back in trip."
924051,Bodhi - Exceeding Expectations In Construction Classified Stakes,104,Yarmouth,08/02/2026 15:38:00,Other,Class 6,,0-50,3yo+,None,7f,7,1407,1540,Good To Firm,Turf,5598662,Valsharah right,101508,Harry Davies right,10363,Michael Appleby right,4,p,4,3,9-9,153,15/8F,2.875,49,,,CompletedRace,6,1.25,3.5,00:01:25.2900000,85.29,6/5,2.2,4,044224,"£3,454",3454,49,64,51,313131,The Horse Watchers 5,Dark Angel,IRE,Amurra,False,False,,50,,False,,IRE,"A maiden after 28 starts, with tendencies to start slowly and race too freely, but has made the frame on his last five appearances, including two seconds in this grade at Brighton (6f, good to firm) this summer; fine over 7f and a likely contender once again; has tried various headgear combinations this year; goes in just the refitted cheekpieces today."
924050,Bodhi Solutions - Constructing Champions Handicap,104,Yarmouth,08/02/2026 16:08:00,Other,Class 6,,0-65,3yo,None,1m,8,1608,1760,Good To Firm,Turf,7570749,Guest House right,83746,Silvestre De Sousa right,9796,George Margarson right,3,,4,5,9-5,149,EvensF,2,61,,,CompletedRace,1,0,0,00:01:36.3700000,96.37,2/1,3,10,3-1473,"£3,768",3768,61,74,64,193155,John Guest Racing,Dark Angel,IRE,Princess Yaiza,False,False,,29,,True,,IRE,Scored over C&D (good to firm) on seasonal debut in April and was seemingly back in peak form when close third of four in tactical C&D contest ten days ago; not one to rely upon heavily but enters calculations.
924050,Bodhi Solutions - Constructing Champions Handicap,104,Yarmouth,08/02/2026 16:08:00,Other,Class 6,,0-65,3yo,None,1m,8,1608,1760,Good To Firm,Turf,9153185,Melting Snow right,77767,Billy Loughnane right,9036,Ed Dunlop right,3,p1,3,4,9-6,150,11/4,3.75,62,,,CompletedRace,2,3.75,3.75,00:01:37.1200000,97.12,3/1,4,19,8564,"£3,768",3768,62,75,44,89460,Anamoine Limited,Too Darn Hot,GB,Virgin Snow,True,False,,20,,True,,IRE,Just a respectable fourth when upped to 1m2f (from about 7f) for recent handicap debut at Beverley but didn't have ideal track position there; drops back to 1m with cheekpieces tried here; should still have potential.
924050,Bodhi Solutions - Constructing Champions Handicap,104,Yarmouth,08/02/2026 16:08:00,Other,Class 6,,0-65,3yo,None,1m,8,1608,1760,Good To Firm,Turf,8124840,Bellini Spirit right,84882,William Carson right,41207,John &amp; Rhys Flint right,3,,5,6,9-4,148,33/1,34,60,,,CompletedRace,3,0.2,4,00:01:37.1700000,97.17,12/1,13,86,72-780,"£3,768",3768,60,71,18,210299,Burnham P & D Ltd,Sioux Nation,USA,Brunch Bellini,False,False,,63,,False,,IRE,Well down the field in her first two handicaps (5f/6f) but moves back up in trip and drops in grade here; still unexposed; worth a glance in the betting.
924050,Bodhi Solutions - Constructing Champions Handicap,104,Yarmouth,08/02/2026 16:08:00,Other,Class 6,,0-65,3yo,None,1m,8,1608,1760,Good To Firm,Turf,7547294,Daretobedifferent right,98301,Marco Ghiani right,21550,D Donovan right,3,,1,2,9-9,153,9/2,5.5,65,,,CompletedRace,4,0.3,4.25,00:01:37.2200000,97.22,5/1,6,23,331369,"£3,768",3768,65,73,65,159847,River Racing,Starman,GB,Galaktea,False,False,,,,True,,IRE,"Safely held an Newmarket on last two outings but this race is easier and she's now only 3lb higher than for breakthrough win at Nottingham (8.3f, good) in May; also suited by fast ground; dangerous if back on song."
924050,Bodhi Solutions - Constructing Champions Handicap,104,Yarmouth,08/02/2026 16:08:00,Other,Class 6,,0-65,3yo,None,1m,8,1608,1760,Good To Firm,Turf,7784925,Okiru right,93947,Tom Marquand right,32276,Archie Watson right,3,b,2,1,9-8,152,6/1,7,64,,,CompletedRace,5,1.5,5.75,00:01:37.5200000,97.52,3/1,4,24,6U5724,"£3,768",3768,64,73,54,285820,Salem Rashid Bin Ghadayer,Blue Point,IRE,Dawn Delight,False,False,,42,,True,,IRE,"A maiden after 12 runs but came from behind to go close in first-time blinkers at Chepstow (7f, good to firm) in June and also ran well when fourth at Doncaster (1m, good to firm) last month; could have a say."
924050,Bodhi Solutions - Constructing Champions Handicap,104,Yarmouth,08/02/2026 16:08:00,Other,Class 6,,0-65,3yo,None,1m,8,1608,1760,Good To Firm,Turf,9222319,Esdaile right,95815,Darragh Keenan right,25914,James Tate right,3,,6,3,9-1,145,40/1,41,57,,,CompletedRace,6,0.75,6.5,00:01:37.6700000,97.67,16/1,17,12,0650,"£3,768",3768,57,73,48,3802,Mrs Doreen M Swinburn,Oasis Dream,GB,Conservatory,False,False,,62,,True,,GB,"Showed some glimmers of promise in her qualifying races but was in rear throughout her recent handicap debut at Wolverhampton (8.6f, AW) and clearly needs a much more dynamic performance here."
924048,"Bodhi Solutions - Commercial Fit-Out Challenge ""Confined"" Handicap (One Win Or Less In Flat Races)",104,Yarmouth,08/02/2026 16:38:00,Hurdle,Class 6,,0-65,4yo+,None,1m2f,10,2010,2200,Good To Firm,Turf,6010556,Nuptown Girl right,102723,Ryan Kavanagh right,12465,Ian Williams right,4,p,5,3,9-1,145,13/8,2.625,58,,,CompletedRace,1,0,0,00:02:05.7400000,125.74,3/1,4,5,354142,"£3,768",3768,58,75,66,365753,Nuptown Mischief,Mohaather,GB,Blue Geranium,False,False,,41,3,False,,GB,"Just held on to win tactical race at Newmarket (1m4f, good to firm) in June and seemed to respond well to first-time cheekpieces when clear second to revitalised rival over C&D (good to firm) on Tuesday; commands respect."
924048,"Bodhi Solutions - Commercial Fit-Out Challenge ""Confined"" Handicap (One Win Or Less In Flat Races)",104,Yarmouth,08/02/2026 16:38:00,Hurdle,Class 6,,0-65,4yo+,None,1m2f,10,2010,2200,Good To Firm,Turf,5671267,Risen Again right,84882,William Carson right,41207,John &amp; Rhys Flint right,5,p,3,5,9-7,151,12/1,13,61,,,CompletedRace,2,3.5,3.5,00:02:06.4400000,126.44,20/1,21,59,6-0066,"£3,768",3768,61,77,57,210299,Burnham P & D Ltd,No Nay Never,USA,Easter Lily,False,False,,63,,False,,FR,Well handicapped on some of last year's form for Alice Haynes that includes a fast-ground C&D win but has not been competitive on any of four starts for new stable this season (cheekpieces refitted last time); considered only if lively in the betting.
924048,"Bodhi Solutions - Commercial Fit-Out Challenge ""Confined"" Handicap (One Win Or Less In Flat Races)",104,Yarmouth,08/02/2026 16:38:00,Hurdle,Class 6,,0-65,4yo+,None,1m2f,10,2010,2200,Good To Firm,Turf,6671112,Big Alex Walmsley right,100640,Benoit De La Sayette right,27045,Mrs Ilka Gansera-Leveque right,4,h,4,2,9-6,150,10/1,11,60,,,CompletedRace,3,1.75,5.25,00:02:06.7900000,126.79,9/2,5.5,31,490-73,"£3,768",3768,60,73,50,301633,Vantage Point Racing Club,Oasis Dream,GB,Indian Story,False,False,,50,,False,,GB,"Seven-race maiden; has mixed record but gave good account when third of five in higher-grade race here (1m, good to firm; first-time hood) last month; could have a say if stamina holds out over this new trip."
924048,"Bodhi Solutions - Commercial Fit-Out Challenge ""Confined"" Handicap (One Win Or Less In Flat Races)",104,Yarmouth,08/02/2026 16:38:00,Hurdle,Class 6,,0-65,4yo+,None,1m2f,10,2010,2200,Good To Firm,Turf,5708884,Cuban Girl right,101508,Harry Davies right,40895,Brian Toomey right,4,h,1,1,9-8,152,15/2,8.5,62,,,CompletedRace,4,5.5,10.75,00:02:07.8900000,127.89,13/2,7.5,36,79-025,"£3,768",3768,62,74,65,302622,Friends Of Ebony Horse Club,Havana Grey,GB,Tafilly,False,False,,33,,False,,GB,"Free-goer who won over 1m for Andrew Balding last summer and looked back in good nick when running big race in defeat over that trip here (good to firm) in May; refused to settle and came last of five (albeit not beaten that far) when upped to 1m2f at Lingfield in June, though, and remains risky over this trip."
924048,"Bodhi Solutions - Commercial Fit-Out Challenge ""Confined"" Handicap (One Win Or Less In Flat Races)",104,Yarmouth,08/02/2026 16:38:00,Hurdle,Class 6,,0-65,4yo+,None,1m2f,10,2010,2200,Good To Firm,Turf,8725527,The Ubermensch right,77767,Billy Loughnane right,4113,Michael Bell right,4,tp,2,4,9-8,152,11/8F,2.375,62,,,CompletedRace,5,27,37.75,00:02:13.2900000,133.29,Evs,2,31,624321,"£3,768",3768,62,75,67,367291,Gower Street Holdings Limited,Bated Breath,GB,Tanamia,False,False,,36,,True,,GER,"Consistent colt who opened account at tenth attempt, with narrow success in small field here (11.5f, good to firm) last month; nudged up only 2lb for that and this drop back in trip won't be a problem; ought to be right in the thick of things again."
924049,"Price Bailey LLP Norwich ""Confined"" Handicap (For Horses Which Have Not Won A Flat Race In 2026)",104,Yarmouth,08/02/2026 17:08:00,Hurdle,Class 6,,0-60,4yo+,None,5f,5,1005,1100,Good To Firm,Turf,5598640,Dragon God right,93947,Tom Marquand right,9714,Tony Carroll right,4,,3,3,9-7,151,7/2,4.5,53,,,CompletedRace,1,0,0,00:01:00.3700000,60.37,9/4,3.25,17,336523,"£3,768",3768,53,66,54,315199,Stoneleigh Racing Lll,Territories,IRE,Afrodita,False,False,,45,,True,,GB,"Largely consistent for new stable this year and was close second off today's mark at Chepstow (5f, good to firm) on penultimate appearance; unlucky not to finish closer to the target when third of four there last time and has the services of Tom Marquand here; good chance."
924049,"Price Bailey LLP Norwich ""Confined"" Handicap (For Horses Which Have Not Won A Flat Race In 2026)",104,Yarmouth,08/02/2026 17:08:00,Hurdle,Class 6,,0-60,4yo+,None,5f,5,1005,1100,Good To Firm,Turf,3593781,Papa Don't Preach right,77767,Billy Loughnane right,43173,Kevin &amp; Lauren Frost right,7,h,1,4,9-9,153,11/10F,2.1,55,,,CompletedRace,2,0.2,0.2,00:01:00.4100000,60.41,15/8,2.875,15,355393,"£3,768",3768,55,67,57,272554,The Kevin Frost Racing Club,Kodiac,GB,Paella,False,False,,69,,False,2,IRE,"0-31 on turf but scored off 3lb higher on AW in December and returned from ten-week break with pretty good third in 0-70 grade at Doncaster (5f, good to firm) last month; major player in this grade."
924049,"Price Bailey LLP Norwich ""Confined"" Handicap (For Horses Which Have Not Won A Flat Race In 2026)",104,Yarmouth,08/02/2026 17:08:00,Hurdle,Class 6,,0-60,4yo+,None,5f,5,1005,1100,Good To Firm,Turf,5079042,Mart right,102723,Ryan Kavanagh right,21550,D Donovan right,5,t1,2,5,9-6,150,6/1,7,55,,,CompletedRace,3,1.25,1.5,00:01:00.6700000,60.67,9/2,5.5,31,754364,"£3,768",3768,55,65,63,375584,River Racing & Partners,Dark Angel,IRE,Adorn,True,False,,,3,True,1,GB,"Won seven sprints when trained by Dylan Cunha and didn't run badly when tried over 1m here last month, after which he changed hands for 16,000gns; makes stable debut from a good mark but is on the downgrade now and 6f is probably his optimum trip; tongue tied for first time."
924049,"Price Bailey LLP Norwich ""Confined"" Handicap (For Horses Which Have Not Won A Flat Race In 2026)",104,Yarmouth,08/02/2026 17:08:00,Hurdle,Class 6,,0-60,4yo+,None,5f,5,1005,1100,Good To Firm,Turf,3499385,Antiphon right,98301,Marco Ghiani right,19116,Mike Murphy right,7,tp,4,7,9-2,146,6/1,7,48,,,CompletedRace,4,1.25,2.75,00:01:00.9200000,60.92,9/2,5.5,16,33-903,"£3,768",3768,48,66,53,316272,Jim Gill,Kodiac,GB,Freedom's Light,False,False,,67,,True,,IRE,"Nothing like the force of old but rediscovered some form and ran well from the front when close third in Nottingham classified (5f, good to firm) last month; has possibilities if in similar mood again here."
924049,"Price Bailey LLP Norwich ""Confined"" Handicap (For Horses Which Have Not Won A Flat Race In 2026)",104,Yarmouth,08/02/2026 17:08:00,Hurdle,Class 6,,0-60,4yo+,None,5f,5,1005,1100,Good To Firm,Turf,58956405,Nad Alshiba Snow right,87589,Gina Mangan right,19116,Mike Murphy right,4,t,6,6,8-13,141,8/1,9,45,,,CompletedRace,5,1.75,4.5,00:01:01.2700000,61.27,14/1,15,62,-54350,"£3,768",3768,45,63,35,270404,The Calm Partnership,Oasis Dream,GB,Lizzie Siddal,False,False,1,67,,True,,IRE,"Regressive maiden who finished well down the field at Wolverhampton (5f, AW) on latest outing two months ago; needs subsequent wind op to have made a big difference."
924049,"Price Bailey LLP Norwich ""Confined"" Handicap (For Horses Which Have Not Won A Flat Race In 2026)",104,Yarmouth,08/02/2026 17:08:00,Hurdle,Class 6,,0-60,4yo+,None,5f,5,1005,1100,Good To Firm,Turf,6323500,Regal Guest right,83746,Silvestre De Sousa right,9796,George Margarson right,4,,5,1,9-2,146,18/1,19,48,,,CompletedRace,6,0.5,5,00:01:01.3700000,61.37,25/1,26,25,5-0676,"£3,768",3768,48,63,17,193155,John Guest Racing,Kodiac,GB,Odyssee,False,False,,29,,True,,IRE,Eight-race maiden who was beaten at least 17l in all four 7f/1m races this year; cheekpieces (worn for last two starts) are discarded for this first attempt at 5f; has too much to prove.
924049,"Price Bailey LLP Norwich ""Confined"" Handicap (For Horses Which Have Not Won A Flat Race In 2026)",104,Yarmouth,08/02/2026 17:08:00,Hurdle,Class 6,,0-60,4yo+,None,5f,5,1005,1100,Good To Firm,Turf,6278718,Surprise Again right,100783,Jonny Peate right,35,J R Jenkins right,4,t1,7,2,8-13,141,50/1,51,45,,,CompletedRace,7,0.05,5,00:01:01.3700000,61.37,33/1,34,60,7007-8,"£3,768",3768,45,62,24,359661,M Isa,Iffraaj,GB,Last Surprise,True,False,,20,,True,,IRE,Yet to show any worthwhile form after six starts (6f-1m); dropped in trip and fitted with a tongue-tie today.
926118,Sky Sports Racing Prix Six Perfections - Fonds Europeen de l'Elevage (Group 3) (Fillies) (Turf),206,Deauville (FR),08/02/2026 12:56:00,Other,,(Group 3),,2yo,Fillies,7f,7,1407,1540,Good,Turf,9387215,Data right,88520,Pierre-Charles Boudot right,35411,Christopher Head right,2,,6,2,8-13,141,51/10,6.1,,,,CompletedRace,1,0,0,00:01:24.3500000,84.35,10/1,11,22,21,"£31,826",31826,,99,,59934,Wertheimer & Frere,Lope De Vega,IRE,Matematica,False,False,,100,,True,,GB,Just over 2l behind Flying Spur on debut (7f) at Saint-Cloud but since come out and won over a mile at Clairefontaine on good to soft; clear potential to post even bigger figures but the owner's retained rider appears to prefer Yuquot.
926118,Sky Sports Racing Prix Six Perfections - Fonds Europeen de l'Elevage (Group 3) (Fillies) (Turf),206,Deauville (FR),08/02/2026 12:56:00,Other,,(Group 3),,2yo,Fillies,7f,7,1407,1540,Good,Turf,9344874,Queen Of The Day right,87600,Mickael Barzalona right,26118,F-H Graffard right,2,,3,3,8-13,141,8/5F,2.6,,,,CompletedRace,2,1.5,1.5,00:01:24.6500000,84.65,9/4,3.25,29,12,"£31,826",31826,,107,,52942,Haras De La Perelle,No Nay Never,USA,Quamoclit,False,False,,80,,False,,IRE,"Half-sister to Prix Jean Romanet winner Quisisana for the same ownership and trainer; made a winning debut at Saint-Cloud (7f, soft ground) from Woot Woot and improved on that to finish second over this C&D in a Listed race behind an odds-on market leader; solid claims."
926118,Sky Sports Racing Prix Six Perfections - Fonds Europeen de l'Elevage (Group 3) (Fillies) (Turf),206,Deauville (FR),08/02/2026 12:56:00,Other,,(Group 3),,2yo,Fillies,7f,7,1407,1540,Good,Turf,9344863,Woot Woot right,75796,Christophe Soumillon right,35411,Christopher Head right,2,t,4,7,8-13,141,12/5,3.4,,,,CompletedRace,3,1.5,3,00:01:24.9500000,84.95,10/1,11,35,21,"£31,826",31826,,96,,213525,LNJ Foxwoods,Wootton Bassett,GB,Penny Lane,False,False,,100,,False,,IRE,"Beaten a head on debut at Saint-Cloud by Queen Of The Day (7f, soft) and then didn't need to repeat that level to win over that same C&D on good ground; closely matched with the Graffard filly on that meeting in June and should give a decent account."
926118,Sky Sports Racing Prix Six Perfections - Fonds Europeen de l'Elevage (Group 3) (Fillies) (Turf),206,Deauville (FR),08/02/2026 12:56:00,Other,,(Group 3),,2yo,Fillies,7f,7,1407,1540,Good,Turf,9194283,Flying Spur right,93579,Clement Lecoeuvre right,31369,Hedi Ghabri right,2,,2,6,8-13,141,225/10,23.5,,,,CompletedRace,4,0.3,3.25,00:01:25,85,9/1,10,51,41,"£31,826",31826,,99,,335537,M Eldubeba,Calyx,GB,Fleur,False,False,,,,False,,FR,"Displayed plenty of progression from her debut at Saint-Cloud (6f, good) to win over 7f at the same track in June, when Data was over 2l back in second; won't have any problems with the trip, so should be thereabouts upped in class."
926118,Sky Sports Racing Prix Six Perfections - Fonds Europeen de l'Elevage (Group 3) (Fillies) (Turf),206,Deauville (FR),08/02/2026 12:56:00,Other,,(Group 3),,2yo,Fillies,7f,7,1407,1540,Good,Turf,9326636,Yuquot right,84879,Maxime Guyon right,35382,Edouard Monfort right,2,,7,1,8-13,141,47/10,5.7,101,,,CompletedRace,5,0.5,3.75,00:01:25.1000000,85.1,15/8,2.875,7,1623,"£31,826",31826,101,106,,59934,Wertheimer & Frere,Kingman,GB,Nootka Sound,False,False,,,,False,,FR,"More experienced than most and has shown a fine level of ability since her successful debut, twice finishing close behind subsequent Group 2 winner Tokaido in a Listed event and a Group 3; wasn't quite at her best at Mont-De-Marsan recently but step up in trip should bring about some extra."
926118,Sky Sports Racing Prix Six Perfections - Fonds Europeen de l'Elevage (Group 3) (Fillies) (Turf),206,Deauville (FR),08/02/2026 12:56:00,Other,,(Group 3),,2yo,Fillies,7f,7,1407,1540,Good,Turf,9415193,Nicely right,95388,David Egan right,37949,Kevin Philippart De Foy right,2,,1,5,8-13,141,93/10,10.3,,,,CompletedRace,6,1,4.75,00:01:25.3000000,85.3,4/1,5,16,21,"£31,826",31826,,102,,252234,Amo Racing Limited,Persian Force,IRE,Kakashan,False,False,,54,,False,,IRE,"Built on her debut second to shed her maiden status in comfortable style at Hamilton (6f, good to firm), drawing clear by over 4l under David Egan; steps up to 7f for her first start in Group company but enough in her pedigree to suggest she'll get this new trip."
926118,Sky Sports Racing Prix Six Perfections - Fonds Europeen de l'Elevage (Group 3) (Fillies) (Turf),206,Deauville (FR),08/02/2026 12:56:00,Other,,(Group 3),,2yo,Fillies,7f,7,1407,1540,Good,Turf,9396432,Etoile D Armor right,75499,Stephane Pasquier right,25119,N Caullery right,2,t,5,4,8-13,141,40/1,41,79,,,CompletedRace,7,11,15.75,00:01:27.5000000,87.5,33/1,34,7,762,"£31,826",31826,79,86,,358068,SCEA Haras Des Forets,Armor,GB,Tolosa,False,False,,100,,False,,FR,"Didn't show lots on first two starts, recording RPRs on 47 and 32 but did much better when last seen finishing second at Le Touquet over 6.5f when a tongue-tie was applied; that will need improving upon, though, and others easier to fancy at this stage of their careers."
926119,Prix de Cabourg - Fonds Europeen de l'Elevage (Group 3) (Turf),206,Deauville (FR),08/02/2026 13:32:00,Other,,(Group 3),,2yo,None,6f,6,1206,1320,Good,Turf,9194287,Kosuma right,84879,Maxime Guyon right,43260,A &amp; L Fabre right,2,,8,3,8-11,139,5/2,3.5,,,,CompletedRace,1,0,0,00:01:09.9700000,69.97,5/1,6,65,11,"£31,826",31826,,105,,59934,Wertheimer & Frere,Night Of Thunder,IRE,Any Time Soon,False,False,,100,,False,1,FR,"Nicely bred filly, who has won both races, a pair of 6f events at Saint-Cloud, one on good and one on good to soft, the last by 3l in good style; been off for a couple of months but another of these with a Group 1 entry; appears to be the choice of the owner's retained rider Maxime Guyon."
926119,Prix de Cabourg - Fonds Europeen de l'Elevage (Group 3) (Turf),206,Deauville (FR),08/02/2026 13:32:00,Other,,(Group 3),,2yo,None,6f,6,1206,1320,Good,Turf,9175074,Agamemnon right,85793,William Buick right,31188,Richard Hughes right,2,,2,8,9-1,145,164/10,17.4,96,,,CompletedRace,2,1.5,1.5,00:01:10.2700000,70.27,10/1,11,16,6183,"£31,826",31826,96,106,,356655,Jastar Capital & Murt Khan,Mehmas,IRE,Bermuda,False,False,,56,,False,,GB,"First three starts came over 5f, one an AW win and another when eighth in the Group 2 Norfolk Stakes at the Royal meeting, and then ran his best race upped to this trip for a Listed event at Newbury; open to more improvement over 6f."
926119,Prix de Cabourg - Fonds Europeen de l'Elevage (Group 3) (Turf),206,Deauville (FR),08/02/2026 13:32:00,Other,,(Group 3),,2yo,None,6f,6,1206,1320,Good,Turf,9312930,Light Of Dawn right,6901,James Doyle right,5019,K R Burke right,2,,7,2,8-11,139,9/5F,2.8,,,,CompletedRace,3,3,4.5,00:01:10.8700000,70.87,15/8,2.875,44,13,"£31,826",31826,,113,,325088,Wathnan Racing,Showcasing,GB,An Ghalanta,False,False,,60,,False,,GB,"Expensive breeze-up purchase, who won a four-runner novice at Carlisle (6f, soft) on debut before posting a much-improved effort when third in the Group 3 Albany Stakes (6f, good to firm) at Royal Ascot; well entered up and one to beat if at anything near that level today."
926119,Prix de Cabourg - Fonds Europeen de l'Elevage (Group 3) (Turf),206,Deauville (FR),08/02/2026 13:32:00,Other,,(Group 3),,2yo,None,6f,6,1206,1320,Good,Turf,9276910,Hinata Grey right,75796,Christophe Soumillon right,39447,Mme Victoria Head right,2,,3,4,8-11,139,167/10,17.7,,,,CompletedRace,4,0.3,4.75,00:01:10.9200000,70.92,8/1,9,36,13,"£31,826",31826,,111,,349011,Ecurie Georginio,Blue Point,IRE,Fairly Fair,False,False,,,,True,,IRE,Picked up a 6f conditions race on debut at Chantilly (very soft) and then ran respectably behind the classy Tokaido in a C&D Group 3 here about a month ago; will have more to come and Christophe Soumillon rides for first time.
926119,Prix de Cabourg - Fonds Europeen de l'Elevage (Group 3) (Turf),206,Deauville (FR),08/02/2026 13:32:00,Other,,(Group 3),,2yo,None,6f,6,1206,1320,Good,Turf,9535738,Primetime Emmy right,87600,Mickael Barzalona right,26118,F-H Graffard right,2,,4,1,8-11,139,18/5,4.6,,,,CompletedRace,5,0.75,5.5,00:01:11.0700000,71.07,11/4,3.75,21,1,"£31,826",31826,,107,,305416,Hollymount Stud France SC,Extreme Choice,AUS,Princess Emmy,False,False,,80,,False,,AUS,Related to plenty of winners and made a successful debut over C&D three weeks ago in a newcomers race for fillies having gone off an odds-on shot; has a Group 1 entry and would seem to be well thought of; interesting.
926119,Prix de Cabourg - Fonds Europeen de l'Elevage (Group 3) (Turf),206,Deauville (FR),08/02/2026 13:32:00,Other,,(Group 3),,2yo,None,6f,6,1206,1320,Good,Turf,9254316,Valentina Bella right,94132,Marvin Grandin right,34102,M Brasme right,2,,6,5,8-11,139,112/10,12.2,95,,,CompletedRace,6,0.5,6,00:01:11.1700000,71.17,10/1,11,44,117,"£31,826",31826,95,102,,374118,Nb Racing,Armor,GB,Quelle Charm,False,False,,,,False,,FR,"Won her first two, a 5f contest on good to soft before following up in a Listed race at Vichy (5f, soft); not disgraced in the Group 3 Albany Stakes (6f, good to firm) at Royal Ascot behind Light Of Dawn on first try over that trip, but work to do with that rival."
926119,Prix de Cabourg - Fonds Europeen de l'Elevage (Group 3) (Turf),206,Deauville (FR),08/02/2026 13:32:00,Other,,(Group 3),,2yo,None,6f,6,1206,1320,Good,Turf,9535726,Aibar right,88850,Cristian Demuro right,23847,J Reynier right,2,,1,7,9-1,145,208/10,21.8,,,,CompletedRace,7,1.25,7.25,00:01:11.4200000,71.42,20/1,21,21,2,"£31,826",31826,,88,,154370,Nurlan Bizakov,Kingman,GB,Provocateuse,False,False,,,,False,,FR,Holds some big-race entries but finished second on debut over the C&D three weeks ago in a newcomers race for colts and geldings; should step up from that but this is a tough ask second-time out.
926119,Prix de Cabourg - Fonds Europeen de l'Elevage (Group 3) (Turf),206,Deauville (FR),08/02/2026 13:32:00,Other,,(Group 3),,2yo,None,6f,6,1206,1320,Good,Turf,9396433,Jorolina right,88520,Pierre-Charles Boudot right,26118,F-H Graffard right,2,,5,6,8-11,139,123/10,13.3,,,,CompletedRace,8,0.75,8,00:01:11.5700000,71.57,16/1,17,26,21,"£31,826",31826,,104,,374062,"Infinity 9 Horses, Ecurie Marzocco et al",Mehmas,IRE,Guineve,False,False,,80,,False,,GB,"Nicely bred Mehmas filly, who was narrowly beaten on debut at Chantilly (5.5f, good to firm) before winning by a short-neck at the same course upped to 6f; Group 1 entered so should be capable of even better and stablemate of Primetime Emmy."
926122,Grand Handicap des Sprinters - World Pool By PMU (Turf),206,Deauville (FR),08/02/2026 14:15:00,Other,,,,3yo+,None,6f,6,1206,1320,Good,Turf,5481538,Grand Scoop right,88709,Eddy Hardouin right,41805,Gerald Mosse right,5,,16,16,8-6,134,41/5,9.2,82,,,CompletedRace,1,0,0,00:01:09.0600000,69.06,,,,,,,,,,,,,,,,,,,,,,,
926122,Grand Handicap des Sprinters - World Pool By PMU (Turf),206,Deauville (FR),08/02/2026 14:15:00,Other,,,,3yo+,None,6f,6,1206,1320,Good,Turf,6555388,Awaiting Christmas right,98386,Augustin Madamet right,19694,Vaclav Luka Jr right,4,,10,13,8-10,138,40/1,41,86,,,CompletedRace,2,1.75,1.75,00:01:09.4100000,69.41,,,,,,,,,,,,,,,,,,,,,,,
926122,Grand Handicap des Sprinters - World Pool By PMU (Turf),206,Deauville (FR),08/02/2026 14:15:00,Other,,,,3yo+,None,6f,6,1206,1320,Good,Turf,7609919,Alem right,84764,Tony Piccone right,11363,H-A Pantall right,4,,3,9,9-5,149,218/10,22.8,95,,,CompletedRace,3,0.2,2,00:01:09.4600000,69.46,,,,,,,,,,,,,,,,,,,,,,,
926122,Grand Handicap des Sprinters - World Pool By PMU (Turf),206,Deauville (FR),08/02/2026 14:15:00,Other,,,,3yo+,None,6f,6,1206,1320,Good,Turf,5875721,Sweet Chop right,88850,Cristian Demuro right,32325,Amy Murphy right,4,,5,18,9-2,146,5/1,6,91,,,CompletedRace,4,0.3,2.25,00:01:09.5100000,69.51,,,,,,,,,,,,,,,,,,,,,,,
926122,Grand Handicap des Sprinters - World Pool By PMU (Turf),206,Deauville (FR),08/02/2026 14:15:00,Other,,,,3yo+,None,6f,6,1206,1320,Good,Turf,3544380,Lesslepasser right,88520,Pierre-Charles Boudot right,35532,Sofie Lanslots right,7,t,1,15,9-7,151,26/1,27,97,,,CompletedRace,5,1.25,3.5,00:01:09.7600000,69.76,,,,,,,,,,,,,,,,,,,,,,,
926122,Grand Handicap des Sprinters - World Pool By PMU (Turf),206,Deauville (FR),08/02/2026 14:15:00,Other,,,,3yo+,None,6f,6,1206,1320,Good,Turf,9153209,Interactiv right,94132,Marvin Grandin right,37548,Alicja Karkosa right,4,tp,7,8,9-1,145,41/1,42,90,,,CompletedRace,6,1,4.5,00:01:09.9600000,69.96,,,,,,,,,,,,,,,,,,,,,,,
926122,Grand Handicap des Sprinters - World Pool By PMU (Turf),206,Deauville (FR),08/02/2026 14:15:00,Other,,,,3yo+,None,6f,6,1206,1320,Good,Turf,5831470,Mister Chang right,94366,Hugo Journiac right,20943,Y Barberot right,4,,4,7,9-3,147,68/10,7.8,93,,,CompletedRace,7,0.2,4.75,00:01:10.0100000,70.01,,,,,,,,,,,,,,,,,,,,,,,
926122,Grand Handicap des Sprinters - World Pool By PMU (Turf),206,Deauville (FR),08/02/2026 14:15:00,Other,,,,3yo+,None,6f,6,1206,1320,Good,Turf,3625147,Simply Lovely right,95812,Thomas Trullier right,1729,J-M Beguigne right,8,b,17,11,8-6,134,47/1,48,82,,,CompletedRace,8,0.2,4.75,00:01:10.0100000,70.01,,,,,,,,,,,,,,,,,,,,,,,
926122,Grand Handicap des Sprinters - World Pool By PMU (Turf),206,Deauville (FR),08/02/2026 14:15:00,Other,,,,3yo+,None,6f,6,1206,1320,Good,Turf,4719416,Major Oak right,84857,Luke Morris right,34154,Marian Falk Weissmeier right,6,,11,3,8-9,137,196/10,20.6,85,,,CompletedRace,9,0.3,5.25,00:01:10.1100000,70.11,,,,,,,,,,,,,,,,,,,,,,,
926122,Grand Handicap des Sprinters - World Pool By PMU (Turf),206,Deauville (FR),08/02/2026 14:15:00,Other,,,,3yo+,None,6f,6,1206,1320,Good,Turf,5507009,Tortisambert right,87600,Mickael Barzalona right,10210,F Chappet right,5,,2,2,9-6,150,16/5F,4.2,96,,,CompletedRace,10,0.2,5.25,00:01:10.1100000,70.11,,,,,,,,,,,,,,,,,,,,,,,
926122,Grand Handicap des Sprinters - World Pool By PMU (Turf),206,Deauville (FR),08/02/2026 14:15:00,Other,,,,3yo+,None,6f,6,1206,1320,Good,Turf,7493092,Glanworth right,93676,Ludovic Boisseau right,31606,N Bellanger right,4,b,18,6,8-6,134,138/10,14.8,82,,,CompletedRace,11,0.3,5.5,00:01:10.1600000,70.16,,,,,,,,,,,,,,,,,,,,,,,
926122,Grand Handicap des Sprinters - World Pool By PMU (Turf),206,Deauville (FR),08/02/2026 14:15:00,Other,,,,3yo+,None,6f,6,1206,1320,Good,Turf,4926655,Royalwood right,97546,Mme Frida Valle Skar right,13601,Mme C Barande-Barbe right,6,,8,17,8-13,141,42/1,43,88,,,CompletedRace,12,1.25,6.75,00:01:10.4100000,70.41,,,,,,,,,,,,,,,,,,,,,,,
926122,Grand Handicap des Sprinters - World Pool By PMU (Turf),206,Deauville (FR),08/02/2026 14:15:00,Other,,,,3yo+,None,6f,6,1206,1320,Good,Turf,3266431,Ozan right,84951,Aurelien Lemaitre right,5042,G Doleuze right,8,t,6,12,9-1,145,31/1,32,90,,,CompletedRace,13,0.2,7,00:01:10.4600000,70.46,,,,,,,,,,,,,,,,,,,,,,,
926122,Grand Handicap des Sprinters - World Pool By PMU (Turf),206,Deauville (FR),08/02/2026 14:15:00,Other,,,,3yo+,None,6f,6,1206,1320,Good,Turf,5172524,Fou Furieux right,84879,Maxime Guyon right,25119,N Caullery right,5,t,9,4,8-11,139,238/10,24.8,87,,,CompletedRace,14,2,9,00:01:10.8600000,70.86,,,,,,,,,,,,,,,,,,,,,,,
926122,Grand Handicap des Sprinters - World Pool By PMU (Turf),206,Deauville (FR),08/02/2026 14:15:00,Other,,,,3yo+,None,6f,6,1206,1320,Good,Turf,6309492,Baileys Bachelor right,75499,Stephane Pasquier right,15248,J-V Toux right,5,,13,1,8-8,136,44/5,9.8,84,,,CompletedRace,15,1.25,10.25,00:01:11.1100000,71.11,,,,,,,,,,,,,,,,,,,,,,,
926122,Grand Handicap des Sprinters - World Pool By PMU (Turf),206,Deauville (FR),08/02/2026 14:15:00,Other,,,,3yo+,None,6f,6,1206,1320,Good,Turf,3593771,Regalien right,76125,Delphine Santiago right,13820,C Plisson right,7,,14,5,8-7,135,64/1,65,83,,,CompletedRace,16,0.5,10.75,00:01:11.2100000,71.21,,,,,,,,,,,,,,,,,,,,,,,
926122,Grand Handicap des Sprinters - World Pool By PMU (Turf),206,Deauville (FR),08/02/2026 14:15:00,Other,,,,3yo+,None,6f,6,1206,1320,Good,Turf,5105968,Darlinghurst right,102434,Pierre Le Digabel right,42488,Pierre-Etienne Dubois right,5,h,12,14,8-8,136,72/1,73,84,,,CompletedRace,17,0.75,11.5,00:01:11.3600000,71.36,,,,,,,,,,,,,,,,,,,,,,,
926122,Grand Handicap des Sprinters - World Pool By PMU (Turf),206,Deauville (FR),08/02/2026 14:15:00,Other,,,,3yo+,None,6f,6,1206,1320,Good,Turf,7631393,Cath Hoche right,102536,Malone Favriaux right,37808,Ingrid Janackova Koplikova right,3,t,15,10,8-7,135,26/1,27,87,,,CompletedRace,18,1.5,13,00:01:11.6600000,71.66,,,,,,,,,,,,,,,,,,,,,,,
926120,Sky Sports Racing Prix de Psyche - Fonds Europeen de l'Elevage (Group 3) (Fillies) (Turf),206,Deauville (FR),08/02/2026 15:05:00,Other,,(Group 3),,3yo,Fillies,1m2f,10,2010,2200,Good,Turf,8437045,Symbol Of Majesty right,85793,William Buick right,38291,John &amp; Thady Gosden right,3,,6,5,9-0,144,27/10,3.7,91,,,CompletedRace,1,0,0,00:02:06.6300000,126.63,5/1,6,44,1-152,"£31,826",31826,91,111,,320131,Isa Salman & Abdulla Al Khalifa,New Bay,GB,Sovereign Parade,False,False,,68,,False,,GB,"Won first two starts before being beaten on handicap debut; ran significantly better after that in the Sandringham Stakes at Royal Ascot on first turf run, so respected up in trip and going into a Group race for the first time; William Buick has won on her before."
926120,Sky Sports Racing Prix de Psyche - Fonds Europeen de l'Elevage (Group 3) (Fillies) (Turf),206,Deauville (FR),08/02/2026 15:05:00,Other,,(Group 3),,3yo,Fillies,1m2f,10,2010,2200,Good,Turf,8165746,Evita right,75796,Christophe Soumillon right,39600,C &amp; Y Lerner right,3,p,3,7,9-0,144,8/5F,2.6,106,,,CompletedRace,2,0.5,0.5,00:02:06.7300000,126.73,5/6,1.8333333333333335,49,1-235,"£31,826",31826,106,122,,370271,"Bradley Thoroughbreds LLC, O Ghrghar & C & Y Lerner",Persian King,IRE,A Mist Opportunity,False,False,,100,,False,,FR,"Not won since 5l debut success as a 2yo but has shown steadily progressive form as she goes up in trip, and was just over 4l behind Diamond Necklace in the Prix de Diane when last seen; has to have sound claims dropped in class; now tried in cheekpieces."
926120,Sky Sports Racing Prix de Psyche - Fonds Europeen de l'Elevage (Group 3) (Fillies) (Turf),206,Deauville (FR),08/02/2026 15:05:00,Other,,(Group 3),,3yo,Fillies,1m2f,10,2010,2200,Good,Turf,7952222,Lefteye right,84879,Maxime Guyon right,43260,A &amp; L Fabre right,3,,8,3,9-0,144,4/1,5,96,,,CompletedRace,3,0.1,0.5,00:02:06.7300000,126.73,5/1,6,45,6-213,"£31,826",31826,96,111,,59934,Wertheimer & Frere,Siyouni,FR,Left Hand,False,False,,100,,False,1,GB,Has done much better as a 3yo compared to her 2yo run and finished third in a 1m4f Listed event when last seen in June; drop in trip won't be a problem and looks the type to give a solid account.
926120,Sky Sports Racing Prix de Psyche - Fonds Europeen de l'Elevage (Group 3) (Fillies) (Turf),206,Deauville (FR),08/02/2026 15:05:00,Other,,(Group 3),,3yo,Fillies,1m2f,10,2010,2200,Good,Turf,9308757,Elle Eclipse right,88520,Pierre-Charles Boudot right,43260,A &amp; L Fabre right,3,,4,4,9-0,144,59/10,6.9,,,,CompletedRace,4,3.5,4,00:02:07.4300000,127.43,10/1,11,30,1,"£31,826",31826,,114,,95175,Godolphin SNC,Too Darn Hot,GB,Elle Shade,False,False,,100,,True,2,IRE,"Only made her debut a month ago but posted a big effort by winning by more than 4l over 1m1f on good ground; trainer well known for not over-facing his horses, so encouraging sign to see her up into a Group 3 for her second start; could be anything."
926120,Sky Sports Racing Prix de Psyche - Fonds Europeen de l'Elevage (Group 3) (Fillies) (Turf),206,Deauville (FR),08/02/2026 15:05:00,Other,,(Group 3),,3yo,Fillies,1m2f,10,2010,2200,Good,Turf,8844449,Grande Baigneuse right,87600,Mickael Barzalona right,26118,F-H Graffard right,3,t,5,8,9-0,144,155/10,16.5,,,,CompletedRace,5,0.5,4.5,00:02:07.5300000,127.53,14/1,15,10,14,"£31,826",31826,,113,,208972,Gousserie Racing,Kingman,GB,Honorina,False,False,,80,,False,,GB,"Made a successful debut on the AW at Chantilly in February but wasn't seen then until ten days ago, when a close fourth at Vichy in a Listed event (1m2f, soft); should come on from that and be involved for a place at least; tongue-tie goes on."
926120,Sky Sports Racing Prix de Psyche - Fonds Europeen de l'Elevage (Group 3) (Fillies) (Turf),206,Deauville (FR),08/02/2026 15:05:00,Other,,(Group 3),,3yo,Fillies,1m2f,10,2010,2200,Good,Turf,9065290,Etincelle right,88850,Cristian Demuro right,36990,Mario Baratti right,3,,7,1,9-0,144,135/10,14.5,,,,CompletedRace,6,1.25,5.75,00:02:07.7800000,127.78,10/1,11,94,21,"£31,826",31826,,118,,370404,LNJ Foxwoods SC & Ecurie Des Monceaux,Dubawi,IRE,Aviatress,False,False,,,,False,,GB,"Chased home a Group horse on debut and then posted a big figure when landing a maiden at Longchamp (1m2f, good); not seen for three months, so hard to know what to expect, but good chance she has lots of improvement to come."
926120,Sky Sports Racing Prix de Psyche - Fonds Europeen de l'Elevage (Group 3) (Fillies) (Turf),206,Deauville (FR),08/02/2026 15:05:00,Other,,(Group 3),,3yo,Fillies,1m2f,10,2010,2200,Good,Turf,9631852,Harmonize right,6901,James Doyle right,24210,P Cottier right,3,,2,6,9-0,144,27/1,28,,,,CompletedRace,7,1.75,7.5,00:02:08.1300000,128.13,33/1,34,199,1,"£31,826",31826,,97,,375857,"AP Racing SC, Bernard Giraudon & Mustapha Bekhti",Toronado,IRE,Rosehill,False,False,,,,True,,FR,Not seen since winning on her debut at Cagnes-Sur-Mer in January over 1m2f on a standard AW surface; hard to know what to expect on first turf start following an absence but James Doyle is an eyecatching jockey booking.
926120,Sky Sports Racing Prix de Psyche - Fonds Europeen de l'Elevage (Group 3) (Fillies) (Turf),206,Deauville (FR),08/02/2026 15:05:00,Other,,(Group 3),,3yo,Fillies,1m2f,10,2010,2200,Good,Turf,8313776,Farflies right,95388,David Egan right,32325,Amy Murphy right,3,p,1,2,9-0,144,58/1,59,86,,,CompletedRace,8,5,12.5,00:02:09.1300000,129.13,40/1,41,18,13-4,"£31,826",31826,86,104,,167464,J Acheson,Far Above,IRE,Fireflies,False,False,,100,,True,,IRE,"Dead-heated on debut over 7f at Strasbourg before a couple of fair efforts, albeit none that suggest she can win at this level; others far easier to make cases for despite cheekpieces going on."
926117,Prix Rothschild - Fonds Europeen de l'Elevage - World Pool By PMU (Group 1) (Fillies &amp; Mares) (Turf),206,Deauville (FR),08/02/2026 15:40:00,Other,,(Group 1),,3yo+,Fillies,1m,8,1608,1760,Good,Turf,7360560,Blue Bolt right,89959,Colin Keane right,15605,Andrew Balding right,4,,1,1,9-5,149,1/2F,1.5,119,,,CompletedRace,1,0,0,00:01:35.7300000,95.73,Evs,2,23,22-111,"£149,061",149061,119,132,,301671,Juddmonte,Blue Point,IRE,Mayhem,False,False,,55,,False,,IRE,"3-3 this season and is an improved performer; followed her Duke of Cambridge win at Royal Ascot with a first top-flight success in the Falmouth, where she had too much foot for Precise; this flatter track won't inconvenience and she is the one to beat in a race lacking in depth."
926117,Prix Rothschild - Fonds Europeen de l'Elevage - World Pool By PMU (Group 1) (Fillies &amp; Mares) (Turf),206,Deauville (FR),08/02/2026 15:40:00,Other,,(Group 1),,3yo+,Fillies,1m,8,1608,1760,Good,Turf,7601611,Precise right,79202,Ryan Moore right,7978,A P O'Brien right,3,,7,4,8-13,141,12/5,3.4,115,,,CompletedRace,2,0.5,0.5,00:01:35.8300000,95.83,7/4,2.75,23,1-7112,"£149,061",149061,115,128,,296815,Derrick Smith/Mrs John Magnier/Michael Tabor/Westerberg,Starspangledbanner,AUS,Way To My Heart,False,False,,53,,False,,IRE,"Disappointed behind True Love in the 1,000 Guineas at Newmarket but made amends in the Irish equivalent, reversing placings with that rival; followed up in the Coronation Stakes at Royal Ascot but found Blue Bolt too quick in the Falmouth; this track could suit but a pb needed if she is to reverse placings with the Balding filly."
926117,Prix Rothschild - Fonds Europeen de l'Elevage - World Pool By PMU (Group 1) (Fillies &amp; Mares) (Turf),206,Deauville (FR),08/02/2026 15:40:00,Other,,(Group 1),,3yo+,Fillies,1m,8,1608,1760,Good,Turf,7718164,Moon Target right,84857,Luke Morris right,67,Sir Mark Prescott Bt right,3,,6,5,8-13,141,269/10,27.9,108,,,CompletedRace,3,1.75,2.25,00:01:36.1800000,96.18,12/1,13,44,2738-4,"£149,061",149061,108,121,,16105,Cheveley Park Stud,Cracksman,GB,Lunar Corona,False,False,,60,,False,,GB,"Smart juvenile who was placed in the Rockfel before disappointing in the Fillies' Mile, both runs in cheekpieces; posted a career-best effort with that equipment left off when fourth to Precise in the Coronation Stakes on her reappearance; should be better for that run and has minor place claims."
926117,Prix Rothschild - Fonds Europeen de l'Elevage - World Pool By PMU (Group 1) (Fillies &amp; Mares) (Turf),206,Deauville (FR),08/02/2026 15:40:00,Other,,(Group 1),,3yo+,Fillies,1m,8,1608,1760,Good,Turf,7718166,Evolutionist right,86349,Shane Foley right,5019,K R Burke right,3,,5,6,8-13,141,34/1,35,111,,,CompletedRace,4,0.2,2.5,00:01:36.2300000,96.23,10/1,11,23,3-1284,"£149,061",149061,111,122,,373862,Ace Stud,Night Of Thunder,IRE,Model Guest,False,False,,60,,False,,IRE,"Stepped up on her juvenile form when winning the Group 3 Grotte (in front of a disappointing Green Spirit) on her reappearance and registered a pb when second to True Love in the 1,000 Guineas; didn't stay 10.5f in the Diane but, although faring better back at 1m in the Falmouth, has work to do to reverse placings with Blue Bolt and Precise."
926117,Prix Rothschild - Fonds Europeen de l'Elevage - World Pool By PMU (Group 1) (Fillies &amp; Mares) (Turf),206,Deauville (FR),08/02/2026 15:40:00,Other,,(Group 1),,3yo+,Fillies,1m,8,1608,1760,Good,Turf,7129555,Godspeed right,6901,James Doyle right,39600,C &amp; Y Lerner right,4,h,3,3,9-5,149,48/1,49,107,,,CompletedRace,5,0.2,2.5,00:01:36.2300000,96.23,20/1,21,46,147-29,"£149,061",149061,107,123,,325088,Wathnan Racing,Hello Youmzain,FR,Mary's Precedent,False,False,,100,,False,,FR,"Fourth to Fallen Angel in this race last year and looked an improved performer when successful in a Listed event over 7f at Longchamp on her reappearance; below that level in the Duke of Cambridge at Royal Ascot and, although she's better than that, she has something to find with the principals."
926117,Prix Rothschild - Fonds Europeen de l'Elevage - World Pool By PMU (Group 1) (Fillies &amp; Mares) (Turf),206,Deauville (FR),08/02/2026 15:40:00,Other,,(Group 1),,3yo+,Fillies,1m,8,1608,1760,Good,Turf,6728390,Gaga Girl right,87600,Mickael Barzalona right,41805,Gerald Mosse right,4,t,2,8,9-5,149,168/10,17.8,100,,,CompletedRace,6,0.1,2.75,00:01:36.2800000,96.28,33/1,34,29,2-1291,"£149,061",149061,100,114,,276006,Jayne McGivern,The Grey Gatsby,IRE,Cinnamon Girl,False,False,,100,,False,,FR,Exposed performer who has won three of her 12 starts; ran to her best when winning a Listed event over C&D last time but she'll need a big jump forward if she's to figure at the finish.
926117,Prix Rothschild - Fonds Europeen de l'Elevage - World Pool By PMU (Group 1) (Fillies &amp; Mares) (Turf),206,Deauville (FR),08/02/2026 15:40:00,Other,,(Group 1),,3yo+,Fillies,1m,8,1608,1760,Good,Turf,7570684,Green Spirit right,84879,Maxime Guyon right,35411,Christopher Head right,3,b,8,7,8-13,141,21/1,22,108,,,CompletedRace,7,3.5,6.25,00:01:36.9800000,96.98,20/1,21,49,12-439,"£149,061",149061,108,120,,59934,Wertheimer & Frere,Kingman,GB,Sapphire Pendant,False,False,,100,,False,,USA,Best effort when close second to Diamond Necklace in last year's Marcel Boussac but beaten further by that rival in the Pouliches and didn't stay 10.5f in the Diane; return to 1m should suit but work to do if she's to compete with the two market leaders on these terms.
926117,Prix Rothschild - Fonds Europeen de l'Elevage - World Pool By PMU (Group 1) (Fillies &amp; Mares) (Turf),206,Deauville (FR),08/02/2026 15:40:00,Other,,(Group 1),,3yo+,Fillies,1m,8,1608,1760,Good,Turf,6586892,Anakova right,88520,Pierre-Charles Boudot right,43260,A &amp; L Fabre right,4,,4,2,9-5,149,28/1,29,98,,,CompletedRace,8,1.25,7.5,00:01:37.2300000,97.23,25/1,26,80,425-21,"£149,061",149061,98,113,,59934,Wertheimer & Frere,Dubawi,IRE,Terrakova,False,False,,100,,True,1,IRE,Turned in her best effort when beating Gaga Girl in a Listed event on testing ground at Longchamp in May; considerably more needed if she's to follow up in this company.
926124,Prix du Quai de Saint-Etienne - World Pool By PMU (Handicap) (Polytrack),206,Deauville (FR),08/02/2026 16:15:00,Other,,,,4yo+,None,7½f,7.5,1508,1650,Standard To Slow,AllWeather,6064615,For Win right,75796,Christophe Soumillon right,38235,N Perret right,5,,4,7,9-5,149,5/1,6,62,,,CompletedRace,1,0,0,00:01:31.4800000,91.48,,,,,,,,,,,,,,,,,,,,,,,
926124,Prix du Quai de Saint-Etienne - World Pool By PMU (Handicap) (Polytrack),206,Deauville (FR),08/02/2026 16:15:00,Other,,,,4yo+,None,7½f,7.5,1508,1650,Standard To Slow,AllWeather,5770511,Nootka Bay right,93579,Clement Lecoeuvre right,21362,S Jesus right,5,t,1,4,9-7,151,37/10,4.7,64,,,CompletedRace,2,0.2,0.2,00:01:31.5200000,91.52,,,,,,,,,,,,,,,,,,,,,,,
926124,Prix du Quai de Saint-Etienne - World Pool By PMU (Handicap) (Polytrack),206,Deauville (FR),08/02/2026 16:15:00,Other,,,,4yo+,None,7½f,7.5,1508,1650,Standard To Slow,AllWeather,5605708,Grand Macho right,84764,Tony Piccone right,8149,C Boutin right,5,t,14,8,8-13,141,49/1,50,55,,,CompletedRace,3,0.75,1,00:01:31.6800000,91.68,,,,,,,,,,,,,,,,,,,,,,,
926124,Prix du Quai de Saint-Etienne - World Pool By PMU (Handicap) (Polytrack),206,Deauville (FR),08/02/2026 16:15:00,Other,,,,4yo+,None,7½f,7.5,1508,1650,Standard To Slow,AllWeather,4737830,Pierre Premier right,88850,Cristian Demuro right,39731,Xavier Blanchet right,6,t,5,13,9-4,148,101/10,11.1,61,,,CompletedRace,4,2,3,00:01:32.0800000,92.08,,,,,,,,,,,,,,,,,,,,,,,
926124,Prix du Quai de Saint-Etienne - World Pool By PMU (Handicap) (Polytrack),206,Deauville (FR),08/02/2026 16:15:00,Other,,,,4yo+,None,7½f,7.5,1508,1650,Standard To Slow,AllWeather,6803059,Aurora Borealis right,102536,Malone Favriaux right,34500,Mme A Wattel right,4,p,3,15,9-7,151,244/10,25.4,64,,,CompletedRace,5,0.2,3,00:01:32.0800000,92.08,,,,,,,,,,,,,,,,,,,,,,,
926124,Prix du Quai de Saint-Etienne - World Pool By PMU (Handicap) (Polytrack),206,Deauville (FR),08/02/2026 16:15:00,Other,,,,4yo+,None,7½f,7.5,1508,1650,Standard To Slow,AllWeather,5262462,Atlantic Ways right,87600,Mickael Barzalona right,41805,Gerald Mosse right,5,,2,3,9-7,151,31/10F,4.1,64,,,CompletedRace,6,0.05,3,00:01:32.0800000,92.08,,,,,,,,,,,,,,,,,,,,,,,
926124,Prix du Quai de Saint-Etienne - World Pool By PMU (Handicap) (Polytrack),206,Deauville (FR),08/02/2026 16:15:00,Other,,,,4yo+,None,7½f,7.5,1508,1650,Standard To Slow,AllWeather,5767690,Match Anthem right,94132,Marvin Grandin right,40007,Glen Braem right,5,t,6,2,9-4,148,46/1,47,61,,,CompletedRace,7,0.2,3.25,00:01:32.1300000,92.13,,,,,,,,,,,,,,,,,,,,,,,
926124,Prix du Quai de Saint-Etienne - World Pool By PMU (Handicap) (Polytrack),206,Deauville (FR),08/02/2026 16:15:00,Other,,,,4yo+,None,7½f,7.5,1508,1650,Standard To Slow,AllWeather,7320552,Umami right,101867,Dorian Provost right,20943,Y Barberot right,4,p,12,5,9-0,144,94/10,10.4,56,,,CompletedRace,7,0,3.25,00:01:32.1300000,92.13,,,,,,,,,,,,,,,,,,,,,,,
926124,Prix du Quai de Saint-Etienne - World Pool By PMU (Handicap) (Polytrack),206,Deauville (FR),08/02/2026 16:15:00,Other,,,,4yo+,None,7½f,7.5,1508,1650,Standard To Slow,AllWeather,5237881,Idee De Cheval right,95812,Thomas Trullier right,41693,Davy Bonilla right,6,t,8,14,9-3,147,60/1,61,60,,,CompletedRace,9,0.3,3.5,00:01:32.1800000,92.18,,,,,,,,,,,,,,,,,,,,,,,
926124,Prix du Quai de Saint-Etienne - World Pool By PMU (Handicap) (Polytrack),206,Deauville (FR),08/02/2026 16:15:00,Other,,,,4yo+,None,7½f,7.5,1508,1650,Standard To Slow,AllWeather,5309167,Sun Project right,88709,Eddy Hardouin right,26273,Leonardo D Racco right,5,t,16,9,8-10,138,245/10,25.5,53,,,CompletedRace,10,1,4.5,00:01:32.3800000,92.38,,,,,,,,,,,,,,,,,,,,,,,
926124,Prix du Quai de Saint-Etienne - World Pool By PMU (Handicap) (Polytrack),206,Deauville (FR),08/02/2026 16:15:00,Other,,,,4yo+,None,7½f,7.5,1508,1650,Standard To Slow,AllWeather,5492789,Wakai Go right,98386,Augustin Madamet right,19694,Vaclav Luka Jr right,8,tp,13,10,9-0,144,40/1,41,56,,,CompletedRace,11,0.3,4.75,00:01:32.4300000,92.43,,,,,,,,,,,,,,,,,,,,,,,
926124,Prix du Quai de Saint-Etienne - World Pool By PMU (Handicap) (Polytrack),206,Deauville (FR),08/02/2026 16:15:00,Other,,,,4yo+,None,7½f,7.5,1508,1650,Standard To Slow,AllWeather,4701494,Moon Rider right,98983,Mme Camille Collet-Vidal right,5772,Robert Collet right,6,,11,12,8-8,136,113/10,12.3,56,,,CompletedRace,12,0.2,5,00:01:32.4800000,92.48,,,,,,,,,,,,,,,,,,,,,,,
926124,Prix du Quai de Saint-Etienne - World Pool By PMU (Handicap) (Polytrack),206,Deauville (FR),08/02/2026 16:15:00,Other,,,,4yo+,None,7½f,7.5,1508,1650,Standard To Slow,AllWeather,5474517,Vibrato right,99887,Luca Carboni right,39731,Xavier Blanchet right,5,tb,10,11,9-1,145,40/1,41,57,,,CompletedRace,13,0.5,5.5,00:01:32.5800000,92.58,,,,,,,,,,,,,,,,,,,,,,,
926124,Prix du Quai de Saint-Etienne - World Pool By PMU (Handicap) (Polytrack),206,Deauville (FR),08/02/2026 16:15:00,Other,,,,4yo+,None,7½f,7.5,1508,1650,Standard To Slow,AllWeather,3763209,Cour Du Roi right,84951,Aurelien Lemaitre right,26592,M Baudy right,7,b,7,6,9-3,147,23/1,24,60,,,CompletedRace,14,2.5,8,00:01:33.0800000,93.08,,,,,,,,,,,,,,,,,,,,,,,
926124,Prix du Quai de Saint-Etienne - World Pool By PMU (Handicap) (Polytrack),206,Deauville (FR),08/02/2026 16:15:00,Other,,,,4yo+,None,7½f,7.5,1508,1650,Standard To Slow,AllWeather,6523174,With Zest right,93676,Ludovic Boisseau right,18119,Mme C Janssen right,4,t,15,1,8-13,141,52/1,53,55,,,CompletedRace,15,0.75,8.75,00:01:33.2300000,93.23,,,,,,,,,,,,,,,,,,,,,,,
926124,Prix du Quai de Saint-Etienne - World Pool By PMU (Handicap) (Polytrack),206,Deauville (FR),08/02/2026 16:15:00,Other,,,,4yo+,None,7½f,7.5,1508,1650,Standard To Slow,AllWeather,5132146,Une Peinture right,88520,Pierre-Charles Boudot right,38552,S Ghys right,5,tp,9,16,9-3,147,29/1,30,60,,,CompletedRace,16,1.75,10.5,00:01:33.5800000,93.58,,,,,,,,,,,,,,,,,,,,,,,
926125,Prix de Cagny - World Pool By PMU (Handicap) (Turf),206,Deauville (FR),08/02/2026 16:50:00,Other,,,,3yo+,None,6f,6,1206,1320,Good,Turf,4599371,Capitano right,102536,Malone Favriaux right,19694,Vaclav Luka Jr right,6,t,6,5,9-2,146,37/1,38,76,,,CompletedRace,1,0,0,00:01:09.7400000,69.74,,,,,,,,,,,,,,,,,,,,,,,
926125,Prix de Cagny - World Pool By PMU (Handicap) (Turf),206,Deauville (FR),08/02/2026 16:50:00,Other,,,,3yo+,None,6f,6,1206,1320,Good,Turf,7762455,Daisy Daisy right,98386,Augustin Madamet right,35382,Edouard Monfort right,3,p,13,6,8-10,138,112/10,12.2,75,,,CompletedRace,2,0.5,0.5,00:01:09.8400000,69.84,,,,,,,,,,,,,,,,,,,,,,,
926125,Prix de Cagny - World Pool By PMU (Handicap) (Turf),206,Deauville (FR),08/02/2026 16:50:00,Other,,,,3yo+,None,6f,6,1206,1320,Good,Turf,2943642,Fuchsia right,97546,Mme Frida Valle Skar right,34429,A Schepens right,9,t,16,8,8-7,135,97/10,10.7,67,,,CompletedRace,3,0.3,0.75,00:01:09.8900000,69.89,,,,,,,,,,,,,,,,,,,,,,,
926125,Prix de Cagny - World Pool By PMU (Handicap) (Turf),206,Deauville (FR),08/02/2026 16:50:00,Other,,,,3yo+,None,6f,6,1206,1320,Good,Turf,5878976,Prince Aubois right,95812,Thomas Trullier right,34153,Mme Stephanie Penot right,4,p,3,1,9-5,149,164/10,17.4,79,,,CompletedRace,4,0.1,1,00:01:09.9400000,69.94,,,,,,,,,,,,,,,,,,,,,,,
926125,Prix de Cagny - World Pool By PMU (Handicap) (Turf),206,Deauville (FR),08/02/2026 16:50:00,Other,,,,3yo+,None,6f,6,1206,1320,Good,Turf,3964394,Bacchilide right,93579,Clement Lecoeuvre right,8059,Maurizio Guarnieri right,7,tp,14,9,8-10,138,139/10,14.9,69,,,CompletedRace,5,0.5,1.5,00:01:10.0400000,70.04,,,,,,,,,,,,,,,,,,,,,,,
926125,Prix de Cagny - World Pool By PMU (Handicap) (Turf),206,Deauville (FR),08/02/2026 16:50:00,Other,,,,3yo+,None,6f,6,1206,1320,Good,Turf,5831471,Gallius right,100273,Mme Lorette Gallo right,12681,M Boutin right,4,,9,10,8-13,141,145/10,15.5,73,,,CompletedRace,6,1.25,2.75,00:01:10.2900000,70.29,,,,,,,,,,,,,,,,,,,,,,,
926125,Prix de Cagny - World Pool By PMU (Handicap) (Turf),206,Deauville (FR),08/02/2026 16:50:00,Other,,,,3yo+,None,6f,6,1206,1320,Good,Turf,4992623,Wild West right,84879,Maxime Guyon right,25119,N Caullery right,6,t,8,2,8-13,141,27/10F,3.7,73,,,CompletedRace,7,0.2,2.75,00:01:10.2900000,70.29,,,,,,,,,,,,,,,,,,,,,,,
926125,Prix de Cagny - World Pool By PMU (Handicap) (Turf),206,Deauville (FR),08/02/2026 16:50:00,Other,,,,3yo+,None,6f,6,1206,1320,Good,Turf,6175489,Shearkan right,84764,Tony Piccone right,11363,H-A Pantall right,4,,1,11,9-7,151,151/10,16.1,82,,,CompletedRace,8,1.25,4,00:01:10.5400000,70.54,,,,,,,,,,,,,,,,,,,,,,,
926125,Prix de Cagny - World Pool By PMU (Handicap) (Turf),206,Deauville (FR),08/02/2026 16:50:00,Other,,,,3yo+,None,6f,6,1206,1320,Good,Turf,3579022,Danelo right,88850,Cristian Demuro right,5007,H Blume right,8,,5,7,9-2,146,155/10,16.5,76,,,CompletedRace,9,0.2,4.25,00:01:10.5900000,70.59,,,,,,,,,,,,,,,,,,,,,,,
926125,Prix de Cagny - World Pool By PMU (Handicap) (Turf),206,Deauville (FR),08/02/2026 16:50:00,Other,,,,3yo+,None,6f,6,1206,1320,Good,Turf,3244599,Drogo right,76125,Delphine Santiago right,11159,Mme V Dissaux right,8,ht,11,3,8-11,139,59/1,60,72,,,CompletedRace,10,0.2,4.5,00:01:10.6400000,70.64,,,,,,,,,,,,,,,,,,,,,,,
926125,Prix de Cagny - World Pool By PMU (Handicap) (Turf),206,Deauville (FR),08/02/2026 16:50:00,Other,,,,3yo+,None,6f,6,1206,1320,Good,Turf,4624599,Sadalbari right,87600,Mickael Barzalona right,33722,Miroslav Nieslanik right,6,tb,2,4,9-6,150,4/1,5,80,,,CompletedRace,11,0.1,4.5,00:01:10.6400000,70.64,,,,,,,,,,,,,,,,,,,,,,,
926125,Prix de Cagny - World Pool By PMU (Handicap) (Turf),206,Deauville (FR),08/02/2026 16:50:00,Other,,,,3yo+,None,6f,6,1206,1320,Good,Turf,4963759,Bid For Chester right,88520,Pierre-Charles Boudot right,35382,Edouard Monfort right,5,t,4,13,9-4,148,202/10,21.2,78,,,CompletedRace,12,0.3,4.75,00:01:10.6900000,70.69,,,,,,,,,,,,,,,,,,,,,,,
926125,Prix de Cagny - World Pool By PMU (Handicap) (Turf),206,Deauville (FR),08/02/2026 16:50:00,Other,,,,3yo+,None,6f,6,1206,1320,Good,Turf,5973508,Zeolakis right,75499,Stephane Pasquier right,34154,Marian Falk Weissmeier right,5,t,15,15,8-8,136,236/10,24.6,68,,,CompletedRace,13,0.75,5.5,00:01:10.8400000,70.84,,,,,,,,,,,,,,,,,,,,,,,
926125,Prix de Cagny - World Pool By PMU (Handicap) (Turf),206,Deauville (FR),08/02/2026 16:50:00,Other,,,,3yo+,None,6f,6,1206,1320,Good,Turf,4552173,Bauhinia Rhapsody right,93132,Pierre Bazire right,15248,J-V Toux right,6,,7,14,9-0,144,32/1,33,74,,,CompletedRace,14,0.2,5.75,00:01:10.8900000,70.89,,,,,,,,,,,,,,,,,,,,,,,
926125,Prix de Cagny - World Pool By PMU (Handicap) (Turf),206,Deauville (FR),08/02/2026 16:50:00,Other,,,,3yo+,None,6f,6,1206,1320,Good,Turf,8052942,Bonjour Ca Va right,94132,Marvin Grandin right,16575,M Rulec right,4,,12,16,8-11,139,30/1,31,72,,,CompletedRace,15,1.25,7,00:01:11.1400000,71.14,,,,,,,,,,,,,,,,,,,,,,,
926125,Prix de Cagny - World Pool By PMU (Handicap) (Turf),206,Deauville (FR),08/02/2026 16:50:00,Other,,,,3yo+,None,6f,6,1206,1320,Good,Turf,9340094,Shy Feeling right,94366,Hugo Journiac right,31606,N Bellanger right,3,h,10,12,8-13,141,55/1,56,77,,,CompletedRace,16,1.5,8.5,00:01:11.4400000,71.44,,,,,,,,,,,,,,,,,,,,,,,
926126,Prix du Quai de la Quarantaine - World Pool By PMU (Handicap) (Polytrack),206,Deauville (FR),08/02/2026 17:25:00,Other,,,,4yo+,None,7½f,7.5,1508,1650,Standard To Slow,AllWeather,4459175,D Day Man right,87600,Mickael Barzalona right,25119,N Caullery right,7,t,5,13,9-3,147,56/10,6.6,49,,,CompletedRace,1,0,0,00:01:32.2500000,92.25,,,,,,,,,,,,,,,,,,,,,,,
926126,Prix du Quai de la Quarantaine - World Pool By PMU (Handicap) (Polytrack),206,Deauville (FR),08/02/2026 17:25:00,Other,,,,4yo+,None,7½f,7.5,1508,1650,Standard To Slow,AllWeather,2483351,Kavakney right,103325,Costantino Carboni right,10641,J-M Plasschaert right,10,,15,5,8-3,131,28/1,29,37,,,CompletedRace,2,0.1,0.1,00:01:32.2700000,92.27,,,,,,,,,,,,,,,,,,,,,,,
926126,Prix du Quai de la Quarantaine - World Pool By PMU (Handicap) (Polytrack),206,Deauville (FR),08/02/2026 17:25:00,Other,,,,4yo+,None,7½f,7.5,1508,1650,Standard To Slow,AllWeather,6260941,Si Capo Si right,95509,Hugo Boutin right,12681,M Boutin right,5,,10,2,9-1,145,151/10,16.1,46,,,CompletedRace,3,2,2,00:01:32.6500000,92.65,,,,,,,,,,,,,,,,,,,,,,,
926126,Prix du Quai de la Quarantaine - World Pool By PMU (Handicap) (Polytrack),206,Deauville (FR),08/02/2026 17:25:00,Other,,,,4yo+,None,7½f,7.5,1508,1650,Standard To Slow,AllWeather,5492837,Missouri right,98386,Augustin Madamet right,24142,L Guilloux right,6,ht,1,6,9-7,151,48/10,5.8,53,,,CompletedRace,4,0.2,2.25,00:01:32.7000000,92.7,,,,,,,,,,,,,,,,,,,,,,,
926126,Prix du Quai de la Quarantaine - World Pool By PMU (Handicap) (Polytrack),206,Deauville (FR),08/02/2026 17:25:00,Other,,,,4yo+,None,7½f,7.5,1508,1650,Standard To Slow,AllWeather,5803596,Charismatic Chick right,104622,Mme Axelle Duquesnoy right,8149,C Boutin right,4,,8,1,8-8,136,42/1,43,47,,,CompletedRace,5,0.2,2.5,00:01:32.7500000,92.75,,,,,,,,,,,,,,,,,,,,,,,
926126,Prix du Quai de la Quarantaine - World Pool By PMU (Handicap) (Polytrack),206,Deauville (FR),08/02/2026 17:25:00,Other,,,,4yo+,None,7½f,7.5,1508,1650,Standard To Slow,AllWeather,5394025,Zoubareva right,102647,Nicolas Baudet right,40736,Mbolatiana Andriantsoa Ratsimihah right,6,b,16,16,8-0,128,54/1,55,35,,,CompletedRace,6,0.5,3,00:01:32.8500000,92.85,,,,,,,,,,,,,,,,,,,,,,,
926126,Prix du Quai de la Quarantaine - World Pool By PMU (Handicap) (Polytrack),206,Deauville (FR),08/02/2026 17:25:00,Other,,,,4yo+,None,7½f,7.5,1508,1650,Standard To Slow,AllWeather,4556061,Lunala right,94132,Marvin Grandin right,39775,Helmi Boujardine right,6,t,6,14,9-3,147,29/1,30,49,,,CompletedRace,7,0.3,3.25,00:01:32.9000000,92.9,,,,,,,,,,,,,,,,,,,,,,,
926126,Prix du Quai de la Quarantaine - World Pool By PMU (Handicap) (Polytrack),206,Deauville (FR),08/02/2026 17:25:00,Other,,,,4yo+,None,7½f,7.5,1508,1650,Standard To Slow,AllWeather,4737855,Gray D'Albion right,105109,Bryan Labate right,21975,S Labate right,6,tp,7,7,8-13,141,104/10,11.4,47,,,CompletedRace,8,0.2,3.5,00:01:32.9500000,92.95,,,,,,,,,,,,,,,,,,,,,,,
926126,Prix du Quai de la Quarantaine - World Pool By PMU (Handicap) (Polytrack),206,Deauville (FR),08/02/2026 17:25:00,Other,,,,4yo+,None,7½f,7.5,1508,1650,Standard To Slow,AllWeather,7653201,Polo Baby right,93676,Ludovic Boisseau right,39754,D Artu right,4,t,11,8,9-1,145,99/10,10.9,46,,,CompletedRace,9,0.2,3.75,00:01:33,93,,,,,,,,,,,,,,,,,,,,,,,
926126,Prix du Quai de la Quarantaine - World Pool By PMU (Handicap) (Polytrack),206,Deauville (FR),08/02/2026 17:25:00,Other,,,,4yo+,None,7½f,7.5,1508,1650,Standard To Slow,AllWeather,3648374,The Charm right,76125,Delphine Santiago right,35528,Fabrice Fievez right,7,,2,12,9-3,147,30/1,31,52,,,CompletedRace,10,0.1,3.75,00:01:33,93,,,,,,,,,,,,,,,,,,,,,,,
926126,Prix du Quai de la Quarantaine - World Pool By PMU (Handicap) (Polytrack),206,Deauville (FR),08/02/2026 17:25:00,Other,,,,4yo+,None,7½f,7.5,1508,1650,Standard To Slow,AllWeather,7355956,Ciaccino right,100273,Mme Lorette Gallo right,12681,M Boutin right,4,tp,13,10,8-6,134,202/10,21.2,43,,,CompletedRace,11,0.5,4.25,00:01:33.1000000,93.1,,,,,,,,,,,,,,,,,,,,,,,
926126,Prix du Quai de la Quarantaine - World Pool By PMU (Handicap) (Polytrack),206,Deauville (FR),08/02/2026 17:25:00,Other,,,,4yo+,None,7½f,7.5,1508,1650,Standard To Slow,AllWeather,3229640,Autumn Twilight right,84879,Maxime Guyon right,25119,N Caullery right,8,b,4,11,9-4,148,209/10,21.9,50,,,CompletedRace,12,2.5,6.75,00:01:33.6000000,93.6,,,,,,,,,,,,,,,,,,,,,,,
926126,Prix du Quai de la Quarantaine - World Pool By PMU (Handicap) (Polytrack),206,Deauville (FR),08/02/2026 17:25:00,Other,,,,4yo+,None,7½f,7.5,1508,1650,Standard To Slow,AllWeather,2077214,Zaahir right,102536,Malone Favriaux right,24142,L Guilloux right,10,,14,9,8-8,136,54/1,55,40,,,CompletedRace,13,0.75,7.5,00:01:33.7500000,93.75,,,,,,,,,,,,,,,,,,,,,,,
926126,Prix du Quai de la Quarantaine - World Pool By PMU (Handicap) (Polytrack),206,Deauville (FR),08/02/2026 17:25:00,Other,,,,4yo+,None,7½f,7.5,1508,1650,Standard To Slow,AllWeather,5342146,Galilee Dream right,93132,Pierre Bazire right,15248,J-V Toux right,6,,3,15,9-6,150,63/1,64,52,,,CompletedRace,14,0.3,7.75,00:01:33.8000000,93.8,,,,,,,,,,,,,,,,,,,,,,,
926126,Prix du Quai de la Quarantaine - World Pool By PMU (Handicap) (Polytrack),206,Deauville (FR),08/02/2026 17:25:00,Other,,,,4yo+,None,7½f,7.5,1508,1650,Standard To Slow,AllWeather,5728036,Jiji My Love right,97546,Mme Frida Valle Skar right,20492,F-X Belvisi right,5,t,12,3,8-10,138,23/10F,3.3,45,,,CompletedRace,15,0.75,8.5,00:01:33.9500000,93.95,,,,,,,,,,,,,,,,,,,,,,,
926126,Prix du Quai de la Quarantaine - World Pool By PMU (Handicap) (Polytrack),206,Deauville (FR),08/02/2026 17:25:00,Other,,,,4yo+,None,7½f,7.5,1508,1650,Standard To Slow,AllWeather,3144943,Galik right,84764,Tony Piccone right,31270,James Grassick right,8,,9,4,9-1,145,269/10,27.9,46,,,CompletedRace,16,3.5,12,00:01:34.6500000,94.65,,,,,,,,,,,,,,,,,,,,,,,
925571,Clement L Hirsch Stakes Presented By Oak Tree Racing Association (Fillies &amp; Mares) (Grade 1) (Dirt),444,Del Mar (USA),08/02/2026 14:40:00,Other,,(Grade 1),,3yo+,Fillies,1m½f,8.5,1709,1870,Fast,Dirt,6247309,Eunomia right,101932,Micah J Husbands right,25931,Saffie A Joseph Jr right,4,,9,9,8-9,137,124/10,13.4,,,,CompletedRace,1,0,0,00:01:44.1000000,104.1,12/1,13,85,1-3126,"£177,778",177778,,130,,375730,St Elias Stables LLC & WSS Racing LLC,Tiz The Law,USA,Speedy Vanessa,False,False,,,,True,,USA,Beaten sixth of seven in an allowance Grade 2 at Belmont At The Big A three months ago; has achieved four wins from 15 career runs.
925571,Clement L Hirsch Stakes Presented By Oak Tree Racing Association (Fillies &amp; Mares) (Grade 1) (Dirt),444,Del Mar (USA),08/02/2026 14:40:00,Other,,(Grade 1),,3yo+,Fillies,1m½f,8.5,1709,1870,Fast,Dirt,6300664,Om N Joy right,2891,Kent J Desormeaux right,22801,Aggie Ordonez right,4,,3,3,8-11,139,13/2,7.5,,,,CompletedRace,2,0.5,0.5,00:01:44.2000000,104.2,6/1,7,63,4-3571,"£177,778",177778,,129,,372939,"Baker Stables LLC, Michael Golovko & Terrence J Scanlan",Om,USA,Margie's Minute,False,False,,,,False,,USA,Track has proven suitable before; on target three times in her last seven outings; had two of these in arrears at Santa Anita in May when springing a surpise to score by just under 4l (went off 17-2) in an allowance Grade 2.
925571,Clement L Hirsch Stakes Presented By Oak Tree Racing Association (Fillies &amp; Mares) (Grade 1) (Dirt),444,Del Mar (USA),08/02/2026 14:40:00,Other,,(Grade 1),,3yo+,Fillies,1m½f,8.5,1709,1870,Fast,Dirt,7086977,Simply Joking right,94991,Emisael Jaramillo right,16180,Michael McCarthy right,4,,6,6,8-9,137,77/10,8.7,,,,CompletedRace,3,1,1.5,00:01:44.4000000,104.4,4/1,5,63,23-412,"£177,778",177778,,127,,367752,"Berkels0813, Llc Et Al",Practical Joke,USA,Imply,False,False,,,,False,,USA,Successful three times from ten career runs; respectable effort when second in an allowance Grade 2 at Santa Anita behind Om N Joy two months ago; has won in classy company before and warrants consideration.
925571,Clement L Hirsch Stakes Presented By Oak Tree Racing Association (Fillies &amp; Mares) (Grade 1) (Dirt),444,Del Mar (USA),08/02/2026 14:40:00,Other,,(Grade 1),,3yo+,Fillies,1m½f,8.5,1709,1870,Fast,Dirt,7209382,Majestic Oops right,86308,Joel Rosario right,27805,Philip D'Amato right,6,,5,5,8-11,139,16/5,4.2,,,,CompletedRace,4,0.05,1.5,00:01:44.4000000,104.4,17/2,9.5,64,9-1133,"£177,778",177778,,134,,368778,"Medallion Racing, Trommer Et Al",Majestic Harbor,USA,Miss Oops,False,False,,,,True,2,USA,Has managed nine wins from 37 career runs; respectable third in an allowance Grade 2 at Churchill Downs on first run for current trainer two months ago; can't be ruled out.
925571,Clement L Hirsch Stakes Presented By Oak Tree Racing Association (Fillies &amp; Mares) (Grade 1) (Dirt),444,Del Mar (USA),08/02/2026 14:40:00,Other,,(Grade 1),,3yo+,Fillies,1m½f,8.5,1709,1870,Fast,Dirt,7227165,Hey Jessie right,91123,Antonio Fresu right,18268,Sean McCarthy right,4,,2,2,8-9,137,33/1,34,,,,CompletedRace,5,2.25,3.75,00:01:44.8500000,104.85,9/1,10,50,8-2615,"£177,778",177778,,128,,213568,Sayjay Racing LLC,Grazen,USA,Bea's Cee,False,False,,,,True,,USA,A proven winner with a career wins-runs record of 4-13 but all her victories have been gained at a lower level; finished fifth but wasn't beaten too far (just under 4l) back down to 1m2f (Santa Anita) 50 days ago in an allowance listed; running on dirt for the first time; a few rivals look in good form so may have to settle for supporting role at best.
925571,Clement L Hirsch Stakes Presented By Oak Tree Racing Association (Fillies &amp; Mares) (Grade 1) (Dirt),444,Del Mar (USA),08/02/2026 14:40:00,Other,,(Grade 1),,3yo+,Fillies,1m½f,8.5,1709,1870,Fast,Dirt,7086978,Chasten right,83381,Florent Geroux right,18362,Brad H Cox right,4,b,1,1,8-9,137,9/2,5.5,,,,CompletedRace,6,0.5,4.25,00:01:44.9500000,104.95,9/2,5.5,50,7-1151,"£177,778",177778,,126,,301671,Juddmonte,Into Mischief,USA,Lockdown,False,False,,,,False,,USA,Good winner in a black type at Delaware Park 49 days ago; on target three times in her last four outings; no surprise to see her go well.
925571,Clement L Hirsch Stakes Presented By Oak Tree Racing Association (Fillies &amp; Mares) (Grade 1) (Dirt),444,Del Mar (USA),08/02/2026 14:40:00,Other,,(Grade 1),,3yo+,Fillies,1m½f,8.5,1709,1870,Fast,Dirt,8309173,Bank Shot right,102177,Adrian Escobedo right,34864,Ryan Hanson right,3,b,4,4,8-5,133,76/1,77,,,,CompletedRace,7,7.25,11.5,00:01:46.4000000,106.4,18/1,19,49,-13233,"£177,778",177778,,114,,281376,WSS Racing LLC,Game Winner,USA,Puskita,False,False,,,,False,,USA,Recent runs have been consistent; not beaten too far when third of six 49 days ago at Santa Anita in a Grade 3; she can be taken on.
925571,Clement L Hirsch Stakes Presented By Oak Tree Racing Association (Fillies &amp; Mares) (Grade 1) (Dirt),444,Del Mar (USA),08/02/2026 14:40:00,Other,,(Grade 1),,3yo+,Fillies,1m½f,8.5,1709,1870,Fast,Dirt,6618001,Seismic Beauty right,89093,Juan J Hernandez right,5802,Bob Baffert right,5,,8,8,8-11,139,6/4F,2.5,,,,CompletedRace,8,15.75,27.25,00:01:49.5500000,109.55,7/2,4.5,63,1110-3,"£177,778",177778,,132,,176077,Boyd Racing LLC,Uncle Mo,USA,Knarsdale,False,False,,,,False,,USA,Has chalked up three wins from her last five; has scored over C&D; behind Om N Joy when third in May (Santa Anita) in an allowance Grade 2; stable going well a plus; strong contender as has some big wins on the CV.
925571,Clement L Hirsch Stakes Presented By Oak Tree Racing Association (Fillies &amp; Mares) (Grade 1) (Dirt),444,Del Mar (USA),08/02/2026 14:40:00,Other,,(Grade 1),,3yo+,Fillies,1m½f,8.5,1709,1870,Fast,Dirt,8070696,A Thousand Miles right,98746,Edgar Payeras right,20759,Vann Belvoir right,4,,7,7,8-9,137,91/1,92,,,,CompletedRace,9,14.75,42,00:01:52.5000000,112.5,14/1,15,28,-48586,"£177,778",177778,,124,,361628,Bryon Seymore,Thousand Words,USA,Swiss Army Wife,False,False,,,,True,,USA,Beaten 28l (Los Alamitos Race Course) four weeks ago when dropped to 6 1/2f in an allowance Grade 2; not always shown an awful lot since winning a black type at Zia Park in November and has done all her winning at a lower level; a lot on her plate here and unlikely to trouble the principals.
926040,168th Henkel-Preis der Diana - German Oaks (Group 1) (Fillies) (Turf),240,Dusseldorf (GER),08/02/2026 14:40:00,Other,,(Group 1),,3yo,Fillies,1m3f,11,2211,2420,Good To Soft,Turf,8170140,Soreanga right,77442,Eduardo Pedroza right,8758,A Wohler right,3,,2,5,9-2,146,74/10,8.4,,,,CompletedRace,1,0,0,00:02:12.4200000,132.42,4/1,5,28,21-51,"£260,870",260870,,117,,97029,Stiftung Gestut Fahrhof,Siyouni,FR,Saltita,False,False,,,,False,,GER,
926040,168th Henkel-Preis der Diana - German Oaks (Group 1) (Fillies) (Turf),240,Dusseldorf (GER),08/02/2026 14:40:00,Other,,(Group 1),,3yo,Fillies,1m3f,11,2211,2420,Good To Soft,Turf,8187997,Lapotheose right,95774,Alexis Pouchin right,20943,Y Barberot right,3,p,1,10,9-2,146,6/5F,2.2,,,,CompletedRace,2,3.5,3.5,00:02:13.1977777,133.1977777,7/4,2.75,84,1-111,"£260,870",260870,,120,,362601,Riviera Equine S A R L & Maurice Lagasse,Wootton Bassett,GB,Loyale,False,False,,,,False,,FR,
926040,168th Henkel-Preis der Diana - German Oaks (Group 1) (Fillies) (Turf),240,Dusseldorf (GER),08/02/2026 14:40:00,Other,,(Group 1),,3yo,Fillies,1m3f,11,2211,2420,Good To Soft,Turf,9494757,Noble Lips right,97465,Benjamin Marie right,33092,Andreas Suborics right,3,,8,8,9-2,146,33/1,34,,,,CompletedRace,3,3,6.5,00:02:13.8644444,133.8644444,25/1,26,28,0233,"£260,870",260870,,111,,118216,Stall Lintec,Gleneagles,IRE,North Sun,False,False,,100,,False,,IRE,
926040,168th Henkel-Preis der Diana - German Oaks (Group 1) (Fillies) (Turf),240,Dusseldorf (GER),08/02/2026 14:40:00,Other,,(Group 1),,3yo,Fillies,1m3f,11,2211,2420,Good To Soft,Turf,9175110,Gua Lipa right,88642,Antoine Hamelin right,33092,Andreas Suborics right,3,,3,14,9-2,146,133/10,14.3,,,,CompletedRace,4,0.5,7,00:02:13.9755555,133.9755555,12/1,13,43,1-2413,"£260,870",260870,,117,,371666,Houlgate Racing,Cloth Of Stars,IRE,Gua Ginger,False,False,,100,,True,,FR,
926040,168th Henkel-Preis der Diana - German Oaks (Group 1) (Fillies) (Turf),240,Dusseldorf (GER),08/02/2026 14:40:00,Other,,(Group 1),,3yo,Fillies,1m3f,11,2211,2420,Good To Soft,Turf,8313777,Lady Evi right,97033,David Liska right,8758,A Wohler right,3,,7,12,9-2,146,171/10,18.1,,,,CompletedRace,5,0.05,7,00:02:13.9755555,133.9755555,9/1,10,42,131-22,"£260,870",260870,,114,,359509,Westminster Stud Gmbh,Masar,IRE,Middle Creek,False,False,,,,False,,GB,
926040,168th Henkel-Preis der Diana - German Oaks (Group 1) (Fillies) (Turf),240,Dusseldorf (GER),08/02/2026 14:40:00,Other,,(Group 1),,3yo,Fillies,1m3f,11,2211,2420,Good To Soft,Turf,9419811,Night Breath right,92477,Sibylle Vogt right,37618,Marcel Weiss right,3,,5,1,9-2,146,37/10,4.7,,,,CompletedRace,6,1.5,8.5,00:02:14.3088888,134.3088888,4/1,5,43,11,"£260,870",260870,,120,,60045,Gestut Wittekindshof,Bated Breath,GB,Near England,False,False,,,,False,,GER,
926040,168th Henkel-Preis der Diana - German Oaks (Group 1) (Fillies) (Turf),240,Dusseldorf (GER),08/02/2026 14:40:00,Other,,(Group 1),,3yo,Fillies,1m3f,11,2211,2420,Good To Soft,Turf,9162125,Aida right,87141,Miguel Lopez right,29681,Yasmin Almenrader right,3,,11,16,9-2,146,74/1,75,,,,CompletedRace,7,0.75,9.25,00:02:14.4755555,134.4755555,50/1,51,21,1-4842,"£260,870",260870,,108,,171032,Gestut Schallern,Alson,GER,Adoya,False,False,,100,,True,,GER,
926040,168th Henkel-Preis der Diana - German Oaks (Group 1) (Fillies) (Turf),240,Dusseldorf (GER),08/02/2026 14:40:00,Other,,(Group 1),,3yo,Fillies,1m3f,11,2211,2420,Good To Soft,Turf,9194366,Santa Catarina right,97382,Thore Hammer Hansen right,29732,Henk Grewe right,3,,6,7,9-2,146,143/10,15.3,,,,CompletedRace,8,0.2,9.5,00:02:14.5311111,134.5311111,33/1,34,70,1-216,"£260,870",260870,,117,,113317,Eckhard Sauren,Zarak,FR,Sconset,False,False,,100,,False,,GER,
926040,168th Henkel-Preis der Diana - German Oaks (Group 1) (Fillies) (Turf),240,Dusseldorf (GER),08/02/2026 14:40:00,Other,,(Group 1),,3yo,Fillies,1m3f,11,2211,2420,Good To Soft,Turf,9419812,The Magic Melody right,100454,Leon Wolff right,17105,S Smrczek right,3,,13,9,9-2,146,68/1,69,,,,CompletedRace,9,2,11.5,00:02:14.9755555,134.9755555,40/1,41,21,4551,"£260,870",260870,,106,,374202,Stall Phoenix Stable u.a.,Alson,GER,The Dancing Fairy,False,False,,,,False,,GER,
926040,168th Henkel-Preis der Diana - German Oaks (Group 1) (Fillies) (Turf),240,Dusseldorf (GER),08/02/2026 14:40:00,Other,,(Group 1),,3yo,Fillies,1m3f,11,2211,2420,Good To Soft,Turf,9419810,Giorgia right,99280,Enzo Crublet right,37618,Marcel Weiss right,3,,10,2,9-2,146,35/1,36,,,,CompletedRace,10,4.75,16.25,00:02:16.0311111,136.0311111,25/1,26,43,4-382,"£260,870",260870,,109,,186087,Gestut Paschberg,Siyouni,FR,Good Donna,False,False,,,,False,,IRE,
926040,168th Henkel-Preis der Diana - German Oaks (Group 1) (Fillies) (Turf),240,Dusseldorf (GER),08/02/2026 14:40:00,Other,,(Group 1),,3yo,Fillies,1m3f,11,2211,2420,Good To Soft,Turf,9308698,Chista right,96679,Dario Di Tocco right,16364,Waldemar Hickst right,3,,14,13,9-2,146,94/1,95,,,,CompletedRace,11,3,19.25,00:02:16.6977777,136.6977777,50/1,51,43,346,"£260,870",260870,,103,,322268,Darius Racing & Michael Motschmann,Isfahan,GER,Cheshmeh,False,False,,100,,True,,FR,
926040,168th Henkel-Preis der Diana - German Oaks (Group 1) (Fillies) (Turf),240,Dusseldorf (GER),08/02/2026 14:40:00,Other,,(Group 1),,3yo,Fillies,1m3f,11,2211,2420,Good To Soft,Turf,8101907,Sea The Storm right,89810,Enzo Corallo right,32325,Amy Murphy right,3,p,12,6,9-2,146,55/1,56,,,,CompletedRace,12,5.5,24.75,00:02:17.9200000,137.92,40/1,41,45,12-159,"£260,870",260870,,107,,333160,Tars Farm Equestrian Stud,Sea The Stars,IRE,Madhyana,False,False,,62,,True,,FR,
926040,168th Henkel-Preis der Diana - German Oaks (Group 1) (Fillies) (Turf),240,Dusseldorf (GER),08/02/2026 14:40:00,Other,,(Group 1),,3yo,Fillies,1m3f,11,2211,2420,Good To Soft,Turf,9194367,Wintersonne right,89686,Martin Seidl right,41350,Maxim Pecheur right,3,,9,4,9-2,146,26/1,27,,,,CompletedRace,13,3.75,28.5,00:02:18.7533333,138.7533333,40/1,41,28,11257,"£260,870",260870,,110,,317589,Gestut Rottgen,Too Darn Hot,GB,Weltmacht,False,False,,,,False,,GER,
926040,168th Henkel-Preis der Diana - German Oaks (Group 1) (Fillies) (Turf),240,Dusseldorf (GER),08/02/2026 14:40:00,Other,,(Group 1),,3yo,Fillies,1m3f,11,2211,2420,Good To Soft,Turf,8200954,Believe In Me right,86580,Rene Piechulek right,15413,Frau S Weis right,3,,4,15,9-2,146,183/10,19.3,,,,CompletedRace,14,2,30.5,00:02:19.1977777,139.1977777,12/1,13,28,16-622,"£260,870",260870,,117,,113056,Stall Lucky Owner,Intello,GER,Bravo Girl,False,False,,,,False,,GER,
926040,168th Henkel-Preis der Diana - German Oaks (Group 1) (Fillies) (Turf),240,Dusseldorf (GER),08/02/2026 14:40:00,Other,,(Group 1),,3yo,Fillies,1m3f,11,2211,2420,Good To Soft,Turf,8277354,Isfana right,77930,Dario Vargiu right,35970,Bohumil Nedorostek right,3,,16,3,9-2,146,56/1,57,,,,CompletedRace,15,23,53.5,00:02:24.3088888,144.3088888,40/1,41,8,36-51,"£260,870",260870,,111,,219262,Darius Racing,Isfahan,GER,Identity,False,False,,,,True,1,GER,
926042,Fritz Henkel-Preis (Group 3) (Turf),240,Dusseldorf (GER),08/02/2026 15:55:00,Other,,(Group 3),,3yo+,None,1m,8,1608,1760,Good To Soft,Turf,6143232,Sommersby right,77442,Eduardo Pedroza right,8758,A Wohler right,6,,2,5,9-0,144,54/10,6.4,,,,CompletedRace,1,0,0,00:01:35.0700000,95.07,,,59,114-93,"£27,826",27826,,113,,293811,Stall Chronos,Amaron,GB,Still Standing,False,False,,,,False,,GER,
926042,Fritz Henkel-Preis (Group 3) (Turf),240,Dusseldorf (GER),08/02/2026 15:55:00,Other,,(Group 3),,3yo+,None,1m,8,1608,1760,Good To Soft,Turf,6523154,Aster right,100454,Leon Wolff right,29732,Henk Grewe right,5,,5,1,8-10,138,48/10,5.8,,,,CompletedRace,2,1.25,1.25,00:01:35.3477777,95.3477777,,,28,68-125,"£27,826",27826,,113,,359896,Stall Route 66 & Bernd Reese,Outstrip,GB,Andrina,False,False,,100,,False,,GER,
926042,Fritz Henkel-Preis (Group 3) (Turf),240,Dusseldorf (GER),08/02/2026 15:55:00,Other,,(Group 3),,3yo+,None,1m,8,1608,1760,Good To Soft,Turf,5033161,Montanus right,92830,Bauyrzhan Murzabayev right,29681,Yasmin Almenrader right,6,,4,2,8-11,139,33/10,4.3,,,,CompletedRace,3,0.75,2,00:01:35.5144444,95.5144444,,,69,-44211,"£27,826",27826,,123,,222558,Susanne Ottofulling,Amaron,GB,Mia,False,False,,100,,True,,GER,
926042,Fritz Henkel-Preis (Group 3) (Turf),240,Dusseldorf (GER),08/02/2026 15:55:00,Other,,(Group 3),,3yo+,None,1m,8,1608,1760,Good To Soft,Turf,5357815,Borna right,77930,Dario Vargiu right,34154,Marian Falk Weissmeier right,5,,3,6,8-11,139,115/10,12.5,,,,CompletedRace,4,1.25,3.25,00:01:35.7922222,95.7922222,,,61,2/1-61,"£27,826",27826,,125,,219262,Darius Racing,Saxon Warrior,JPN,Kingdom Come,False,False,,,,True,2,FR,
926042,Fritz Henkel-Preis (Group 3) (Turf),240,Dusseldorf (GER),08/02/2026 15:55:00,Other,,(Group 3),,3yo+,None,1m,8,1608,1760,Good To Soft,Turf,7395122,Starlight Lips right,92477,Sibylle Vogt right,33092,Andreas Suborics right,4,,6,4,8-8,136,139/10,14.9,,,,CompletedRace,5,2,5.25,00:01:36.2366666,96.2366666,,,364,44-611,"£27,826",27826,,127,,118216,Stall Lintec,Ghaiyyath,IRE,Strawberry,False,False,,100,,True,,GER,
926042,Fritz Henkel-Preis (Group 3) (Turf),240,Dusseldorf (GER),08/02/2026 15:55:00,Other,,(Group 3),,3yo+,None,1m,8,1608,1760,Good To Soft,Turf,3299245,Best Lightning right,97465,Benjamin Marie right,33092,Andreas Suborics right,8,,1,3,9-2,146,EvensF,2,,,,CompletedRace,6,0.75,6,00:01:36.4033333,96.4033333,,,42,-12211,"£27,826",27826,,127,,220797,Stall Ad Episas,Sidestep,AUS,Best Dreaming,False,False,,100,,False,,FR,
925486,Glens Falls Stakes (Grade 2) (Fillies &amp; Mares) (Inner turf),445,Saratoga (USA),08/02/2026 10:09:00,Other,,(Grade 2),,4yo+,Fillies,1m4f,12,2412,2640,Firm,Turf,5439077,Survie right,88273,Flavien Prat right,36211,George Boughey right,5,,6,6,8-8,136,49/20F,3.45,,,,CompletedRace,1,0,0,00:02:31.2100000,151.21,8/1,9,47,-13436,"£111,110",111110,,135,125,48293,Michael Tabor,Churchill,IRE,Sotteville,False,False,,54,,True,,IRE,"Ex-French mare who has several pieces of Group 1 form over middle distances, including in Saudi Arabia for this yard in February; however, she's been well below par in her first two outings back in Britain this spring, albeit with 1m on AW too sharp for her on the first occasion; much better effort when sixth in the Listed Wolferton Stakes at Royal Ascot last time; big chance if back to here best"
925486,Glens Falls Stakes (Grade 2) (Fillies &amp; Mares) (Inner turf),445,Saratoga (USA),08/02/2026 10:09:00,Other,,(Grade 2),,4yo+,Fillies,1m4f,12,2412,2640,Firm,Turf,5092913,Storm Miami right,10766,John R Velazquez right,42306,Amelia J Green right,5,,5,5,8-8,136,191/10,20.1,,,,CompletedRace,2,1.75,1.75,00:02:31.5600000,151.56,16/1,17,50,5-5424,"£111,110",111110,,125,,337089,EGL-One Racing,Blue Point,IRE,Cosmic Love,False,False,,,,True,,IRE,Demoted third past the post at Delaware Park last month in an allowance Grade 3; has winning track form; wins have come at a lower level.
925486,Glens Falls Stakes (Grade 2) (Fillies &amp; Mares) (Inner turf),445,Saratoga (USA),08/02/2026 10:09:00,Other,,(Grade 2),,4yo+,Fillies,1m4f,12,2412,2640,Firm,Turf,4612862,Alluring Angel right,85540,Kendrick Carmouche right,1471,William Mott right,6,,1,1,8-8,136,167/10,17.7,,,,CompletedRace,3,2,3.75,00:02:31.9600000,151.96,7/1,8,50,317-82,"£111,110",111110,,133,,124601,Lawrence Goichman,Fastnet Rock,AUS,All Of Me,False,False,,,,False,,GB,Course winner; good second at Delaware Park behind Dona Clota 47 days ago in an allowance Grade 3; squeak despite being up in class.
925486,Glens Falls Stakes (Grade 2) (Fillies &amp; Mares) (Inner turf),445,Saratoga (USA),08/02/2026 10:09:00,Other,,(Grade 2),,4yo+,Fillies,1m4f,12,2412,2640,Firm,Turf,6657590,Massarat right,92679,Manuel Franco right,26181,Brendan P Walsh right,4,b,7,7,8-8,136,33/1,34,,,,CompletedRace,4,0.75,4.5,00:02:32.1100000,152.11,17/2,9.5,42,11-841,"£111,110",111110,,116,,61653,Shadwell Stable,Curlin,USA,Ayaady,False,False,,,,False,,USA,Scored by a slim margin in an allowance optional claimer at Belmont At The Big A five weeks ago; has achieved three wins from 11 career runs.
925486,Glens Falls Stakes (Grade 2) (Fillies &amp; Mares) (Inner turf),445,Saratoga (USA),08/02/2026 10:09:00,Other,,(Grade 2),,4yo+,Fillies,1m4f,12,2412,2640,Firm,Turf,5756265,Speed Shopper right,91146,Irad Ortiz Jr right,39448,William Walden right,5,,8,8,8-10,138,31/10,4.1,,,,CompletedRace,5,0.2,4.75,00:02:32.1600000,152.16,8/1,9,58,1-1317,"£111,110",111110,,133,,345190,"Gary Barber, Bridlewood Farm & Eclipse Thoroughbred Partners",Quality Road,USA,Fast Retailing,False,False,,,,True,,USA,Well held in the New York Stakes back down to 1m1 1/2f two months ago; has chalked up three wins from her last five; track has proven suitable before; proven at a high level and ought to be in the mix.
925486,Glens Falls Stakes (Grade 2) (Fillies &amp; Mares) (Inner turf),445,Saratoga (USA),08/02/2026 10:09:00,Other,,(Grade 2),,4yo+,Fillies,1m4f,12,2412,2640,Firm,Turf,6229207,Gezora right,86688,Junior Alvarado right,1471,William Mott right,4,,9,9,8-12,140,57/20,3.85,,,,CompletedRace,6,1.5,6.25,00:02:32.4600000,152.46,5/2,3.5,58,201-28,"£111,110",111110,,134,123,13731,Peter M Brant,Almanzor,FR,Germance,False,False,,,,True,2,FR,"Well held in the New York Stakes behind Speed Shopper, two months ago on debut for trainer; seeking a sixth career win; step down in class big plus."
925486,Glens Falls Stakes (Grade 2) (Fillies &amp; Mares) (Inner turf),445,Saratoga (USA),08/02/2026 10:09:00,Other,,(Grade 2),,4yo+,Fillies,1m4f,12,2412,2640,Firm,Turf,6120993,Dona Clota right,86588,Javier Castellano right,25931,Saffie A Joseph Jr right,5,,10,10,8-10,138,181/10,19.1,,,,CompletedRace,7,2.75,9,00:02:33.0100000,153.01,10/1,11,50,5-3761,"£111,110",111110,,124,,341689,Resolute Racing,Ivan Denisovich,IRE,Delfa,False,False,,,,False,,CHI,Broke her duck at the sixth attempt in an allowance Grade 3 at Delaware; improving and worth a shot in this Grade.
925486,Glens Falls Stakes (Grade 2) (Fillies &amp; Mares) (Inner turf),445,Saratoga (USA),08/02/2026 10:09:00,Other,,(Grade 2),,4yo+,Fillies,1m4f,12,2412,2640,Firm,Turf,4729928,Venencia right,101932,Micah J Husbands right,25931,Saffie A Joseph Jr right,6,,2,2,8-8,136,236/10,24.6,,,,CompletedRace,8,1.25,10.25,00:02:33.2600000,153.26,12/1,13,71,6-4662,"£111,110",111110,,125,,204701,Miller Racing LLC,Recoletos,FR,Sign Of Life,False,False,,,,False,,FR,Second in an allowance listed at Churchill Downs in May; has gained all her wins at a lower level; steps up in grade so others more appealing.
925486,Glens Falls Stakes (Grade 2) (Fillies &amp; Mares) (Inner turf),445,Saratoga (USA),08/02/2026 10:09:00,Other,,(Grade 2),,4yo+,Fillies,1m4f,12,2412,2640,Firm,Turf,7516454,Favorite Memory right,92018,Jose L Ortiz right,34962,Cherie DeVaux right,4,,4,4,8-8,136,5/1,6,,,,CompletedRace,9,2.5,12.75,00:02:33.7600000,153.76,12/1,13,64,9193-6,"£111,110",111110,,125,110,54847,John D Gunther,Frankel,GB,Smart Change,False,False,,,,True,2,GB,Finished sixth beaten just under 3l over 1m 1/2f at Churchill Downs (allowance Grade 3) two months ago;  is passed over despite this looking a little easier than last time.
926060,Adirondack Stakes (Grade 3) (Fillies) (Dirt),445,Saratoga (USA),08/02/2026 11:19:00,Other,,(Grade 3),,2yo,Fillies,6½f,6.5,1307,1430,Fast,Dirt,9631886,Stress Relief right,86688,Junior Alvarado right,43013,Kinnon LaRose right,2,,8,8,8-10,138,61/10,7.1,,,,CompletedRace,1,0,0,00:01:17.4500000,77.45,,,,,,,,,,,,,,,,,,,,,,,
926060,Adirondack Stakes (Grade 3) (Fillies) (Dirt),445,Saratoga (USA),08/02/2026 11:19:00,Other,,(Grade 3),,2yo,Fillies,6½f,6.5,1307,1430,Fast,Dirt,9276809,Luminous Beauty right,101079,Jose E Morelos right,28259,Jena M Antonucci right,2,,5,5,8-10,138,127/10,13.7,,,,CompletedRace,2,3.5,3.5,00:01:18.1500000,78.15,,,,,,,,,,,,,,,,,,,,,,,
926060,Adirondack Stakes (Grade 3) (Fillies) (Dirt),445,Saratoga (USA),08/02/2026 11:19:00,Other,,(Grade 3),,2yo,Fillies,6½f,6.5,1307,1430,Fast,Dirt,9472198,Scarlett Begonia right,91146,Irad Ortiz Jr right,18362,Brad H Cox right,2,,6,6,8-10,138,9/4,3.25,,,,CompletedRace,3,0.3,3.75,00:01:18.2000000,78.2,,,,,,,,,,,,,,,,,,,,,,,
926060,Adirondack Stakes (Grade 3) (Fillies) (Dirt),445,Saratoga (USA),08/02/2026 11:19:00,Other,,(Grade 3),,2yo,Fillies,6½f,6.5,1307,1430,Fast,Dirt,9631884,Bandmaster right,84649,Jose Lezcano right,28339,Oscar S Barrera III right,2,,1,1,8-10,138,52/1,53,,,,CompletedRace,4,1.75,5.5,00:01:18.5500000,78.55,,,,,,,,,,,,,,,,,,,,,,,
926060,Adirondack Stakes (Grade 3) (Fillies) (Dirt),445,Saratoga (USA),08/02/2026 11:19:00,Other,,(Grade 3),,2yo,Fillies,6½f,6.5,1307,1430,Fast,Dirt,9485557,Prime Aurora right,10766,John R Velazquez right,41675,Abraham Gardea right,2,b,7,7,8-10,138,236/10,24.6,,,,CompletedRace,5,1.25,6.75,00:01:18.8000000,78.8,,,,,,,,,,,,,,,,,,,,,,,
926060,Adirondack Stakes (Grade 3) (Fillies) (Dirt),445,Saratoga (USA),08/02/2026 11:19:00,Other,,(Grade 3),,2yo,Fillies,6½f,6.5,1307,1430,Fast,Dirt,9276804,Pierette right,92018,Jose L Ortiz right,9011,Mark Casse right,2,,3,3,8-10,138,11/5F,3.2,,,,CompletedRace,6,0.2,7,00:01:18.8500000,78.85,,,,,,,,,,,,,,,,,,,,,,,
926060,Adirondack Stakes (Grade 3) (Fillies) (Dirt),445,Saratoga (USA),08/02/2026 11:19:00,Other,,(Grade 3),,2yo,Fillies,6½f,6.5,1307,1430,Fast,Dirt,9276836,Washton right,90708,Ricardo Santana Jr right,11876,Steven Asmussen right,2,,4,4,8-10,138,102/10,11.2,,,,CompletedRace,7,10,17,00:01:20.8500000,80.85,,,,,,,,,,,,,,,,,,,,,,,
926060,Adirondack Stakes (Grade 3) (Fillies) (Dirt),445,Saratoga (USA),08/02/2026 11:19:00,Other,,(Grade 3),,2yo,Fillies,6½f,6.5,1307,1430,Fast,Dirt,9631885,Caroline's Girl right,88273,Flavien Prat right,25931,Saffie A Joseph Jr right,2,,2,2,8-10,138,22/5,5.4,,,,CompletedRace,8,13.75,30.75,00:01:23.6000000,83.6,,,,,,,,,,,,,,,,,,,,,,,
926060,Adirondack Stakes (Grade 3) (Fillies) (Dirt),445,Saratoga (USA),08/02/2026 11:19:00,Other,,(Grade 3),,2yo,Fillies,6½f,6.5,1307,1430,Fast,Dirt,9300236,Almighty One right,92679,Manuel Franco right,28636,Kevin Rice right,2,,9,9,8-10,138,47/1,48,,,,PulledUp,0,0,0,00:01:17.4500000,77.45,,,,,,,,,,,,,,,,,,,,,,,
