RaceId,RaceName,CourseId,CourseName,Off,RaceType,Class,Pattern,RatingBand,AgeBand,SexRestriction,Distance,DistanceInFurlongs,DistanceInMeters,DistanceInYards,Going,Surface,HorseId,HorseName,JockeyId,JockeyName,TrainerId,TrainerName,Age,HeadGear,RaceCardNumber,StallNumber,Weight,WeightInPounds,FractionalOdds,DecimalOdds,OfficialRating,RacingPostRating,TopSpeedRating,ResultStatus,FinishingPosition,BeatenDistance,OverallBeatenDistance,RaceTime,RaceTimeInSeconds,ForecastFractionalOdds,ForecastDecimalOdds,DaysSinceLastRun,FormFigures,PrizeMoney,PrizeMoneyValue,CardOfficialRating,CardRacingPostRating,CardTopSpeedRating,OwnerId,OwnerName,SireName,SireCountry,DamName,HeadgearFirstTime,GeldingFirstTime,WindSurgery,TrainerRtf,JockeyAllowanceLbs,JockeyFirstTime,NewTrainerRacesCount,CountryOfOrigin
929778,Racing TV Nursery Handicap,176,Bellewstown (IRE),10/01/2026 13:00:00,Other,,,,2yo,None,1m,8,1608,1760,Soft To Heavy,Turf,9317876,Sister Nancy,97031,Ben Coen,41273,Daniel McLoughlin,2,h,6,4,9-6,150,2/1,3,64,,,CompletedRace,1,0,0,00:01:43.1500000,103.15,8/1,9,30,460,"€7,068",7068,64,70,49,334368,On The Market Syndicate,Masar,IRE,La Patria,False,False,,50,,True,,IRE
929778,Racing TV Nursery Handicap,176,Bellewstown (IRE),10/01/2026 13:00:00,Other,,,,2yo,None,1m,8,1608,1760,Soft To Heavy,Turf,9263834,Cromane,86848,Gary Carroll,4572,Joseph G Murphy,2,,1,2,10-2,162,7/4F,2.75,74,,,CompletedRace,2,7,7,00:01:44.9000000,104.9,2/1,3,14,5701,"€7,068",7068,74,70,47,300346,Crampscastle Bloodstock Ltd,Territories,IRE,Grace And Glory,False,False,,57,,False,,GB
929778,Racing TV Nursery Handicap,176,Bellewstown (IRE),10/01/2026 13:00:00,Other,,,,2yo,None,1m,8,1608,1760,Soft To Heavy,Turf,9326717,Dropping Dimes,82458,Rory Cleary,12847,Jarlath P Fahey,2,,7,3,8-7,135,9/1,10,51,,,CompletedRace,3,4.25,11.25,00:01:45.9625000,105.9625,14/1,15,85,099,"€7,068",7068,51,68,58,268627,Mrs Catherine Harrison,Ghaiyyath,IRE,Tingleo,False,False,,17,,True,,IRE
929778,Racing TV Nursery Handicap,176,Bellewstown (IRE),10/01/2026 13:00:00,Other,,,,2yo,None,1m,8,1608,1760,Soft To Heavy,Turf,9554529,Green Sparkle,96266,Nathan Crosse,32145,Joseph Patrick O'Brien,2,,5,1,9-6,150,5/1,6,64,,,CompletedRace,4,1.25,12.5,00:01:46.2750000,106.275,5/2,3.5,44,900,"€7,068",7068,64,67,50,206920,Simon Munir & Isaac Souede,Lope De Vega,IRE,Runaway Sparkle,False,False,,51,,False,,IRE
929778,Racing TV Nursery Handicap,176,Bellewstown (IRE),10/01/2026 13:00:00,Other,,,,2yo,None,1m,8,1608,1760,Soft To Heavy,Turf,9409943,Violet Be Humble,104676,Reese Holohan,40375,Sean Davis,2,tp1,3,5,9-7,151,9/2,5.5,70,,,CompletedRace,5,0.5,13,00:01:46.4000000,106.4,8/1,9,12,455,"€7,068",7068,70,69,60,357860,Mrs A O'Callaghan,Cotai Glory,GB,Violet Warda,True,False,,50,5,True,,IRE
929780,Bellewstown Inn Fillies Maiden,176,Bellewstown (IRE),10/01/2026 13:35:00,Other,,,,3yo+,Fillies,1m,8,1608,1760,Soft To Heavy,Turf,7834661,White Sand Beach,100369,Jack Cleary,7978,A P O'Brien,3,b,4,2,8-12,140,5/6F,1.8333333333333335,79,,,CompletedRace,1,0,0,00:01:46.0900000,106.09,Evs,2,74,088224,"€7,068",7068,79,94,79,143761,Michael Tabor & Derrick Smith & Mrs John Magnier,Dubawi,IRE,Alice Springs,False,False,,57,5,True,,USA
929780,Bellewstown Inn Fillies Maiden,176,Bellewstown (IRE),10/01/2026 13:35:00,Other,,,,3yo+,Fillies,1m,8,1608,1760,Soft To Heavy,Turf,9490334,Xirivella,98517,Siobhan Rutledge,4446,Noel Meade,3,,5,5,9-3,147,15/2,8.5,70,,,CompletedRace,2,2.5,2.5,00:01:46.7150000,106.715,7/1,8,16,6335,"€7,068",7068,70,85,66,323750,Noel Meade Racing Ltd,Gleneagles,IRE,Miss Moon,False,False,,42,,True,,IRE
929780,Bellewstown Inn Fillies Maiden,176,Bellewstown (IRE),10/01/2026 13:35:00,Other,,,,3yo+,Fillies,1m,8,1608,1760,Soft To Heavy,Turf,9734686,Tax Me Later,104676,Reese Holohan,34668,Kevin Thomas Coleman,3,,2,4,8-12,140,11/10,2.1,77,,,CompletedRace,3,1.75,4.25,00:01:47.1525000,107.1525,5/4,2.25,30,32,"€7,068",7068,77,93,84,293293,Dreamers Alliance Syndicate,Lucky Vega,IRE,Polar Sea,False,False,,38,5,True,1,IRE
929780,Bellewstown Inn Fillies Maiden,176,Bellewstown (IRE),10/01/2026 13:35:00,Other,,,,3yo+,Fillies,1m,8,1608,1760,Soft To Heavy,Turf,9786758,Almost Okay,96266,Nathan Crosse,12847,Jarlath P Fahey,3,t1,1,3,9-3,147,125/1,126,,,,CompletedRace,4,7,11.25,00:01:48.9025000,108.9025,66/1,67,26,0,"€7,068",7068,,45,,266425,Triona Burbage,Gregorian,IRE,Methayel,True,False,,17,,True,,IRE
929780,Bellewstown Inn Fillies Maiden,176,Bellewstown (IRE),10/01/2026 13:35:00,Other,,,,3yo+,Fillies,1m,8,1608,1760,Soft To Heavy,Turf,9861103,Valerie O,101012,James Ryan,31882,Nigel Thomas Slevin,3,,3,1,9-3,147,200/1,201,,,,CompletedRace,5,7.5,18.75,00:01:50.7775000,110.7775,100/1,101,10,0,"€7,068",7068,,24,,277784,Judith Long,Nando Parrado,GB,Avaselle,False,False,,25,,True,,IRE
929781,Bluegrass Horse Feed Handicap,176,Bellewstown (IRE),10/01/2026 14:10:00,Other,,,0-60,3yo,None,1m,8,1608,1760,Soft To Heavy,Turf,8058123,Big Bill,104676,Reese Holohan,41541,Aidan Melia,3,p1,3,3,9-7,151,4/1,5,56,,,CompletedRace,1,0,0,00:01:43.1000000,103.1,9/2,5.5,3,0760-5,"€5,900",5900,56,56,52,342291,Ms M Connolly,Wooded,IRE,Manadream,True,False,,50,5,True,,FR
929781,Bluegrass Horse Feed Handicap,176,Bellewstown (IRE),10/01/2026 14:10:00,Other,,,0-60,3yo,None,1m,8,1608,1760,Soft To Heavy,Turf,8179310,Arizona Star,100805,Wesley Joyce,17940,Michael Mulvany,3,,9,5,8-10,138,7/2J,4.5,40,,,CompletedRace,2,0.5,0.5,00:01:43.2250000,103.225,8/1,9,15,063850,"€5,900",5900,40,63,61,317168,Raymond McMahon,Arizona,IRE,Bequia,False,False,,33,,False,,IRE
929781,Bluegrass Horse Feed Handicap,176,Bellewstown (IRE),10/01/2026 14:10:00,Other,,,0-60,3yo,None,1m,8,1608,1760,Soft To Heavy,Turf,9125049,Glasarmi,102050,Rory Mulligan,42380,Rory Anthony Devine,3,,2,6,9-8,152,13/2,7.5,57,,,CompletedRace,3,1.75,2.25,00:01:43.6625000,103.6625,6/1,7,30,54506,"€5,900",5900,57,66,49,371193,P R Dowling & Ms G Brennan,Invincible Army,IRE,Forever Mine,False,False,,38,5,True,,IRE
929781,Bluegrass Horse Feed Handicap,176,Bellewstown (IRE),10/01/2026 14:10:00,Other,,,0-60,3yo,None,1m,8,1608,1760,Soft To Heavy,Turf,9377479,Matties Point,81425,W J Lee,20409,W McCreery,3,,4,4,9-8,152,12/1,13,52,,,CompletedRace,4,1,3.25,00:01:43.9125000,103.9125,7/1,8,16,400,"€5,900",5900,52,62,35,373851,Will Mundow & Gerard Connolly,Almanzor,FR,Volunteer Point,False,False,,33,,False,,IRE
929781,Bluegrass Horse Feed Handicap,176,Bellewstown (IRE),10/01/2026 14:10:00,Other,,,0-60,3yo,None,1m,8,1608,1760,Soft To Heavy,Turf,7657462,Spiritofthedawn,100975,Robert Whearty,17409,F G Hand,3,t,6,1,9-4,148,16/1,17,48,,,CompletedRace,5,3,6.25,00:01:44.6625000,104.6625,8/1,9,16,0-0027,"€5,900",5900,48,61,33,163785,Mrs F Hand,Dawn Approach,IRE,Inis Fail,False,False,,,,False,,IRE
929781,Bluegrass Horse Feed Handicap,176,Bellewstown (IRE),10/01/2026 14:10:00,Other,,,0-60,3yo,None,1m,8,1608,1760,Soft To Heavy,Turf,7691581,Nephin Mountain,86848,Gary Carroll,17940,Michael Mulvany,3,,1,8,10-0,160,7/2J,4.5,58,,,CompletedRace,6,3.75,10,00:01:45.6000000,105.6,9/4,3.25,16,165134,"€5,900",5900,58,60,57,273979,Michael Mulvany,Supremacy,IRE,Balqaa,False,False,,33,,True,,IRE
929781,Bluegrass Horse Feed Handicap,176,Bellewstown (IRE),10/01/2026 14:10:00,Other,,,0-60,3yo,None,1m,8,1608,1760,Soft To Heavy,Turf,7957251,Glen Breeze,97031,Ben Coen,36851,Patrick Magee,3,tp,5,9,9-5,149,6/1,7,49,,,CompletedRace,7,0.3,10.25,00:01:45.6625000,105.6625,10/1,11,6,165905,"€5,900",5900,49,61,50,360849,Pony Up Syndicate,Royal Lytham,FR,Iseebreeze,False,False,,36,,True,,IRE
929781,Bluegrass Horse Feed Handicap,176,Bellewstown (IRE),10/01/2026 14:10:00,Other,,,0-60,3yo,None,1m,8,1608,1760,Soft To Heavy,Turf,9263845,Thumama Sands,103866,Patrick McGettigan,14088,Adrian McGuinness,3,,8,7,8-7,135,20/1,21,42,,,CompletedRace,8,6.5,16.75,00:01:47.2875000,107.2875,22/1,23,32,00090,"€5,900",5900,42,61,50,247741,Al Thumama Racing,Footstepsinthesand,GB,Ghalia Al Thumama,False,False,,38,5,True,,IRE
929781,Bluegrass Horse Feed Handicap,176,Bellewstown (IRE),10/01/2026 14:10:00,Other,,,0-60,3yo,None,1m,8,1608,1760,Soft To Heavy,Turf,7961715,Stonyfalls,103948,Nicola Burns,36184,Paul Traynor,3,,7,2,8-10,138,14/1,15,45,,,CompletedRace,9,1.75,18.5,00:01:47.7250000,107.725,14/1,15,80,9-6930,"€5,900",5900,45,63,52,296902,Paul Traynor,Supremacy,IRE,Maria Kristina,False,False,,100,5,True,,IRE
929782,Irish Stallion Farms EBF Fillies Handicap,176,Bellewstown (IRE),10/01/2026 14:45:00,Other,,,,3yo+,Fillies,1m,8,1608,1760,Soft To Heavy,Turf,8515685,Duchess Of Kenli,103916,Julian Pietropaolo,32145,Joseph Patrick O'Brien,3,,1,3,9-8,152,6/1,7,84,,,CompletedRace,1,0,0,00:01:42.6800000,102.68,9/1,10,42,6-18,"€9,424",9424,84,79,57,346047,Janine Byrne,Goken,FR,Princesse Li,False,False,,51,7,True,,FR
929782,Irish Stallion Farms EBF Fillies Handicap,176,Bellewstown (IRE),10/01/2026 14:45:00,Other,,,,3yo+,Fillies,1m,8,1608,1760,Soft To Heavy,Turf,3181199,Excuzio Joe,75609,Robbie Colgan,27395,Matthew J Smith,9,,4,1,9-7,151,28/1,29,73,,,CompletedRace,2,1.75,1.75,00:01:43.1175000,103.1175,16/1,17,793,90/02/,"€9,424",9424,73,81,,294793,Gordon Cranston,Epaulette,AUS,Mountrice Lady,False,False,,44,,False,2,IRE
929782,Irish Stallion Farms EBF Fillies Handicap,176,Bellewstown (IRE),10/01/2026 14:45:00,Other,,,,3yo+,Fillies,1m,8,1608,1760,Soft To Heavy,Turf,5048231,Tachos,104676,Reese Holohan,1010,D K Weld,5,tp,6,4,9-0,144,6/1,7,71,,,CompletedRace,3,2.75,4.5,00:01:43.8050000,103.805,10/1,11,19,905310,"€9,424",9424,71,80,80,253563,Colvin G Ryan,Gleneagles,IRE,Outside Inside,False,False,,70,5,True,,IRE
929782,Irish Stallion Farms EBF Fillies Handicap,176,Bellewstown (IRE),10/01/2026 14:45:00,Other,,,,3yo+,Fillies,1m,8,1608,1760,Soft To Heavy,Turf,9451533,Save The Sixes,81425,W J Lee,1285,Mrs John Harrington,3,,3,2,9-9,153,11/8F,2.375,78,,,CompletedRace,4,0.5,5,00:01:43.9300000,103.93,3/1,4,44,81,"€9,424",9424,78,78,62,357348,Andrew Rosen & Marcstown Farms SC,Space Blues,IRE,Montefino,False,False,,58,,True,,IRE
929782,Irish Stallion Farms EBF Fillies Handicap,176,Bellewstown (IRE),10/01/2026 14:45:00,Other,,,,3yo+,Fillies,1m,8,1608,1760,Soft To Heavy,Turf,8179373,Aquilla Star,98517,Siobhan Rutledge,14751,John C McConnell,3,,7,7,9-0,144,15/8,2.875,69,,,CompletedRace,5,0.2,5.25,00:01:43.9925000,103.9925,7/2,4.5,23,-72071,"€9,424",9424,69,82,76,273563,Kevin E Doyle,Starman,GB,Coconut,False,False,,32,,False,,IRE
929783,Johnny Kierans Memorial Handicap,176,Bellewstown (IRE),10/01/2026 15:20:00,Other,,,0-60,3yo+,None,5f,5,1005,1100,Soft To Heavy,Turf,7708579,One Cool Bear,100877,Adam Caffrey,14088,Adrian McGuinness,3,b1,5,1,9-9,153,17/2,9.5,52,,,CompletedRace,1,0,0,00:01:01.3000000,61.3,10/1,11,10,470088,"€5,900",5900,52,64,65,280873,John Francis Ryan,Kodi Bear,IRE,Mienvee Flyer,True,False,,38,,False,,IRE
929783,Johnny Kierans Memorial Handicap,176,Bellewstown (IRE),10/01/2026 15:20:00,Other,,,0-60,3yo+,None,5f,5,1005,1100,Soft To Heavy,Turf,4315457,Ballysax Lil' Mick,100805,Wesley Joyce,32837,Miss Katy Brown,8,p,8,6,8-13,141,5/1,6,42,,,CompletedRace,2,0.5,0.5,00:01:01.4250000,61.425,11/2,6.5,26,-06055,"€5,900",5900,42,64,59,315521,Liam Tougher,Prince Of Lir,IRE,Well Hello,False,False,,,,False,,IRE
929783,Johnny Kierans Memorial Handicap,176,Bellewstown (IRE),10/01/2026 15:20:00,Other,,,0-60,3yo+,None,5f,5,1005,1100,Soft To Heavy,Turf,5906625,Star Allure,98517,Siobhan Rutledge,21346,Ms Claire O'Connell,4,tp,10,8,8-11,139,18/1,19,40,,,CompletedRace,3,0.75,1.25,00:01:01.6125000,61.6125,12/1,13,1,080055,"€5,900",5900,40,65,39,351237,J Dervan & Ms Riona Teggart,Sea The Stars,IRE,Nurse Barbara,False,False,,8,,False,,IRE
929783,Johnny Kierans Memorial Handicap,176,Bellewstown (IRE),10/01/2026 15:20:00,Other,,,0-60,3yo+,None,5f,5,1005,1100,Soft To Heavy,Turf,6793635,Steel Magnolia,81425,W J Lee,20409,W McCreery,4,v,3,10,9-12,156,11/8F,2.375,55,,,CompletedRace,4,0.5,1.75,00:01:01.7375000,61.7375,7/4,2.75,26,347213,"€5,900",5900,55,62,49,252319,W McCreery,Coulsty,IRE,Social Butterfly,False,False,,33,,False,,IRE
929783,Johnny Kierans Memorial Handicap,176,Bellewstown (IRE),10/01/2026 15:20:00,Other,,,0-60,3yo+,None,5f,5,1005,1100,Soft To Heavy,Turf,58956105,El Fontenaro,104676,Reese Holohan,12847,Jarlath P Fahey,4,,2,5,9-9,153,4/1,5,57,,,CompletedRace,5,0.2,2,00:01:01.8000000,61.8,4/1,5,2,402215,"€5,900",5900,57,60,58,270640,Park Hill Racing,The Irish Rover,IRE,Clonville,False,False,,17,5,True,,IRE
929783,Johnny Kierans Memorial Handicap,176,Bellewstown (IRE),10/01/2026 15:20:00,Other,,,0-60,3yo+,None,5f,5,1005,1100,Soft To Heavy,Turf,8214839,Dandy Land,103881,Sam Coen,20409,W McCreery,4,v,1,7,9-9,153,9/2,5.5,57,,,CompletedRace,6,0.5,2.5,00:01:01.9250000,61.925,13/2,7.5,39,683218,"€5,900",5900,57,62,41,346009,Probity Racing Syndicate,Dandy Man,IRE,Happy Land,False,False,,33,5,True,,IRE
929783,Johnny Kierans Memorial Handicap,176,Bellewstown (IRE),10/01/2026 15:20:00,Other,,,0-60,3yo+,None,5f,5,1005,1100,Soft To Heavy,Turf,9359986,Banish Misfortune,93716,Donagh O'Connor,16437,Gerard Kyne,4,,4,4,9-9,153,40/1,41,52,,,CompletedRace,7,1.5,4,00:01:02.3000000,62.3,12/1,13,27,08005,"€5,900",5900,52,67,21,311109,Kiltrogue Stud Racing Syndicate,Unfortunately,IRE,Sea Quest,False,False,,,,True,,IRE
929783,Johnny Kierans Memorial Handicap,176,Bellewstown (IRE),10/01/2026 15:20:00,Other,,,0-60,3yo+,None,5f,5,1005,1100,Soft To Heavy,Turf,8231732,Gold Inn,102050,Rory Mulligan,14109,G A Kingston,3,,6,3,9-2,146,125/1,126,50,,,CompletedRace,8,1,5,00:01:02.5500000,62.55,28/1,29,12,56-800,"€5,900",5900,50,63,30,377347,Grove Inn Syndicate,Inns Of Court,IRE,Dig For Gold,False,False,,,5,False,2,IRE
929783,Johnny Kierans Memorial Handicap,176,Bellewstown (IRE),10/01/2026 15:20:00,Other,,,0-60,3yo+,None,5f,5,1005,1100,Soft To Heavy,Turf,7324743,Smart Sioux,82458,Rory Cleary,21346,Ms Claire O'Connell,3,t,7,2,9-5,149,66/1,67,48,,,CompletedRace,9,6.5,11.5,00:01:04.1750000,64.175,16/1,17,39,90-070,"€5,900",5900,48,58,46,225148,Brickfield Stud Limited,Sioux Nation,USA,Unfoolish,False,False,,8,,False,,IRE
929784,Kilsaran Race,176,Bellewstown (IRE),10/01/2026 15:55:00,Other,,,,3yo+,None,1m4½f,12.5,2513,2750,Soft To Heavy,Turf,9631936,Magnum Cor,99171,J M Sheridan,32145,Joseph Patrick O'Brien,3,,5,1,9-10,154,10/11F,1.9090909090909092,95,,,CompletedRace,1,0,0,00:02:44.7400000,164.74,7/4,2.75,44,41,"€11,780",11780,95,79,62,357924,Millennium Stud Sp. z o.o.,Sea The Stars,IRE,Miss Macnamara,False,False,,51,,True,,IRE
929784,Kilsaran Race,176,Bellewstown (IRE),10/01/2026 15:55:00,Other,,,,3yo+,None,1m4½f,12.5,2513,2750,Soft To Heavy,Turf,8375312,Abbotsford,81425,W J Lee,1010,D K Weld,3,,2,5,9-10,154,13/8,2.625,96,,,CompletedRace,2,0.75,0.75,00:02:44.9275000,164.9275,13/8,2.625,42,8-217,"€11,780",11780,96,97,69,301671,Juddmonte,Frankel,GB,Ruscombe,False,False,,70,,True,,GB
929784,Kilsaran Race,176,Bellewstown (IRE),10/01/2026 15:55:00,Other,,,,3yo+,None,1m4½f,12.5,2513,2750,Soft To Heavy,Turf,4303263,Narlita,104356,Conor Cusack,13130,H Rogers,7,p,1,2,9-4,148,4/1,5,81,,,CompletedRace,3,6,6.75,00:02:46.4275000,166.4275,12/1,13,3,640507,"€11,780",11780,81,85,66,59187,B Fitzpatrick,Guiliani,IRE,Nadine,False,False,,63,7,False,,GER
929785,BOYLE Sports Handicap (Div I),176,Bellewstown (IRE),10/01/2026 16:30:00,Other,,,0-60,3yo+,None,1m4½f,12.5,2513,2750,Soft To Heavy,Turf,5366250,Maxwell Smart,101012,James Ryan,4244,T G McCourt,5,p,4,5,9-6,150,7/2,4.5,50,,,CompletedRace,1,0,0,00:02:46.0700000,166.07,4/1,5,27,658346,"€5,900",5900,50,62,55,372564,Mrs P McCourt/Whyte's Stamullen Synd'/D O'Leary/J McNally,Belardo,IRE,Rice Mother,False,False,,20,,False,,IRE
929785,BOYLE Sports Handicap (Div I),176,Bellewstown (IRE),10/01/2026 16:30:00,Other,,,0-60,3yo+,None,1m4½f,12.5,2513,2750,Soft To Heavy,Turf,8079896,Anightaway,103884,Jimmy Dalton,40375,Sean Davis,5,tp1,2,10,9-2,146,11/2,6.5,53,,,CompletedRace,2,4.25,4.25,00:02:47.1325000,167.1325,6/1,7,35,0-0810,"€5,900",5900,53,60,47,359827,Ms Sinead O'Scanaill,Night Of Thunder,IRE,Blanche Neige,True,False,,50,7,False,,IRE
929785,BOYLE Sports Handicap (Div I),176,Bellewstown (IRE),10/01/2026 16:30:00,Other,,,0-60,3yo+,None,1m4½f,12.5,2513,2750,Soft To Heavy,Turf,6609345,Lily Parr,75609,Robbie Colgan,27516,Ms Sheila Lavery,4,,1,11,10-2,162,3/1,4,60,,,CompletedRace,3,2,6.25,00:02:47.6325000,167.6325,7/2,4.5,16,4-0607,"€5,900",5900,60,61,47,346680,Making Memories Racing Club,Belardo,IRE,Solar Pursuit,False,False,,50,,False,,GB
929785,BOYLE Sports Handicap (Div I),176,Bellewstown (IRE),10/01/2026 16:30:00,Other,,,0-60,3yo+,None,1m4½f,12.5,2513,2750,Soft To Heavy,Turf,5933560,Searcog,104676,Reese Holohan,36851,Patrick Magee,4,t,5,12,9-0,144,5/2F,3.5,49,,,CompletedRace,4,0.75,7,00:02:47.8200000,167.82,11/4,3.75,,24-484,"€5,900",5900,49,65,61,128965,Eleven Apostles Syndicate,Inns Of Court,IRE,Good Speech,False,False,,36,5,True,,IRE
929785,BOYLE Sports Handicap (Div I),176,Bellewstown (IRE),10/01/2026 16:30:00,Other,,,0-60,3yo+,None,1m4½f,12.5,2513,2750,Soft To Heavy,Turf,3096955,Kartayaz,104566,Zoe McMullan,14109,G A Kingston,9,,12,4,8-0,128,28/1,29,40,,,CompletedRace,5,3.25,10.25,00:02:48.6325000,168.6325,20/1,21,3,-88000,"€5,900",5900,40,51,40,369739,We Win Racing Syndicate,Iffraaj,GB,Karamaya,False,False,,,10,False,,IRE
929785,BOYLE Sports Handicap (Div I),176,Bellewstown (IRE),10/01/2026 16:30:00,Other,,,0-60,3yo+,None,1m4½f,12.5,2513,2750,Soft To Heavy,Turf,9009953,Sir Trancealot,97031,Ben Coen,28180,J P Murtagh,3,,6,2,9-5,149,11/2,6.5,55,,,CompletedRace,6,0.5,10.75,00:02:48.7575000,168.7575,11/2,6.5,31,773500,"€5,900",5900,55,63,52,330554,Miss P F O'Kelly,Camelot,GB,Love Magic,False,False,,47,,False,,IRE
929785,BOYLE Sports Handicap (Div I),176,Bellewstown (IRE),10/01/2026 16:30:00,Other,,,0-60,3yo+,None,1m4½f,12.5,2513,2750,Soft To Heavy,Turf,7648530,Money Shuffler,100805,Wesley Joyce,1405,W M Roper,6,b,9,9,8-11,139,28/1,29,41,,,CompletedRace,7,8,18.75,00:02:50.7575000,170.7575,50/1,51,,680-09,"€5,900",5900,41,62,31,28360,W M Roper,Ivawood,IRE,Larsen Bee,False,False,,67,,False,,IRE
929785,BOYLE Sports Handicap (Div I),176,Bellewstown (IRE),10/01/2026 16:30:00,Other,,,0-60,3yo+,None,1m4½f,12.5,2513,2750,Soft To Heavy,Turf,9415107,Annacroft,98517,Siobhan Rutledge,14751,John C McConnell,5,,10,6,8-10,138,50/1,51,40,,,CompletedRace,8,5.5,24.25,00:02:52.1325000,172.1325,25/1,26,3,90500,"€5,900",5900,40,61,30,374191,Joseph Shine,Berkshire,IRE,Miss Noble,False,False,,32,,False,,IRE
929785,BOYLE Sports Handicap (Div I),176,Bellewstown (IRE),10/01/2026 16:30:00,Other,,,0-60,3yo+,None,1m4½f,12.5,2513,2750,Soft To Heavy,Turf,4377618,Haughty,100369,Jack Cleary,12195,V C Ward,6,,11,7,8-5,133,50/1,51,40,,,CompletedRace,9,6,30.25,00:02:53.6325000,173.6325,50/1,51,,68-080,"€5,900",5900,40,61,49,86799,V C Ward,Adaay,IRE,So Hoity Toity,False,False,,100,5,True,,GB
929785,BOYLE Sports Handicap (Div I),176,Bellewstown (IRE),10/01/2026 16:30:00,Other,,,0-60,3yo+,None,1m4½f,12.5,2513,2750,Soft To Heavy,Turf,6609350,One For Teigan,96569,Luke McAteer,41898,P Sweeney,5,,8,1,8-13,141,66/1,67,43,,,CompletedRace,10,1.5,31.75,00:02:54.0075000,174.0075,25/1,26,112,090-00,"€5,900",5900,43,64,,205986,P Sweeney,Gustav Klimt,IRE,Happy Anniversary,False,False,,100,,False,,IRE
929785,BOYLE Sports Handicap (Div I),176,Bellewstown (IRE),10/01/2026 16:30:00,Other,,,0-60,3yo+,None,1m4½f,12.5,2513,2750,Soft To Heavy,Turf,8120556,Courtlough Gula,93022,Megan de Souza-Wearen,7015,P Cluskey,3,,7,8,8-3,131,66/1,67,49,,,CompletedRace,11,26,57.75,00:03:00.5075000,180.5075,50/1,51,104,0-90,"€5,900",5900,49,63,41,356581,Paul M Butler & James Patrick Byrne,Kessaar,IRE,Nuala Tagula,False,False,,,10,True,,IRE
929980,BOYLE Sports Handicap (Div II),176,Bellewstown (IRE),10/01/2026 17:05:00,Other,,,0-60,3yo+,None,1m4½f,12.5,2513,2750,Soft To Heavy,Turf,4438455,Autocrat,96569,Luke McAteer,41898,P Sweeney,6,tv1,13,6,8-10,138,3/1F,4,40,,,CompletedRace,1,0,0,00:02:47.5200000,167.52,10/1,11,3,009863,"€5,900",5900,40,59,54,205986,P Sweeney,No Nay Never,USA,Crystal Diamond,True,False,,100,,False,,IRE
929980,BOYLE Sports Handicap (Div II),176,Bellewstown (IRE),10/01/2026 17:05:00,Other,,,0-60,3yo+,None,1m4½f,12.5,2513,2750,Soft To Heavy,Turf,7457872,Among The Pines,102050,Rory Mulligan,43148,Kieran Callaghan,5,,8,3,9-3,147,18/1,19,52,,,CompletedRace,2,1.75,1.75,00:02:47.9575000,167.9575,12/1,13,15,800-06,"€5,900",5900,52,59,28,372624,Kieran Callaghan,Poet's Word,IRE,Pine Valley,False,False,,50,5,True,,IRE
929980,BOYLE Sports Handicap (Div II),176,Bellewstown (IRE),10/01/2026 17:05:00,Other,,,0-60,3yo+,None,1m4½f,12.5,2513,2750,Soft To Heavy,Turf,9153315,Tintinabulla,98517,Siobhan Rutledge,27516,Ms Sheila Lavery,3,t,12,1,8-11,139,13/2,7.5,47,,,CompletedRace,3,1.25,3,00:02:48.2700000,168.27,6/1,7,31,08704,"€5,900",5900,47,60,57,303588,Llewelyn Runeckles Partnership,U S Navy Flag,USA,Tinshu,False,False,,50,,False,,IRE
929980,BOYLE Sports Handicap (Div II),176,Bellewstown (IRE),10/01/2026 17:05:00,Other,,,0-60,3yo+,None,1m4½f,12.5,2513,2750,Soft To Heavy,Turf,7280723,Acanto,100877,Adam Caffrey,4446,Noel Meade,4,b,7,7,9-10,154,4/1,5,54,,,CompletedRace,4,0.2,3.25,00:02:48.3325000,168.3325,7/1,8,27,5493,"€5,900",5900,54,61,28,375112,Mrs Paul Shanahan & Mrs Wendy O'Leary,Churchill,IRE,Gift Dancer,False,False,,42,,False,,IRE
929980,BOYLE Sports Handicap (Div II),176,Bellewstown (IRE),10/01/2026 17:05:00,Other,,,0-60,3yo+,None,1m4½f,12.5,2513,2750,Soft To Heavy,Turf,4552165,You Make Me Smile,95815,Darragh Keenan,6891,P A Fahy,8,v,5,10,9-11,155,11/2,6.5,55,,,CompletedRace,5,0.05,3.25,00:02:48.3325000,168.3325,7/1,8,,1-7328,"€5,900",5900,55,60,50,356569,T & R Hennessy & A Fahy Partnership,Elusive Pimpernel,USA,Just One Smile,False,False,,50,,True,,IRE
929980,BOYLE Sports Handicap (Div II),176,Bellewstown (IRE),10/01/2026 17:05:00,Other,,,0-60,3yo+,None,1m4½f,12.5,2513,2750,Soft To Heavy,Turf,4288212,Grey Fable,97031,Ben Coen,26102,Karl Thornton,6,t,2,12,10-1,161,9/1,10,59,,,CompletedRace,6,1.5,4.75,00:02:48.7075000,168.7075,6/1,7,49,019542,"€5,900",5900,59,61,39,300462,Derby Bar Syndicate,Starspangledbanner,AUS,Satwa Ruby,False,False,,,,False,,IRE
929980,BOYLE Sports Handicap (Div II),176,Bellewstown (IRE),10/01/2026 17:05:00,Other,,,0-60,3yo+,None,1m4½f,12.5,2513,2750,Soft To Heavy,Turf,4332862,Deuteronomy,103948,Nicola Burns,15297,R P Burns,7,,9,9,9-1,145,14/1,15,50,,,CompletedRace,7,3,7.75,00:02:49.4575000,169.4575,10/1,11,12,558996,"€5,900",5900,50,60,57,239489,Anthony F McLoughlin,Acclamation,GB,Wild Whim,False,False,,,5,False,,IRE
929980,BOYLE Sports Handicap (Div II),176,Bellewstown (IRE),10/01/2026 17:05:00,Other,,,0-60,3yo+,None,1m4½f,12.5,2513,2750,Soft To Heavy,Turf,4377602,Secret Rock,81425,W J Lee,39540,Cian Collins,7,,4,8,10-0,160,6/1,7,58,,,CompletedRace,8,0.3,8,00:02:49.5200000,169.52,8/1,9,,34360-,"€5,900",5900,58,61,61,373119,Country Ways Syndicate,Fascinating Rock,IRE,So Secret,False,False,,45,,True,,IRE
929980,BOYLE Sports Handicap (Div II),176,Bellewstown (IRE),10/01/2026 17:05:00,Other,,,0-60,3yo+,None,1m4½f,12.5,2513,2750,Soft To Heavy,Turf,4652537,Club Manager,101930,Shane Markey,25225,Ross O'Sullivan,6,p,3,2,9-7,151,12/1,13,58,,,CompletedRace,9,2.75,10.75,00:02:50.2075000,170.2075,14/1,15,,/04/0-,"€5,900",5900,58,60,,339973,Anna Mary Kehoe/Cloud Eight Syndicate,Nathaniel,IRE,Averami,False,False,,33,7,True,,GB
929980,BOYLE Sports Handicap (Div II),176,Bellewstown (IRE),10/01/2026 17:05:00,Other,,,0-60,3yo+,None,1m4½f,12.5,2513,2750,Soft To Heavy,Turf,8079893,Zesty Belle,99171,J M Sheridan,15239,M O Quigley,5,t,6,13,9-11,155,22/1,23,55,,,CompletedRace,10,1.25,12,00:02:50.5200000,170.52,14/1,15,23,48-06,"€5,900",5900,55,60,34,195548,Patrick Moyles,Tamayuz,GB,Qaadira,False,False,,,,True,,IRE
929980,BOYLE Sports Handicap (Div II),176,Bellewstown (IRE),10/01/2026 17:05:00,Other,,,0-60,3yo+,None,1m4½f,12.5,2513,2750,Soft To Heavy,Turf,7834655,Princess Rosie,100975,Robert Whearty,7015,P Cluskey,3,,11,5,8-11,139,100/1,101,47,,,CompletedRace,11,9.5,21.5,00:02:52.8950000,172.895,50/1,51,27,806-00,"€5,900",5900,47,61,22,84576,John Eugene McGuinness,Nando Parrado,GB,Hanvarana,False,False,,,,False,,IRE
929754,Clonmel Handicap Hurdle,177,Clonmel (IRE),10/01/2026 13:49:00,Hurdle,,,,3yo+,None,2m1f,17,3418,3740,Good,Turf,5469779,Dairy Force,88924,James Smith,18145,Gordon Elliott,7,h,4,,11-2,178,11/4F,3.75,105,,,CompletedRace,1,0,0,00:04:00.6000000,240.6,9/4,3.25,13,253F62,"€7,068",7068,105,116,108,367257,McConnell & O'Shea Partnership,Workforce,GB,Golden Belief,False,False,,49,5,False,,IRE
929754,Clonmel Handicap Hurdle,177,Clonmel (IRE),10/01/2026 13:49:00,Hurdle,,,,3yo+,None,2m1f,17,3418,3740,Good,Turf,7087011,Kome Dans Un Reve,99810,Niall Moore,16277,Philip Fenton,6,,12,,10-1,161,25/1,26,90,,,CompletedRace,2,0.75,0.75,00:04:00.7500000,240.75,14/1,15,24,U8-060,"€7,068",7068,90,112,84,240736,Ms Patricia Hogan,No Risk At All,FR,Une Vie A Deux,False,False,,,5,False,,FR
929754,Clonmel Handicap Hurdle,177,Clonmel (IRE),10/01/2026 13:49:00,Hurdle,,,,3yo+,None,2m1f,17,3418,3740,Good,Turf,7020728,Silly Mongoose,8992,Alex Harvey,38220,Patrick T Foley,5,t,8,,11-2,178,18/1,19,100,,,CompletedRace,3,3.75,4.5,00:04:01.5000000,241.5,16/1,17,69,0-5107,"€7,068",7068,100,115,92,350278,He Aint Heavy Syndicate,Decorated Knight,GB,Remal Dubai,False,False,,20,,False,,IRE
929754,Clonmel Handicap Hurdle,177,Clonmel (IRE),10/01/2026 13:49:00,Hurdle,,,,3yo+,None,2m1f,17,3418,3740,Good,Turf,4942601,Nelson Muntz,99484,Cian Quirke,26764,David Harry Kelly,7,b,2,,12-1,193,5/1,6,113,,,CompletedRace,4,0.3,4.75,00:04:01.5500000,241.55,7/1,8,83,430-56,"€7,068",7068,113,115,88,250498,N D Kennelly,Mount Nelson,GB,Boldilocks,False,False,,50,,False,,IRE
929754,Clonmel Handicap Hurdle,177,Clonmel (IRE),10/01/2026 13:49:00,Hurdle,,,,3yo+,None,2m1f,17,3418,3740,Good,Turf,4175241,Champagne Dawn,82680,Phillip Enright,7606,T J O'Mara,9,,9,,11-0,176,18/1,19,98,,,CompletedRace,5,0.5,5.25,00:04:01.6500000,241.65,25/1,26,59,900P-7,"€7,068",7068,98,114,107,119005,Miss R Hickey,Shantou,USA,Morning Calm,False,False,,20,,False,,IRE
929754,Clonmel Handicap Hurdle,177,Clonmel (IRE),10/01/2026 13:49:00,Hurdle,,,,3yo+,None,2m1f,17,3418,3740,Good,Turf,5751523,Max Meridius,87524,Danny Mullins,16319,Thomas Mullins,5,,11,,10-8,168,100/30,4.333333333333334,92,,,CompletedRace,5,0,5.25,00:04:01.6500000,241.65,11/2,6.5,52,-05105,"€7,068",7068,92,116,101,90031,Mrs Helen Mullins,Belardo,IRE,Pixie Belle,False,False,,17,,False,,IRE
929754,Clonmel Handicap Hurdle,177,Clonmel (IRE),10/01/2026 13:49:00,Hurdle,,,,3yo+,None,2m1f,17,3418,3740,Good,Turf,4471456,Stepdance,97528,Mike O'Connor,1249,Henry De Bromhead,6,,3,,11-11,187,25/1,26,109,,,CompletedRace,7,3.75,9,00:04:02.4000000,242.4,12/1,13,,558-P,"€7,068",7068,109,110,72,320020,Charobana Ltd,Footstepsinthesand,GB,Moonlight Danceuse,False,False,,49,,True,,IRE
929754,Clonmel Handicap Hurdle,177,Clonmel (IRE),10/01/2026 13:49:00,Hurdle,,,,3yo+,None,2m1f,17,3418,3740,Good,Turf,7409483,Earthwatch,101060,Daniel King,21879,Denis Gerard Hogan,4,,7,,11-3,179,28/1,29,102,,,CompletedRace,8,4.75,13.75,00:04:03.3500000,243.35,10/1,11,,4-4C46,"€7,068",7068,102,114,83,370313,Padraig Coffey & Tadhg Maher,Earthlight,IRE,Voladora,False,False,,29,,False,,IRE
929754,Clonmel Handicap Hurdle,177,Clonmel (IRE),10/01/2026 13:49:00,Hurdle,,,,3yo+,None,2m1f,17,3418,3740,Good,Turf,8565921,Home By The Sea,94462,Richard Condon,6891,P A Fahy,6,h1,10,,10-7,167,12/1,13,96,,,CompletedRace,9,0.2,14,00:04:03.4000000,243.4,12/1,13,12,-40650,"€7,068",7068,96,115,98,36793,M O Cullinane,Affinisea,IRE,Rita Pride,True,False,,50,5,False,,IRE
929754,Clonmel Handicap Hurdle,177,Clonmel (IRE),10/01/2026 13:49:00,Hurdle,,,,3yo+,None,2m1f,17,3418,3740,Good,Turf,4269987,St Denis's Well,101682,Caragh Monaghan,38240,Ian Patrick Donoghue,8,t,1,,11-9,185,22/1,23,114,,,CompletedRace,10,5,19,00:04:04.4000000,244.4,12/1,13,186,16P29-,"€7,068",7068,114,114,98,324564,Declans Bar Syndicate,Famous Name,GB,Annie Greene,False,False,,30,7,False,,IRE
929754,Clonmel Handicap Hurdle,177,Clonmel (IRE),10/01/2026 13:49:00,Hurdle,,,,3yo+,None,2m1f,17,3418,3740,Good,Turf,5457573,Vaureal,88732,Keith Donoghue,38240,Ian Patrick Donoghue,7,,5,,11-7,183,11/2,6.5,105,,,CompletedRace,11,1.25,20.25,00:04:04.6500000,244.65,7/2,4.5,116,5425-1,"€7,068",7068,105,111,55,355517,D J Gillen,Kapgarde,FR,Loin De Moi,False,False,,30,,False,,FR
929754,Clonmel Handicap Hurdle,177,Clonmel (IRE),10/01/2026 13:49:00,Hurdle,,,,3yo+,None,2m1f,17,3418,3740,Good,Turf,5668398,Kazakh d'Arthel,99225,Ross Sugrue,13570,P J Rothwell,6,h,6,,10-11,171,9/1,10,102,,,CompletedRace,12,11,31.25,00:04:06.8500000,246.85,16/1,17,34,4F-089,"€7,068",7068,102,108,95,9639,David L'Estrange,Cokoriko,FR,Chimene D'Arthel,False,False,,38,7,True,1,FR
929755,Slievenamon Claiming Hurdle,177,Clonmel (IRE),10/01/2026 14:24:00,Hurdle,,,,4yo+,None,2m3½f,19.5,3921,4290,Good,Turf,3265169,Tullyveery Lad,92335,Donagh Meyler,35318,R P Cody,10,b,11,,10-10,170,14/1,15,102,,,CompletedRace,1,0,0,00:04:45.8000000,285.8,16/1,17,46,502U55,"€5,900",5900,102,126,106,309271,Pat Tennyson & N P Morrissey & Raymond Micheal Cody,Famous Name,GB,Toye Native,False,False,,67,,False,,IRE
929755,Slievenamon Claiming Hurdle,177,Clonmel (IRE),10/01/2026 14:24:00,Hurdle,,,,4yo+,None,2m3½f,19.5,3921,4290,Good,Turf,4002012,Allo Al Khawaneej,101166,Philip Byrnes,8910,C Byrnes,6,p,8,,10-10,170,3/1,4,108,,,CompletedRace,2,1.5,1.5,00:04:46.1000000,286.1,5/1,6,36,87-403,"€5,900",5900,108,129,99,341478,Hitch And Tow Syndicate,Nathaniel,IRE,Indian Love Bird,False,False,,67,,False,,GB
929755,Slievenamon Claiming Hurdle,177,Clonmel (IRE),10/01/2026 14:24:00,Hurdle,,,,4yo+,None,2m3½f,19.5,3921,4290,Good,Turf,2910547,Plontier,103483,Danny Power,5716,Terence O'Brien,10,tp,14,,9-13,157,22/1,23,119,,,CompletedRace,3,10,11.5,00:04:48.1000000,288.1,10/1,11,40,46/7-0,"€5,900",5900,119,128,77,374803,Plontier Syndicate,Planteur,IRE,Becbec,False,False,,20,7,False,,FR
929755,Slievenamon Claiming Hurdle,177,Clonmel (IRE),10/01/2026 14:24:00,Hurdle,,,,4yo+,None,2m3½f,19.5,3921,4290,Good,Turf,4942594,Jackson Lamb,8992,Alex Harvey,14751,John C McConnell,7,,2,,11-8,184,40/1,41,116,,,CompletedRace,4,0.5,12,00:04:48.2000000,288.2,10/1,11,13,P75250,"€5,900",5900,116,120,90,292011,The 119 Partnership,El Salvador,IRE,Aegean Memories,False,False,,32,,False,,IRE
929755,Slievenamon Claiming Hurdle,177,Clonmel (IRE),10/01/2026 14:24:00,Hurdle,,,,4yo+,None,2m3½f,19.5,3921,4290,Good,Turf,2672209,Rich Belief,96257,Ben Harvey,26102,Karl Thornton,9,tb,5,,11-2,178,9/1,10,113,,,CompletedRace,5,10,22,00:04:50.2000000,290.2,6/1,7,,7/1332,"€5,900",5900,113,130,129,18277,I J Keeling,Make Believe,GB,Realt Eile,False,False,,,,False,,GB
929755,Slievenamon Claiming Hurdle,177,Clonmel (IRE),10/01/2026 14:24:00,Hurdle,,,,4yo+,None,2m3½f,19.5,3921,4290,Good,Turf,3290532,Rocky's Howya,102961,Kevin Healy,7988,Declan Queally,10,tv,6,,10-9,169,11/10F,2.1,116,,,CompletedRace,6,2,24,00:04:50.6000000,290.6,7/4,2.75,36,-10101,"€5,900",5900,116,138,99,199195,Mrs Margaret C Kiely,Ask,GB,It's My Choice,False,False,,33,7,False,,IRE
929755,Slievenamon Claiming Hurdle,177,Clonmel (IRE),10/01/2026 14:24:00,Hurdle,,,,4yo+,None,2m3½f,19.5,3921,4290,Good,Turf,3733018,Migdam,82680,Phillip Enright,35538,James Andrew Fahey,7,,10,,10-10,170,12/1,13,108,,,CompletedRace,7,4.5,28.5,00:04:51.5000000,291.5,10/1,11,13,518-74,"€5,900",5900,108,119,109,310544,Enduring Love Syndicate,Zelzal,FR,Asyad,False,False,,40,,False,,FR
929755,Slievenamon Claiming Hurdle,177,Clonmel (IRE),10/01/2026 14:24:00,Hurdle,,,,4yo+,None,2m3½f,19.5,3921,4290,Good,Turf,5708524,Eclipse Chaser,90735,Ricky Doyle,13964,C W J Farrell,6,,1,,12-0,192,80/1,81,119,,,CompletedRace,8,26,54.5,00:04:56.7000000,296.7,12/1,13,27,P-387P,"€5,900",5900,119,120,,127440,Douglas Taylor,Jet Away,GB,Cloghoge Lady,False,False,,50,,False,2,IRE
929755,Slievenamon Claiming Hurdle,177,Clonmel (IRE),10/01/2026 14:24:00,Hurdle,,,,4yo+,None,2m3½f,19.5,3921,4290,Good,Turf,7238184,Hello Johnjoe,102354,Josh Williamson,31715,Andrew McNamara,5,t1,13,,10-3,163,66/1,67,84,,,CompletedRace,9,1.5,56,00:04:57,297,66/1,67,13,3P6-7P,"€5,900",5900,84,110,,359906,Cufflinks & Cruises Partnership,Berkshire,IRE,Sadies Grace,True,False,,18,3,True,,IRE
929755,Slievenamon Claiming Hurdle,177,Clonmel (IRE),10/01/2026 14:24:00,Hurdle,,,,4yo+,None,2m3½f,19.5,3921,4290,Good,Turf,3575166,Andys Flame,96768,Tiernan Power Roche,14751,John C McConnell,9,tb1,4,,11-2,178,100/1,101,103,,,CompletedRace,10,37,93,00:05:04.4000000,304.4,25/1,26,64,4-6030,"€5,900",5900,103,115,67,192489,Derek Kierans,Martaline,GB,Marie Deja La,True,False,,32,,True,,GB
929755,Slievenamon Claiming Hurdle,177,Clonmel (IRE),10/01/2026 14:24:00,Hurdle,,,,4yo+,None,2m3½f,19.5,3921,4290,Good,Turf,2567863,Shanroe,101060,Daniel King,26102,Karl Thornton,12,t,15,,10-6,166,10/1,11,106,,,Fell,0,0,0,00:04:45.8000000,285.8,14/1,15,12,8/P8-0,"€5,900",5900,106,126,107,114392,Sean Thornton,Multiplex,GB,Pugnacious Lady,False,False,,,,True,,GB
929755,Slievenamon Claiming Hurdle,177,Clonmel (IRE),10/01/2026 14:24:00,Hurdle,,,,4yo+,None,2m3½f,19.5,3921,4290,Good,Turf,5325147,Marlpark,101027,Brian Barry,8256,John Patrick Ryan,7,,9,,10-3,163,100/1,101,83,,,Fell,0,0,0,00:04:45.8000000,285.8,66/1,67,69,0-4PFP,"€5,900",5900,83,107,91,46477,John Patrick Ryan,Califet,FR,Echo Queen,False,False,,28,7,True,,IRE
929755,Slievenamon Claiming Hurdle,177,Clonmel (IRE),10/01/2026 14:24:00,Hurdle,,,,4yo+,None,2m3½f,19.5,3921,4290,Good,Turf,5764610,Black Heather,102789,Alix Balfe,17836,Gavin Cromwell,7,,12,,9-13,157,17/2,9.5,116,,,PulledUp,0,0,0,00:04:45.8000000,285.8,11/2,6.5,,/635P-,"€5,900",5900,116,128,,306368,Alymer Stud,Lauro,GER,Grainne Delight,False,False,,23,7,True,,IRE
929756,Kilmore Maiden Hurdle,177,Clonmel (IRE),10/01/2026 14:59:00,Hurdle,,,,4yo+,None,2m3½f,19.5,3921,4290,Good,Turf,7312269,Eternal Reward,87524,Danny Mullins,15775,Ms Margaret Mullins,5,,2,,11-12,188,85/40F,3.125,,,,CompletedRace,1,0,0,00:04:57.1000000,297.1,10/1,11,28,0/F-06,"€7,068",7068,,96,88,265010,The Bossman Partnership,Mahler,GB,Thegreatestreward,False,False,,29,,False,,IRE
929756,Kilmore Maiden Hurdle,177,Clonmel (IRE),10/01/2026 14:59:00,Hurdle,,,,4yo+,None,2m3½f,19.5,3921,4290,Good,Turf,7347758,Lincall,98613,John Shinnick,42658,Michael Paul Ryan,5,tp1,5,,11-12,188,100/30,4.333333333333334,99,,,CompletedRace,2,0.3,0.3,00:04:57.1600000,297.16,6/1,7,34,55P-69,"€7,068",7068,99,106,97,365045,Jossestown Farm,Doctor Dino,FR,Elvira,True,False,,,,False,2,FR
929756,Kilmore Maiden Hurdle,177,Clonmel (IRE),10/01/2026 14:59:00,Hurdle,,,,4yo+,None,2m3½f,19.5,3921,4290,Good,Turf,8908832,Kalico Leader,98226,Kieren Buckley,41116,Edward Buckley,7,h,4,,11-12,188,13/2,7.5,,,,CompletedRace,3,0.75,1,00:04:57.3000000,297.3,11/2,6.5,12,F4-25F,"€7,068",7068,,97,48,345756,E Buckley,Malinas,GER,Kalico Kara,False,False,,67,,False,,IRE
929756,Kilmore Maiden Hurdle,177,Clonmel (IRE),10/01/2026 14:59:00,Hurdle,,,,4yo+,None,2m3½f,19.5,3921,4290,Good,Turf,5845732,Rodeo Joe,101820,Paddy Cody,40885,David K Walsh,6,v,6,,11-5,181,40/1,41,,,,CompletedRace,4,7.5,8.5,00:04:58.8000000,298.8,25/1,26,48,/PP-0P,"€7,068",7068,,71,53,159792,J P Delaney,Jukebox Jury,IRE,Mel Del,False,False,,,7,False,,IRE
929756,Kilmore Maiden Hurdle,177,Clonmel (IRE),10/01/2026 14:59:00,Hurdle,,,,4yo+,None,2m3½f,19.5,3921,4290,Good,Turf,7530066,Howyasox,100539,Mr J L Gleeson,4259,John Queally,6,,12,,11-5,181,11/2,6.5,94,,,CompletedRace,5,31,39.5,00:05:05,305,7/2,4.5,83,5P-76F,"€7,068",7068,94,97,45,216409,Mrs Miriam Queally,Mount Nelson,GB,Nell Aherne,False,False,,43,,False,,IRE
929756,Kilmore Maiden Hurdle,177,Clonmel (IRE),10/01/2026 14:59:00,Hurdle,,,,4yo+,None,2m3½f,19.5,3921,4290,Good,Turf,7462356,Akako,101238,John Aherne,8256,John Patrick Ryan,6,,1,,11-5,181,9/1,10,,,,CompletedRace,6,2.25,41.75,00:05:05.4500000,305.45,8/1,9,124,P/0-75,"€7,068",7068,,103,90,334367,Niall Glynn,September Storm,GER,Lady Rococo,False,False,,28,7,False,,IRE
929756,Kilmore Maiden Hurdle,177,Clonmel (IRE),10/01/2026 14:59:00,Hurdle,,,,4yo+,None,2m3½f,19.5,3921,4290,Good,Turf,9350201,It's Buster's Way,93137,Simon Torrens,16266,Sabrina J Harty,5,,3,,11-12,188,33/1,34,,,,CompletedRace,7,3.5,45.25,00:05:06.1500000,306.15,50/1,51,59,00,"€7,068",7068,,,,170219,Adrian McAndrew,Doyen,IRE,Fairy Way,False,False,,,,True,,IRE
929756,Kilmore Maiden Hurdle,177,Clonmel (IRE),10/01/2026 14:59:00,Hurdle,,,,4yo+,None,2m3½f,19.5,3921,4290,Good,Turf,7618324,C'Mere Girleen,101818,Luke Burke Ott,40582,Alexander Ott,6,,11,,10-12,172,100/1,101,,,,CompletedRace,8,29,74.25,00:05:11.9500000,311.95,50/1,51,440,07-,"€7,068",7068,,85,,286726,One In The Barrell Syndicate,Rosier,IRE,Simple Milan,False,False,,,7,False,,IRE
929756,Kilmore Maiden Hurdle,177,Clonmel (IRE),10/01/2026 14:59:00,Hurdle,,,,4yo+,None,2m3½f,19.5,3921,4290,Good,Turf,9721452,Down After Dark,82680,Phillip Enright,22421,S Curling,4,h,10,,11-10,186,100/1,101,,,,CompletedRace,9,25,99.25,00:05:16.9500000,316.95,25/1,26,6,U90,"€7,068",7068,,57,29,245453,S Curling,Wings Of Eagles,FR,Melancholy Hill,False,False,,64,,False,,IRE
929756,Kilmore Maiden Hurdle,177,Clonmel (IRE),10/01/2026 14:59:00,Hurdle,,,,4yo+,None,2m3½f,19.5,3921,4290,Good,Turf,7404514,Woodie Wiley,94129,Sean Houlihan,42717,Conor Houlihan,5,,8,,11-12,188,28/1,29,,,,Fell,0,0,0,00:04:57.1000000,297.1,20/1,21,12,/PS700,"€7,068",7068,,72,37,126462,Martin Houlihan,El Salvador,IRE,Just For Jean,False,False,,100,,True,,IRE
929756,Kilmore Maiden Hurdle,177,Clonmel (IRE),10/01/2026 14:59:00,Hurdle,,,,4yo+,None,2m3½f,19.5,3921,4290,Good,Turf,7365414,Vargas,94503,Jack Kennedy,18145,Gordon Elliott,5,,7,,11-12,188,9/2,5.5,,,,UnseatedRider,0,0,0,00:04:57.1000000,297.1,7/4,2.75,12,/P-565,"€7,068",7068,,99,69,309127,Gearoid Doyle,Vadamos,FR,Lemon Cello,False,False,,49,,True,,IRE
929757,Derrinlaur Mares Handicap Hurdle,177,Clonmel (IRE),10/01/2026 15:34:00,Hurdle,,,,3yo+,None,2m3½f,19.5,3921,4290,Good,Turf,4753549,Mount Shenshan,100828,Sean Cleary-Farrell,16319,Thomas Mullins,8,t,7,,10-2,162,11/2,6.5,85,,,CompletedRace,1,0,0,00:04:54.7000000,294.7,12/1,13,42,-35606,"€7,068",7068,85,108,85,90031,Mrs Helen Mullins,Shantou,USA,Knockbounce View,False,False,,17,7,True,,IRE
929757,Derrinlaur Mares Handicap Hurdle,177,Clonmel (IRE),10/01/2026 15:34:00,Hurdle,,,,3yo+,None,2m3½f,19.5,3921,4290,Good,Turf,5309152,Demanding Gerry,100355,Conor Smithers,35538,James Andrew Fahey,7,t,8,,10-0,160,7/2,4.5,83,,,CompletedRace,2,3.75,3.75,00:04:55.4500000,295.45,8/1,9,12,-24P45,"€7,068",7068,83,110,102,335057,Thelostshoegang Partnership,Masterofthehorse,IRE,Baro'Gs Benefit,False,False,,40,7,False,,IRE
929757,Derrinlaur Mares Handicap Hurdle,177,Clonmel (IRE),10/01/2026 15:34:00,Hurdle,,,,3yo+,None,2m3½f,19.5,3921,4290,Good,Turf,5764613,Eaglewood,87524,Danny Mullins,35319,Leonard Paul Flynn,6,,5,,11-5,181,9/2,5.5,95,,,CompletedRace,3,1.25,5,00:04:55.7000000,295.7,8/1,9,41,03-095,"€7,068",7068,95,115,97,374148,John Gerard Fitzgerald,Free Eagle,IRE,Dalmatia,False,False,,,,False,,IRE
929757,Derrinlaur Mares Handicap Hurdle,177,Clonmel (IRE),10/01/2026 15:34:00,Hurdle,,,,3yo+,None,2m3½f,19.5,3921,4290,Good,Turf,5831368,Princess Felicia,101447,Peter Smithers,26764,David Harry Kelly,7,,10,,10-2,162,11/2,6.5,83,,,CompletedRace,4,1.25,6.25,00:04:55.9500000,295.95,5/1,6,24,/3-210,"€7,068",7068,83,106,95,295174,Mrs Andria Kemp,Jukebox Jury,IRE,North Star Poly,False,False,,50,5,False,,IRE
929757,Derrinlaur Mares Handicap Hurdle,177,Clonmel (IRE),10/01/2026 15:34:00,Hurdle,,,,3yo+,None,2m3½f,19.5,3921,4290,Good,Turf,6509771,Sallap,82680,Phillip Enright,22421,S Curling,6,t,3,,11-12,188,100/30F,4.333333333333334,102,,,CompletedRace,5,7,13.25,00:04:57.3500000,297.35,3/1,4,12,011552,"€7,068",7068,102,104,78,88983,W G Cleary,Court Cave,IRE,Emmy Lou,False,False,,64,,False,,IRE
929757,Derrinlaur Mares Handicap Hurdle,177,Clonmel (IRE),10/01/2026 15:34:00,Hurdle,,,,3yo+,None,2m3½f,19.5,3921,4290,Good,Turf,9115724,Mia In Milan,100365,Sam Ewing,15100,D E Fitzgerald,5,,6,,11-1,177,40/1,41,91,,,CompletedRace,6,0.3,13.5,00:04:57.4000000,297.4,16/1,17,20,0-058,"€7,068",7068,91,104,97,293342,Cathal McDaid,Soldier Of Fortune,IRE,Milogan,False,False,,,,True,,IRE
929757,Derrinlaur Mares Handicap Hurdle,177,Clonmel (IRE),10/01/2026 15:34:00,Hurdle,,,,3yo+,None,2m3½f,19.5,3921,4290,Good,Turf,8530108,Misty Cove,102789,Alix Balfe,17836,Gavin Cromwell,3,t,12,,9-7,151,13/2,7.5,95,,,CompletedRace,7,4,17.5,00:04:58.2000000,298.2,6/1,7,20,534,"€7,068",7068,95,109,90,373252,Wheels On The Tram Syndicate,Inns Of Court,IRE,Music Pearl,False,False,,23,7,True,,IRE
929757,Derrinlaur Mares Handicap Hurdle,177,Clonmel (IRE),10/01/2026 15:34:00,Hurdle,,,,3yo+,None,2m3½f,19.5,3921,4290,Good,Turf,8330853,Golden Wings,94503,Jack Kennedy,18145,Gordon Elliott,5,,4,,11-10,186,20/1,21,100,,,CompletedRace,8,22,39.5,00:05:02.6000000,302.6,14/1,15,34,3P-070,"€7,068",7068,100,110,76,332312,"Clancy, Colthart, Spurway & Wells-Burr",Wings Of Eagles,FR,Good Times Had,False,False,,49,,False,,IRE
929757,Derrinlaur Mares Handicap Hurdle,177,Clonmel (IRE),10/01/2026 15:34:00,Hurdle,,,,3yo+,None,2m3½f,19.5,3921,4290,Good,Turf,7307997,Courtmac Gesture,100370,Alan O'Sullivan,38237,Colin Motherway,5,,1,,11-7,183,25/1,26,102,,,CompletedRace,9,2.75,42.25,00:05:03.1500000,303.15,10/1,11,179,F6430-,"€7,068",7068,102,108,60,356263,Mrs T Tobin,Walk In The Park,IRE,Millys Gesture,False,False,,,5,True,,IRE
929757,Derrinlaur Mares Handicap Hurdle,177,Clonmel (IRE),10/01/2026 15:34:00,Hurdle,,,,3yo+,None,2m3½f,19.5,3921,4290,Good,Turf,5671332,Feet On The Ground,97528,Mike O'Connor,42008,James William Hannon,8,,9,,10-7,167,66/1,67,83,,,CompletedRace,10,1.75,44,00:05:03.5000000,303.5,25/1,26,13,P-367P,"€7,068",7068,83,11,,308237,Sheamus Ahern,Westerner,GB,Eyes On The Stars,False,False,,50,,True,2,IRE
929757,Derrinlaur Mares Handicap Hurdle,177,Clonmel (IRE),10/01/2026 15:34:00,Hurdle,,,,3yo+,None,2m3½f,19.5,3921,4290,Good,Turf,6256738,Crossbar Getaway,98573,Aidan Kelly,35538,James Andrew Fahey,6,,2,,11-12,188,50/1,51,102,,,CompletedRace,11,22,66,00:05:07.9000000,307.9,8/1,9,116,349-27,"€7,068",7068,102,107,101,347691,Allen Donovan McAndrew Syndicate,Getaway,GER,Crossbar Lady,False,False,,40,,True,1,IRE
929758,Ravens Rock Novice Handicap Hurdle,177,Clonmel (IRE),10/01/2026 16:09:00,Hurdle,,,0-100,3yo+,None,2m3½f,19.5,3921,4290,Good,Turf,8183829,Bobby Kirova,101060,Daniel King,4533,Michael Butler,4,tp1,7,,11-4,180,12/1,13,92,,,CompletedRace,1,0,0,00:04:57.4000000,297.4,5/1,6,28,3663,"€5,900",5900,92,105,83,350548,All Star Syndicate,Showcasing,GB,Maleficent Queen,True,False,,33,,False,,GB
929758,Ravens Rock Novice Handicap Hurdle,177,Clonmel (IRE),10/01/2026 16:09:00,Hurdle,,,0-100,3yo+,None,2m3½f,19.5,3921,4290,Good,Turf,8949371,Codger's Rock,101620,Danny Gilligan,39540,Cian Collins,5,t1,2,,11-10,186,7/1,8,96,,,CompletedRace,2,4,4,00:04:58.2000000,298.2,20/1,21,24,-26069,"€5,900",5900,96,97,80,323737,John Breslin & Mike Larkin,Fascinating Rock,IRE,Codger's Gift,True,False,,45,,False,,IRE
929758,Ravens Rock Novice Handicap Hurdle,177,Clonmel (IRE),10/01/2026 16:09:00,Hurdle,,,0-100,3yo+,None,2m3½f,19.5,3921,4290,Good,Turf,8940360,G N Jefferson,8992,Alex Harvey,14751,John C McConnell,5,t,8,,11-3,179,33/1,34,89,,,CompletedRace,3,0.1,4,00:04:58.2000000,298.2,50/1,51,53,3-0967,"€5,900",5900,89,94,58,118866,John C McConnell,Crystal Ocean,GB,Star Search,False,False,,32,,False,,GB
929758,Ravens Rock Novice Handicap Hurdle,177,Clonmel (IRE),10/01/2026 16:09:00,Hurdle,,,0-100,3yo+,None,2m3½f,19.5,3921,4290,Good,Turf,4982065,Jolly Potter,82680,Phillip Enright,35538,James Andrew Fahey,7,h1,13,,10-5,165,28/1,29,77,,,CompletedRace,4,3.75,7.75,00:04:58.9500000,298.95,100/1,101,72,8/0-00,"€5,900",5900,77,101,48,124851,Frank Reynolds,No Risk At All,FR,Quoette De Touzaine,True,False,,40,,True,,FR
929758,Ravens Rock Novice Handicap Hurdle,177,Clonmel (IRE),10/01/2026 16:09:00,Hurdle,,,0-100,3yo+,None,2m3½f,19.5,3921,4290,Good,Turf,4824939,Il Silenzio,100355,Conor Smithers,8258,Martin Brassil,9,tp,11,,10-8,168,9/2,5.5,87,,,CompletedRace,5,0.75,8.5,00:04:59.1000000,299.1,5/2,3.5,20,P1-413,"€5,900",5900,87,101,,347340,Hopefuls Syndicate,Kayf Tara,GB,Monita Bonita,False,False,,50,7,False,,GB
929758,Ravens Rock Novice Handicap Hurdle,177,Clonmel (IRE),10/01/2026 16:09:00,Hurdle,,,0-100,3yo+,None,2m3½f,19.5,3921,4290,Good,Turf,5973415,Pure Logic,101087,Harry Sexton,18845,John Joseph Hanlon,6,tp,1,,11-7,183,4/1,5,100,,,CompletedRace,6,0.3,9,00:04:59.2000000,299.2,2/1,3,6,6P3123,"€5,900",5900,100,103,96,270919,Multi Nationals Syndicate,Muhaarar,GB,Dhan Dhana,False,False,,50,7,False,,GB
929758,Ravens Rock Novice Handicap Hurdle,177,Clonmel (IRE),10/01/2026 16:09:00,Hurdle,,,0-100,3yo+,None,2m3½f,19.5,3921,4290,Good,Turf,5746478,Doyen Og,103298,Michael Kenneally,17956,Adrian Sexton,7,,16,,9-9,153,9/1,10,72,,,CompletedRace,7,4,13,00:05:00,300,16/1,17,13,-P7874,"€5,900",5900,72,102,89,359736,Adrian Sexton,Doyen,IRE,Pageos,False,False,,33,5,True,,IRE
929758,Ravens Rock Novice Handicap Hurdle,177,Clonmel (IRE),10/01/2026 16:09:00,Hurdle,,,0-100,3yo+,None,2m3½f,19.5,3921,4290,Good,Turf,7231770,Land Of Punt,88732,Keith Donoghue,38240,Ian Patrick Donoghue,5,tp1,3,,11-10,186,100/30F,4.333333333333334,96,,,CompletedRace,8,2.5,15.5,00:05:00.5000000,300.5,16/1,17,139,9533-6,"€5,900",5900,96,102,90,362190,ManAboutHorse Syndicate,Westerner,GB,Our Valentina,True,False,,30,,True,1,IRE
929758,Ravens Rock Novice Handicap Hurdle,177,Clonmel (IRE),10/01/2026 16:09:00,Hurdle,,,0-100,3yo+,None,2m3½f,19.5,3921,4290,Good,Turf,7339079,Friar Hogan,100370,Alan O'Sullivan,5073,Donal Hassett,5,t,5,,11-3,179,9/2,5.5,94,,,CompletedRace,9,2.75,18.25,00:05:01.0500000,301.05,5/1,6,69,0-0C26,"€5,900",5900,94,100,70,356568,Little Friar Syndicate,Crystal Ocean,GB,Judy's Oscar,False,False,,67,5,True,,IRE
929758,Ravens Rock Novice Handicap Hurdle,177,Clonmel (IRE),10/01/2026 16:09:00,Hurdle,,,0-100,3yo+,None,2m3½f,19.5,3921,4290,Good,Turf,4275948,Depeche Mo,97308,Shane O'Callaghan,14874,Eric Larkin,8,t,15,,9-11,155,14/1,15,72,,,CompletedRace,10,2.25,20.5,00:05:01.5000000,301.5,40/1,41,46,3/06-0,"€5,900",5900,72,101,40,145814,Mrs Gabrielle Larkin,Masterofthehorse,IRE,Dani's Girl,False,False,,,3,True,,IRE
929758,Ravens Rock Novice Handicap Hurdle,177,Clonmel (IRE),10/01/2026 16:09:00,Hurdle,,,0-100,3yo+,None,2m3½f,19.5,3921,4290,Good,Turf,9467489,Boomerang Breeze,101618,Mr D Doyle,12068,Timothy Doyle,8,,9,,10-9,169,18/1,19,88,,,CompletedRace,11,1.25,21.75,00:05:01.7500000,301.75,40/1,41,52,097,"€5,900",5900,88,89,60,145039,Mrs Claire Doyle,Alkaadhem,GB,Morning Breeze,False,False,,25,7,False,,IRE
929758,Ravens Rock Novice Handicap Hurdle,177,Clonmel (IRE),10/01/2026 16:09:00,Hurdle,,,0-100,3yo+,None,2m3½f,19.5,3921,4290,Good,Turf,5861972,Portetta,101367,Josh Younge,18845,John Joseph Hanlon,5,,10,,10-9,169,33/1,34,88,,,CompletedRace,12,3.5,25.25,00:05:02.4500000,302.45,66/1,67,92,8P-069,"€5,900",5900,88,101,87,52259,Stonebridge Syndicate,Le Havre,IRE,Loch Ma Naire,False,False,,50,7,True,,IRE
929758,Ravens Rock Novice Handicap Hurdle,177,Clonmel (IRE),10/01/2026 16:09:00,Hurdle,,,0-100,3yo+,None,2m3½f,19.5,3921,4290,Good,Turf,9490304,Like An Ocean,103486,Conor Lamon,17956,Adrian Sexton,4,,4,,11-3,179,40/1,41,98,,,CompletedRace,13,15,40.25,00:05:05.4500000,305.45,25/1,26,48,177,"€5,900",5900,98,100,60,374701,MEB Equine Syndicate,Crystal Ocean,GB,Brooklyn View,False,False,,33,7,True,,IRE
929758,Ravens Rock Novice Handicap Hurdle,177,Clonmel (IRE),10/01/2026 16:09:00,Hurdle,,,0-100,3yo+,None,2m3½f,19.5,3921,4290,Good,Turf,8455205,Sum Story,96768,Tiernan Power Roche,13570,P J Rothwell,5,,12,,11-1,177,50/1,51,87,,,CompletedRace,14,22,62.25,00:05:09.8500000,309.85,33/1,34,36,55-000,"€5,900",5900,87,97,45,356275,J J Leckey & Donal P Keane & P J Rothwell,Sumbal,IRE,Cover Story,False,False,,38,,False,,IRE
929758,Ravens Rock Novice Handicap Hurdle,177,Clonmel (IRE),10/01/2026 16:09:00,Hurdle,,,0-100,3yo+,None,2m3½f,19.5,3921,4290,Good,Turf,8210134,Nunya,88288,J J Slevin,35319,Leonard Paul Flynn,5,,14,,10-5,165,66/1,67,77,,,CompletedRace,15,16,78.25,00:05:13.0500000,313.05,33/1,34,298,7900-,"€5,900",5900,77,80,25,179060,Barry Riordan,Malinas,GER,Joe's Dream Catch,False,False,,,,True,,IRE
929758,Ravens Rock Novice Handicap Hurdle,177,Clonmel (IRE),10/01/2026 16:09:00,Hurdle,,,0-100,3yo+,None,2m3½f,19.5,3921,4290,Good,Turf,6296591,South Of Killerig,99225,Ross Sugrue,10578,E Sheehy,6,p,6,,10-12,172,66/1,67,91,,,PulledUp,0,0,0,00:04:57.4000000,297.4,66/1,67,31,0-PP69,"€5,900",5900,91,102,74,117063,Luke Prendergast,Snow Sky,GB,Maple Lawn,False,False,,100,7,True,,IRE
929759,Clonmel Novice Handicap Hurdle,177,Clonmel (IRE),10/01/2026 16:42:00,Hurdle,,,,4yo+,None,2m7f,23,4624,5060,Good,Turf,7648520,Hopeful Hero,92335,Donagh Meyler,10593,T Hogan,5,h,2,,11-6,182,7/2,4.5,113,,,CompletedRace,1,0,0,00:05:51.9000000,351.9,4/1,5,12,310324,"€8,835",8835,113,123,116,360719,Cool Out Again Syndicate,Raven's Pass,USA,Time Passes,False,False,,100,,False,,IRE
929759,Clonmel Novice Handicap Hurdle,177,Clonmel (IRE),10/01/2026 16:42:00,Hurdle,,,,4yo+,None,2m7f,23,4624,5060,Good,Turf,5870134,Kashchei,100370,Alan O'Sullivan,39540,Cian Collins,6,p,1,,11-7,183,9/4F,3.25,119,,,CompletedRace,2,2.5,2.5,00:05:52.4000000,352.4,5/2,3.5,13,3-1P21,"€8,835",8835,119,125,82,356580,Six Degenerates Syndicate,Telescope,IRE,Leblon,False,False,,45,5,True,,GB
929759,Clonmel Novice Handicap Hurdle,177,Clonmel (IRE),10/01/2026 16:42:00,Hurdle,,,,4yo+,None,2m7f,23,4624,5060,Good,Turf,6763625,St Lawrence's Well,102961,Kevin Healy,7988,Declan Queally,6,h,4,,10-13,173,9/2,5.5,113,,,CompletedRace,3,4.5,7,00:05:53.3000000,353.3,10/1,11,108,25F5-9,"€8,835",8835,113,121,87,360510,"Cash, Cows & Copper Syndicate",Idaho,IRE,Flemensmist,False,False,,33,7,False,,IRE
929759,Clonmel Novice Handicap Hurdle,177,Clonmel (IRE),10/01/2026 16:42:00,Hurdle,,,,4yo+,None,2m7f,23,4624,5060,Good,Turf,8556512,Le Questionnaire,100365,Sam Ewing,18145,Gordon Elliott,5,b1,5,,10-10,170,16/1,17,103,,,CompletedRace,4,2.75,9.75,00:05:53.8500000,353.85,8/1,9,69,02-266,"€8,835",8835,103,122,100,370467,R Stokes & Declan O'Driscoll,Earnshaw,USA,Caudan,True,False,,49,,False,,FR
929759,Clonmel Novice Handicap Hurdle,177,Clonmel (IRE),10/01/2026 16:42:00,Hurdle,,,,4yo+,None,2m7f,23,4624,5060,Good,Turf,7238117,Star Cave,93137,Simon Torrens,38220,Patrick T Foley,6,ht,6,,10-0,160,8/1,9,93,,,CompletedRace,5,0.5,10.25,00:05:53.9500000,353.95,9/2,5.5,34,22-492,"€8,835",8835,93,122,71,172649,John C Byrne,Court Cave,IRE,Star Island,False,False,,20,,False,,IRE
929759,Clonmel Novice Handicap Hurdle,177,Clonmel (IRE),10/01/2026 16:42:00,Hurdle,,,,4yo+,None,2m7f,23,4624,5060,Good,Turf,5202351,Louiescall,101060,Daniel King,26764,David Harry Kelly,5,,3,,11-6,182,11/4,3.75,113,,,CompletedRace,6,5,15.25,00:05:54.9500000,354.95,9/4,3.25,,2928-1,"€8,835",8835,113,121,115,343702,Bryan Grehan & Gerry Hughes,Soldier's Call,GB,Red Perdita,False,False,,50,,False,,IRE
929760,Glenary Handicap Hurdle,177,Clonmel (IRE),10/01/2026 17:17:00,Hurdle,,,0-100,4yo+,None,2m7f,23,4624,5060,Good,Turf,4217527,Private Policy,12571,Paddy Cleary,31882,Nigel Thomas Slevin,8,t,3,,11-5,181,7/1,8,98,,,CompletedRace,1,0,0,00:05:51.7000000,351.7,11/4,3.75,114,404-15,"€5,900",5900,98,100,80,217838,Darren Byrne,Kalanisi,IRE,Didn't You Know,False,False,,25,7,False,,IRE
929760,Glenary Handicap Hurdle,177,Clonmel (IRE),10/01/2026 17:17:00,Hurdle,,,0-100,4yo+,None,2m7f,23,4624,5060,Good,Turf,6577909,Poetic Focus,99484,Cian Quirke,10588,Andrew Slattery,6,t,8,,11-1,177,7/1,8,87,,,CompletedRace,2,0.05,0.05,00:05:51.7100000,351.71,16/1,17,24,-75020,"€5,900",5900,87,102,98,372930,Sean Cleere,Yeats,IRE,Western Focus,False,False,,38,,False,,IRE
929760,Glenary Handicap Hurdle,177,Clonmel (IRE),10/01/2026 17:17:00,Hurdle,,,0-100,4yo+,None,2m7f,23,4624,5060,Good,Turf,5727954,Paul Collins,101166,Philip Byrnes,28861,Brian M McMahon,6,p,2,,12-0,192,17/2,9.5,100,,,CompletedRace,3,5,5,00:05:52.7000000,352.7,16/1,17,24,-P3067,"€5,900",5900,100,102,82,307429,Martin Baker & Owen O'Connor,Pillar Coral,GB,Mercian Princess,False,False,,33,,False,,IRE
929760,Glenary Handicap Hurdle,177,Clonmel (IRE),10/01/2026 17:17:00,Hurdle,,,0-100,4yo+,None,2m7f,23,4624,5060,Good,Turf,5942582,Tedworth,103298,Michael Kenneally,9503,Michael Barry,6,,11,,10-4,164,13/2J,7.5,81,,,CompletedRace,4,0.3,5.25,00:05:52.7500000,352.75,25/1,26,24,-4U74P,"€5,900",5900,81,100,91,54058,Michael Barry,Sholokhov,IRE,Culmore Girl,False,False,,,5,False,,IRE
929760,Glenary Handicap Hurdle,177,Clonmel (IRE),10/01/2026 17:17:00,Hurdle,,,0-100,4yo+,None,2m7f,23,4624,5060,Good,Turf,5007813,Sharetheknowledge,84936,Sean Flanagan,38407,Paul Tobin,7,tp1,5,,11-5,181,9/1,10,91,,,CompletedRace,5,5.5,10.75,00:05:53.8500000,353.85,6/1,7,34,P44-04,"€5,900",5900,91,100,57,339626,Seamus Rohan,Notnowcato,GB,Small Parcel,True,False,,,,False,,IRE
929760,Glenary Handicap Hurdle,177,Clonmel (IRE),10/01/2026 17:17:00,Hurdle,,,0-100,4yo+,None,2m7f,23,4624,5060,Good,Turf,5504694,Vroomvroomboo,90704,Kevin Sexton,35538,James Andrew Fahey,8,t,10,,10-11,171,28/1,29,83,,,CompletedRace,6,0.5,11.25,00:05:53.9500000,353.95,66/1,67,72,050-80,"€5,900",5900,83,103,58,338793,Greg Woods,Dylan Thomas,IRE,Playing Around,False,False,,40,,False,,IRE
929760,Glenary Handicap Hurdle,177,Clonmel (IRE),10/01/2026 17:17:00,Hurdle,,,0-100,4yo+,None,2m7f,23,4624,5060,Good,Turf,5492845,Volez Vous,97308,Shane O'Callaghan,13570,P J Rothwell,7,p,13,,10-3,163,13/2J,7.5,78,,,CompletedRace,7,1.75,13,00:05:54.3000000,354.3,25/1,26,79,0P0-99,"€5,900",5900,78,102,74,362596,R & J Symes Partnership,Yeats,IRE,Inouette,False,False,,38,3,True,,IRE
929760,Glenary Handicap Hurdle,177,Clonmel (IRE),10/01/2026 17:17:00,Hurdle,,,0-100,4yo+,None,2m7f,23,4624,5060,Good,Turf,5092899,Lummi Island,100370,Alan O'Sullivan,43482,Michael John Roche,8,,7,,10-11,171,17/2,9.5,88,,,CompletedRace,8,3.75,16.75,00:05:55.0500000,355.05,12/1,13,348,48554-,"€5,900",5900,88,99,89,20765,W Deacon,Alkaadhem,GB,Miss Palm,False,False,,,5,True,1,IRE
929760,Glenary Handicap Hurdle,177,Clonmel (IRE),10/01/2026 17:17:00,Hurdle,,,0-100,4yo+,None,2m7f,23,4624,5060,Good,Turf,5156495,Calzaghi,99187,Tom Kelly,10680,E McNamara,6,,1,,11-7,183,12/1,13,100,,,CompletedRace,9,1.75,18.5,00:05:55.4000000,355.4,33/1,34,59,9809,"€5,900",5900,100,98,79,96650,Tadhg Moynihan,Raven's Pass,USA,Daliana,False,False,,41,7,True,,IRE
929760,Glenary Handicap Hurdle,177,Clonmel (IRE),10/01/2026 17:17:00,Hurdle,,,0-100,4yo+,None,2m7f,23,4624,5060,Good,Turf,8013543,Bangor Lady,101447,Peter Smithers,8256,John Patrick Ryan,6,,14,,9-11,155,28/1,29,74,,,CompletedRace,10,2.5,21,00:05:55.9000000,355.9,50/1,51,69,F-0088,"€5,900",5900,74,102,67,267319,Mules & Tools Racing Syndicate,Califet,FR,Bonnie Theatre,False,False,,28,5,True,,IRE
929760,Glenary Handicap Hurdle,177,Clonmel (IRE),10/01/2026 17:17:00,Hurdle,,,0-100,4yo+,None,2m7f,23,4624,5060,Good,Turf,7280800,El Arco,102354,Josh Williamson,18145,Gordon Elliott,5,tb1,16,,9-11,155,9/1,10,72,,,CompletedRace,11,1.5,22.5,00:05:56.2000000,356.2,25/1,26,24,795-08,"€5,900",5900,72,101,72,145414,James W Power,Pillar Coral,GB,Mareena,True,False,,49,3,False,,IRE
929760,Glenary Handicap Hurdle,177,Clonmel (IRE),10/01/2026 17:17:00,Hurdle,,,0-100,4yo+,None,2m7f,23,4624,5060,Good,Turf,4042070,Technology,99225,Ross Sugrue,14751,John C McConnell,9,ht,9,,10-5,165,17/2,9.5,84,,,CompletedRace,12,2,24.5,00:05:56.6000000,356.6,9/4,3.25,34,90-F02,"€5,900",5900,84,101,95,338480,Cyril McMullan,Yeats,IRE,Little Fashionista,False,False,,32,7,True,,IRE
929760,Glenary Handicap Hurdle,177,Clonmel (IRE),10/01/2026 17:17:00,Hurdle,,,0-100,4yo+,None,2m7f,23,4624,5060,Good,Turf,6555367,Kared'as de Cougny,8992,Alex Harvey,14751,John C McConnell,6,t1,12,,10-6,166,12/1,13,78,,,CompletedRace,13,9,33.5,00:05:58.4000000,358.4,40/1,41,,6653-F,"€5,900",5900,78,95,,118866,John C McConnell,Gemix,FR,Ulyssa Du Mou,True,False,,32,,True,1,FR
929760,Glenary Handicap Hurdle,177,Clonmel (IRE),10/01/2026 17:17:00,Hurdle,,,0-100,4yo+,None,2m7f,23,4624,5060,Good,Turf,5711172,Finnicky Filly,101060,Daniel King,8256,John Patrick Ryan,8,t,15,,10-2,162,12/1,13,74,,,CompletedRace,14,6.5,40,00:05:59.7000000,359.7,20/1,21,69,656505,"€5,900",5900,74,103,67,46477,John Patrick Ryan,Sageburg,IRE,Mexican Sky,False,False,,28,,False,,IRE
929760,Glenary Handicap Hurdle,177,Clonmel (IRE),10/01/2026 17:17:00,Hurdle,,,0-100,4yo+,None,2m7f,23,4624,5060,Good,Turf,8812069,Ballyhahill,102961,Kevin Healy,18145,Gordon Elliott,4,p,4,,11-2,178,40/1,41,97,,,PulledUp,0,0,0,00:05:51.7000000,351.7,10/1,11,54,47-05,"€5,900",5900,97,96,61,306419,David Hopkins & Mark Hopkins,King Of Change,GB,Synopsis,False,False,,49,7,True,,IRE
927729,Follow @attheraces On Instagram Handicap,1353,Newcastle (AW),10/01/2026 17:00:00,Other,Class 5,,0-70,3yo+,None,1m4½f,12.5,2513,2750,Standard,AllWeather,5385888,Jujubella,93884,Oisin Orr,42490,Lucinda Russell & Michael Scudamore,5,p,6,2,9-12,156,13/2,7.5,66,,,CompletedRace,1,0,0,00:02:40.9800000,160.98,7/2,4.5,26,532302,"£3,978",3978,66,76,59,350330,Oakleaf Racing,Too Darn Hot,GB,Nourah,False,False,,41,,False,,IRE
927729,Follow @attheraces On Instagram Handicap,1353,Newcastle (AW),10/01/2026 17:00:00,Other,Class 5,,0-70,3yo+,None,1m4½f,12.5,2513,2750,Standard,AllWeather,6550740,Junkyard Dog,81166,Andrew Mullen,21516,Iain Jardine,4,v,5,9,10-0,160,9/2,5.5,68,,,CompletedRace,2,0.3,0.3,00:02:41.0400000,161.04,4/1,5,28,8-9214,"£3,978",3978,68,76,65,360531,"A Sinclair, David Carroll & G Gibson",Fastnet Rock,AUS,Gold Bracelet,False,False,,47,,False,,IRE
927729,Follow @attheraces On Instagram Handicap,1353,Newcastle (AW),10/01/2026 17:00:00,Other,Class 5,,0-70,3yo+,None,1m4½f,12.5,2513,2750,Standard,AllWeather,5472320,L'Eagle Aid,92565,Rowan Scott,40131,Charlie Johnston,5,p,4,1,10-2,162,2/1F,3,70,,,CompletedRace,3,1.5,1.75,00:02:41.3300000,161.33,5/2,3.5,7,353363,"£3,978",3978,70,78,,231932,Two Goldfish & A Balloon,Free Eagle,IRE,Acres Of Diamonds,False,False,,51,,True,,IRE
927729,Follow @attheraces On Instagram Handicap,1353,Newcastle (AW),10/01/2026 17:00:00,Other,Class 5,,0-70,3yo+,None,1m4½f,12.5,2513,2750,Standard,AllWeather,7677633,Mr Moonshine,104019,Warren Fentiman,42996,Richard & Peter Fahey,3,p,7,11,9-7,151,9/4,3.25,70,,,CompletedRace,4,4.25,6,00:02:42.1800000,162.18,13/2,7.5,13,523310,"£3,978",3978,70,74,59,220961,The Musley Bank Partnership & Partner,Cotai Glory,GB,Whiskey 'N' Chips,False,False,,61,3,False,,IRE
927729,Follow @attheraces On Instagram Handicap,1353,Newcastle (AW),10/01/2026 17:00:00,Other,Class 5,,0-70,3yo+,None,1m4½f,12.5,2513,2750,Standard,AllWeather,7722768,Rodoya,100775,Tom Kiely-Marshall,12225,Julie Camacho,4,b,2,4,9-13,157,33/1,34,70,,,CompletedRace,5,1,7,00:02:42.3800000,162.38,16/1,17,28,386-88,"£3,978",3978,70,71,50,376811,Niall O'Keeffe & Julie Camacho,Persian King,IRE,Royana,False,False,,43,3,True,,IRE
927729,Follow @attheraces On Instagram Handicap,1353,Newcastle (AW),10/01/2026 17:00:00,Other,Class 5,,0-70,3yo+,None,1m4½f,12.5,2513,2750,Standard,AllWeather,7970715,Sogniamo,103453,Conor Whiteley,22839,David O'Meara,3,tp,9,10,8-13,141,40/1,41,64,,,CompletedRace,6,4.75,11.75,00:02:43.3300000,163.33,25/1,26,11,175688,"£3,978",3978,64,75,,344686,Aurelius Racing,Oasis Dream,GB,Grace And Favour,False,False,,49,5,False,,GB
927729,Follow @attheraces On Instagram Handicap,1353,Newcastle (AW),10/01/2026 17:00:00,Other,Class 5,,0-70,3yo+,None,1m4½f,12.5,2513,2750,Standard,AllWeather,8406199,Beckon,92732,Cam Hardie,10806,Susan Corbett,3,,11,5,9-1,145,33/1,34,61,,,CompletedRace,7,2.25,14,00:02:43.7800000,163.78,10/1,11,6,639905,"£3,978",3978,61,74,62,375969,Wee Dude Racing & Michael Darrah,Ulysses,IRE,Phillimore,False,False,,60,,True,,GB
927729,Follow @attheraces On Instagram Handicap,1353,Newcastle (AW),10/01/2026 17:00:00,Other,Class 5,,0-70,3yo+,None,1m4½f,12.5,2513,2750,Standard,AllWeather,3152116,Clansman,95152,Billy Garritty,35710,Liam Bailey,8,,3,7,10-2,162,14/1,15,70,,,CompletedRace,8,0.2,14.25,00:02:43.8300000,163.83,14/1,15,33,133107,"£3,978",3978,70,74,67,207589,"Mrs C M Clarke, Foulrice Park Racing Ltd",Nathaniel,IRE,Pearl Dance,False,False,,13,,False,,GB
927729,Follow @attheraces On Instagram Handicap,1353,Newcastle (AW),10/01/2026 17:00:00,Other,Class 5,,0-70,3yo+,None,1m4½f,12.5,2513,2750,Standard,AllWeather,3816930,Sophiesticate,103709,Shay Farmer,10241,R Mike Smith,7,,10,8,8-10,138,80/1,81,55,,,CompletedRace,9,47,61.25,00:02:53.2300000,173.23,20/1,21,13,333168,"£3,978",3978,55,72,,365097,The Market Traders,War Command,USA,Lenoire,False,False,,24,5,False,,IRE
927729,Follow @attheraces On Instagram Handicap,1353,Newcastle (AW),10/01/2026 17:00:00,Other,Class 5,,0-70,3yo+,None,1m4½f,12.5,2513,2750,Standard,AllWeather,5929150,Moon Sniper,100476,William Pyle,34491,Jessica Bedi,4,tp1,1,3,10-2,162,100/1,101,70,,,CompletedRace,10,24,85.25,00:02:58.0300000,178.03,16/1,17,164,43-356,"£3,978",3978,70,76,33,276275,Mrs Christine Rabbitt,Sea The Moon,GER,Improve,True,False,1,,,True,2,GB
927729,Follow @attheraces On Instagram Handicap,1353,Newcastle (AW),10/01/2026 17:00:00,Other,Class 5,,0-70,3yo+,None,1m4½f,12.5,2513,2750,Standard,AllWeather,2394514,Molinari,79371,Paul Mulrennan,9693,Martin Todhunter,9,,8,6,9-9,153,9/1,10,63,,,PulledUp,0,0,0,00:02:40.9800000,160.98,16/1,17,52,04-860,"£3,978",3978,63,77,45,356895,Mr & Mrs G F Hall Racing,Mastercraftsman,IRE,Moon Empress,False,False,,50,,False,,IRE
927726,Free Tips Daily On attheraces.com EBF Maiden Stakes (GBB/GBBPlus Race),1353,Newcastle (AW),10/01/2026 17:30:00,Other,Class 3,,,2yo,None,1m,8,1608,1760,Standard,AllWeather,9828532,Saint Of Seville,9836,Robert Havlin,38291,John & Thady Gosden,2,,4,1,9-7,151,EvensF,2,,,,CompletedRace,1,0,0,00:01:41.5900000,101.59,2/1,3,15,5,"£7,020",7020,,68,,46148,Lady Bamford,Baaeed,GB,Star Of Seville,False,False,,65,,True,,GB
927726,Free Tips Daily On attheraces.com EBF Maiden Stakes (GBB/GBBPlus Race),1353,Newcastle (AW),10/01/2026 17:30:00,Other,Class 3,,,2yo,None,1m,8,1608,1760,Standard,AllWeather,9693251,Night Of Gold,77767,Billy Loughnane,36211,George Boughey,2,,2,3,9-7,151,11/8,2.375,,,,CompletedRace,2,0.3,0.3,00:01:41.6500000,101.65,7/4,2.75,35,3,"£7,020",7020,,63,56,367414,Exors Of The Late Sheikh Mohammed Obaid,Night Of Thunder,IRE,Quenelle D'Or,False,False,,44,,False,,GB
927726,Free Tips Daily On attheraces.com EBF Maiden Stakes (GBB/GBBPlus Race),1353,Newcastle (AW),10/01/2026 17:30:00,Other,Class 3,,,2yo,None,1m,8,1608,1760,Standard,AllWeather,9894011,Ring Of Music,93480,Clifford Lee,25009,Hugo Palmer,2,t1,3,5,9-7,151,12/1,13,,,,CompletedRace,3,0.75,1,00:01:41.7900000,101.79,7/2,4.5,,,"£7,020",7020,,,,171595,Vefa Ibrahim Araci,Minzaal,IRE,Miss Azeza,True,False,,47,,False,,IRE
927726,Free Tips Daily On attheraces.com EBF Maiden Stakes (GBB/GBBPlus Race),1353,Newcastle (AW),10/01/2026 17:30:00,Other,Class 3,,,2yo,None,1m,8,1608,1760,Standard,AllWeather,9683324,Sir Terry Hadley,92565,Rowan Scott,40131,Charlie Johnston,2,,5,4,9-7,151,10/1,11,,,,CompletedRace,4,6,7,00:01:42.9900000,102.99,8/1,9,28,6,"£7,020",7020,,60,,47755,Paul Dean,Baaeed,GB,Seal Of Approval,False,False,,51,,True,,GB
927726,Free Tips Daily On attheraces.com EBF Maiden Stakes (GBB/GBBPlus Race),1353,Newcastle (AW),10/01/2026 17:30:00,Other,Class 3,,,2yo,None,1m,8,1608,1760,Standard,AllWeather,9645585,King Kenny,92732,Cam Hardie,30941,Antony Brittain,2,,1,2,9-7,151,28/1,29,,,,CompletedRace,5,4.5,11.5,00:01:43.8900000,103.89,12/1,13,25,40,"£7,020",7020,,80,,230347,Antony Brittain,Space Traveller,GB,Ittasal,False,False,,50,,False,,IRE
927728,Free Race Replays On attheraces.com Nursery Handicap,1353,Newcastle (AW),10/01/2026 18:00:00,Other,Class 4,,0-85,2yo,None,5f,5,1005,1100,Standard,AllWeather,9004860,Bill The Bull,9836,Robert Havlin,42921,Adam Kirby,2,t,5,7,9-4,148,17/2,9.5,80,,,CompletedRace,1,0,0,00:00:59.4600000,59.46,12/1,13,14,418096,"£5,234",5234,80,89,,368568,Vicarage Dreamers,Coulsty,IRE,Princess Banu,False,False,,50,,True,,IRE
927728,Free Race Replays On attheraces.com Nursery Handicap,1353,Newcastle (AW),10/01/2026 18:00:00,Other,Class 4,,0-85,2yo,None,5f,5,1005,1100,Standard,AllWeather,8881446,Blake's Monarch,90243,Jason Hart,30867,Ivan Furtado,2,t,1,1,9-10,154,11/2,6.5,86,,,CompletedRace,2,0.5,0.5,00:00:59.5600000,59.56,3/1,4,16,2601,"£5,234",5234,86,82,32,371240,The Good Racing Co Ltd & Partners,Ten Sovereigns,IRE,Glencross,False,False,2,50,,False,,IRE
927728,Free Race Replays On attheraces.com Nursery Handicap,1353,Newcastle (AW),10/01/2026 18:00:00,Other,Class 4,,0-85,2yo,None,5f,5,1005,1100,Standard,AllWeather,9258995,Peaceful Warrior,90103,Shane Gray,22525,Kevin Ryan,2,,6,3,9-4,148,4/1,5,80,,,CompletedRace,3,1.25,1.75,00:00:59.8100000,59.81,6/1,7,19,1404,"£5,234",5234,80,85,,372721,Peaceful Warrior Partners,No Nay Never,USA,Salamah,False,False,,48,,False,,IRE
927728,Free Race Replays On attheraces.com Nursery Handicap,1353,Newcastle (AW),10/01/2026 18:00:00,Other,Class 4,,0-85,2yo,None,5f,5,1005,1100,Standard,AllWeather,9092926,Havana Lightning,77767,Billy Loughnane,36211,George Boughey,2,t,2,4,9-9,153,100/30,4.333333333333334,85,,,CompletedRace,4,0.75,2.5,00:00:59.9600000,59.96,4/1,5,48,5106,"£5,234",5234,85,88,,184685,Shapoor Mistry,Havana Grey,GB,Persaria,False,False,,44,,False,,GB
927728,Free Race Replays On attheraces.com Nursery Handicap,1353,Newcastle (AW),10/01/2026 18:00:00,Other,Class 4,,0-85,2yo,None,5f,5,1005,1100,Standard,AllWeather,9263894,Kentucky Rain,92565,Rowan Scott,42134,Lemos De Souza,2,t,4,2,9-6,150,9/2,5.5,82,,,CompletedRace,5,1.25,3.75,00:01:00.2100000,60.21,5/1,6,40,20144,"£5,234",5234,82,93,,252234,Amo Racing Limited,Lucky Vega,IRE,Equanimity,False,False,,25,,False,,IRE
927728,Free Race Replays On attheraces.com Nursery Handicap,1353,Newcastle (AW),10/01/2026 18:00:00,Other,Class 4,,0-85,2yo,None,5f,5,1005,1100,Standard,AllWeather,9512291,Not My Type,98519,Cieren Fallon,3415,William Haggas,2,,3,6,9-8,152,3/1F,4,84,,,CompletedRace,6,0.5,4.25,00:01:00.3100000,60.31,9/2,5.5,7,1155,"£5,234",5234,84,84,,100700,Lael Stables,No Nay Never,USA,Arousing,False,False,,55,,False,,GB
927732,Download The Racecourse App Raceday Ready Handicap,1353,Newcastle (AW),10/01/2026 18:30:00,Other,Class 6,,0-65,3yo,None,1m,8,1608,1760,Standard,AllWeather,7983209,Dalamara,81166,Andrew Mullen,22367,Ben Haslam,3,p,6,3,9-4,148,4/1,5,60,,,CompletedRace,1,0,0,00:01:41.0300000,101.03,4/1,5,29,246413,"£3,245",3245,60,74,34,361013,"Mps Racing Partners, Shapiro & Clifford",Ulysses,IRE,Lady Lekki,False,False,,67,,False,,GB
927732,Download The Racecourse App Raceday Ready Handicap,1353,Newcastle (AW),10/01/2026 18:30:00,Other,Class 6,,0-65,3yo,None,1m,8,1608,1760,Standard,AllWeather,8716046,Sailor's Return,82231,Daniel Tudhope,22839,David O'Meara,3,t,3,6,9-8,152,7/2,4.5,64,,,CompletedRace,2,0.3,0.3,00:01:41.0900000,101.09,6/1,7,14,660415,"£3,245",3245,64,74,53,60791,Car Colston Hall Stud,Soldier Hollow,GB,Closing Bell,False,False,,49,,False,,GB
927732,Download The Racecourse App Raceday Ready Handicap,1353,Newcastle (AW),10/01/2026 18:30:00,Other,Class 6,,0-65,3yo,None,1m,8,1608,1760,Standard,AllWeather,8031348,Exotic Baby,79371,Paul Mulrennan,12465,Ian Williams,3,,2,10,9-9,153,10/1,11,65,,,CompletedRace,3,1.5,1.75,00:01:41.3800000,101.38,20/1,21,28,045709,"£3,245",3245,65,74,63,337076,Maranto Manor 1,Too Darn Hot,GB,Ruffled,False,False,,52,,True,2,GB
927732,Download The Racecourse App Raceday Ready Handicap,1353,Newcastle (AW),10/01/2026 18:30:00,Other,Class 6,,0-65,3yo,None,1m,8,1608,1760,Standard,AllWeather,7436362,Maynora,100775,Tom Kiely-Marshall,39011,Craig Lidster,3,p,9,2,8-11,139,14/1,15,56,,,CompletedRace,4,0.3,2,00:01:41.4300000,101.43,10/1,11,23,144525,"£3,245",3245,56,73,52,329336,Craig Lidster Racing,Mayson,GB,Azenora,False,False,,38,3,True,,GB
927732,Download The Racecourse App Raceday Ready Handicap,1353,Newcastle (AW),10/01/2026 18:30:00,Other,Class 6,,0-65,3yo,None,1m,8,1608,1760,Standard,AllWeather,7957278,Alkumatic Jo Jo,77767,Billy Loughnane,30867,Ivan Furtado,3,,4,5,9-7,151,2/1F,3,63,,,CompletedRace,5,0.5,2.5,00:01:41.5300000,101.53,7/1,8,22,657356,"£3,245",3245,63,76,69,343083,W P Flynn & Friend,Alkumait,GB,Approachable,False,False,,50,,True,,IRE
927732,Download The Racecourse App Raceday Ready Handicap,1353,Newcastle (AW),10/01/2026 18:30:00,Other,Class 6,,0-65,3yo,None,1m,8,1608,1760,Standard,AllWeather,7400077,Dacres Cross,76831,Tom Eaves,22525,Kevin Ryan,3,,5,8,9-6,150,14/1,15,62,,,CompletedRace,6,2,4.5,00:01:41.9300000,101.93,7/1,8,14,-04595,"£3,245",3245,62,72,,357042,J Speight & M Holdsworth,Prince Of Lir,IRE,Shahaama,False,False,,48,,False,,IRE
927732,Download The Racecourse App Raceday Ready Handicap,1353,Newcastle (AW),10/01/2026 18:30:00,Other,Class 6,,0-65,3yo,None,1m,8,1608,1760,Standard,AllWeather,9650610,Suntino Lady,100476,William Pyle,39387,David & Nicola Barron,3,,7,7,9-2,146,66/1,67,58,,,CompletedRace,7,1,5.5,00:01:42.1300000,102.13,14/1,15,22,456,"£3,245",3245,58,72,,357664,Edward Peary And Partner,Buratino,IRE,Sun'Aq,False,False,,8,,False,,GB
927732,Download The Racecourse App Raceday Ready Handicap,1353,Newcastle (AW),10/01/2026 18:30:00,Other,Class 6,,0-65,3yo,None,1m,8,1608,1760,Standard,AllWeather,7793638,Baldosa,96409,Faye McManoman,865,Nigel Tinkler,3,t1,10,9,8-8,136,10/1,11,50,,,CompletedRace,8,1.5,7,00:01:42.4300000,102.43,12/1,13,29,241366,"£3,245",3245,50,74,30,306087,Ceramic Tile Merchants Ltd,Time Test,GB,Tingleo,True,False,,47,,False,,IRE
927732,Download The Racecourse App Raceday Ready Handicap,1353,Newcastle (AW),10/01/2026 18:30:00,Other,Class 6,,0-65,3yo,None,1m,8,1608,1760,Standard,AllWeather,8418745,Fickle McSelfish,14332,David Nolan,41117,Tony Coyle & Kaine Wood,3,p,1,4,9-9,153,16/1,17,65,,,CompletedRace,9,5,12,00:01:43.4300000,103.43,7/2,4.5,168,745132,"£3,245",3245,65,74,54,327118,Gary Downie,Tasleet,GB,Hyacinth,False,False,,50,,False,,GB
927732,Download The Racecourse App Raceday Ready Handicap,1353,Newcastle (AW),10/01/2026 18:30:00,Other,Class 6,,0-65,3yo,None,1m,8,1608,1760,Standard,AllWeather,7861447,Truly Special,90243,Jason Hart,486,John Wainwright,3,,8,1,9-0,144,28/1,29,56,,,CompletedRace,10,5,17,00:01:44.4300000,104.43,8/1,9,51,9-6611,"£3,245",3245,56,73,,202561,K Nicholson,Kameko,USA,Pepper Lane,False,False,,33,,False,,GB
927727,Download The Raceday Ready App Fillies' Handicap,1353,Newcastle (AW),10/01/2026 19:00:00,Other,Class 4,,0-85,3yo+,Fillies,6f,6,1206,1320,Standard,AllWeather,8009413,Angel Love,92565,Rowan Scott,37949,Kevin Philippart De Foy,3,,4,2,9-2,146,8/1,9,76,,,CompletedRace,1,0,0,00:01:12.2000000,72.2,11/2,6.5,62,31-073,"£5,234",5234,76,90,68,361199,Owners Group 132,Harry Angel,IRE,Cupboard Love,False,False,,62,,False,,GB
927727,Download The Raceday Ready App Fillies' Handicap,1353,Newcastle (AW),10/01/2026 19:00:00,Other,Class 4,,0-85,3yo+,Fillies,6f,6,1206,1320,Standard,AllWeather,5884229,Mae Amor,100775,Tom Kiely-Marshall,28511,Rebecca Menzies,4,v,7,5,8-12,140,11/1,12,74,,,CompletedRace,2,0.05,0.05,00:01:12.2100000,72.21,10/1,11,11,964347,"£5,234",5234,74,92,,353644,Jpr Investments,Mehmas,IRE,Stage Name,False,False,,23,3,False,,IRE
927727,Download The Raceday Ready App Fillies' Handicap,1353,Newcastle (AW),10/01/2026 19:00:00,Other,Class 4,,0-85,3yo+,Fillies,6f,6,1206,1320,Standard,AllWeather,7516446,Society Kiss,93480,Clifford Lee,309,John Mackie,3,p1,2,3,9-6,150,25/1,26,80,,,CompletedRace,3,0.5,0.5,00:01:12.3000000,72.3,12/1,13,13,0-3200,"£5,234",5234,80,93,59,357973,Clarence Bennie Robinson,A'Ali,IRE,One Kiss,True,False,,46,,True,,GB
927727,Download The Raceday Ready App Fillies' Handicap,1353,Newcastle (AW),10/01/2026 19:00:00,Other,Class 4,,0-85,3yo+,Fillies,6f,6,1206,1320,Standard,AllWeather,7970710,Lady Kodiac,104790,Harry Vigors,25914,James Tate,3,,1,6,9-8,152,100/30,4.333333333333334,87,,,CompletedRace,4,1.25,1.75,00:01:12.5500000,72.55,5/2,3.5,26,526251,"£5,234",5234,87,94,63,2791,Jaber Abdullah,Kodiac,GB,Shy Angel,False,False,,50,5,False,,IRE
927727,Download The Raceday Ready App Fillies' Handicap,1353,Newcastle (AW),10/01/2026 19:00:00,Other,Class 4,,0-85,3yo+,Fillies,6f,6,1206,1320,Standard,AllWeather,9429292,Vanilla Skies,98519,Cieren Fallon,3415,William Haggas,3,t,3,4,9-3,147,3/1F,4,77,,,CompletedRace,5,0.2,2,00:01:12.6000000,72.6,7/2,4.5,20,1223,"£5,234",5234,77,92,,100700,Lael Stables,Pinatubo,IRE,Cloud Line,False,False,,55,,False,,GB
927727,Download The Raceday Ready App Fillies' Handicap,1353,Newcastle (AW),10/01/2026 19:00:00,Other,Class 4,,0-85,3yo+,Fillies,6f,6,1206,1320,Standard,AllWeather,5123481,D Flawless,90243,Jason Hart,19056,Katie Scott,5,h,8,8,8-13,141,17/2,9.5,72,,,CompletedRace,6,0.3,2.25,00:01:12.6500000,72.65,8/1,9,84,361453,"£5,234",5234,72,92,70,378314,Ursa Major & Sapphire Print Solutions,Make Believe,GB,Savaanah,False,False,,15,,False,1,IRE
927727,Download The Raceday Ready App Fillies' Handicap,1353,Newcastle (AW),10/01/2026 19:00:00,Other,Class 4,,0-85,3yo+,Fillies,6f,6,1206,1320,Standard,AllWeather,7847672,Tarot,89973,Ross Coakley,24890,Roger Varian,3,h,5,1,9-2,146,9/2,5.5,76,,,CompletedRace,7,1.75,4,00:01:13,73,7/1,8,16,-76654,"£5,234",5234,76,93,68,16105,Cheveley Park Stud,Starspangledbanner,AUS,Astrologer,False,False,,58,,False,,GB
927727,Download The Raceday Ready App Fillies' Handicap,1353,Newcastle (AW),10/01/2026 19:00:00,Other,Class 4,,0-85,3yo+,Fillies,6f,6,1206,1320,Standard,AllWeather,7762485,Siouxpersonic,92732,Cam Hardie,12225,Julie Camacho,3,p,9,7,8-12,140,40/1,41,72,,,CompletedRace,8,0.3,4.25,00:01:13.0500000,73.05,16/1,17,16,-24076,"£5,234",5234,72,90,58,342848,Nick Bradley Racing 26 & Julie Camacho,Sioux Nation,USA,Gold Lace,False,False,,43,,False,,IRE
927727,Download The Raceday Ready App Fillies' Handicap,1353,Newcastle (AW),10/01/2026 19:00:00,Other,Class 4,,0-85,3yo+,Fillies,6f,6,1206,1320,Standard,AllWeather,5708720,Call Me Betty,90868,Connor Beasley,5079,Michael Dods,4,,6,9,9-1,145,6/1,7,74,,,CompletedRace,9,1.5,5.75,00:01:13.3500000,73.35,14/1,15,11,-01973,"£5,234",5234,74,90,24,316572,D Stone & Mrs C Dods,Sands Of Mali,FR,Ariena,False,False,,31,,False,,IRE
927730,Get Raceday Ready Handicap,1353,Newcastle (AW),10/01/2026 19:30:00,Other,Class 5,,0-70,3yo,None,7f,7,1407,1540,Standard,AllWeather,8018243,Kody B,90103,Shane Gray,39011,Craig Lidster,3,p,6,3,9-7,151,8/1,9,67,,,CompletedRace,1,0,0,00:01:27.6700000,87.67,25/1,26,17,045667,"£3,978",3978,67,73,,166831,David K Barker,Dark Angel,IRE,Kodinar,False,False,,38,,True,,IRE
927730,Get Raceday Ready Handicap,1353,Newcastle (AW),10/01/2026 19:30:00,Other,Class 5,,0-70,3yo,None,7f,7,1407,1540,Standard,AllWeather,8196284,Espanita,90868,Connor Beasley,40131,Charlie Johnston,3,h,5,4,9-7,151,15/8F,2.875,67,,,CompletedRace,2,0.5,0.5,00:01:27.7700000,87.77,9/4,3.25,10,616312,"£3,978",3978,67,84,67,360209,Kingsley Park 41,Phoenix Of Spain,IRE,Furia Cruzada,False,False,,51,,False,,IRE
927730,Get Raceday Ready Handicap,1353,Newcastle (AW),10/01/2026 19:30:00,Other,Class 5,,0-70,3yo,None,7f,7,1407,1540,Standard,AllWeather,8954000,Rousham,96409,Faye McManoman,865,Nigel Tinkler,3,h,10,6,9-1,145,11/1,12,61,,,CompletedRace,3,0.5,1,00:01:27.8700000,87.87,14/1,15,22,210460,"£3,978",3978,61,76,57,369369,Owners Group 147,Bobby's Kitten,USA,Roubles,False,False,,47,,False,,GB
927730,Get Raceday Ready Handicap,1353,Newcastle (AW),10/01/2026 19:30:00,Other,Class 5,,0-70,3yo,None,7f,7,1407,1540,Standard,AllWeather,8534584,Egotistical,89973,Ross Coakley,24890,Roger Varian,3,,4,2,9-7,151,9/2,5.5,67,,,CompletedRace,4,0.5,1.5,00:01:27.9700000,87.97,100/30,4.333333333333334,29,317424,"£3,978",3978,67,81,62,365637,Varian Racing Xi,Acclamation,GB,Self Centred,False,False,,58,,False,,GB
927730,Get Raceday Ready Handicap,1353,Newcastle (AW),10/01/2026 19:30:00,Other,Class 5,,0-70,3yo,None,7f,7,1407,1540,Standard,AllWeather,7409474,Kilfrush Desert,76831,Tom Eaves,22525,Kevin Ryan,3,,8,8,9-5,149,12/1,13,65,,,CompletedRace,5,0.3,1.75,00:01:28.0200000,88.02,10/1,11,29,3-2288,"£3,978",3978,65,79,42,2791,Jaber Abdullah,Earthlight,IRE,Noura Star,False,False,,48,,False,,IRE
927730,Get Raceday Ready Handicap,1353,Newcastle (AW),10/01/2026 19:30:00,Other,Class 5,,0-70,3yo,None,7f,7,1407,1540,Standard,AllWeather,8748867,Henry Halflight,95152,Billy Garritty,35710,Liam Bailey,3,,2,1,9-8,152,66/1,67,68,,,CompletedRace,6,0.3,2,00:01:28.0700000,88.07,33/1,34,16,27180,"£3,978",3978,68,77,35,184464,Foulrice Park Racing Limited,Dawn Approach,IRE,Luminaria,False,False,,13,,False,,IRE
927730,Get Raceday Ready Handicap,1353,Newcastle (AW),10/01/2026 19:30:00,Other,Class 5,,0-70,3yo,None,7f,7,1407,1540,Standard,AllWeather,7762480,Berlinetta,77767,Billy Loughnane,40161,Jack Channon,3,,7,7,9-6,150,100/30,4.333333333333334,66,,,CompletedRace,7,0.05,2.25,00:01:28.1200000,88.12,4/1,5,12,755148,"£3,978",3978,66,81,43,292360,Opulence Thoroughbreds,Pinatubo,IRE,Marie Of Lyon,False,False,,39,,True,,GB
927730,Get Raceday Ready Handicap,1353,Newcastle (AW),10/01/2026 19:30:00,Other,Class 5,,0-70,3yo,None,7f,7,1407,1540,Standard,AllWeather,7631474,March Ahead,79371,Paul Mulrennan,373,Bryan Smart,3,,3,9,9-8,152,20/1,21,68,,,CompletedRace,8,1.25,3.5,00:01:28.3700000,88.37,16/1,17,26,184-57,"£3,978",3978,68,76,49,358958,Mrs A Plumbridge,Dream Ahead,USA,Dance On The Day,False,False,,67,,False,,GB
927730,Get Raceday Ready Handicap,1353,Newcastle (AW),10/01/2026 19:30:00,Other,Class 5,,0-70,3yo,None,7f,7,1407,1540,Standard,AllWeather,9004875,Record Day,92565,Rowan Scott,4431,Brian Ellison,3,b,9,10,9-3,147,16/1,17,63,,,CompletedRace,9,1,4.5,00:01:28.5700000,88.57,14/1,15,17,937805,"£3,978",3978,63,79,54,118519,Mrs Claire Ellison,Showcasing,GB,Airwaves,False,False,,43,,True,,GB
927730,Get Raceday Ready Handicap,1353,Newcastle (AW),10/01/2026 19:30:00,Other,Class 5,,0-70,3yo,None,7f,7,1407,1540,Standard,AllWeather,7551812,If I Could Dream,103453,Conor Whiteley,34888,Stephen Hanlon,3,v1,1,5,9-4,148,28/1,29,69,,,CompletedRace,10,0.5,5,00:01:28.6700000,88.67,15/2,8.5,87,03-093,"£3,978",3978,69,78,41,306424,Summerstorm Bloodstock Ltd,Oasis Dream,GB,Fleet Street,True,False,,50,5,True,1,GB
927733,Free Digital Racecard At raceday-ready.com Handicap,1353,Newcastle (AW),10/01/2026 20:00:00,Other,Class 6,,0-65,3yo+,None,5f,5,1005,1100,Standard,AllWeather,8106633,Cotai Starlight,90243,Jason Hart,19056,Katie Scott,3,,8,5,9-3,147,5/1,6,59,,,CompletedRace,1,0,0,00:00:58.7700000,58.77,7/1,8,22,814523,"£3,245",3245,59,74,,306424,Summerstorm Bloodstock Ltd,Cotai Glory,GB,Clef,False,False,,15,,False,,IRE
927733,Free Digital Racecard At raceday-ready.com Handicap,1353,Newcastle (AW),10/01/2026 20:00:00,Other,Class 6,,0-65,3yo+,None,5f,5,1005,1100,Standard,AllWeather,5123487,Blue Force,92732,Cam Hardie,30941,Antony Brittain,5,h,2,9,9-9,153,15/2,8.5,65,,,CompletedRace,2,1.5,1.5,00:00:59.0700000,59.07,8/1,9,12,369144,"£3,245",3245,65,76,66,272125,John And Tony Jarvis And Partner,Blue Point,IRE,Miss Fay,False,False,,50,,False,,IRE
927733,Free Digital Racecard At raceday-ready.com Handicap,1353,Newcastle (AW),10/01/2026 20:00:00,Other,Class 6,,0-65,3yo+,None,5f,5,1005,1100,Standard,AllWeather,5017676,Sergeant Mayer,99878,Alex Jary,865,Nigel Tinkler,5,,1,3,9-9,153,9/2,5.5,68,,,CompletedRace,3,0.3,1.75,00:00:59.1200000,59.12,5/2,3.5,8,696111,"£3,245",3245,68,74,,316122,The Olliers,Soldier's Call,GB,Suedehead,False,False,,47,3,False,,IRE
927733,Free Digital Racecard At raceday-ready.com Handicap,1353,Newcastle (AW),10/01/2026 20:00:00,Other,Class 6,,0-65,3yo+,None,5f,5,1005,1100,Standard,AllWeather,7708609,Powernap,93480,Clifford Lee,34491,Jessica Bedi,3,t,10,2,8-13,141,50/1,51,55,,,CompletedRace,4,1.25,3,00:00:59.3700000,59.37,33/1,34,36,522185,"£3,245",3245,55,76,38,359567,V & SC Thompson,Havana Grey,GB,Napping,False,False,,,,False,,GB
927733,Free Digital Racecard At raceday-ready.com Handicap,1353,Newcastle (AW),10/01/2026 20:00:00,Other,Class 6,,0-65,3yo+,None,5f,5,1005,1100,Standard,AllWeather,4980113,King Of The Jungle,95152,Billy Garritty,38543,Michael & David Easterby,6,,3,8,9-8,152,12/1,13,64,,,CompletedRace,5,0.05,3,00:00:59.3700000,59.37,14/1,15,41,5-0110,"£3,245",3245,64,75,,260713,Laura Mason Syndicate Racing,Bungle Inthejungle,GB,Bonne,False,False,,35,,False,,IRE
927733,Free Digital Racecard At raceday-ready.com Handicap,1353,Newcastle (AW),10/01/2026 20:00:00,Other,Class 6,,0-65,3yo+,None,5f,5,1005,1100,Standard,AllWeather,7952268,Golden Havana,90868,Connor Beasley,5079,Michael Dods,3,v,4,6,9-7,151,20/1,21,63,,,CompletedRace,6,0.5,3.5,00:00:59.4700000,59.47,8/1,9,16,322250,"£3,245",3245,63,75,27,116156,Denton Hall Racing Ltd,Havana Gold,IRE,Lily For Ever,False,False,,31,,False,,IRE
927733,Free Digital Racecard At raceday-ready.com Handicap,1353,Newcastle (AW),10/01/2026 20:00:00,Other,Class 6,,0-65,3yo+,None,5f,5,1005,1100,Standard,AllWeather,8611424,Mayflyer,80421,Stevie Donohoe,42742,Tony Culhane & Stella Barclay,3,,6,7,9-6,150,6/1,7,62,,,CompletedRace,7,1,4.5,00:00:59.6700000,59.67,10/1,11,62,5433,"£3,245",3245,62,72,43,362425,Mrs B A Culhane,Tasleet,GB,Umneyati,False,False,,100,,True,2,GB
927733,Free Digital Racecard At raceday-ready.com Handicap,1353,Newcastle (AW),10/01/2026 20:00:00,Other,Class 6,,0-65,3yo+,None,5f,5,1005,1100,Standard,AllWeather,8758169,Celtic Arrow,100379,Ryan Sexton,12225,Julie Camacho,3,p1,5,1,9-7,151,12/1,13,63,,,CompletedRace,8,0.5,5,00:00:59.7700000,59.77,7/1,8,26,422505,"£3,245",3245,63,74,55,343299,Stuart Boyd & Niall O'Keeffe,Persian King,IRE,Freccia,True,False,,43,,False,,FR
927733,Free Digital Racecard At raceday-ready.com Handicap,1353,Newcastle (AW),10/01/2026 20:00:00,Other,Class 6,,0-65,3yo+,None,5f,5,1005,1100,Standard,AllWeather,6701900,Dc Cogent,79371,Paul Mulrennan,373,Bryan Smart,4,,7,10,9-5,149,15/8F,2.875,61,,,CompletedRace,9,4.75,9.75,00:01:00.7200000,60.72,9/2,5.5,16,683732,"£3,245",3245,61,77,60,351389,J R Dwyer And B Smart,Washington DC,IRE,Analytical,False,False,,67,,False,,GB
927731,Follow @attheraces On X Handicap,1353,Newcastle (AW),10/01/2026 20:30:00,Other,Class 6,,0-60,4yo+,None,1m,8,1608,1760,Standard,AllWeather,5212137,Whiskey Pete,92565,Rowan Scott,865,Nigel Tinkler,5,tv1,7,3,8-13,141,11/1,12,50,,,CompletedRace,1,0,0,00:01:39.4600000,99.46,16/1,17,12,962867,"£3,245",3245,50,73,48,294842,Martin Webb Racing,Night Of Thunder,IRE,Dorcas Lane,True,False,,47,,False,,IRE
927731,Follow @attheraces On X Handicap,1353,Newcastle (AW),10/01/2026 20:30:00,Other,Class 6,,0-60,4yo+,None,1m,8,1608,1760,Standard,AllWeather,4415502,Falcon Nine,104658,Cara Tuke,21516,Iain Jardine,6,b,4,4,8-13,141,5/1,6,57,,,CompletedRace,2,2.5,2.5,00:01:39.9600000,99.96,7/2,4.5,6,228032,"£3,245",3245,57,76,58,355568,Ursa Major Racing & I Jardine,Ulysses,IRE,Freedonia,False,False,,47,7,False,,GB
927731,Follow @attheraces On X Handicap,1353,Newcastle (AW),10/01/2026 20:30:00,Other,Class 6,,0-60,4yo+,None,1m,8,1608,1760,Standard,AllWeather,5746558,Just Typical,77767,Billy Loughnane,12465,Ian Williams,5,tp,3,6,9-8,152,9/4F,3.25,59,,,CompletedRace,3,0.2,2.75,00:01:40.0100000,100.01,11/4,3.75,16,843448,"£3,245",3245,59,82,38,40831,Mascalls Stud,Territories,IRE,Just Like A Woman,False,False,,52,,False,,GB
927731,Follow @attheraces On X Handicap,1353,Newcastle (AW),10/01/2026 20:30:00,Other,Class 6,,0-60,4yo+,None,1m,8,1608,1760,Standard,AllWeather,5289430,Gressington,90243,Jason Hart,19056,Katie Scott,5,v,2,1,9-9,153,9/2,5.5,60,,,CompletedRace,4,2.25,5,00:01:40.4600000,100.46,10/1,11,26,074745,"£3,245",3245,60,78,40,332226,Ursa Major Racing Ltd And Partner,Outstrip,GB,Silver Games,False,False,,15,,False,,IRE
927731,Follow @attheraces On X Handicap,1353,Newcastle (AW),10/01/2026 20:30:00,Other,Class 6,,0-60,4yo+,None,1m,8,1608,1760,Standard,AllWeather,2687060,Little Ted,103498,Jake Dickson,10152,Tim Easterby,9,h,6,8,8-9,137,9/2,5.5,51,,,CompletedRace,5,3,8,00:01:41.0600000,101.06,9/4,3.25,10,264221,"£3,245",3245,51,78,,221690,M J Macleod,Cityscape,GB,Speedy Utmost Meg,False,False,,42,5,False,,GB
927731,Follow @attheraces On X Handicap,1353,Newcastle (AW),10/01/2026 20:30:00,Other,Class 6,,0-60,4yo+,None,1m,8,1608,1760,Standard,AllWeather,5951756,Eve's Boy,90868,Connor Beasley,5079,Michael Dods,4,b1,1,7,9-9,153,5/1,6,60,,,CompletedRace,6,1.5,9.5,00:01:41.3600000,101.36,8/1,9,13,266875,"£3,245",3245,60,82,,4766,Allan McLuckie,Expert Eye,GB,Girls Talk,True,False,,31,,False,,GB
927731,Follow @attheraces On X Handicap,1353,Newcastle (AW),10/01/2026 20:30:00,Other,Class 6,,0-60,4yo+,None,1m,8,1608,1760,Standard,AllWeather,5127975,One More Bottle,100697,Aiden Brookes,39853,Lizzie Quinlan,5,v,8,2,8-9,137,40/1,41,46,,,CompletedRace,7,0.1,9.5,00:01:41.3600000,101.36,33/1,34,6,-06890,"£3,245",3245,46,71,37,323202,Mrs E Quinlan,Mukhadram,GB,Lady Tabitha,False,False,,22,,False,,GB
927731,Follow @attheraces On X Handicap,1353,Newcastle (AW),10/01/2026 20:30:00,Other,Class 6,,0-60,4yo+,None,1m,8,1608,1760,Standard,AllWeather,5708678,Rogue Officer,92732,Cam Hardie,30941,Antony Brittain,4,h,5,5,9-1,145,18/1,19,52,,,CompletedRace,8,12,21.5,00:01:43.7600000,103.76,10/1,11,16,900625,"£3,245",3245,52,72,55,59455,Northgate Lodge Racing Club,Soldier's Call,GB,Farthing,False,False,,50,,False,,IRE
927627,EBF Slip Anchor Maiden Stakes (GBB Race),40,Nottingham,10/01/2026 13:23:00,Other,Class 4,,,2yo,None,5f,5,1005,1100,Good,Turf,9763555,Caelum,91867,Kevin Stott,22525,Kevin Ryan,2,,1,3,9-7,151,8/15F,1.5333333333333332,,,,CompletedRace,1,0,0,00:01:00.9700000,60.97,6/4,2.5,28,2,"£5,940",5940,,75,,377001,Caelum Partners,Minzaal,IRE,Wouldntitbelovely,False,False,,48,,False,,IRE
927627,EBF Slip Anchor Maiden Stakes (GBB Race),40,Nottingham,10/01/2026 13:23:00,Other,Class 4,,,2yo,None,5f,5,1005,1100,Good,Turf,9051071,Crimson Blaze,85793,William Buick,31188,Richard Hughes,2,,2,4,9-2,146,10/1,11,64,,,CompletedRace,2,1,1,00:01:01.1700000,61.17,9/2,5.5,18,568643,"£5,940",5940,64,74,53,366805,"Jastar Capital, Murt Khan & Partner",Caturra,IRE,Scarlet Ribbons,False,False,,50,,True,,GB
927627,EBF Slip Anchor Maiden Stakes (GBB Race),40,Nottingham,10/01/2026 13:23:00,Other,Class 4,,,2yo,None,5f,5,1005,1100,Good,Turf,9106002,Viking Barbie,94225,Callum Rodriguez,40346,Ollie Sangster,2,,5,1,9-2,146,2/1,3,69,,,CompletedRace,3,8,9,00:01:02.7700000,62.77,4/1,5,31,432435,"£5,940",5940,69,77,51,370944,"Oxley,Shanahan,Casse,Nbr 15",Starman,GB,Almond Brook,False,False,,60,,True,,IRE
927627,EBF Slip Anchor Maiden Stakes (GBB Race),40,Nottingham,10/01/2026 13:23:00,Other,Class 4,,,2yo,None,5f,5,1005,1100,Good,Turf,9828525,Runaway Lucy,81371,Dale Swift,4431,Brian Ellison,2,,4,2,9-2,146,125/1,126,,,,CompletedRace,4,1.75,10.75,00:01:03.1200000,63.12,66/1,67,15,8,"£5,940",5940,,16,,168527,Dan Gilbert,Ulysses,IRE,Full Day,False,False,,43,,True,,GB
927628,Racedays For £9 At Nottingham Racecourse Nursery Handicap,40,Nottingham,10/01/2026 13:58:00,Other,Class 4,,0-85,2yo,None,6f,6,1206,1320,Good,Turf,9326751,Tumishi,91857,Daniel Muscutt,4540,James Fanshawe,2,,5,3,9-3,147,11/2,6.5,79,,,CompletedRace,1,0,0,00:01:12.8200000,72.82,7/1,8,20,4317,"£5,400",5400,79,91,74,334135,Alison Swinburn And Mark Sartori,Havana Grey,GB,Balancing Act,False,False,,54,,False,,GB
927628,Racedays For £9 At Nottingham Racecourse Nursery Handicap,40,Nottingham,10/01/2026 13:58:00,Other,Class 4,,0-85,2yo,None,6f,6,1206,1320,Good,Turf,9590611,Pure Mint,101508,Harry Davies,37478,Simon & Ed Crisford,2,,2,6,9-8,152,9/2,5.5,84,,,CompletedRace,2,0.5,0.5,00:01:12.9200000,72.92,5/1,6,27,16,"£5,400",5400,84,89,68,351289,Maurice Manasseh Et Al,Minzaal,IRE,Its A Given,False,False,,45,,False,,IRE
927628,Racedays For £9 At Nottingham Racecourse Nursery Handicap,40,Nottingham,10/01/2026 13:58:00,Other,Class 4,,0-85,2yo,None,6f,6,1206,1320,Good,Turf,9451559,Washington Royale,91867,Kevin Stott,10363,Michael Appleby,2,,3,10,9-3,147,9/2,5.5,79,,,CompletedRace,3,2.75,3.25,00:01:13.4700000,73.47,9/1,10,20,45518,"£5,400",5400,79,88,82,180275,"Wayne Brackstone, Steve Whitear",Washington DC,IRE,Sofia Royale,False,False,,61,,True,,GB
927628,Racedays For £9 At Nottingham Racecourse Nursery Handicap,40,Nottingham,10/01/2026 13:58:00,Other,Class 4,,0-85,2yo,None,6f,6,1206,1320,Good,Turf,9456985,Pride Of Toledo,94225,Callum Rodriguez,5863,Clive Cox,2,,1,8,9-9,153,100/30F,4.333333333333334,85,,,CompletedRace,4,1.75,5,00:01:13.8200000,73.82,9/2,5.5,20,5145,"£5,400",5400,85,92,83,248466,Al Mohamediya Racing,No Nay Never,USA,Zain Art,False,False,,67,,False,,IRE
927628,Racedays For £9 At Nottingham Racecourse Nursery Handicap,40,Nottingham,10/01/2026 13:58:00,Other,Class 4,,0-85,2yo,None,6f,6,1206,1320,Good,Turf,9419792,Horndean,84636,Sean Levey,42921,Adam Kirby,2,t,10,9,8-10,138,9/1,10,72,,,CompletedRace,5,0.75,5.75,00:01:13.9700000,73.97,6/1,7,21,3462,"£5,400",5400,72,86,62,6291,P W Harris,Hello Youmzain,FR,Episodia,False,False,,50,,True,,FR
927628,Racedays For £9 At Nottingham Racecourse Nursery Handicap,40,Nottingham,10/01/2026 13:58:00,Other,Class 4,,0-85,2yo,None,6f,6,1206,1320,Good,Turf,9698441,Kingdom Of Kush,88798,Ray Dawson,24890,Roger Varian,2,,6,1,9-0,144,9/2,5.5,76,,,CompletedRace,6,0.3,6,00:01:14.0200000,74.02,8/1,9,15,24,"£5,400",5400,76,87,87,376383,A Elnour And Ahmed Ati,Sioux Nation,USA,Awesome Kitty,False,False,,58,,False,,IRE
927628,Racedays For £9 At Nottingham Racecourse Nursery Handicap,40,Nottingham,10/01/2026 13:58:00,Other,Class 4,,0-85,2yo,None,6f,6,1206,1320,Good,Turf,9350217,Musical Force,101188,Kaiya Fraser,38304,Harry Eustace,2,,9,4,8-11,139,40/1,41,73,,,CompletedRace,7,0.1,6.25,00:01:14.0700000,74.07,7/1,8,44,931,"£5,400",5400,73,91,52,16523,J C Smith,Land Force,IRE,Gift Of Music,False,False,,44,,False,,GB
927628,Racedays For £9 At Nottingham Racecourse Nursery Handicap,40,Nottingham,10/01/2026 13:58:00,Other,Class 4,,0-85,2yo,None,6f,6,1206,1320,Good,Turf,9645597,Farasan,85793,William Buick,38291,John & Thady Gosden,2,,8,5,9-0,144,20/1,21,76,,,CompletedRace,8,3.25,9.5,00:01:14.7200000,74.72,6/1,7,17,644,"£5,400",5400,76,83,61,13477,Prince A A Faisal,Teofilo,IRE,Endless Charm,False,False,,65,,True,,GB
927628,Racedays For £9 At Nottingham Racecourse Nursery Handicap,40,Nottingham,10/01/2026 13:58:00,Other,Class 4,,0-85,2yo,None,6f,6,1206,1320,Good,Turf,9179728,Donna Beauty,93343,Callum Shepherd,40131,Charlie Johnston,2,h,7,2,9-0,144,28/1,29,76,,,CompletedRace,9,2.25,11.75,00:01:15.1700000,75.17,8/1,9,20,671,"£5,400",5400,76,91,66,2791,Jaber Abdullah,Starspangledbanner,AUS,Good Donna,False,False,,51,,True,,IRE
927628,Racedays For £9 At Nottingham Racecourse Nursery Handicap,40,Nottingham,10/01/2026 13:58:00,Other,Class 4,,0-85,2yo,None,6f,6,1206,1320,Good,Turf,9153298,Undercover Affair,98301,Marco Ghiani,3846,David Evans,2,,4,7,9-3,147,22/1,23,79,,,CompletedRace,10,8.5,20.25,00:01:16.8700000,76.87,20/1,21,34,231857,"£5,400",5400,79,91,91,36225,P D Evans,Havana Grey,GB,Secret Romance,False,False,,35,,True,,IRE
927631,Watch Racing TV Handicap,40,Nottingham,10/01/2026 14:33:00,Other,Class 6,,0-60,3yo+,None,2m2f,18,3619,3960,Good,Turf,4528288,Corsican Caper,101300,Sean D Bowen,43173,Kevin & Lauren Frost,6,,8,4,9-2,146,7/2,4.5,47,,,CompletedRace,1,0,0,00:03:57.9700000,237.97,9/2,5.5,20,69-435,"£3,664",3664,47,63,31,310862,G R Smith,Fast Company,IRE,Kanshe,False,False,,40,,False,,IRE
927631,Watch Racing TV Handicap,40,Nottingham,10/01/2026 14:33:00,Other,Class 6,,0-60,3yo+,None,2m2f,18,3619,3960,Good,Turf,4352841,Regally Blonde,100783,Jonny Peate,13888,Ben Case,7,b,4,7,9-6,150,9/1,10,51,,,CompletedRace,2,5,5,00:03:58.9700000,238.97,8/1,9,30,634514,"£3,664",3664,51,61,55,285745,Case Racing Partnership & Anita J Lush,Mukhadram,GB,Jolie Blonde,False,False,,67,,False,,GB
927631,Watch Racing TV Handicap,40,Nottingham,10/01/2026 14:33:00,Other,Class 6,,0-60,3yo+,None,2m2f,18,3619,3960,Good,Turf,8188073,Al's River,91857,Daniel Muscutt,39326,James Horton,3,p,6,9,9-2,146,12/1,13,56,,,CompletedRace,3,6,11,00:04:00.1700000,240.17,12/1,13,13,-64835,"£3,664",3664,56,64,57,362652,Saoirse Racing Vi,Alkumait,GB,Pechora,False,False,,88,,False,,IRE
927631,Watch Racing TV Handicap,40,Nottingham,10/01/2026 14:33:00,Other,Class 6,,0-60,3yo+,None,2m2f,18,3619,3960,Good,Turf,7457881,Urban Warrior,98301,Marco Ghiani,8543,Stuart Williams,4,p,2,8,9-12,156,6/4F,2.5,57,,,CompletedRace,4,5.5,16.5,00:04:01.2700000,241.27,4/1,5,27,443315,"£3,664",3664,57,65,52,362999,"W Enticknap, B Ralph And Partner",Night Of Thunder,IRE,Khawlah,False,False,,42,,False,,GB
927631,Watch Racing TV Handicap,40,Nottingham,10/01/2026 14:33:00,Other,Class 6,,0-60,3yo+,None,2m2f,18,3619,3960,Good,Turf,4117837,Stopherandgo,101188,Kaiya Fraser,15963,David Flood,9,,10,3,9-0,144,100/1,101,45,,,CompletedRace,5,20,36.5,00:04:05.2700000,245.27,100/1,101,9,07469,"£3,664",3664,45,44,23,266819,Thomas Gaden,Aizavoski,IRE,Bonjour Bella,False,False,,40,,True,,IRE
927631,Watch Racing TV Handicap,40,Nottingham,10/01/2026 14:33:00,Other,Class 6,,0-60,3yo+,None,2m2f,18,3619,3960,Good,Turf,9078748,Sir Griflet,93343,Callum Shepherd,39413,Dylan Cunha,3,t,9,5,9-0,144,9/4,3.25,54,,,CompletedRace,6,2.25,38.75,00:04:05.7200000,245.72,5/1,6,9,004336,"£3,664",3664,54,65,34,335928,Paul Goonan,Camelot,GB,Alta Anna,False,False,,50,,False,,IRE
927631,Watch Racing TV Handicap,40,Nottingham,10/01/2026 14:33:00,Other,Class 6,,0-60,3yo+,None,2m2f,18,3619,3960,Good,Turf,7556721,Lady Lauren,87589,Gina Mangan,7300,Ed de Giles,3,,11,1,8-5,133,66/1,67,45,,,CompletedRace,7,0.2,39,00:04:05.7700000,245.77,33/1,34,19,50658V,"£3,664",3664,45,52,42,349039,Lilly Hall Syndicates,New Bay,GB,Queenhope,False,False,,,,False,,IRE
927631,Watch Racing TV Handicap,40,Nottingham,10/01/2026 14:33:00,Other,Class 6,,0-60,3yo+,None,2m2f,18,3619,3960,Good,Turf,5725088,Damzon,104786,Myla Coppins,9714,Tony Carroll,7,,3,6,9-2,146,20/1,21,52,,,CompletedRace,8,1.25,40.25,00:04:06.0200000,246.02,10/1,11,217,5-1435,"£3,664",3664,52,60,,59204,Derek & Cheryl Holder,Jack Hobbs,GB,Court Princess,False,False,,44,5,True,,GB
927631,Watch Racing TV Handicap,40,Nottingham,10/01/2026 14:33:00,Other,Class 6,,0-60,3yo+,None,2m2f,18,3619,3960,Good,Turf,5870123,Assured,100868,Taryn Langley,22097,Tom Gretton,5,p,7,2,8-11,139,80/1,81,47,,,CompletedRace,9,7,47.25,00:04:07.4200000,247.42,66/1,67,51,7-6055,"£3,664",3664,47,47,38,208783,G1 Racing Club Ltd,Nathaniel,IRE,Garanciere,False,False,1,,5,False,,GB
927631,Watch Racing TV Handicap,40,Nottingham,10/01/2026 14:33:00,Other,Class 6,,0-60,3yo+,None,2m2f,18,3619,3960,Good,Turf,8876576,N'Ion,83588,Kieran O'Neill,12465,Ian Williams,3,,12,12,8-5,133,50/1,51,45,,,CompletedRace,10,71,118.25,00:04:21.6200000,261.62,33/1,34,19,60860V,"£3,664",3664,45,52,,368517,Mrs Julia Rayment,Le Brivido,FR,Ponte Sanangelo,False,False,,52,,False,,FR
927625,EBF Oh So Sharp Maiden Fillies' Stakes (GBB/GBBPlus Race),40,Nottingham,10/01/2026 15:08:00,Other,Class 3,,,2yo,Fillies,1m½f,8.5,1709,1870,Good,Turf,9645596,Thi Qar,85793,William Buick,38291,John & Thady Gosden,2,,7,4,9-2,146,1/3F,1.3333333333333333,84,,,CompletedRace,1,0,0,00:01:47.4200000,107.42,4/6,1.6666666666666665,28,22,"£7,020",7020,84,93,54,285189,Al Wasmiyah Stud,Mehmas,IRE,Countess De Vega,False,False,,65,,True,,IRE
927625,EBF Oh So Sharp Maiden Fillies' Stakes (GBB/GBBPlus Race),40,Nottingham,10/01/2026 15:08:00,Other,Class 3,,,2yo,Fillies,1m½f,8.5,1709,1870,Good,Turf,8881396,Empress Jingu,92774,Rob Hornby,15605,Andrew Balding,2,,3,6,9-2,146,15/2,8.5,,,,CompletedRace,2,0.75,0.75,00:01:47.5700000,107.57,7/1,8,20,53,"£7,020",7020,,85,56,160338,Mick and Janice Mariscotti,Kameko,USA,Cape Helles,False,False,,58,,True,,GB
927625,EBF Oh So Sharp Maiden Fillies' Stakes (GBB/GBBPlus Race),40,Nottingham,10/01/2026 15:08:00,Other,Class 3,,,2yo,Fillies,1m½f,8.5,1709,1870,Good,Turf,9901410,Avebury Ring,6901,James Doyle,13917,Ralph Beckett,2,,1,5,9-2,146,11/2,6.5,,,,CompletedRace,3,1.25,2,00:01:47.8200000,107.82,6/1,7,,,"£7,020",7020,,,,327676,HM The King & HM The Queen,Wootton Bassett,GB,Sacred Path,False,False,,67,,False,,GB
927625,EBF Oh So Sharp Maiden Fillies' Stakes (GBB/GBBPlus Race),40,Nottingham,10/01/2026 15:08:00,Other,Class 3,,,2yo,Fillies,1m½f,8.5,1709,1870,Good,Turf,9396427,Princess Lottie,91867,Kevin Stott,7968,Philip McBride,2,,5,3,9-2,146,12/1,13,73,,,CompletedRace,4,1.5,3.5,00:01:48.1200000,108.12,5/1,6,27,542,"£7,020",7020,73,84,32,189421,The Ten Fools & A Horse Partnership,Camelot,GB,Corinthian Girl,False,False,,100,,True,,GB
927625,EBF Oh So Sharp Maiden Fillies' Stakes (GBB/GBBPlus Race),40,Nottingham,10/01/2026 15:08:00,Other,Class 3,,,2yo,Fillies,1m½f,8.5,1709,1870,Good,Turf,9544205,Sweet Katarina,86013,David Probert,38350,William Muir & Chris Grassick,2,,6,7,9-2,146,250/1,251,,,,CompletedRace,5,0.75,4.25,00:01:48.2700000,108.27,100/1,101,27,98,"£7,020",7020,,73,61,324435,Coral Racing Club,Sergei Prokofiev,CAN,Katalea,False,False,,43,,True,,GB
927625,EBF Oh So Sharp Maiden Fillies' Stakes (GBB/GBBPlus Race),40,Nottingham,10/01/2026 15:08:00,Other,Class 3,,,2yo,Fillies,1m½f,8.5,1709,1870,Good,Turf,9901408,Lavender Bay,91857,Daniel Muscutt,4540,James Fanshawe,2,h1,4,2,9-2,146,16/1,17,,,,CompletedRace,6,4.5,8.75,00:01:49.1700000,109.17,10/1,11,,,"£7,020",7020,,,,249322,Ms Fiona Carmichael,New Bay,GB,Signe,True,False,,54,,False,,IRE
927625,EBF Oh So Sharp Maiden Fillies' Stakes (GBB/GBBPlus Race),40,Nottingham,10/01/2026 15:08:00,Other,Class 3,,,2yo,Fillies,1m½f,8.5,1709,1870,Good,Turf,9889089,Bejewel,84636,Sean Levey,36341,Tom Ward,2,,2,1,9-2,146,150/1,151,,,,CompletedRace,7,4.25,13,00:01:50.0200000,110.02,33/1,34,,,"£7,020",7020,,,,378208,Mildmay Racing & The Scout Syndicate,Baaeed,GB,Kingdom Girl,False,False,,67,,False,,GB
927626,£9 Racedays At Nottingham Racecourse Handicap,40,Nottingham,10/01/2026 15:43:00,Other,Class 4,,0-85,3yo+,None,1m½f,8.5,1709,1870,Good,Turf,8236333,Kaindy,88798,Ray Dawson,24890,Roger Varian,3,,5,3,9-11,155,EvensF,2,85,,,CompletedRace,1,0,0,00:01:43.6300000,103.63,13/8,2.625,21,72-312,"£6,281",6281,85,93,,154370,Nurlan Bizakov,Pinatubo,IRE,Dibajj,False,False,,58,,False,,IRE
927626,£9 Racedays At Nottingham Racecourse Handicap,40,Nottingham,10/01/2026 15:43:00,Other,Class 4,,0-85,3yo+,None,1m½f,8.5,1709,1870,Good,Turf,5059612,Empire Of Light,97584,Oliver Stammers,15158,Grant Tuer,5,,1,1,10-0,160,11/1,12,85,,,CompletedRace,2,2,2,00:01:44.0300000,104.03,12/1,13,25,1-1100,"£6,281",6281,85,90,68,316610,The Weighting Game,Kodiac,GB,Querulous,False,False,,31,,False,,IRE
927626,£9 Racedays At Nottingham Racecourse Handicap,40,Nottingham,10/01/2026 15:43:00,Other,Class 4,,0-85,3yo+,None,1m½f,8.5,1709,1870,Good,Turf,6564389,Revelance,6901,James Doyle,13917,Ralph Beckett,4,,2,11,10-0,160,7/2,4.5,85,,,CompletedRace,3,0.75,2.75,00:01:44.1800000,104.18,7/1,8,31,9-7616,"£6,281",6281,85,91,69,16523,J C Smith,Blue Point,IRE,Mujabaha,False,False,,67,,True,,GB
927626,£9 Racedays At Nottingham Racecourse Handicap,40,Nottingham,10/01/2026 15:43:00,Other,Class 4,,0-85,3yo+,None,1m½f,8.5,1709,1870,Good,Turf,7739795,Phantom Watch,86013,David Probert,25009,Hugo Palmer,3,v,10,6,9-1,145,11/2,6.5,75,,,CompletedRace,4,0.5,3.25,00:01:44.2800000,104.28,6/1,7,17,-41252,"£6,281",6281,75,92,82,359659,Ambrose Racing Club Ltd,Mohaather,GB,Abhasana,False,False,,47,,False,,IRE
927626,£9 Racedays At Nottingham Racecourse Handicap,40,Nottingham,10/01/2026 15:43:00,Other,Class 4,,0-85,3yo+,None,1m½f,8.5,1709,1870,Good,Turf,5991417,Itsatenfromlen,83746,Silvestre De Sousa,30867,Ivan Furtado,4,t,3,2,9-12,156,33/1,34,83,,,CompletedRace,5,2.5,5.75,00:01:44.7800000,104.78,33/1,34,265,0719-0,"£6,281",6281,83,85,65,230100,Daniel Macauliffe & Anoj Don,Sergei Prokofiev,CAN,Perfect Showdance,False,True,1,50,,False,1,GB
927626,£9 Racedays At Nottingham Racecourse Handicap,40,Nottingham,10/01/2026 15:43:00,Other,Class 4,,0-85,3yo+,None,1m½f,8.5,1709,1870,Good,Turf,9115633,West Byfleet,92774,Rob Hornby,40161,Jack Channon,3,,11,9,9-0,144,33/1,34,74,,,CompletedRace,6,3.75,9.5,00:01:45.5300000,105.53,14/1,15,87,0245,"£6,281",6281,74,89,59,371004,On The Ball Racing,Dream Ahead,USA,Storm Chaser,False,True,,39,,True,,GB
927626,£9 Racedays At Nottingham Racecourse Handicap,40,Nottingham,10/01/2026 15:43:00,Other,Class 4,,0-85,3yo+,None,1m½f,8.5,1709,1870,Good,Turf,8236222,Eagle Bay,101300,Sean D Bowen,29735,Harriet Bethell,3,,8,8,9-8,152,10/1,11,82,,,CompletedRace,7,0.05,9.5,00:01:45.5300000,105.53,12/1,13,19,3-1175,"£6,281",6281,82,92,71,373502,Daniel Hunt Wrigleys And Cassels,Cable Bay,IRE,Fondie,False,False,,45,,False,,GB
927626,£9 Racedays At Nottingham Racecourse Handicap,40,Nottingham,10/01/2026 15:43:00,Other,Class 4,,0-85,3yo+,None,1m½f,8.5,1709,1870,Good,Turf,6102260,We Dare To Dream,100377,Mark Winn,22839,David O'Meara,4,,6,5,9-11,155,22/1,23,82,,,CompletedRace,8,3,12.5,00:01:46.1300000,106.13,14/1,15,358,20060-,"£6,281",6281,82,89,72,346395,Baker Longden Lambert,Dark Angel,IRE,Vestavia,False,False,,49,,True,,IRE
927626,£9 Racedays At Nottingham Racecourse Handicap,40,Nottingham,10/01/2026 15:43:00,Other,Class 4,,0-85,3yo+,None,1m½f,8.5,1709,1870,Good,Turf,9153303,Rogue Defence,101508,Harry Davies,39483,Jack Jones,3,,7,10,9-10,154,25/1,26,84,,,CompletedRace,9,1.25,13.75,00:01:46.3800000,106.38,7/1,8,21,15143,"£6,281",6281,84,90,49,326819,The Rogues Gallery & Partner,Dark Angel,IRE,Rehn's Nest,False,False,,50,,True,,GB
927629,Hospitality At Nottingham Racecourse Handicap,40,Nottingham,10/01/2026 16:18:00,Other,Class 5,,0-70,3yo+,None,1m2f,10,2010,2200,Good,Turf,3197369,Pleasant Man,100868,Taryn Langley,14626,Joey Ramsden,8,p,4,7,9-8,152,22/1,23,69,,,CompletedRace,1,0,0,00:02:08.3900000,128.39,14/1,15,6,331385,"£4,449",4449,69,74,63,349130,Hill Top Equestrian Centre Ltd,Galileo,IRE,Melito,False,False,,22,5,True,,GB
927629,Hospitality At Nottingham Racecourse Handicap,40,Nottingham,10/01/2026 16:18:00,Other,Class 5,,0-70,3yo+,None,1m2f,10,2010,2200,Good,Turf,6550757,Celestias Comet,100783,Jonny Peate,4540,James Fanshawe,4,h,1,3,10-0,160,4/1F,5,70,,,CompletedRace,2,1.25,1.25,00:02:08.6400000,128.64,5/1,6,64,665517,"£4,449",4449,70,76,70,349967,Mr & Mrs Dowling And & Mrs Marney,Saxon Warrior,JPN,Tobairin,False,False,,54,,False,,IRE
927629,Hospitality At Nottingham Racecourse Handicap,40,Nottingham,10/01/2026 16:18:00,Other,Class 5,,0-70,3yo+,None,1m2f,10,2010,2200,Good,Turf,7988029,Crimson Rambler,101550,Liam Wright,38707,Matt Crawley,3,b,12,9,9-0,144,18/1,19,63,,,CompletedRace,3,3.25,4.5,00:02:09.2900000,129.29,10/1,11,24,393255,"£4,449",4449,63,73,73,311862,Mrs Angela Stokes,Bated Breath,GB,Infanta Isabella,False,False,,67,3,False,,GB
927629,Hospitality At Nottingham Racecourse Handicap,40,Nottingham,10/01/2026 16:18:00,Other,Class 5,,0-70,3yo+,None,1m2f,10,2010,2200,Good,Turf,5146207,Crimson Road,86912,Adam Wedge,41207,John & Rhys Flint,5,,2,1,10-0,160,11/1,12,70,,,CompletedRace,4,1.5,6,00:02:09.5900000,129.59,11/2,6.5,38,594111,"£4,449",4449,70,75,53,375978,G Farr,Masar,IRE,Redhawk,False,False,,,,True,,IRE
927629,Hospitality At Nottingham Racecourse Handicap,40,Nottingham,10/01/2026 16:18:00,Other,Class 5,,0-70,3yo+,None,1m2f,10,2010,2200,Good,Turf,5198114,Roman Secret,101034,Alec Voikhansky,11013,Lawrence Mullaney,5,,13,4,9-1,145,14/1,15,57,,,CompletedRace,5,0.75,6.75,00:02:09.7400000,129.74,16/1,17,23,163815,"£4,449",4449,57,75,46,302260,Dr M Voikhansky & Mrs S Voikhanskaya,Holy Roman Emperor,IRE,Secret Existence,False,False,,,,False,,IRE
927629,Hospitality At Nottingham Racecourse Handicap,40,Nottingham,10/01/2026 16:18:00,Other,Class 5,,0-70,3yo+,None,1m2f,10,2010,2200,Good,Turf,4924468,Didaar,103833,Jack Dace,43174,Gihan Arnolda,5,p,6,12,9-6,150,10/1,11,67,,,CompletedRace,6,2,8.75,00:02:10.1400000,130.14,8/1,9,56,-67135,"£4,449",4449,67,75,59,365034,The Sligo Postmen,No Nay Never,USA,Eloquent,False,False,,33,5,True,,IRE
927629,Hospitality At Nottingham Racecourse Handicap,40,Nottingham,10/01/2026 16:18:00,Other,Class 5,,0-70,3yo+,None,1m2f,10,2010,2200,Good,Turf,8106624,New Bay Star,88798,Ray Dawson,10363,Michael Appleby,3,,9,11,9-7,151,15/2,8.5,67,,,CompletedRace,7,0.1,8.75,00:02:10.1400000,130.14,14/1,15,14,-32060,"£4,449",4449,67,77,43,374429,Gavin Hamilton,New Bay,GB,Stellar Path,False,False,,61,,False,,IRE
927629,Hospitality At Nottingham Racecourse Handicap,40,Nottingham,10/01/2026 16:18:00,Other,Class 5,,0-70,3yo+,None,1m2f,10,2010,2200,Good,Turf,7020505,Mohaab,86013,David Probert,38350,William Muir & Chris Grassick,3,,14,5,9-0,144,9/2,5.5,60,,,CompletedRace,8,1,9.75,00:02:10.3400000,130.34,8/1,9,15,142706,"£4,449",4449,60,78,73,353972,Kebar Racing,Mohaather,GB,Abbotsfield,False,False,,43,,False,,GB
927629,Hospitality At Nottingham Racecourse Handicap,40,Nottingham,10/01/2026 16:18:00,Other,Class 5,,0-70,3yo+,None,1m2f,10,2010,2200,Good,Turf,6473489,Public Enemy,93211,Alistair Rawlinson,41218,Edward Smyth-Osbourne,5,,5,8,9-12,156,40/1,41,68,,,CompletedRace,9,1,10.75,00:02:10.5400000,130.54,20/1,21,,436/,"£4,449",4449,68,,,199527,Chris Baldwin,Magna Grecia,IRE,Chibola,False,False,,40,,True,1,IRE
927629,Hospitality At Nottingham Racecourse Handicap,40,Nottingham,10/01/2026 16:18:00,Other,Class 5,,0-70,3yo+,None,1m2f,10,2010,2200,Good,Turf,4076172,Expressionless,85782,Joanna Mason,39413,Dylan Cunha,6,p,8,14,9-8,152,15/2,8.5,64,,,CompletedRace,10,1,11.75,00:02:10.7400000,130.74,11/1,12,27,858358,"£4,449",4449,64,79,70,329163,Chris Housego & Dylan Cunha,Intello,GER,Putois Peace,False,False,,50,,False,,GB
927629,Hospitality At Nottingham Racecourse Handicap,40,Nottingham,10/01/2026 16:18:00,Other,Class 5,,0-70,3yo+,None,1m2f,10,2010,2200,Good,Turf,1523017,Garden Oasis,78223,David Allan,10152,Tim Easterby,11,b,7,2,9-10,154,13/2,7.5,66,,,CompletedRace,11,0.5,12.25,00:02:10.8400000,130.84,10/1,11,14,423375,"£4,449",4449,66,77,64,253106,T A Scothern & Partner,Excelebration,IRE,Queen Arabella,False,False,,42,,False,,GB
927629,Hospitality At Nottingham Racecourse Handicap,40,Nottingham,10/01/2026 16:18:00,Other,Class 5,,0-70,3yo+,None,1m2f,10,2010,2200,Good,Turf,4392971,Renesmee,102310,Kyle McHugh,41983,Michael Keady,6,p,3,13,9-6,150,17/2,9.5,69,,,CompletedRace,12,6,18.25,00:02:12.0400000,132.04,9/1,10,13,606582,"£4,449",4449,69,80,48,225459,Dynasty Racing,Iffraaj,GB,Magique,False,False,,44,7,False,,GB
927629,Hospitality At Nottingham Racecourse Handicap,40,Nottingham,10/01/2026 16:18:00,Other,Class 5,,0-70,3yo+,None,1m2f,10,2010,2200,Good,Turf,7374076,Taradif,84636,Sean Levey,37813,Jessica Macey,3,t,10,6,9-7,151,25/1,26,67,,,CompletedRace,13,2.5,20.75,00:02:12.5400000,132.54,14/1,15,31,-58736,"£4,449",4449,67,73,30,120584,Wentdale Limited,Lope De Vega,IRE,Lawahed,False,False,,44,,False,,IRE
927629,Hospitality At Nottingham Racecourse Handicap,40,Nottingham,10/01/2026 16:18:00,Other,Class 5,,0-70,3yo+,None,1m2f,10,2010,2200,Good,Turf,8432212,Why Not Me,98301,Marco Ghiani,8543,Stuart Williams,4,,11,10,9-4,148,22/1,23,60,,,CompletedRace,14,0.75,21.5,00:02:12.6900000,132.69,12/1,13,31,2-43,"£4,449",4449,60,75,,364877,Dame Judi Dench And Partners,Time Test,GB,Brushing,False,False,,42,,False,,GB
927630,Construction Day 14th Oct Handicap,40,Nottingham,10/01/2026 16:50:00,Other,Class 5,,0-70,3yo+,None,6f,6,1206,1320,Good,Turf,5809881,Royal Accord,98301,Marco Ghiani,5333,Peter Chapple-Hyam,4,,5,11,9-9,153,12/1,13,67,,,CompletedRace,1,0,0,00:01:12.5900000,72.59,7/1,8,36,2-0973,"£4,449",4449,67,73,47,242959,W Prosser,Aclaim,IRE,Friendship Is Love,False,False,,67,,False,,GB
927630,Construction Day 14th Oct Handicap,40,Nottingham,10/01/2026 16:50:00,Other,Class 5,,0-70,3yo+,None,6f,6,1206,1320,Good,Turf,5248379,Ingleby Archie,92735,Jack Garritty,33638,Adrian Nicholls,5,,4,5,9-10,154,8/1,9,68,,,CompletedRace,2,1,1,00:01:12.7900000,72.79,10/1,11,14,213587,"£4,449",4449,68,77,76,232267,Ingleby Bloodstock Limited,James Garfield,IRE,Musicora,False,False,,17,,False,,IRE
927630,Construction Day 14th Oct Handicap,40,Nottingham,10/01/2026 16:50:00,Other,Class 5,,0-70,3yo+,None,6f,6,1206,1320,Good,Turf,5708724,Cairdeas,83588,Kieran O'Neill,15948,Paul Midgley,4,,9,10,9-7,151,13/2,7.5,65,,,CompletedRace,3,0.5,1.5,00:01:12.8900000,72.89,16/1,17,31,252040,"£4,449",4449,65,75,77,253471,Colin Alton & P T Midgley,Sergei Prokofiev,CAN,Avengers Queen,False,False,,40,,True,,GB
927630,Construction Day 14th Oct Handicap,40,Nottingham,10/01/2026 16:50:00,Other,Class 5,,0-70,3yo+,None,6f,6,1206,1320,Good,Turf,4648391,Tiriac,99547,Oisin McSweeney,15948,Paul Midgley,6,,7,12,9-8,152,14/1,15,66,,,CompletedRace,4,1.75,3.25,00:01:13.2400000,73.24,12/1,13,18,805656,"£4,449",4449,66,77,71,356408,"Buist, Shields, Thompson & Partner",Sixties Icon,GB,Rough Courte,False,False,,40,,False,,GB
927630,Construction Day 14th Oct Handicap,40,Nottingham,10/01/2026 16:50:00,Other,Class 5,,0-70,3yo+,None,6f,6,1206,1320,Good,Turf,4459203,Spirit Of Applause,78223,David Allan,10152,Tim Easterby,6,b,3,1,9-10,154,4/1F,5,68,,,CompletedRace,5,0.05,3.25,00:01:13.2400000,73.24,13/2,7.5,16,302245,"£4,449",4449,68,78,72,250079,S A Heley & Partner,Charm Spirit,IRE,Accolade,False,False,,42,,False,,GB
927630,Construction Day 14th Oct Handicap,40,Nottingham,10/01/2026 16:50:00,Other,Class 5,,0-70,3yo+,None,6f,6,1206,1320,Good,Turf,5207746,Act Of Violence,83746,Silvestre De Sousa,9714,Tony Carroll,5,t,10,9,9-5,149,5/1,6,63,,,CompletedRace,6,1.25,4.5,00:01:13.4900000,73.49,5/1,6,10,841324,"£4,449",4449,63,75,64,374196,Peter R Ball & Contubernium Racing,Outstrip,GB,Bacall,False,False,,44,,False,,GB
927630,Construction Day 14th Oct Handicap,40,Nottingham,10/01/2026 16:50:00,Other,Class 5,,0-70,3yo+,None,6f,6,1206,1320,Good,Turf,7789375,Taaklam,101300,Sean D Bowen,29735,Harriet Bethell,3,p,6,7,9-8,152,28/1,29,67,,,CompletedRace,7,2,6.5,00:01:13.8900000,73.89,7/1,8,23,257619,"£4,449",4449,67,74,60,370670,Rise One Racing - Taaklam,Mehmas,IRE,Salayel,False,False,,45,,True,,IRE
927630,Construction Day 14th Oct Handicap,40,Nottingham,10/01/2026 16:50:00,Other,Class 5,,0-70,3yo+,None,6f,6,1206,1320,Good,Turf,5176462,Thunderous Love,92774,Rob Hornby,12601,Jonathan Portman,5,p,13,2,9-4,148,13/2,7.5,62,,,CompletedRace,8,0.1,6.75,00:01:13.9400000,73.94,8/1,9,15,692294,"£4,449",4449,62,81,74,212992,Whitcoombe Park Racing,Lightning Spear,GB,Air Stricker,False,False,,47,,False,,GB
927630,Construction Day 14th Oct Handicap,40,Nottingham,10/01/2026 16:50:00,Other,Class 5,,0-70,3yo+,None,6f,6,1206,1320,Good,Turf,6088062,Melissa Honey,86013,David Probert,22150,Michael Herrington,4,,15,14,9-0,144,6/1,7,58,,,CompletedRace,9,0.1,6.75,00:01:13.9400000,73.94,6/1,7,12,121312,"£4,449",4449,58,78,72,269170,GB Civil Engineering (Leicester) Ltd,Showcasing,GB,Libras Power,False,False,,71,,False,,GB
927630,Construction Day 14th Oct Handicap,40,Nottingham,10/01/2026 16:50:00,Other,Class 5,,0-70,3yo+,None,6f,6,1206,1320,Good,Turf,7627189,Perineighs,81371,Dale Swift,34145,Seb Spencer,3,,12,6,9-4,148,40/1,41,63,,,CompletedRace,10,0.2,7,00:01:13.9900000,73.99,20/1,21,26,43-094,"£4,449",4449,63,74,35,368749,Chalkstone Racing,Nando Parrado,GB,Silken Skies,False,False,,10,,False,,IRE
927630,Construction Day 14th Oct Handicap,40,Nottingham,10/01/2026 16:50:00,Other,Class 5,,0-70,3yo+,None,6f,6,1206,1320,Good,Turf,9046233,Imelda,91857,Daniel Muscutt,31698,David Loughnane,3,,8,3,9-7,151,33/1,34,66,,,CompletedRace,11,1.75,8.75,00:01:14.3400000,74.34,25/1,26,20,23340,"£4,449",4449,66,71,66,360207,Horizon Thoroughbreds,Invincible Spirit,IRE,Pelosi,False,False,,27,,True,,IRE
927630,Construction Day 14th Oct Handicap,40,Nottingham,10/01/2026 16:50:00,Other,Class 5,,0-70,3yo+,None,6f,6,1206,1320,Good,Turf,6134829,Trafalger,100640,Benoit De La Sayette,13888,Ben Case,5,tp,14,8,9-2,146,22/1,23,60,,,CompletedRace,12,0.1,8.75,00:01:14.3400000,74.34,9/1,10,19,5-8552,"£4,449",4449,60,78,65,698,A S Reid,French Navy,GB,Sun'Aq,False,False,,67,,False,,GB
927630,Construction Day 14th Oct Handicap,40,Nottingham,10/01/2026 16:50:00,Other,Class 5,,0-70,3yo+,None,6f,6,1206,1320,Good,Turf,4982057,Bright,88798,Ray Dawson,15429,Mark Loughnane,6,,2,4,9-12,156,17/2,9.5,70,,,CompletedRace,13,0.5,9.25,00:01:14.4400000,74.44,16/1,17,47,007870,"£4,449",4449,70,77,69,212896,D Kearns,Starspangledbanner,AUS,Heavenly Song,False,False,,43,,False,,IRE
927630,Construction Day 14th Oct Handicap,40,Nottingham,10/01/2026 16:50:00,Other,Class 5,,0-70,3yo+,None,6f,6,1206,1320,Good,Turf,5186079,Havanagreattime,84541,James Sullivan,20045,Ruth Carr,5,,1,13,9-12,156,40/1,41,70,,,CompletedRace,14,1.75,11,00:01:14.7900000,74.79,33/1,34,13,9-0980,"£4,449",4449,70,72,,218706,The Beer Stalkers & Ruth Carr,Havana Grey,GB,Dame Shirley,False,False,,65,,False,,IRE
927630,Construction Day 14th Oct Handicap,40,Nottingham,10/01/2026 16:50:00,Other,Class 5,,0-70,3yo+,None,6f,6,1206,1320,Good,Turf,7847666,Crystal Dagger,100868,Taryn Langley,14626,Joey Ramsden,4,v1,11,15,8-13,141,50/1,51,62,,,CompletedRace,15,1.5,12.5,00:01:15.0900000,75.09,25/1,26,72,568488,"£4,449",4449,62,72,,349130,Hill Top Equestrian Centre Ltd,Kameko,USA,Shimmering,True,False,,22,5,False,,GB
927633,Salisbury Annual Badgeholders 'Bluestocking' British EBF Novice Stakes (GBB/GBBPlus Race),52,Salisbury,10/01/2026 13:30:00,Other,Class 3,,,2yo,None,1m,8,1608,1760,Good To Soft,Turf,9901412,Gran Dia,100360,Callum Hutchinson,15605,Andrew Balding,2,,2,10,9-7,151,6/1,7,,,,CompletedRace,1,0,0,00:01:44.5800000,104.58,6/1,7,,,"£7,020",7020,,,,335305,Tony Bloom & Ian McAleavy,Lope De Vega,IRE,Epona Plays,False,False,,58,,False,,IRE
927633,Salisbury Annual Badgeholders 'Bluestocking' British EBF Novice Stakes (GBB/GBBPlus Race),52,Salisbury,10/01/2026 13:30:00,Other,Class 3,,,2yo,None,1m,8,1608,1760,Good To Soft,Turf,9814479,Shared Odyssey,84416,Jack Mitchell,25009,Hugo Palmer,2,,6,12,9-7,151,20/1,21,,,,CompletedRace,2,2,2,00:01:45.0244444,105.0244444,14/1,15,14,6,"£7,020",7020,,63,54,376655,The Titanium Partnership,Study Of Man,IRE,Titanium Sky,False,False,,47,,True,,IRE
927633,Salisbury Annual Badgeholders 'Bluestocking' British EBF Novice Stakes (GBB/GBBPlus Race),52,Salisbury,10/01/2026 13:30:00,Other,Class 3,,,2yo,None,1m,8,1608,1760,Good To Soft,Turf,9901424,Star Rose,92806,Hector Crouch,13917,Ralph Beckett,2,,11,3,9-2,146,11/4,3.75,,,,CompletedRace,3,2,4,00:01:45.4688888,105.4688888,7/1,8,,,"£7,020",7020,,,,46148,Lady Bamford,Camelot,GB,Sea The Gold,False,False,,67,,False,,GER
927633,Salisbury Annual Badgeholders 'Bluestocking' British EBF Novice Stakes (GBB/GBBPlus Race),52,Salisbury,10/01/2026 13:30:00,Other,Class 3,,,2yo,None,1m,8,1608,1760,Good To Soft,Turf,9568640,Somerton,75506,Pat Dobbs,28787,Richard Hannon,2,,8,11,9-7,151,3/1,4,82,,,CompletedRace,4,1,5,00:01:45.6911111,105.6911111,5/2,3.5,32,33,"£7,020",7020,82,88,80,179136,Mrs Johnny de la Hey,Ghaiyyath,IRE,New Harzburg,False,False,,52,,False,,IRE
927633,Salisbury Annual Badgeholders 'Bluestocking' British EBF Novice Stakes (GBB/GBBPlus Race),52,Salisbury,10/01/2026 13:30:00,Other,Class 3,,,2yo,None,1m,8,1608,1760,Good To Soft,Turf,9809516,Warriors Chant,96222,Jason Watson,41396,Gary & Josh Moore,2,,9,4,9-7,151,400/1,401,,,,CompletedRace,5,3.5,8.5,00:01:46.4688888,106.4688888,100/1,101,20,7,"£7,020",7020,,,,351675,Jane Davis And Sara Mould,Saxon Warrior,JPN,Singyoursong,False,False,,45,,False,,IRE
927633,Salisbury Annual Badgeholders 'Bluestocking' British EBF Novice Stakes (GBB/GBBPlus Race),52,Salisbury,10/01/2026 13:30:00,Other,Class 3,,,2yo,None,1m,8,1608,1760,Good To Soft,Turf,8881350,Martaban,89627,Charles Bishop,18920,Eve Johnson Houghton,2,,4,8,9-7,151,33/1,34,,,,CompletedRace,6,1.25,9.75,00:01:46.7466666,106.7466666,12/1,13,36,4,"£7,020",7020,,63,63,311858,K Balasuriya,Kameko,USA,Angelic Guest,False,False,,42,,False,,GB
927633,Salisbury Annual Badgeholders 'Bluestocking' British EBF Novice Stakes (GBB/GBBPlus Race),52,Salisbury,10/01/2026 13:30:00,Other,Class 3,,,2yo,None,1m,8,1608,1760,Good To Soft,Turf,9711572,Yamana,89959,Colin Keane,13917,Ralph Beckett,2,,12,1,9-2,146,13/8F,2.625,,,,CompletedRace,7,0.05,9.75,00:01:46.7466666,106.7466666,7/4,2.75,,,"£7,020",7020,,,,301671,Juddmonte,Frankel,GB,Ville De Grace,False,False,,67,,False,,GB
927633,Salisbury Annual Badgeholders 'Bluestocking' British EBF Novice Stakes (GBB/GBBPlus Race),52,Salisbury,10/01/2026 13:30:00,Other,Class 3,,,2yo,None,1m,8,1608,1760,Good To Soft,Turf,9851732,Seagoing,84857,Luke Morris,67,Sir Mark Prescott Bt,2,,5,9,9-7,151,200/1,201,,,,CompletedRace,8,1.5,11.25,00:01:47.0800000,107.08,16/1,17,,,"£7,020",7020,,,,377905,Alan Byrne - Osborne House,Sea The Stars,IRE,Miss Aiglonne,False,True,,65,,False,,IRE
927633,Salisbury Annual Badgeholders 'Bluestocking' British EBF Novice Stakes (GBB/GBBPlus Race),52,Salisbury,10/01/2026 13:30:00,Other,Class 3,,,2yo,None,1m,8,1608,1760,Good To Soft,Turf,9894012,Sir Marryat,95388,David Egan,7221,Brian Meehan,2,,7,5,9-7,151,66/1,67,,,,CompletedRace,9,1.5,12.75,00:01:47.4133333,107.4133333,20/1,21,,,"£7,020",7020,,,,378277,"C Greenslade, W P McManus, S Roy",Time Test,GB,Roxy Art,False,False,,44,,False,,IRE
927633,Salisbury Annual Badgeholders 'Bluestocking' British EBF Novice Stakes (GBB/GBBPlus Race),52,Salisbury,10/01/2026 13:30:00,Other,Class 3,,,2yo,None,1m,8,1608,1760,Good To Soft,Turf,9901426,Humble Pyle,94663,Lewis Edmunds,38350,William Muir & Chris Grassick,2,,10,2,9-2,146,40/1,41,,,,CompletedRace,10,1.5,14.25,00:01:47.7466666,107.7466666,16/1,17,,,"£7,020",7020,,,,293596,La Pyle Partnership,Mehmas,IRE,La Pyle,False,False,,43,,False,,GB
927633,Salisbury Annual Badgeholders 'Bluestocking' British EBF Novice Stakes (GBB/GBBPlus Race),52,Salisbury,10/01/2026 13:30:00,Other,Class 3,,,2yo,None,1m,8,1608,1760,Good To Soft,Turf,9894016,Boy's Slipper,92938,Nicola Currie,336,Henry Candy,2,,1,7,9-7,151,100/1,101,,,,CompletedRace,11,3,17.25,00:01:48.4133333,108.4133333,50/1,51,,,"£7,020",7020,,,,283575,D B Clark & H Candy,Without Parole,GB,Intricate,False,True,,30,,False,,GB
927633,Salisbury Annual Badgeholders 'Bluestocking' British EBF Novice Stakes (GBB/GBBPlus Race),52,Salisbury,10/01/2026 13:30:00,Other,Class 3,,,2yo,None,1m,8,1608,1760,Good To Soft,Turf,9636460,Hecataeus,100350,Saffie Osborne,9036,Ed Dunlop,2,,3,6,9-7,151,50/1,51,,,,CompletedRace,12,10,27.25,00:01:50.6355555,110.6355555,33/1,34,,,"£7,020",7020,,,,300279,Austin And June Allison,Baaeed,GB,Next Chapter,False,True,,33,,False,,GB
927634,'Pyledriver' British EBF Novice Stakes (GBB Race) (Div I),52,Salisbury,10/01/2026 14:04:00,Other,Class 3,,,2yo,None,7f,7,1407,1540,Soft,Turf,9781409,Meticulously,88785,George Downing,23926,Ed Walker,2,,6,12,9-7,151,13/8F,2.625,,,,CompletedRace,1,0,0,00:01:30.8300000,90.83,11/4,3.75,23,4,"£7,020",7020,,76,70,341790,TBT Racing,Sioux Nation,USA,Braided,False,False,,50,,False,,GB
927634,'Pyledriver' British EBF Novice Stakes (GBB Race) (Div I),52,Salisbury,10/01/2026 14:04:00,Other,Class 3,,,2yo,None,7f,7,1407,1540,Soft,Turf,9631949,Gold Army,94663,Lewis Edmunds,41024,Harry Charlton,2,,4,3,9-7,151,7/4,2.75,79,,,CompletedRace,2,2.25,2.25,00:01:31.3925000,91.3925,5/2,3.5,29,32,"£7,020",7020,79,84,,61763,Mohammed Jaber,Intello,GER,Sparklia,False,False,,63,,False,,GB
927634,'Pyledriver' British EBF Novice Stakes (GBB Race) (Div I),52,Salisbury,10/01/2026 14:04:00,Other,Class 3,,,2yo,None,7f,7,1407,1540,Soft,Turf,9901428,Adatta,104207,Ashley Lewis,12125,Marcus Tregoning,2,,12,9,8-13,141,125/1,126,,,,CompletedRace,3,0.75,3,00:01:31.5800000,91.58,33/1,34,,,"£7,020",7020,,,,219793,P Mitchell & Mrs S Davis,Harry Angel,IRE,Bella Ragazza,False,False,,55,3,False,,GB
927634,'Pyledriver' British EBF Novice Stakes (GBB Race) (Div I),52,Salisbury,10/01/2026 14:04:00,Other,Class 3,,,2yo,None,7f,7,1407,1540,Soft,Turf,9115825,Does Mary Know,89627,Charles Bishop,18920,Eve Johnson Houghton,2,,3,6,9-7,151,8/1,9,77,,,CompletedRace,4,0.1,3,00:01:31.5800000,91.58,7/1,8,27,627,"£7,020",7020,77,79,70,349557,Tsj Partnership,Dark Angel,IRE,Be Glorious,False,False,,42,,False,,GB
927634,'Pyledriver' British EBF Novice Stakes (GBB Race) (Div I),52,Salisbury,10/01/2026 14:04:00,Other,Class 3,,,2yo,None,7f,7,1407,1540,Soft,Turf,9559444,Astralite,89959,Colin Keane,41024,Harry Charlton,2,,2,13,9-7,151,18/1,19,,,,CompletedRace,5,1,4,00:01:31.8300000,91.83,14/1,15,45,55,"£7,020",7020,,72,55,333553,J Savory & J Kimber,Dark Angel,IRE,Keota,False,False,,63,,True,,IRE
927634,'Pyledriver' British EBF Novice Stakes (GBB Race) (Div I),52,Salisbury,10/01/2026 14:04:00,Other,Class 3,,,2yo,None,7f,7,1407,1540,Soft,Turf,9833059,Lucky Test,94631,Pierre-Louis Jamin,38304,Harry Eustace,2,,5,11,9-7,151,28/1,29,,,,CompletedRace,6,0.1,4.25,00:01:31.8925000,91.8925,12/1,13,,,"£7,020",7020,,,,16523,J C Smith,Time Test,GB,Oydis,False,True,,44,,False,,GB
927634,'Pyledriver' British EBF Novice Stakes (GBB Race) (Div I),52,Salisbury,10/01/2026 14:04:00,Other,Class 3,,,2yo,None,7f,7,1407,1540,Soft,Turf,9631824,Playfull Warrior,101259,Joe Leavy,5863,Clive Cox,2,,7,5,9-7,151,80/1,81,,,,CompletedRace,7,0.1,4.25,00:01:31.8925000,91.8925,25/1,26,28,05,"£7,020",7020,,57,26,375789,Beechdown Warriors,Saxon Warrior,JPN,Playfull Spirit,False,False,,67,,True,,IRE
927634,'Pyledriver' British EBF Novice Stakes (GBB Race) (Div I),52,Salisbury,10/01/2026 14:04:00,Other,Class 3,,,2yo,None,7f,7,1407,1540,Soft,Turf,9698446,Stytch,95388,David Egan,13928,Alan King,2,,8,1,9-7,151,17/2,9.5,,,,CompletedRace,8,0.2,4.5,00:01:31.9550000,91.955,25/1,26,43,6,"£7,020",7020,,47,,376384,Miss Stephanie Turner,Too Darn Hot,GB,Shimmering,False,False,,40,,True,,GB
927634,'Pyledriver' British EBF Novice Stakes (GBB Race) (Div I),52,Salisbury,10/01/2026 14:04:00,Other,Class 3,,,2yo,None,7f,7,1407,1540,Soft,Turf,9693252,Yabreen,93947,Tom Marquand,40161,Jack Channon,2,,11,10,9-7,151,50/1,51,,,,CompletedRace,9,2.75,7.25,00:01:32.6425000,92.6425,25/1,26,19,78,"£7,020",7020,,63,64,13477,Prince A A Faisal,Mohaather,GB,Finally Mine,False,False,,39,,True,,GB
927634,'Pyledriver' British EBF Novice Stakes (GBB Race) (Div I),52,Salisbury,10/01/2026 14:04:00,Other,Class 3,,,2yo,None,7f,7,1407,1540,Soft,Turf,8881184,Turbo Charger,96222,Jason Watson,25628,Charles Hills,2,,9,8,9-7,151,12/1,13,,,,CompletedRace,10,5.5,12.75,00:01:34.0175000,94.0175,16/1,17,,,"£7,020",7020,,,,374563,J J Culhane & The Hot Shots,Perfect Power,IRE,Bedouin Dancer,False,False,,48,,False,,GB
927634,'Pyledriver' British EBF Novice Stakes (GBB Race) (Div I),52,Salisbury,10/01/2026 14:04:00,Other,Class 3,,,2yo,None,7f,7,1407,1540,Soft,Turf,9222208,Ardansoft,100350,Saffie Osborne,9036,Ed Dunlop,2,,1,7,9-7,151,50/1,51,,,,CompletedRace,11,1.75,14.5,00:01:34.4550000,94.455,25/1,26,,,"£7,020",7020,,,,121061,R P Foden,Ardad,IRE,Soft Cover,False,False,,33,,False,,GB
927634,'Pyledriver' British EBF Novice Stakes (GBB Race) (Div I),52,Salisbury,10/01/2026 14:04:00,Other,Class 3,,,2yo,None,7f,7,1407,1540,Soft,Turf,9865981,Wowaditaka,84857,Luke Morris,67,Sir Mark Prescott Bt,2,,10,2,9-7,151,40/1,41,,,,CompletedRace,12,0.5,15,00:01:34.5800000,94.58,25/1,26,,,"£7,020",7020,,,,194751,Mr & Mrs John Kelsey-Fry,Sioux Nation,USA,Merritt Island,False,True,,65,,False,,IRE
929981,'Pyledriver' British EBF Novice Stakes (GBB Race) (Div II),52,Salisbury,10/01/2026 14:39:00,Other,Class 3,,,2yo,None,7f,7,1407,1540,Soft,Turf,9244704,Kamaal,89959,Colin Keane,39483,Jack Jones,2,,4,11,9-7,151,11/4F,3.75,87,,,CompletedRace,1,0,0,00:01:29.7100000,89.71,11/4,3.75,28,5083,"£7,020",7020,87,94,84,195879,D R Passant,Minzaal,IRE,La Australiana,False,False,,50,,True,,IRE
929981,'Pyledriver' British EBF Novice Stakes (GBB Race) (Div II),52,Salisbury,10/01/2026 14:39:00,Other,Class 3,,,2yo,None,7f,7,1407,1540,Soft,Turf,9777139,Moon Rock,93947,Tom Marquand,23926,Ed Walker,2,,5,2,9-7,151,3/1,4,,,,CompletedRace,2,1.25,1.25,00:01:30.0225000,90.0225,11/4,3.75,27,6,"£7,020",7020,,77,75,362427,David Stewart & Hugh Sloane,Sea The Moon,GER,Rjwa,False,False,,50,,True,,FR
929981,'Pyledriver' British EBF Novice Stakes (GBB Race) (Div II),52,Salisbury,10/01/2026 14:39:00,Other,Class 3,,,2yo,None,7f,7,1407,1540,Soft,Turf,9828535,Showmaster,101259,Joe Leavy,5863,Clive Cox,2,,7,3,9-7,151,4/1,5,,,,CompletedRace,3,1.25,2.5,00:01:30.3350000,90.335,9/2,5.5,,,"£7,020",7020,,,,82899,J Goddard,Showcasing,GB,Daring Day,False,False,,67,,True,,GB
929981,'Pyledriver' British EBF Novice Stakes (GBB Race) (Div II),52,Salisbury,10/01/2026 14:39:00,Other,Class 3,,,2yo,None,7f,7,1407,1540,Soft,Turf,9851648,High Summer,94663,Lewis Edmunds,41024,Harry Charlton,2,,3,10,9-7,151,11/1,12,,,,CompletedRace,4,5.5,8,00:01:31.7100000,91.71,10/1,11,,,"£7,020",7020,,,,341737,Kennet Valley Syndicates Viii,Minzaal,IRE,Summer House,False,False,,63,,True,,IRE
929981,'Pyledriver' British EBF Novice Stakes (GBB Race) (Div II),52,Salisbury,10/01/2026 14:39:00,Other,Class 3,,,2yo,None,7f,7,1407,1540,Soft,Turf,9901425,Vulcanist,92806,Hector Crouch,13917,Ralph Beckett,2,,10,6,9-7,151,9/2,5.5,,,,CompletedRace,5,1.25,9.25,00:01:32.0225000,92.0225,7/2,4.5,,,"£7,020",7020,,,,16523,J C Smith,Too Darn Hot,GB,Barshiba,False,False,,67,,False,,GB
929981,'Pyledriver' British EBF Novice Stakes (GBB Race) (Div II),52,Salisbury,10/01/2026 14:39:00,Other,Class 3,,,2yo,None,7f,7,1407,1540,Soft,Turf,9901423,Strike Force Max,95388,David Egan,7221,Brian Meehan,2,,9,7,9-7,151,5/1,6,,,,CompletedRace,6,1.5,10.75,00:01:32.3975000,92.3975,10/1,11,,,"£7,020",7020,,,,353862,Marcstown Ltd,Maxfield,USA,Mourette,False,False,,44,,False,,USA
929981,'Pyledriver' British EBF Novice Stakes (GBB Race) (Div II),52,Salisbury,10/01/2026 14:39:00,Other,Class 3,,,2yo,None,7f,7,1407,1540,Soft,Turf,9499154,Mr Badger,99724,Tyler Heard,12125,Marcus Tregoning,2,,6,12,9-7,151,50/1,51,,,,CompletedRace,7,1,11.75,00:01:32.6475000,92.6475,33/1,34,28,56,"£7,020",7020,,63,39,374800,Whitsbury 17,Showcasing,GB,Fiancee,False,False,,55,,True,,GB
929981,'Pyledriver' British EBF Novice Stakes (GBB Race) (Div II),52,Salisbury,10/01/2026 14:39:00,Other,Class 3,,,2yo,None,7f,7,1407,1540,Soft,Turf,9786786,My Spritely,14629,Pat Cosgrave,15108,Jim Boyle,2,,11,8,9-2,146,500/1,501,,,,CompletedRace,8,2,13.75,00:01:33.1475000,93.1475,100/1,101,21,0,"£7,020",7020,,19,13,371421,A Dean,Starman,GB,Cover Name,False,False,,60,,True,,GB
929981,'Pyledriver' British EBF Novice Stakes (GBB Race) (Div II),52,Salisbury,10/01/2026 14:39:00,Other,Class 3,,,2yo,None,7f,7,1407,1540,Soft,Turf,9861094,Close Circle,84857,Luke Morris,67,Sir Mark Prescott Bt,2,,2,5,9-7,151,40/1,41,,,,CompletedRace,9,1,14.75,00:01:33.3975000,93.3975,25/1,26,,,"£7,020",7020,,,,377957,Jamie Christmas - Osborne House,Teofilo,IRE,Clique,False,True,,65,,False,,IRE
929981,'Pyledriver' British EBF Novice Stakes (GBB Race) (Div II),52,Salisbury,10/01/2026 14:39:00,Other,Class 3,,,2yo,None,7f,7,1407,1540,Soft,Turf,9669683,Chain Letter,92938,Nicola Currie,336,Henry Candy,2,,1,4,9-7,151,80/1,81,,,,CompletedRace,10,2,16.75,00:01:33.8975000,93.8975,40/1,41,29,9,"£7,020",7020,,41,,49221,Girsonfield Ltd,Mohaather,GB,Chain Of Daisies,False,False,,30,,False,,GB
929981,'Pyledriver' British EBF Novice Stakes (GBB Race) (Div II),52,Salisbury,10/01/2026 14:39:00,Other,Class 3,,,2yo,None,7f,7,1407,1540,Soft,Turf,9777147,Sky Mountain,75506,Pat Dobbs,10663,Amanda Perrett,2,,8,1,9-7,151,40/1,41,,,,CompletedRace,11,6.5,23.25,00:01:35.5225000,95.5225,25/1,26,27,0,"£7,020",7020,,67,64,377118,The Sky Mountain Syndicate,Awtaad,IRE,Sky Silk,False,False,,100,,True,,IRE
929981,'Pyledriver' British EBF Novice Stakes (GBB Race) (Div II),52,Salisbury,10/01/2026 14:39:00,Other,Class 3,,,2yo,None,7f,7,1407,1540,Soft,Turf,9711576,Vera Lemon,88785,George Downing,7137,Seamus Mullins,2,,12,9,9-2,146,500/1,501,,,,CompletedRace,12,25,48.25,00:01:41.7725000,101.7725,100/1,101,41,0,"£7,020",7020,,,,334557,Gee Tac Limited,Without Parole,GB,Bit Windy,False,False,,,,True,,GB
927632,British EBF Joan Snow Memorial Conditions Stakes (GBB Race),52,Salisbury,10/01/2026 15:14:00,Other,Class 2,,,2yo,None,6f,6,1206,1320,Soft,Turf,8688442,A Bear Affair,75506,Pat Dobbs,28787,Richard Hannon,2,b,1,4,9-8,152,4/1,5,92,,,CompletedRace,1,0,0,00:01:16.2100000,76.21,9/2,5.5,21,762854,"£12,885",12885,92,96,82,371087,A Bit On The Side & Partner,Kodi Bear,IRE,Jeanie B,False,False,,52,,False,,IRE
927632,British EBF Joan Snow Memorial Conditions Stakes (GBB Race),52,Salisbury,10/01/2026 15:14:00,Other,Class 2,,,2yo,None,6f,6,1206,1320,Soft,Turf,9326758,Social Symbol,84416,Jack Mitchell,37478,Simon & Ed Crisford,2,,4,1,9-8,152,11/8F,2.375,97,,,CompletedRace,2,1.5,1.5,00:01:16.5850000,76.585,6/4,2.5,26,14433,"£12,885",12885,97,105,101,246183,Rabbah Racing,Violence,USA,Bodacious Babe,False,False,,45,,False,,USA
927632,British EBF Joan Snow Memorial Conditions Stakes (GBB Race),52,Salisbury,10/01/2026 15:14:00,Other,Class 2,,,2yo,None,6f,6,1206,1320,Soft,Turf,9526585,Through The Gate,92806,Hector Crouch,38304,Harry Eustace,2,,5,2,9-8,152,7/1,8,,,,CompletedRace,3,0.05,1.5,00:01:16.5850000,76.585,7/1,8,22,1,"£12,885",12885,,78,43,350722,Valmont & M Blencowe,Invincible Spirit,IRE,Spinworthy,False,False,,44,,False,,IRE
927632,British EBF Joan Snow Memorial Conditions Stakes (GBB Race),52,Salisbury,10/01/2026 15:14:00,Other,Class 2,,,2yo,None,6f,6,1206,1320,Soft,Turf,9166858,Super Tuscan,89627,Charles Bishop,18920,Eve Johnson Houghton,2,,6,3,9-6,150,13/2,7.5,82,,,CompletedRace,4,1,2.5,00:01:16.8350000,76.835,14/1,15,20,415623,"£12,885",12885,82,90,81,371615,Anthony Pye-Jeary & Partner,Dark Angel,IRE,Golden Stunner,False,False,,42,,False,,IRE
927632,British EBF Joan Snow Memorial Conditions Stakes (GBB Race),52,Salisbury,10/01/2026 15:14:00,Other,Class 2,,,2yo,None,6f,6,1206,1320,Soft,Turf,8881265,Dance A Jig,98254,Rhys Clutterbuck,13917,Ralph Beckett,2,v,2,5,9-8,152,3/1,4,96,,,CompletedRace,5,1.25,3.75,00:01:17.1475000,77.1475,3/1,4,13,220193,"£12,885",12885,96,101,84,16523,J C Smith,Naval Crown,GB,Strictly Dancing,False,False,,67,,True,,GB
927637,Sandown Kia Salisbury Handicap,52,Salisbury,10/01/2026 15:49:00,Other,Class 4,,0-85,3yo+,None,6f,6,1206,1320,Soft,Turf,7436349,Regional Rock,92806,Hector Crouch,13917,Ralph Beckett,3,,1,11,9-10,154,9/2F,5.5,84,,,CompletedRace,1,0,0,00:01:15.2100000,75.21,6/1,7,50,12-234,"£5,888",5888,84,90,78,16523,J C Smith,Territories,IRE,Seattle Rock,False,False,,67,,False,,GB
927637,Sandown Kia Salisbury Handicap,52,Salisbury,10/01/2026 15:49:00,Other,Class 4,,0-85,3yo+,None,6f,6,1206,1320,Soft,Turf,7627187,River Spey,88785,George Downing,23926,Ed Walker,3,,5,1,9-9,153,20/1,21,83,,,CompletedRace,2,1.25,1.25,00:01:15.5225000,75.5225,14/1,15,47,-61079,"£5,888",5888,83,92,83,112240,Mrs Fitri Hay,Sergei Prokofiev,CAN,Terse,False,False,,50,,False,,GB
927637,Sandown Kia Salisbury Handicap,52,Salisbury,10/01/2026 15:49:00,Other,Class 4,,0-85,3yo+,None,6f,6,1206,1320,Soft,Turf,5708945,Mythical Composer,101259,Joe Leavy,5863,Clive Cox,4,p,14,2,9-2,146,14/1,15,75,,,CompletedRace,3,0.75,2,00:01:15.7100000,75.71,25/1,26,27,1-4000,"£5,888",5888,75,92,69,313129,Browns And Hornbys,Sergei Prokofiev,CAN,Mythicism,False,False,,67,,True,,GB
927637,Sandown Kia Salisbury Handicap,52,Salisbury,10/01/2026 15:49:00,Other,Class 4,,0-85,3yo+,None,6f,6,1206,1320,Soft,Turf,7493141,Lyra Lea,94663,Lewis Edmunds,4550,Rod Millman,3,,12,7,9-3,147,13/2,7.5,77,,,CompletedRace,4,0.3,2.25,00:01:15.7725000,75.7725,14/1,15,20,221634,"£5,888",5888,77,93,84,237305,Tom Chadney and Friends,Lope Y Fernandez,IRE,Bradfield Magic,False,False,,65,,False,,GB
927637,Sandown Kia Salisbury Handicap,52,Salisbury,10/01/2026 15:49:00,Other,Class 4,,0-85,3yo+,None,6f,6,1206,1320,Soft,Turf,4429419,Supreme King,89959,Colin Keane,3846,David Evans,6,,7,9,9-7,151,13/2,7.5,80,,,CompletedRace,5,0.75,3,00:01:15.9600000,75.96,10/1,11,12,715633,"£5,888",5888,80,94,78,355132,Stuart Banks & David Evans,Kingman,GB,Alsindi,False,False,,35,,True,,IRE
927637,Sandown Kia Salisbury Handicap,52,Salisbury,10/01/2026 15:49:00,Other,Class 4,,0-85,3yo+,None,6f,6,1206,1320,Soft,Turf,5746531,Brosay,92938,Nicola Currie,42726,Charlie Pike,4,b,4,6,9-9,153,5/1,6,82,,,CompletedRace,6,0.1,3.25,00:01:16.0225000,76.0225,4/1,5,8,609922,"£5,888",5888,82,95,72,354068,RC VIP Syndicate VIII,Tasleet,GB,Hattytown,False,False,,40,,False,,GB
927637,Sandown Kia Salisbury Handicap,52,Salisbury,10/01/2026 15:49:00,Other,Class 4,,0-85,3yo+,None,6f,6,1206,1320,Soft,Turf,7983191,George Wickham,92276,Paddy Bradley,41396,Gary & Josh Moore,3,,9,14,9-6,150,20/1,21,80,,,CompletedRace,7,1.25,4.5,00:01:16.3350000,76.335,13/2,7.5,79,7-21,"£5,888",5888,80,91,27,351675,Jane Davis And Sara Mould,Soldier's Call,GB,Blushing Gal,False,False,,45,,False,,IRE
927637,Sandown Kia Salisbury Handicap,52,Salisbury,10/01/2026 15:49:00,Other,Class 4,,0-85,3yo+,None,6f,6,1206,1320,Soft,Turf,4076255,Safari Dream,104513,Charlie Tucker,4550,Rod Millman,6,,13,13,8-10,138,28/1,29,76,,,CompletedRace,8,0.1,4.5,00:01:16.3350000,76.335,16/1,17,20,753115,"£5,888",5888,76,90,83,313093,Great Western Racing II,Bungle Inthejungle,GB,Grandmas Dream,False,False,,65,7,False,,IRE
927637,Sandown Kia Salisbury Handicap,52,Salisbury,10/01/2026 15:49:00,Other,Class 4,,0-85,3yo+,None,6f,6,1206,1320,Soft,Turf,8455174,Kohana Nation,100350,Saffie Osborne,25628,Charles Hills,3,,11,5,9-4,148,12/1,13,78,,,CompletedRace,9,1.5,6,00:01:16.7100000,76.71,16/1,17,12,72-133,"£5,888",5888,78,89,80,344960,D J M Rees,Sioux Nation,USA,Peachy Princess,False,False,,48,,True,,IRE
927637,Sandown Kia Salisbury Handicap,52,Salisbury,10/01/2026 15:49:00,Other,Class 4,,0-85,3yo+,None,6f,6,1206,1320,Soft,Turf,7436446,Golden Brown,104207,Ashley Lewis,23926,Ed Walker,3,,10,3,9-2,146,12/1,13,79,,,CompletedRace,10,0.3,6.25,00:01:16.7725000,76.7725,10/1,11,12,218637,"£5,888",5888,79,91,87,343732,Kennet Valley Syndicates Xii,Galileo Gold,GB,Dark Acclamation,False,False,,50,3,False,,IRE
927637,Sandown Kia Salisbury Handicap,52,Salisbury,10/01/2026 15:49:00,Other,Class 4,,0-85,3yo+,None,6f,6,1206,1320,Soft,Turf,3826097,Under The Twilight,84857,Luke Morris,14051,Michael Blake,8,,2,10,9-9,153,40/1,41,82,,,CompletedRace,11,1.5,7.75,00:01:17.1475000,77.1475,14/1,15,33,441218,"£5,888",5888,82,94,83,314591,Roger Gould,Twilight Son,GB,Rococoa,False,False,,67,,True,,GB
927637,Sandown Kia Salisbury Handicap,52,Salisbury,10/01/2026 15:49:00,Other,Class 4,,0-85,3yo+,None,6f,6,1206,1320,Soft,Turf,5831375,Cindy Lou Who,84882,William Carson,9714,Tony Carroll,4,,3,8,9-9,153,13/2,7.5,82,,,CompletedRace,12,1.5,9.25,00:01:17.5225000,77.5225,16/1,17,28,995005,"£5,888",5888,82,93,83,42686,Wayne Clifford,Zoustar,AUS,Beika,False,False,,44,,False,,GB
927637,Sandown Kia Salisbury Handicap,52,Salisbury,10/01/2026 15:49:00,Other,Class 4,,0-85,3yo+,None,6f,6,1206,1320,Soft,Turf,5580200,Fleetwater,95388,David Egan,5121,J S Moore,4,,6,12,9-8,152,10/1,11,81,,,CompletedRace,13,2,11.25,00:01:18.0225000,78.0225,12/1,13,13,391870,"£5,888",5888,81,94,82,326772,Ms H N Pinniger And Partner,Ardad,IRE,Noble Nova,False,False,,25,,False,,GB
927637,Sandown Kia Salisbury Handicap,52,Salisbury,10/01/2026 15:49:00,Other,Class 4,,0-85,3yo+,None,6f,6,1206,1320,Soft,Turf,7436345,Jellystone Park,93947,Tom Marquand,40161,Jack Channon,3,h,8,4,9-6,150,14/1,15,80,,,CompletedRace,14,1,12.25,00:01:18.2725000,78.2725,5/1,6,115,421,"£5,888",5888,80,90,54,316173,The Wilsley Partnership,Kodi Bear,IRE,Villa Tora,False,False,,39,,True,,GB
927636,Barbara Snow 60th Birthday Celebration Handicap (Div I),52,Salisbury,10/01/2026 16:24:00,Other,Class 4,,0-80,3yo+,None,1m2f,10,2010,2200,Soft,Turf,5141806,Hello Cotai,14629,Pat Cosgrave,15108,Jim Boyle,5,,11,2,9-3,147,20/1,21,69,,,CompletedRace,1,0,0,00:02:09.4200000,129.42,16/1,17,23,134417,"£5,888",5888,69,84,67,360032,Ownaracehorse & J R Boyle,Cotai Glory,GB,Hellofahaste,False,False,,60,,False,,IRE
927636,Barbara Snow 60th Birthday Celebration Handicap (Div I),52,Salisbury,10/01/2026 16:24:00,Other,Class 4,,0-80,3yo+,None,1m2f,10,2010,2200,Soft,Turf,7922009,Arbaawy,89959,Colin Keane,26177,John Butler,3,p,10,8,9-4,148,13/2,7.5,74,,,CompletedRace,2,0.05,0.05,00:02:09.4325000,129.4325,7/1,8,21,334036,"£5,888",5888,74,89,68,326597,Adnan Bahbahani,Palace Pier,GB,Crying Lightening,False,False,,44,,True,,GB
927636,Barbara Snow 60th Birthday Celebration Handicap (Div I),52,Salisbury,10/01/2026 16:24:00,Other,Class 4,,0-80,3yo+,None,1m2f,10,2010,2200,Soft,Turf,3666411,Albus Anne,101479,Olivia Haines,900,Jimmy Fox,7,h,13,7,8-3,131,14/1,15,62,,,CompletedRace,3,0.5,0.5,00:02:09.5450000,129.545,25/1,26,18,67-466,"£5,888",5888,62,89,73,249627,Y T Mehmet,Mayson,GB,Asmahan,False,False,,,7,True,,GB
927636,Barbara Snow 60th Birthday Celebration Handicap (Div I),52,Salisbury,10/01/2026 16:24:00,Other,Class 4,,0-80,3yo+,None,1m2f,10,2010,2200,Soft,Turf,7780517,Maldives,95388,David Egan,37949,Kevin Philippart De Foy,3,,4,1,9-10,154,11/1,12,80,,,CompletedRace,4,0.3,0.75,00:02:09.6075000,129.6075,7/1,8,105,260,"£5,888",5888,80,77,57,252234,Amo Racing Limited,Camelot,GB,Sense Of Style,False,False,,62,,False,,IRE
927636,Barbara Snow 60th Birthday Celebration Handicap (Div I),52,Salisbury,10/01/2026 16:24:00,Other,Class 4,,0-80,3yo+,None,1m2f,10,2010,2200,Soft,Turf,7947749,Bnaider,94663,Lewis Edmunds,41024,Harry Charlton,3,,2,4,9-12,156,5/2F,3.5,82,,,CompletedRace,5,3.75,4.5,00:02:10.5450000,130.545,5/2,3.5,132,443-41,"£5,888",5888,82,91,61,360765,Sheikh Ahmed Yousuf Saud Alsabah,New Bay,GB,Rivercat,False,False,,63,,True,,GB
927636,Barbara Snow 60th Birthday Celebration Handicap (Div I),52,Salisbury,10/01/2026 16:24:00,Other,Class 4,,0-80,3yo+,None,1m2f,10,2010,2200,Soft,Turf,8406204,Oracle Mission,94631,Pierre-Louis Jamin,38304,Harry Eustace,3,,6,12,9-8,152,50/1,51,78,,,CompletedRace,6,0.2,4.75,00:02:10.6075000,130.6075,14/1,15,145,31-8,"£5,888",5888,78,80,,364618,K Lie And Partner,Wootton Bassett,GB,Carleen,False,False,,44,,False,,GB
927636,Barbara Snow 60th Birthday Celebration Handicap (Div I),52,Salisbury,10/01/2026 16:24:00,Other,Class 4,,0-80,3yo+,None,1m2f,10,2010,2200,Soft,Turf,9377505,Kudos Too,93947,Tom Marquand,38350,William Muir & Chris Grassick,3,,7,3,9-7,151,20/1,21,77,,,CompletedRace,7,1.25,6,00:02:10.9200000,130.92,12/1,13,57,535,"£5,888",5888,77,82,66,348935,Mrs R F Greener And North Farm Stud,Aclaim,IRE,Specific Dream,False,False,,43,,True,,GB
927636,Barbara Snow 60th Birthday Celebration Handicap (Div I),52,Salisbury,10/01/2026 16:24:00,Other,Class 4,,0-80,3yo+,None,1m2f,10,2010,2200,Soft,Turf,7200235,Dancing Tiger,99143,Owen Lewis,19203,Roger Teal,4,b,1,11,9-8,152,6/1,7,79,,,CompletedRace,8,2.75,8.75,00:02:11.6075000,131.6075,8/1,9,20,622401,"£5,888",5888,79,86,59,209605,Homecroft Wealth Racing,Starspangledbanner,AUS,Dream Approach,False,False,,56,5,False,,IRE
927636,Barbara Snow 60th Birthday Celebration Handicap (Div I),52,Salisbury,10/01/2026 16:24:00,Other,Class 4,,0-80,3yo+,None,1m2f,10,2010,2200,Soft,Turf,7204790,Mr Seagull,96222,Jason Watson,25009,Hugo Palmer,3,v,12,5,9-1,145,3/1,4,71,,,CompletedRace,9,1.75,10.5,00:02:12.0450000,132.045,7/1,8,20,465045,"£5,888",5888,71,89,82,341549,Two Plus Three Two Plus Four,Space Blues,IRE,Bayja,False,False,,47,,False,,IRE
927636,Barbara Snow 60th Birthday Celebration Handicap (Div I),52,Salisbury,10/01/2026 16:24:00,Other,Class 4,,0-80,3yo+,None,1m2f,10,2010,2200,Soft,Turf,6064638,Barry's Boy,96836,George Bass,13478,Denis Coakley,4,,9,6,9-6,150,25/1,26,72,,,CompletedRace,10,3,13.5,00:02:12.7950000,132.795,16/1,17,49,-15926,"£5,888",5888,72,84,48,346043,Connect Oil Limited,Invincible Army,IRE,Doors To Manual,False,False,,33,,False,,IRE
927636,Barbara Snow 60th Birthday Celebration Handicap (Div I),52,Salisbury,10/01/2026 16:24:00,Other,Class 4,,0-80,3yo+,None,1m2f,10,2010,2200,Soft,Turf,7020389,Felix Gem,100360,Callum Hutchinson,18920,Eve Johnson Houghton,3,,8,10,9-7,151,13/2,7.5,77,,,CompletedRace,11,1.75,15.25,00:02:13.2325000,133.2325,9/1,10,195,5-214,"£5,888",5888,77,82,,358080,Hp Racing Felix Gem,Ulysses,IRE,Burgonet,False,False,,42,,False,,GB
927636,Barbara Snow 60th Birthday Celebration Handicap (Div I),52,Salisbury,10/01/2026 16:24:00,Other,Class 4,,0-80,3yo+,None,1m2f,10,2010,2200,Soft,Turf,3831806,Alcaraz,89627,Charles Bishop,20005,George Baker,7,,5,13,9-9,153,28/1,29,75,,,CompletedRace,12,0.05,15.25,00:02:13.2325000,133.2325,33/1,34,32,28-500,"£5,888",5888,75,84,56,373630,Downs House Racing,Intello,GER,Terre,False,False,,23,,False,,FR
929982,Barbara Snow 60th Birthday Celebration Handicap (Div II),52,Salisbury,10/01/2026 16:55:00,Other,Class 4,,0-80,3yo+,None,1m2f,10,2010,2200,Soft,Turf,5394039,Due To Henry,103127,Oliver Carmichael,18920,Eve Johnson Houghton,5,b,5,2,9-1,145,33/1,34,74,,,CompletedRace,1,0,0,00:02:09.5300000,129.53,16/1,17,13,253576,"£5,888",5888,74,88,75,336839,Hp Racing Due To Henry,Due Diligence,USA,Rivas Rhapsody,False,False,,42,7,False,,GB
929982,Barbara Snow 60th Birthday Celebration Handicap (Div II),52,Salisbury,10/01/2026 16:55:00,Other,Class 4,,0-80,3yo+,None,1m2f,10,2010,2200,Soft,Turf,8758167,Sintra,89959,Colin Keane,15605,Andrew Balding,3,,2,8,9-12,156,5/4F,2.25,82,,,CompletedRace,2,0.2,0.2,00:02:09.5800000,129.58,5/2,3.5,21,323174,"£5,888",5888,82,89,68,301671,Juddmonte,Kingman,GB,Goldika,False,False,,58,,False,,GB
929982,Barbara Snow 60th Birthday Celebration Handicap (Div II),52,Salisbury,10/01/2026 16:55:00,Other,Class 4,,0-80,3yo+,None,1m2f,10,2010,2200,Soft,Turf,7529956,Get This In,92806,Hector Crouch,29411,David Menuisier,3,,9,6,9-5,149,18/1,19,75,,,CompletedRace,3,0.2,0.5,00:02:09.6550000,129.655,6/1,7,156,36-2,"£5,888",5888,75,85,,340048,Jayar Investments,Study Of Man,IRE,Nimiety,False,False,,57,,False,,GB
929982,Barbara Snow 60th Birthday Celebration Handicap (Div II),52,Salisbury,10/01/2026 16:55:00,Other,Class 4,,0-80,3yo+,None,1m2f,10,2010,2200,Soft,Turf,6451097,Royale Goodnight,94663,Lewis Edmunds,41024,Harry Charlton,4,,7,3,9-7,151,40/1,41,73,,,CompletedRace,4,6.5,7,00:02:11.2800000,131.28,16/1,17,22,8/2-09,"£5,888",5888,73,86,58,349163,"Frost, Acloque, LB, FW, Clayton & Godsal",Golden Horn,GB,Redenca,False,False,,63,,True,,GER
929982,Barbara Snow 60th Birthday Celebration Handicap (Div II),52,Salisbury,10/01/2026 16:55:00,Other,Class 4,,0-80,3yo+,None,1m2f,10,2010,2200,Soft,Turf,8031342,Sergei Breeze,92436,Ben Ffrench Davis,42502,Kathy Turner,3,,10,1,8-13,141,8/1,9,74,,,CompletedRace,5,0.1,7,00:02:11.2800000,131.28,9/1,10,15,8-432,"£5,888",5888,74,86,79,3887,Mrs J V Wilkinson,Sergei Prokofiev,CAN,Bahamian Bird,False,False,,,5,False,,GB
929982,Barbara Snow 60th Birthday Celebration Handicap (Div II),52,Salisbury,10/01/2026 16:55:00,Other,Class 4,,0-80,3yo+,None,1m2f,10,2010,2200,Soft,Turf,9554514,Wreck It Ronnie,86769,Kieren Fox,42726,Charlie Pike,3,,4,5,9-10,154,11/2,6.5,80,,,CompletedRace,6,2.25,9.25,00:02:11.8425000,131.8425,7/1,8,23,671,"£5,888",5888,80,81,68,334878,Gary Gillies,Zelzal,FR,Leaf Blower,False,False,,40,,False,,FR
929982,Barbara Snow 60th Birthday Celebration Handicap (Div II),52,Salisbury,10/01/2026 16:55:00,Other,Class 4,,0-80,3yo+,None,1m2f,10,2010,2200,Soft,Turf,3609047,Big Bear Hug,14629,Pat Cosgrave,15108,Jim Boyle,7,,11,10,9-3,147,22/1,23,69,,,CompletedRace,7,1.75,11,00:02:12.2800000,132.28,20/1,21,28,317755,"£5,888",5888,69,84,47,360032,Ownaracehorse & J R Boyle,Belardo,IRE,Silkenveil,False,False,,60,,False,,GB
929982,Barbara Snow 60th Birthday Celebration Handicap (Div II),52,Salisbury,10/01/2026 16:55:00,Other,Class 4,,0-80,3yo+,None,1m2f,10,2010,2200,Soft,Turf,8890831,Wuood,75506,Pat Dobbs,28787,Richard Hannon,3,,8,4,9-6,150,9/1,10,76,,,CompletedRace,8,0.75,11.75,00:02:12.4675000,132.4675,7/1,8,27,215,"£5,888",5888,76,83,43,302438,Shadwell Estate Company Ltd,Night Of Thunder,IRE,Malathaat,False,False,,52,,True,,GB
929982,Barbara Snow 60th Birthday Celebration Handicap (Div II),52,Salisbury,10/01/2026 16:55:00,Other,Class 4,,0-80,3yo+,None,1m2f,10,2010,2200,Soft,Turf,6988874,Blue Wonder,93947,Tom Marquand,10704,Hughie Morrison,4,,6,12,9-7,151,5/1,6,73,,,CompletedRace,9,5.5,17.25,00:02:13.8425000,133.8425,7/2,4.5,23,0-4151,"£5,888",5888,73,86,73,316009,Thurloe Thoroughbreds LIV,Blue Point,IRE,Norway Cross,False,False,,42,,True,,IRE
929982,Barbara Snow 60th Birthday Celebration Handicap (Div II),52,Salisbury,10/01/2026 16:55:00,Other,Class 4,,0-80,3yo+,None,1m2f,10,2010,2200,Soft,Turf,8001136,Cotton Bud,95388,David Egan,14024,Shaun Lycett,3,,12,11,9-1,145,9/1,10,71,,,CompletedRace,10,9.5,26.75,00:02:16.2175000,136.2175,16/1,17,26,2-1645,"£5,888",5888,71,87,84,371255,Montefeltro Racing - Cotton Bud,Cloth Of Stars,IRE,Pink Anemone,False,False,,,,False,,IRE
929982,Barbara Snow 60th Birthday Celebration Handicap (Div II),52,Salisbury,10/01/2026 16:55:00,Other,Class 4,,0-80,3yo+,None,1m2f,10,2010,2200,Soft,Turf,6838446,Exactly Right,104513,Charlie Tucker,20451,Neil Mulholland,4,,3,7,9-4,148,250/1,251,77,,,CompletedRace,11,25,51.75,00:02:22.4675000,142.4675,25/1,26,,8/140-,"£5,888",5888,77,83,,48837,C E Handford,Kingman,GB,Mot Juste,False,False,,9,7,True,,GB
927635,Madar Corporation 'Season Finale' Handicap (GBBPlus Race),52,Salisbury,10/01/2026 17:25:00,Other,Class 4,,0-85,3yo+,None,1m6f,14,2815,3080,Soft,Turf,9554510,Treble Bass,84416,Jack Mitchell,24890,Roger Varian,3,,7,,9-5,149,12/1,13,79,,,CompletedRace,1,0,0,00:03:04.4400000,184.44,4/1,5,28,632,"£5,888",5888,79,84,39,49845,Godolphin,Sea The Stars,IRE,Stream Song,False,False,,58,,True,,GB
927635,Madar Corporation 'Season Finale' Handicap (GBBPlus Race),52,Salisbury,10/01/2026 17:25:00,Other,Class 4,,0-85,3yo+,None,1m6f,14,2815,3080,Soft,Turf,6706380,One Horse Town,100350,Saffie Osborne,40085,Harry Derham,4,,8,,9-4,148,9/2,5.5,72,,,CompletedRace,2,0.2,0.2,00:03:04.4900000,184.49,6/1,7,,23316-,"£5,888",5888,72,,,338895,The Jo Cool Syndicate,Threat,IRE,Almost Always,False,False,,33,,True,,IRE
927635,Madar Corporation 'Season Finale' Handicap (GBBPlus Race),52,Salisbury,10/01/2026 17:25:00,Other,Class 4,,0-85,3yo+,None,1m6f,14,2815,3080,Soft,Turf,8432208,Roc De Fer,84857,Luke Morris,67,Sir Mark Prescott Bt,3,,4,,9-8,152,9/4F,3.25,82,,,CompletedRace,3,6.5,6.75,00:03:06.1275000,186.1275,9/2,5.5,55,4-3112,"£5,888",5888,82,89,80,306777,N Boyden And C Harrold,Sea The Moon,GER,Island Remede,False,False,,65,,False,,IRE
927635,Madar Corporation 'Season Finale' Handicap (GBBPlus Race),52,Salisbury,10/01/2026 17:25:00,Other,Class 4,,0-85,3yo+,None,1m6f,14,2815,3080,Soft,Turf,3612347,Mr Freedom,89627,Charles Bishop,6505,Sheena West,7,p,5,,9-7,151,6/1,7,75,,,CompletedRace,4,0.2,7,00:03:06.1900000,186.19,16/1,17,7,/35854,"£5,888",5888,75,86,85,201980,The Affordable (3) Partnership,Sixties Icon,GB,Waitingforachance,False,False,,40,,False,,GB
927635,Madar Corporation 'Season Finale' Handicap (GBBPlus Race),52,Salisbury,10/01/2026 17:25:00,Other,Class 4,,0-85,3yo+,None,1m6f,14,2815,3080,Soft,Turf,5313337,Son Of Man,92276,Paddy Bradley,15108,Jim Boyle,5,,1,,9-11,155,33/1,34,79,,,CompletedRace,5,4.75,11.75,00:03:07.3775000,187.3775,14/1,15,17,230903,"£5,888",5888,79,85,63,280866,Mark Aljoe,Dark Angel,IRE,Crisolles,False,False,,60,,False,,IRE
927635,Madar Corporation 'Season Finale' Handicap (GBBPlus Race),52,Salisbury,10/01/2026 17:25:00,Other,Class 4,,0-85,3yo+,None,1m6f,14,2815,3080,Soft,Turf,8058109,Pyleates,94663,Lewis Edmunds,38350,William Muir & Chris Grassick,4,,10,,9-0,144,14/1,15,68,,,CompletedRace,6,2.25,14,00:03:07.9400000,187.94,6/1,7,75,3-3721,"£5,888",5888,68,87,69,293596,La Pyle Partnership,Kingman,GB,La Pyle,False,False,,43,,False,,GB
927635,Madar Corporation 'Season Finale' Handicap (GBBPlus Race),52,Salisbury,10/01/2026 17:25:00,Other,Class 4,,0-85,3yo+,None,1m6f,14,2815,3080,Soft,Turf,5942415,Viyanni,94631,Pierre-Louis Jamin,40085,Harry Derham,5,t,6,,9-5,149,25/1,26,73,,,CompletedRace,7,1.75,15.75,00:03:08.3775000,188.3775,12/1,13,,7651/,"£5,888",5888,73,,,342288,Olbg Racing Club,Almanzor,FR,Viyana,False,False,,33,,True,,IRE
927635,Madar Corporation 'Season Finale' Handicap (GBBPlus Race),52,Salisbury,10/01/2026 17:25:00,Other,Class 4,,0-85,3yo+,None,1m6f,14,2815,3080,Soft,Turf,5266405,Curran,104513,Charlie Tucker,4550,Rod Millman,5,,9,,8-10,138,25/1,26,71,,,CompletedRace,8,5.5,21.25,00:03:09.7525000,189.7525,14/1,15,18,651206,"£5,888",5888,71,87,84,253858,Crown Connoisseurs,Gleneagles,IRE,Tipitena,False,False,,65,7,False,,IRE
927635,Madar Corporation 'Season Finale' Handicap (GBBPlus Race),52,Salisbury,10/01/2026 17:25:00,Other,Class 4,,0-85,3yo+,None,1m6f,14,2815,3080,Soft,Turf,5383846,Macari,100384,Rose Dawes,6505,Sheena West,6,,3,,9-5,149,25/1,26,76,,,CompletedRace,9,20,41.25,00:03:14.7525000,194.7525,25/1,26,17,462886,"£5,888",5888,76,74,57,352198,"R Vaughan, R Bisiker, M Jones And S West",Sixties Icon,GB,Potternello,False,False,,40,3,False,,GB
927635,Madar Corporation 'Season Finale' Handicap (GBBPlus Race),52,Salisbury,10/01/2026 17:25:00,Other,Class 4,,0-85,3yo+,None,1m6f,14,2815,3080,Soft,Turf,9424954,Dialstone,92806,Hector Crouch,13917,Ralph Beckett,3,,2,,9-10,154,11/4,3.75,84,,,CompletedRace,10,12,53.25,00:03:17.7525000,197.7525,3/1,4,19,221,"£5,888",5888,84,85,55,228449,A D G Oldrey & G C Hartigan,Time Test,GB,Nirva,False,False,,67,,True,,GB
927454,Weatherbys Racing Bank Handicap Chase,61,Southwell,10/01/2026 14:15:00,SteepleChase,Class 5,,0-100,4yo+,None,2m4½f,20.5,4122,4510,Good,Turf,5398629,Rockvale,90406,Brendan Powell,29026,Sam Allwood,7,tp1,9,,10-2,162,13/2,7.5,72,,,CompletedRace,1,0,0,00:05:08.7100000,308.71,11/1,12,27,-2P4U3,"£3,248",3248,72,105,94,281727,Sam Allwood Racing Club,El Salvador,IRE,Just For Jean,True,False,,,,False,,IRE
927454,Weatherbys Racing Bank Handicap Chase,61,Southwell,10/01/2026 14:15:00,SteepleChase,Class 5,,0-100,4yo+,None,2m4½f,20.5,4122,4510,Good,Turf,3320103,Helios Allen,92302,Harry Bannister,13888,Ben Case,9,p,7,,10-4,164,7/2,4.5,74,,,CompletedRace,2,6,6,00:05:09.9100000,309.91,5/1,6,34,8965/2,"£3,248",3248,74,102,84,262686,Mrs Phillippa Taylor,Coastal Path,GB,Silane,False,False,,67,,False,2,FR
927454,Weatherbys Racing Bank Handicap Chase,61,Southwell,10/01/2026 14:15:00,SteepleChase,Class 5,,0-100,4yo+,None,2m4½f,20.5,4122,4510,Good,Turf,5616448,Noble Recall,101293,Isabelle Ryder,8430,Anthony Day,7,,8,,9-13,157,4/1,5,74,,,CompletedRace,3,1.25,7.25,00:05:10.1600000,310.16,7/1,8,21,254-P1,"£3,248",3248,74,103,,194137,Kathy Day,Telescope,IRE,Fluffy Clouds,False,False,,,5,False,,GB
927454,Weatherbys Racing Bank Handicap Chase,61,Southwell,10/01/2026 14:15:00,SteepleChase,Class 5,,0-100,4yo+,None,2m4½f,20.5,4122,4510,Good,Turf,5550817,My Bobby's Lass,92270,Charlie Deutsch,38096,Mel Rowley,7,t,4,,11-5,181,16/1,17,89,,,CompletedRace,4,6,13.25,00:05:11.3600000,311.36,16/1,17,27,/416-6,"£3,248",3248,89,100,94,217317,Bob Barrett,Pether's Moon,IRE,Chocca Wocca,False,False,,,,False,,GB
927454,Weatherbys Racing Bank Handicap Chase,61,Southwell,10/01/2026 14:15:00,SteepleChase,Class 5,,0-100,4yo+,None,2m4½f,20.5,4122,4510,Good,Turf,4320814,Gone In Sixty,93186,Sean Bowen,13987,Alex Hales,9,,6,,10-11,171,2/1F,3,81,,,CompletedRace,5,10,23.25,00:05:13.3600000,313.36,9/4,3.25,26,F24341,"£3,248",3248,81,104,67,340943,Alex Hales Racing Club,Sixties Icon,GB,Gib,False,False,,,,False,,GB
927454,Weatherbys Racing Bank Handicap Chase,61,Southwell,10/01/2026 14:15:00,SteepleChase,Class 5,,0-100,4yo+,None,2m4½f,20.5,4122,4510,Good,Turf,2664965,Socks Off,83292,Lee Edwards,43173,Kevin & Lauren Frost,9,,1,,12-0,192,5/1,6,98,,,CompletedRace,6,33,56.25,00:05:19.9600000,319.96,7/2,4.5,22,33/6-1,"£3,248",3248,98,101,92,219409,Kevin Frost,Society Rock,IRE,Deliziosa,False,False,,40,,False,2,IRE
927450,Paul Ferguson's Jumpers To Follow Handicap Chase (GBB Race),61,Southwell,10/01/2026 14:50:00,SteepleChase,Class 4,,0-120,4yo+,None,3m½f,24.5,4926,5390,Good,Turf,4088999,Paper Mill,93541,Charlie Hammond,30177,Stuart Edmunds,10,v1,1,,11-13,189,6/4F,2.5,112,,,CompletedRace,1,0,0,00:06:14.2700000,374.27,2/1,3,27,31P-24,"£4,700",4700,112,121,95,117305,M Kehoe,Schiaparelli,GER,Diva Of Norwich,True,False,,50,,False,,GB
927450,Paul Ferguson's Jumpers To Follow Handicap Chase (GBB Race),61,Southwell,10/01/2026 14:50:00,SteepleChase,Class 4,,0-120,4yo+,None,3m½f,24.5,4926,5390,Good,Turf,4117825,Law Of Supply,92564,Ciaran Gethings,42023,Kim Bailey & Mat Nicholls,8,ht,2,,11-13,189,9/2,5.5,112,,,CompletedRace,2,6,6,00:06:15.4700000,375.47,3/1,4,183,/P4F2-,"£4,700",4700,112,119,103,329323,Andrew Lay's Legacy,Mahler,GB,Nina Fontenail,False,False,,,,False,,IRE
927450,Paul Ferguson's Jumpers To Follow Handicap Chase (GBB Race),61,Southwell,10/01/2026 14:50:00,SteepleChase,Class 4,,0-120,4yo+,None,3m½f,24.5,4926,5390,Good,Turf,5007780,No More No,85932,David Bass,6226,Lawney Hill,7,tv,4,,11-2,178,7/4,2.75,101,,,CompletedRace,3,6.5,12.5,00:06:16.7700000,376.77,9/4,3.25,74,7/1-16,"£4,700",4700,101,121,97,192931,Andy Weller,Alkaadhem,GB,Dranamol,False,False,1,,,False,,IRE
927450,Paul Ferguson's Jumpers To Follow Handicap Chase (GBB Race),61,Southwell,10/01/2026 14:50:00,SteepleChase,Class 4,,0-120,4yo+,None,3m½f,24.5,4926,5390,Good,Turf,4725963,Alright Dai,85846,Conor O'Farrell,20451,Neil Mulholland,8,p,3,,11-6,182,6/1,7,105,,,CompletedRace,4,42,54.5,00:06:25.1700000,385.17,7/2,4.5,188,U1133-,"£4,700",4700,105,119,109,270487,Lycett Racing Ltd,No Risk At All,FR,The Cookie Jar,False,False,,9,,False,,IRE
927449,Jodie Standing's Point-To-Point Recruits Novices' Hurdle (GBB Race),61,Southwell,10/01/2026 15:25:00,Hurdle,Class 4,,,4yo+,None,2m4½f,20.5,4122,4510,Good,Turf,7597349,Iamyouare,93874,Theo Gillard,15674,Donald McCain,6,p1,5,,10-9,169,100/30,4.333333333333334,109,,,CompletedRace,1,0,0,00:04:57.8300000,297.83,5/2,3.5,27,1-3F22,"£5,446",5446,109,130,104,368349,The Taking Part Racing Club,Jukebox Jury,IRE,Christina,True,False,,30,,False,,IRE
927449,Jodie Standing's Point-To-Point Recruits Novices' Hurdle (GBB Race),61,Southwell,10/01/2026 15:25:00,Hurdle,Class 4,,,4yo+,None,2m4½f,20.5,4122,4510,Good,Turf,7592655,Moments Away,93186,Sean Bowen,15642,Martin Keighley,5,t,4,,11-2,178,10/11F,1.9090909090909092,,,,CompletedRace,2,2.5,2.5,00:04:58.3300000,298.33,6/4,2.5,173,2325-,"£5,446",5446,,,,146062,Oliver Ryan,Getaway,GER,Brillare Momento,False,False,,40,,True,,IRE
927449,Jodie Standing's Point-To-Point Recruits Novices' Hurdle (GBB Race),61,Southwell,10/01/2026 15:25:00,Hurdle,Class 4,,,4yo+,None,2m4½f,20.5,4122,4510,Good,Turf,5652634,Gaelic Rambler,83698,Richie McLernon,41384,Jonjo & A J O'Neill,6,tb,2,,11-2,178,3/1,4,116,,,CompletedRace,3,1.75,4.25,00:04:58.6800000,298.68,7/4,2.75,16,5-3V61,"£5,446",5446,116,131,,127112,Mrs E J Wills,Walk In The Park,IRE,Night Of Passion,False,False,,63,,False,,IRE
927449,Jodie Standing's Point-To-Point Recruits Novices' Hurdle (GBB Race),61,Southwell,10/01/2026 15:25:00,Hurdle,Class 4,,,4yo+,None,2m4½f,20.5,4122,4510,Good,Turf,4189593,Back It Up,91759,Jonathan Burke,40072,James Owen,8,,1,,11-2,178,12/1,13,,,,CompletedRace,4,4,8.25,00:04:59.4800000,299.48,12/1,13,16,2P/4-5,"£5,446",5446,,110,64,174915,J R M Ridge,Mahler,GB,Meryemnana,False,False,,54,,False,,IRE
927449,Jodie Standing's Point-To-Point Recruits Novices' Hurdle (GBB Race),61,Southwell,10/01/2026 15:25:00,Hurdle,Class 4,,,4yo+,None,2m4½f,20.5,4122,4510,Good,Turf,9051007,Ifyouhaveaplan,87528,Jack Quinlan,8203,Louise Allan,5,,3,,11-2,178,250/1,251,,,,CompletedRace,5,44,52.25,00:05:08.2800000,308.28,66/1,67,16,425687,"£5,446",5446,,96,44,376255,Paul Clifton & Miss Caroline Spurrier,Falco,USA,Duchess Of Seville,False,False,,,,False,,GB
927453,"""Smooth Radio - Always The Best Music"" Novices' Handicap Hurdle",61,Southwell,10/01/2026 16:00:00,Hurdle,Class 5,,0-100,4yo+,None,3m½f,24.5,4926,5390,Good,Turf,4685055,Crafty Gael,93186,Sean Bowen,33553,Olly Murphy,7,tp,2,,11-12,188,5/4F,2.25,95,,,CompletedRace,1,0,0,00:06:06.1200000,366.12,6/5,2.2,21,08-321,"£3,248",3248,95,100,87,252457,Olly Murphy Racing Club,Mastercraftsman,IRE,Brazilian Samba,False,False,,67,,False,,IRE
927453,"""Smooth Radio - Always The Best Music"" Novices' Handicap Hurdle",61,Southwell,10/01/2026 16:00:00,Hurdle,Class 5,,0-100,4yo+,None,3m½f,24.5,4926,5390,Good,Turf,7169827,Cappa Lass,100082,Toby Wynne,39482,Oliver Greenall & Josh Guerriero,5,h,5,,10-9,169,14/1,15,78,,,CompletedRace,2,0.2,0.2,00:06:06.1600000,366.16,25/1,26,27,/67-8P,"£3,248",3248,78,85,23,369988,Clap The Lass Racing,Walk In The Park,IRE,Cuditbelucky,False,False,,56,,False,,IRE
927453,"""Smooth Radio - Always The Best Music"" Novices' Handicap Hurdle",61,Southwell,10/01/2026 16:00:00,Hurdle,Class 5,,0-100,4yo+,None,3m½f,24.5,4926,5390,Good,Turf,8366581,Athena's Dream,101183,Megan Bevan,39501,Harriet Dickin,4,v,7,,10-1,161,9/1,10,81,,,CompletedRace,3,0.05,0.25,00:06:06.1700000,366.17,10/1,11,21,-23529,"£3,248",3248,81,97,96,276183,Miss H Dickin,Ulysses,IRE,Volver,False,False,,,7,False,,GB
927453,"""Smooth Radio - Always The Best Music"" Novices' Handicap Hurdle",61,Southwell,10/01/2026 16:00:00,Hurdle,Class 5,,0-100,4yo+,None,3m½f,24.5,4926,5390,Good,Turf,8418735,Captain Connor,90406,Brendan Powell,31068,Clare Ellam,4,,6,,10-8,168,20/1,21,81,,,CompletedRace,4,4,4.25,00:06:06.9700000,366.97,10/1,11,11,-78273,"£3,248",3248,81,100,97,346155,Robert Clarke And Clare Ellam,Brave Mansonnien,FR,Darling Point,False,False,,,,False,,FR
927453,"""Smooth Radio - Always The Best Music"" Novices' Handicap Hurdle",61,Southwell,10/01/2026 16:00:00,Hurdle,Class 5,,0-100,4yo+,None,3m½f,24.5,4926,5390,Good,Turf,7139205,Could Be You,83698,Richie McLernon,20451,Neil Mulholland,6,,8,,10-7,167,10/1,11,76,,,CompletedRace,5,1,5.25,00:06:07.1700000,367.17,12/1,13,21,0P9-F8,"£3,248",3248,76,99,75,343038,RS Racing (Syndicates),Youmzain,IRE,Milano Bay,False,False,,9,,True,,IRE
927453,"""Smooth Radio - Always The Best Music"" Novices' Handicap Hurdle",61,Southwell,10/01/2026 16:00:00,Hurdle,Class 5,,0-100,4yo+,None,3m½f,24.5,4926,5390,Good,Turf,4330672,Daaris,83292,Lee Edwards,43173,Kevin & Lauren Frost,7,p,4,,11-8,184,6/1,7,91,,,CompletedRace,6,0.75,6,00:06:07.3200000,367.32,9/2,5.5,21,334/83,"£3,248",3248,91,101,88,325290,Miss Lauren Frost,Dawn Approach,IRE,Reyaadah,False,False,,40,,False,,IRE
927453,"""Smooth Radio - Always The Best Music"" Novices' Handicap Hurdle",61,Southwell,10/01/2026 16:00:00,Hurdle,Class 5,,0-100,4yo+,None,3m½f,24.5,4926,5390,Good,Turf,5942447,Jurassic Pet,87644,Nico de Boinville,32003,Mrs Sara V Bradstock,6,t,1,,12-0,192,15/2,8.5,97,,,CompletedRace,7,25,31,00:06:12.3200000,372.32,9/1,10,198,/1430-,"£3,248",3248,97,95,82,366349,Foxtrot National Syndicate,Sholokhov,IRE,Another Pet,False,False,,,,True,,IRE
927453,"""Smooth Radio - Always The Best Music"" Novices' Handicap Hurdle",61,Southwell,10/01/2026 16:00:00,Hurdle,Class 5,,0-100,4yo+,None,3m½f,24.5,4926,5390,Good,Turf,8753800,Ol Parson,88023,Sam Twiston-Davies,39483,Jack Jones,5,,3,,11-12,188,5/1,6,95,,,CompletedRace,8,12,43,00:06:14.7200000,374.72,6/1,7,64,-24960,"£3,248",3248,95,95,64,360971,The Mammoth Pack Ltd,Ol' Man River,IRE,Long Long Time,False,False,,50,,True,1,IRE
927452,Old Stag 70th Birthday Handicap Hurdle,61,Southwell,10/01/2026 16:35:00,Hurdle,Class 4,,0-120,3yo+,None,2m,16,3217,3520,Good,Turf,6829605,Wild Goose,104738,Aamilah Aswat,42023,Kim Bailey & Mat Nicholls,6,t,2,,11-4,180,11/2,6.5,121,,,CompletedRace,1,0,0,00:03:41.9200000,221.92,6/1,7,150,1421-5,"£4,066",4066,121,122,114,352451,Mrs Marion Hudson,Yeats,IRE,Poppy Come Running,False,False,,,10,False,,IRE
927452,Old Stag 70th Birthday Handicap Hurdle,61,Southwell,10/01/2026 16:35:00,Hurdle,Class 4,,0-120,3yo+,None,2m,16,3217,3520,Good,Turf,3705597,Bluegrass,93541,Charlie Hammond,30177,Stuart Edmunds,7,tb,5,,11-8,184,9/2,5.5,115,,,CompletedRace,2,1,1,00:03:42.1200000,222.12,6/1,7,152,3448-7,"£4,066",4066,115,124,99,327239,Mrs Diana Gardiner,Galileo,IRE,Quiet Reflection,False,False,,50,,False,,IRE
927452,Old Stag 70th Birthday Handicap Hurdle,61,Southwell,10/01/2026 16:35:00,Hurdle,Class 4,,0-120,3yo+,None,2m,16,3217,3520,Good,Turf,5889962,King Ulanda,98673,Jack Tudor,39482,Oliver Greenall & Josh Guerriero,6,tp,6,,11-7,183,9/1,10,114,,,CompletedRace,3,6,7,00:03:43.3200000,223.32,9/1,10,22,6-1413,"£4,066",4066,114,121,99,351996,The Happy Monarchs,Kingston Hill,GB,Ulanda,False,False,,56,,False,,IRE
927452,Old Stag 70th Birthday Handicap Hurdle,61,Southwell,10/01/2026 16:35:00,Hurdle,Class 4,,0-120,3yo+,None,2m,16,3217,3520,Good,Turf,3880911,Duke Of Luckley,103518,Freddie Keighley,15642,Martin Keighley,9,v,3,,11-8,184,100/30F,4.333333333333334,120,,,CompletedRace,4,12,19,00:03:45.7200000,225.72,4/1,5,15,-13V11,"£4,066",4066,120,123,,373347,Martin Keighley Racing Partnership 25,Mahler,GB,Emily's Princess,False,False,,40,5,False,,IRE
927452,Old Stag 70th Birthday Handicap Hurdle,61,Southwell,10/01/2026 16:35:00,Hurdle,Class 4,,0-120,3yo+,None,2m,16,3217,3520,Good,Turf,5073237,Granny Hawkins,87503,Tom Cannon,13928,Alan King,7,,8,,11-3,179,11/2,6.5,110,,,CompletedRace,5,4,23,00:03:46.5200000,226.52,7/2,4.5,88,2111-3,"£4,066",4066,110,124,105,373746,Exors Of The Late G Kennington,Blue Bresil,FR,Arctic Actress,False,False,,40,,False,,GB
927452,Old Stag 70th Birthday Handicap Hurdle,61,Southwell,10/01/2026 16:35:00,Hurdle,Class 4,,0-120,3yo+,None,2m,16,3217,3520,Good,Turf,6898670,Last Kingdom,83698,Richie McLernon,42228,Faye Bramley,5,,1,,12-0,192,22/1,23,121,,,CompletedRace,6,36,59,00:03:53.7200000,233.72,12/1,13,139,PP70-9,"£4,066",4066,121,123,107,20887,John P McManus,Choeur Du Nord,FR,Galatica De Thaix,False,False,,56,,False,,FR
927452,Old Stag 70th Birthday Handicap Hurdle,61,Southwell,10/01/2026 16:35:00,Hurdle,Class 4,,0-120,3yo+,None,2m,16,3217,3520,Good,Turf,5386037,King Of The Road,102437,Callum Pritchard,28480,Ben Pauling,7,,9,,11-2,178,4/1,5,109,,,CompletedRace,7,2.5,61.5,00:03:54.2200000,234.22,5/1,6,134,0290-4,"£4,066",4066,109,124,126,336669,Rocco's Rebels,Shirocco,GER,Diamond Gesture,False,False,2,50,,False,,IRE
927452,Old Stag 70th Birthday Handicap Hurdle,61,Southwell,10/01/2026 16:35:00,Hurdle,Class 4,,0-120,3yo+,None,2m,16,3217,3520,Good,Turf,4874889,Max Of Stars,81409,Brian Hughes,19836,Ollie Pears,6,,7,,11-5,181,15/2,8.5,112,,,PulledUp,0,0,0,00:03:41.9200000,221.92,7/1,8,22,3U-442,"£4,066",4066,112,123,86,314274,Mrs S D Pearson & Ollie Pears,Cloth Of Stars,IRE,Mooizo,False,False,,50,,False,,FR
927451,Weatherbys nhstallions.co.uk Conditional Jockeys' Training Series Handicap Hurdle,61,Southwell,10/01/2026 17:10:00,Hurdle,Class 4,,0-110,3yo+,None,2m4½f,20.5,4122,4510,Good,Turf,3236551,Spot On Soph,104532,Rebecca Hitchen,31667,Sam England,10,t,2,,11-4,180,5/2,3.5,104,,,CompletedRace,1,0,0,00:04:59.8200000,299.82,9/4,3.25,22,2575-1,"£4,066",4066,104,107,94,264499,Mowbray Park,Walk In The Park,IRE,Gwenadu,False,False,,67,8,False,,IRE
927451,Weatherbys nhstallions.co.uk Conditional Jockeys' Training Series Handicap Hurdle,61,Southwell,10/01/2026 17:10:00,Hurdle,Class 4,,0-110,3yo+,None,2m4½f,20.5,4122,4510,Good,Turf,7882532,Crack Ops,103208,Ben Smith,39482,Oliver Greenall & Josh Guerriero,4,p,1,,11-11,187,2/1,3,108,,,CompletedRace,2,4.75,4.75,00:05:00.7700000,300.77,11/8,2.375,138,6322-1,"£4,066",4066,108,102,78,366115,Coxondanielsmannrosenbergstreet,Cracksman,GB,Operettist,False,False,,56,3,True,,GB
927451,Weatherbys nhstallions.co.uk Conditional Jockeys' Training Series Handicap Hurdle,61,Southwell,10/01/2026 17:10:00,Hurdle,Class 4,,0-110,3yo+,None,2m4½f,20.5,4122,4510,Good,Turf,4733728,Rock Hurley,104185,Harry Brown,15674,Donald McCain,8,tb,3,,11-3,179,11/8F,2.375,103,,,PulledUp,0,0,0,00:04:59.8200000,299.82,11/4,3.75,23,4-3102,"£4,066",4066,103,109,104,245843,Donald McCain Racing Club,Galiway,GB,Thalie Hurley,False,False,,30,8,False,,FR
930035,Prix Cerealiste (Handicap Hurdle) (Turf),205,Auteuil (FR),10/01/2026 12:55:00,Hurdle,,,,5yo,None,2m2f,18,3619,3960,Very Soft,Turf,5968931,Liprika D'Anjou,83293,Felix De Giles,34035,Hugo Merienne,5,,15,,9-13,157,9/1,10,108,,,CompletedRace,1,0,0,00:04:16,256,,,,,,,,,,,,,,,,,,,,,,
930035,Prix Cerealiste (Handicap Hurdle) (Turf),205,Auteuil (FR),10/01/2026 12:55:00,Hurdle,,,,5yo,None,2m2f,18,3619,3960,Very Soft,Turf,5119994,Grey Fighter,89298,Kevin Nabet,40244,Noel George & Amanda Zetterholm,5,t,3,,11-0,176,31/10F,4.1,123,,,CompletedRace,2,2.5,2.5,00:04:16.6250000,256.625,,,,,,,,,,,,,,,,,,,,,,
930035,Prix Cerealiste (Handicap Hurdle) (Turf),205,Auteuil (FR),10/01/2026 12:55:00,Hurdle,,,,5yo,None,2m2f,18,3619,3960,Very Soft,Turf,8335403,Lutece Allen,95553,Angelo Zuliani,29370,Gabriel Leenders,5,t,14,,10-2,162,147/10,15.7,112,,,CompletedRace,3,1.25,3.75,00:04:16.9375000,256.9375,,,,,,,,,,,,,,,,,,,,,,
930035,Prix Cerealiste (Handicap Hurdle) (Turf),205,Auteuil (FR),10/01/2026 12:55:00,Hurdle,,,,5yo,None,2m2f,18,3619,3960,Very Soft,Turf,6032360,Webcam,100335,Gabin Meunier,16288,D Bressou,5,,1,,11-5,181,58/10,6.8,127,,,CompletedRace,4,5,8.75,00:04:18.1875000,258.1875,,,,,,,,,,,,,,,,,,,,,,
930035,Prix Cerealiste (Handicap Hurdle) (Turf),205,Auteuil (FR),10/01/2026 12:55:00,Hurdle,,,,5yo,None,2m2f,18,3619,3960,Very Soft,Turf,6916269,Lacryma Christi,94272,Theo Chevillard,14467,J Boisnard,5,t,9,,10-4,164,235/10,24.5,114,,,CompletedRace,5,1.75,10.5,00:04:18.6250000,258.625,,,,,,,,,,,,,,,,,,,,,,
930035,Prix Cerealiste (Handicap Hurdle) (Turf),205,Auteuil (FR),10/01/2026 12:55:00,Hurdle,,,,5yo,None,2m2f,18,3619,3960,Very Soft,Turf,5784914,Mr Diafoirus,84598,James Reveley,34035,Hugo Merienne,5,,4,,10-10,170,57/10,6.7,119,,,CompletedRace,6,2,12.5,00:04:19.1250000,259.125,,,,,,,,,,,,,,,,,,,,,,
930035,Prix Cerealiste (Handicap Hurdle) (Turf),205,Auteuil (FR),10/01/2026 12:55:00,Hurdle,,,,5yo,None,2m2f,18,3619,3960,Very Soft,Turf,7258552,Lucky Nonantais,83809,Thomas Beaurain,13565,Yannick Fouin,5,t,11,,10-4,164,46/1,47,114,,,CompletedRace,7,5,17.5,00:04:20.3750000,260.375,,,,,,,,,,,,,,,,,,,,,,
930035,Prix Cerealiste (Handicap Hurdle) (Turf),205,Auteuil (FR),10/01/2026 12:55:00,Hurdle,,,,5yo,None,2m2f,18,3619,3960,Very Soft,Turf,7578918,Exciting Hunt,99783,Leo-Paul Brechet,37534,Daniela Mele,5,t,7,,10-6,166,92/10,10.2,115,,,CompletedRace,8,3,20.5,00:04:21.1250000,261.125,,,,,,,,,,,,,,,,,,,,,,
930035,Prix Cerealiste (Handicap Hurdle) (Turf),205,Auteuil (FR),10/01/2026 12:55:00,Hurdle,,,,5yo,None,2m2f,18,3619,3960,Very Soft,Turf,8157559,Lilette,93667,Benjamin Gelhay,34216,Mathieu Pitart,5,tp,13,,10-2,162,69/10,7.9,112,,,CompletedRace,9,3,23.5,00:04:21.8750000,261.875,,,,,,,,,,,,,,,,,,,,,,
930035,Prix Cerealiste (Handicap Hurdle) (Turf),205,Auteuil (FR),10/01/2026 12:55:00,Hurdle,,,,5yo,None,2m2f,18,3619,3960,Very Soft,Turf,6473507,Kucharsky,95183,Alexandre Chesneau,13565,Yannick Fouin,5,tb,5,,10-8,168,46/1,47,117,,,CompletedRace,10,7,30.5,00:04:23.6250000,263.625,,,,,,,,,,,,,,,,,,,,,,
930035,Prix Cerealiste (Handicap Hurdle) (Turf),205,Auteuil (FR),10/01/2026 12:55:00,Hurdle,,,,5yo,None,2m2f,18,3619,3960,Very Soft,Turf,9924331,Latino La Noverie,89541,Geoffrey-Gilles Vibert,17484,A Le Clerc,5,ht,6,,10-7,167,38/1,39,116,,,CompletedRace,11,2.5,33,00:04:24.2500000,264.25,,,,,,,,,,,,,,,,,,,,,,
930035,Prix Cerealiste (Handicap Hurdle) (Turf),205,Auteuil (FR),10/01/2026 12:55:00,Hurdle,,,,5yo,None,2m2f,18,3619,3960,Very Soft,Turf,5758901,Titi De Paris,105436,Mme Oceane Belle,5772,Robert Collet,5,p,8,,10-4,164,65/1,66,114,,,CompletedRace,12,0.2,33.25,00:04:24.3125000,264.3125,,,,,,,,,,,,,,,,,,,,,,
930035,Prix Cerealiste (Handicap Hurdle) (Turf),205,Auteuil (FR),10/01/2026 12:55:00,Hurdle,,,,5yo,None,2m2f,18,3619,3960,Very Soft,Turf,6097169,Le Colombar,93860,Dylan Ubeda,22725,M Seror,5,p,12,,10-3,163,109/10,11.9,113,,,CompletedRace,13,4,37.25,00:04:25.3125000,265.3125,,,,,,,,,,,,,,,,,,,,,,
930035,Prix Cerealiste (Handicap Hurdle) (Turf),205,Auteuil (FR),10/01/2026 12:55:00,Hurdle,,,,5yo,None,2m2f,18,3619,3960,Very Soft,Turf,8866956,Specials One,99060,Lucas Zuliani,36623,Mme Aurelie Vigreux,5,t,2,,11-3,179,60/1,61,125,,,PulledUp,0,0,0,00:04:16,256,,,,,,,,,,,,,,,,,,,,,,
930035,Prix Cerealiste (Handicap Hurdle) (Turf),205,Auteuil (FR),10/01/2026 12:55:00,Hurdle,,,,5yo,None,2m2f,18,3619,3960,Very Soft,Turf,58953250,Kadover,100559,Thomas Journiac,14467,J Boisnard,5,ht,10,,10-4,164,64/1,65,114,,,PulledUp,0,0,0,00:04:16,256,,,,,,,,,,,,,,,,,,,,,,
930036,Prix Recruit II (Claiming Chase) (Turf),205,Auteuil (FR),10/01/2026 13:30:00,SteepleChase,,,,5yo+,None,2m2½f,18.5,3719,4070,Very Soft,Turf,2964185,Griffon D'Aubrelle,94427,Edgar Labaisse,24718,Augustin Adeline De Boisbrunet,10,t,7,,10-10,170,153/10,16.3,120,,,CompletedRace,1,0,0,00:04:40.7600000,280.76,,,,,,,,,,,,,,,,,,,,,,
930036,Prix Recruit II (Claiming Chase) (Turf),205,Auteuil (FR),10/01/2026 13:30:00,SteepleChase,,,,5yo+,None,2m2½f,18.5,3719,4070,Very Soft,Turf,3732961,Tcheque King,94272,Theo Chevillard,21827,Dalibor Torok,8,t,5,,11-0,176,21/10F,3.1,108,,,CompletedRace,2,0.2,0.2,00:04:40.8100000,280.81,,,,,,,,,,,,,,,,,,,,,,
930036,Prix Recruit II (Claiming Chase) (Turf),205,Auteuil (FR),10/01/2026 13:30:00,SteepleChase,,,,5yo+,None,2m2½f,18.5,3719,4070,Very Soft,Turf,3262837,Hurrick Des Obeaux,86932,Olivier Jouin,14297,N Devilder,9,,4,,11-0,176,31/10,4.1,110,,,CompletedRace,3,8,8.25,00:04:42.8225000,282.8225,,,,,,,,,,,,,,,,,,,,,,
930036,Prix Recruit II (Claiming Chase) (Turf),205,Auteuil (FR),10/01/2026 13:30:00,SteepleChase,,,,5yo+,None,2m2½f,18.5,3719,4070,Very Soft,Turf,4705143,Nelson Du Mathan,100559,Thomas Journiac,15241,P Journiac,7,tp,2,,11-3,179,61/10,7.1,112,,,CompletedRace,4,6,14.25,00:04:44.3225000,284.3225,,,,,,,,,,,,,,,,,,,,,,
930036,Prix Recruit II (Claiming Chase) (Turf),205,Auteuil (FR),10/01/2026 13:30:00,SteepleChase,,,,5yo+,None,2m2½f,18.5,3719,4070,Very Soft,Turf,7534478,Priam Du Mesnil,103507,Mr Jad Hondier,40244,Noel George & Amanda Zetterholm,5,,1,,11-0,176,13/5,3.6,120,,,CompletedRace,5,5,19.25,00:04:45.5725000,285.5725,,,,,,,,,,,,,,,,,,,,,,
930036,Prix Recruit II (Claiming Chase) (Turf),205,Auteuil (FR),10/01/2026 13:30:00,SteepleChase,,,,5yo+,None,2m2½f,18.5,3719,4070,Very Soft,Turf,4235353,Sirlight,89541,Geoffrey-Gilles Vibert,17484,A Le Clerc,8,t,8,,10-6,166,29/1,30,95,,,CompletedRace,6,3,22.25,00:04:46.3225000,286.3225,,,,,,,,,,,,,,,,,,,,,,
930036,Prix Recruit II (Claiming Chase) (Turf),205,Auteuil (FR),10/01/2026 13:30:00,SteepleChase,,,,5yo+,None,2m2½f,18.5,3719,4070,Very Soft,Turf,5991368,The Must,102746,Tom Servier,37939,Giada Menato,6,tb,3,,10-10,170,92/10,10.2,103,,,CompletedRace,7,7,29.25,00:04:48.0725000,288.0725,,,,,,,,,,,,,,,,,,,,,,
930037,Prix Vivienne (Chmpt Paris Turf des Apprentis & Jeunes Jockeys) (Claiming Hurdle) (Turf),205,Auteuil (FR),10/01/2026 14:05:00,Hurdle,,,,5yo+,None,2m2f,18,3619,3960,Very Soft,Turf,5443573,Les Flots Bleus,102716,Oceane Launay,33743,Mme P Butel & J-L Beaunez,5,tp,10,,9-13,157,71/10,8.1,91,,,CompletedRace,1,0,0,00:04:24.8000000,264.8,,,,,,,,,,,,,,,,,,,,,,
930037,Prix Vivienne (Chmpt Paris Turf des Apprentis & Jeunes Jockeys) (Claiming Hurdle) (Turf),205,Auteuil (FR),10/01/2026 14:05:00,Hurdle,,,,5yo+,None,2m2f,18,3619,3960,Very Soft,Turf,5242298,Never Risk,102601,Maelys Herve,34035,Hugo Merienne,7,p,1,,11-5,181,19/5,4.8,121,,,CompletedRace,2,12,12,00:04:27.8000000,267.8,,,,,,,,,,,,,,,,,,,,,,
930037,Prix Vivienne (Chmpt Paris Turf des Apprentis & Jeunes Jockeys) (Claiming Hurdle) (Turf),205,Auteuil (FR),10/01/2026 14:05:00,Hurdle,,,,5yo+,None,2m2f,18,3619,3960,Very Soft,Turf,4249823,Western Stars,104170,Giany Pinard,22725,M Seror,7,t,6,,10-12,172,178/10,18.8,99,,,CompletedRace,3,4,16,00:04:28.8000000,268.8,,,,,,,,,,,,,,,,,,,,,,
930037,Prix Vivienne (Chmpt Paris Turf des Apprentis & Jeunes Jockeys) (Claiming Hurdle) (Turf),205,Auteuil (FR),10/01/2026 14:05:00,Hurdle,,,,5yo+,None,2m2f,18,3619,3960,Very Soft,Turf,9924333,Ketamine De Balme,100276,Elouan Meunier,43504,Benjamin Ney,6,t,9,,10-6,166,201/10,21.1,,,,CompletedRace,4,18,34,00:04:33.3000000,273.3,,,,,,,,,,,,,,,,,,,,,,
930037,Prix Vivienne (Chmpt Paris Turf des Apprentis & Jeunes Jockeys) (Claiming Hurdle) (Turf),205,Auteuil (FR),10/01/2026 14:05:00,Hurdle,,,,5yo+,None,2m2f,18,3619,3960,Very Soft,Turf,5856731,Another World,102746,Tom Servier,37939,Giada Menato,6,t,5,,11-0,176,73/10,8.3,113,,,CompletedRace,5,0.75,34.75,00:04:33.4875000,273.4875,,,,,,,,,,,,,,,,,,,,,,
930037,Prix Vivienne (Chmpt Paris Turf des Apprentis & Jeunes Jockeys) (Claiming Hurdle) (Turf),205,Auteuil (FR),10/01/2026 14:05:00,Hurdle,,,,5yo+,None,2m2f,18,3619,3960,Very Soft,Turf,3261345,Haut Les Coeurs,102617,Arthur Duvacher,32053,N De Lageneste,9,t,2,,11-7,183,11/5F,3.2,125,,,CompletedRace,6,10,44.75,00:04:35.9875000,275.9875,,,,,,,,,,,,,,,,,,,,,,
930037,Prix Vivienne (Chmpt Paris Turf des Apprentis & Jeunes Jockeys) (Claiming Hurdle) (Turf),205,Auteuil (FR),10/01/2026 14:05:00,Hurdle,,,,5yo+,None,2m2f,18,3619,3960,Very Soft,Turf,4767871,By Exeter,100479,Tyson Ventadour,37939,Giada Menato,6,,4,,11-0,176,42/10,5.2,107,,,CompletedRace,7,3.5,48.25,00:04:36.8625000,276.8625,,,,,,,,,,,,,,,,,,,,,,
930037,Prix Vivienne (Chmpt Paris Turf des Apprentis & Jeunes Jockeys) (Claiming Hurdle) (Turf),205,Auteuil (FR),10/01/2026 14:05:00,Hurdle,,,,5yo+,None,2m2f,18,3619,3960,Very Soft,Turf,2292630,Saint Sonnet,100277,Louis Colson,24718,Augustin Adeline De Boisbrunet,11,tp,7,,10-10,170,28/1,29,105,,,PulledUp,0,0,0,00:04:24.8000000,264.8,,,,,,,,,,,,,,,,,,,,,,
930037,Prix Vivienne (Chmpt Paris Turf des Apprentis & Jeunes Jockeys) (Claiming Hurdle) (Turf),205,Auteuil (FR),10/01/2026 14:05:00,Hurdle,,,,5yo+,None,2m2f,18,3619,3960,Very Soft,Turf,4990309,Coeur En Or,102713,Yvan Delepine,32108,Mme G Gadbled,6,t,8,,10-8,168,66/1,67,100,,,PulledUp,0,0,0,00:04:24.8000000,264.8,,,,,,,,,,,,,,,,,,,,,,
930037,Prix Vivienne (Chmpt Paris Turf des Apprentis & Jeunes Jockeys) (Claiming Hurdle) (Turf),205,Auteuil (FR),10/01/2026 14:05:00,Hurdle,,,,5yo+,None,2m2f,18,3619,3960,Very Soft,Turf,6820497,Captain Flag,102281,Axel Lepage,39505,Regis Schmidlin,5,t,3,,11-3,179,152/10,16.2,110,,,PulledUp,0,0,0,00:04:24.8000000,264.8,,,,,,,,,,,,,,,,,,,,,,
930038,Prix Fezensac (Conditions Chase) (Turf),205,Auteuil (FR),10/01/2026 14:40:00,SteepleChase,,,,4yo,None,2m1½f,17.5,3518,3850,Very Soft,Turf,8584275,Marinello,95432,Tristan Lemagnen,31467,Francois Nicolle,4,tp,7,,10-8,168,69/1,70,114,,,CompletedRace,1,0,0,00:04:34.3300000,274.33,,,,,,,,,,,,,,,,,,,,,,
930038,Prix Fezensac (Conditions Chase) (Turf),205,Auteuil (FR),10/01/2026 14:40:00,SteepleChase,,,,4yo,None,2m1½f,17.5,3518,3850,Very Soft,Turf,9924334,Macalo De Grez,85822,Gaetan Masure,42160,A Chaille-Chaille & F Pamart,4,ht,1,,10-12,172,29/10,3.9,,,,CompletedRace,2,4,4,00:04:35.3300000,275.33,,,,,,,,,,,,,,,,,,,,,,
930038,Prix Fezensac (Conditions Chase) (Turf),205,Auteuil (FR),10/01/2026 14:40:00,SteepleChase,,,,4yo,None,2m1½f,17.5,3518,3850,Very Soft,Turf,9083736,Made In'k,99783,Leo-Paul Brechet,37534,Daniela Mele,4,t,10,,10-8,168,49/1,50,110,,,CompletedRace,3,6.5,10.5,00:04:36.9550000,276.955,,,,,,,,,,,,,,,,,,,,,,
930038,Prix Fezensac (Conditions Chase) (Turf),205,Auteuil (FR),10/01/2026 14:40:00,SteepleChase,,,,4yo,None,2m1½f,17.5,3518,3850,Very Soft,Turf,7365350,Motu Kota,89298,Kevin Nabet,13565,Yannick Fouin,4,p,5,,10-10,170,269/10,27.9,113,,,CompletedRace,4,0.5,11,00:04:37.0800000,277.08,,,,,,,,,,,,,,,,,,,,,,
930038,Prix Fezensac (Conditions Chase) (Turf),205,Auteuil (FR),10/01/2026 14:40:00,SteepleChase,,,,4yo,None,2m1½f,17.5,3518,3850,Very Soft,Turf,8917922,Mango Cay,100335,Gabin Meunier,34035,Hugo Merienne,4,,9,,10-8,168,6/1,7,118,,,CompletedRace,5,0.2,11.25,00:04:37.1425000,277.1425,,,,,,,,,,,,,,,,,,,,,,
930038,Prix Fezensac (Conditions Chase) (Turf),205,Auteuil (FR),10/01/2026 14:40:00,SteepleChase,,,,4yo,None,2m1½f,17.5,3518,3850,Very Soft,Turf,8991571,Matador Des Obeaux,86932,Olivier Jouin,14297,N Devilder,4,,3,,10-10,170,77/1,78,110,,,CompletedRace,6,0.2,11.25,00:04:37.1425000,277.1425,,,,,,,,,,,,,,,,,,,,,,
930038,Prix Fezensac (Conditions Chase) (Turf),205,Auteuil (FR),10/01/2026 14:40:00,SteepleChase,,,,4yo,None,2m1½f,17.5,3518,3850,Very Soft,Turf,8133010,Master Blaster,100559,Thomas Journiac,21732,Mme A-S Pacault,4,t,2,,10-10,170,56/1,57,115,,,CompletedRace,7,16,27.25,00:04:41.1425000,281.1425,,,,,,,,,,,,,,,,,,,,,,
930038,Prix Fezensac (Conditions Chase) (Turf),205,Auteuil (FR),10/01/2026 14:40:00,SteepleChase,,,,4yo,None,2m1½f,17.5,3518,3850,Very Soft,Turf,9924338,Mistral Moriviere,83809,Thomas Beaurain,13670,F Foucher,4,,4,,10-10,170,163/10,17.3,,,,CompletedRace,8,3,30.25,00:04:41.8925000,281.8925,,,,,,,,,,,,,,,,,,,,,,
930038,Prix Fezensac (Conditions Chase) (Turf),205,Auteuil (FR),10/01/2026 14:40:00,SteepleChase,,,,4yo,None,2m1½f,17.5,3518,3850,Very Soft,Turf,9073522,Maestro Du Large,99060,Lucas Zuliani,20306,D Sourdeau De Beauregard,4,ht,11,,10-8,168,129/10,13.9,,,,CompletedRace,9,20,50.25,00:04:46.8925000,286.8925,,,,,,,,,,,,,,,,,,,,,,
930038,Prix Fezensac (Conditions Chase) (Turf),205,Auteuil (FR),10/01/2026 14:40:00,SteepleChase,,,,4yo,None,2m1½f,17.5,3518,3850,Very Soft,Turf,8362147,Magicien d'Or,79273,Johnny Charron,37939,Giada Menato,4,ht,6,,10-8,168,205/10,21.5,,,,Fell,0,0,0,00:04:34.3300000,274.33,,,,,,,,,,,,,,,,,,,,,,
930038,Prix Fezensac (Conditions Chase) (Turf),205,Auteuil (FR),10/01/2026 14:40:00,SteepleChase,,,,4yo,None,2m1½f,17.5,3518,3850,Very Soft,Turf,9832967,Memerhon,84598,James Reveley,29370,Gabriel Leenders,4,t,8,,10-8,168,7/1,8,120,,,PulledUp,0,0,0,00:04:34.3300000,274.33,,,,,,,,,,,,,,,,,,,,,,
930038,Prix Fezensac (Conditions Chase) (Turf),205,Auteuil (FR),10/01/2026 14:40:00,SteepleChase,,,,4yo,None,2m1½f,17.5,3518,3850,Very Soft,Turf,8263581,Millares,95553,Angelo Zuliani,34860,E D'Andigne,4,t,12,,10-6,166,9/5F,2.8,,,,UnseatedRider,0,0,0,00:04:34.3300000,274.33,,,,,,,,,,,,,,,,,,,,,,
930038,Prix Fezensac (Conditions Chase) (Turf),205,Auteuil (FR),10/01/2026 14:40:00,SteepleChase,,,,4yo,None,2m1½f,17.5,3518,3850,Very Soft,Turf,9924336,Mary Poppins,93667,Benjamin Gelhay,34216,Mathieu Pitart,4,t,13,,10-3,163,43/1,44,,,,UnseatedRider,0,0,0,00:04:34.3300000,274.33,,,,,,,,,,,,,,,,,,,,,,
930039,Prix Pride Of Kildare (Newcomers Hurdle) (Turf),205,Auteuil (FR),10/01/2026 15:15:00,Hurdle,,,,3yo,None,2m2f,18,3619,3960,Very Soft,Turf,9924347,Oehlen,83809,Thomas Beaurain,31467,Francois Nicolle,3,t,1,,10-10,170,193/10,20.3,,,,CompletedRace,1,0,0,00:04:25.7600000,265.76,,,,,,,,,,,,,,,,,,,,,,
930039,Prix Pride Of Kildare (Newcomers Hurdle) (Turf),205,Auteuil (FR),10/01/2026 15:15:00,Hurdle,,,,3yo,None,2m2f,18,3619,3960,Very Soft,Turf,8022550,News Des Brieres,93667,Benjamin Gelhay,34216,Mathieu Pitart,3,t,13,,10-6,166,184/10,19.4,,,,CompletedRace,2,0.2,0.2,00:04:25.8100000,265.81,,,,,,,,,,,,,,,,,,,,,,
930039,Prix Pride Of Kildare (Newcomers Hurdle) (Turf),205,Auteuil (FR),10/01/2026 15:15:00,Hurdle,,,,3yo,None,2m2f,18,3619,3960,Very Soft,Turf,9924340,Neverland Du Clos,89242,Ludovic Philipperon,22725,M Seror,3,h,3,,10-10,170,109/10,11.9,,,,CompletedRace,3,3.5,3.75,00:04:26.6975000,266.6975,,,,,,,,,,,,,,,,,,,,,,
930039,Prix Pride Of Kildare (Newcomers Hurdle) (Turf),205,Auteuil (FR),10/01/2026 15:15:00,Hurdle,,,,3yo,None,2m2f,18,3619,3960,Very Soft,Turf,9924345,Raffles Tempo,89298,Kevin Nabet,22725,M Seror,3,h,11,,10-6,166,191/10,20.1,,,,CompletedRace,4,0.75,4.5,00:04:26.8850000,266.885,,,,,,,,,,,,,,,,,,,,,,
930039,Prix Pride Of Kildare (Newcomers Hurdle) (Turf),205,Auteuil (FR),10/01/2026 15:15:00,Hurdle,,,,3yo,None,2m2f,18,3619,3960,Very Soft,Turf,9924346,Wulf D'Auteuil,84598,James Reveley,40244,Noel George & Amanda Zetterholm,3,,6,,10-10,170,5/1,6,,,,CompletedRace,5,0.75,5.25,00:04:27.0725000,267.0725,,,,,,,,,,,,,,,,,,,,,,
930039,Prix Pride Of Kildare (Newcomers Hurdle) (Turf),205,Auteuil (FR),10/01/2026 15:15:00,Hurdle,,,,3yo,None,2m2f,18,3619,3960,Very Soft,Turf,9924344,Keep It Simple,85822,Gaetan Masure,42160,A Chaille-Chaille & F Pamart,3,t,9,,10-10,170,6/4F,2.5,,,,CompletedRace,6,1.5,6.75,00:04:27.4475000,267.4475,,,,,,,,,,,,,,,,,,,,,,
930039,Prix Pride Of Kildare (Newcomers Hurdle) (Turf),205,Auteuil (FR),10/01/2026 15:15:00,Hurdle,,,,3yo,None,2m2f,18,3619,3960,Very Soft,Turf,9924348,Santo Dei Santi,99783,Leo-Paul Brechet,37534,Daniela Mele,3,,7,,10-10,170,118/10,12.8,,,,CompletedRace,7,2.5,9.25,00:04:28.0725000,268.0725,,,,,,,,,,,,,,,,,,,,,,
930039,Prix Pride Of Kildare (Newcomers Hurdle) (Turf),205,Auteuil (FR),10/01/2026 15:15:00,Hurdle,,,,3yo,None,2m2f,18,3619,3960,Very Soft,Turf,9924349,Walk Prince,99060,Lucas Zuliani,37534,Daniela Mele,3,ht,8,,10-10,170,172/10,18.2,,,,CompletedRace,8,0.75,10,00:04:28.2600000,268.26,,,,,,,,,,,,,,,,,,,,,,
930039,Prix Pride Of Kildare (Newcomers Hurdle) (Turf),205,Auteuil (FR),10/01/2026 15:15:00,Hurdle,,,,3yo,None,2m2f,18,3619,3960,Very Soft,Turf,9924341,Apolloka,94272,Theo Chevillard,36682,Erwan Grall,3,t,5,,10-10,170,30/1,31,,,,CompletedRace,9,3,13,00:04:29.0100000,269.01,,,,,,,,,,,,,,,,,,,,,,
930039,Prix Pride Of Kildare (Newcomers Hurdle) (Turf),205,Auteuil (FR),10/01/2026 15:15:00,Hurdle,,,,3yo,None,2m2f,18,3619,3960,Very Soft,Turf,8022543,Noira,89298,Kevin Nabet,40501,Jeremy Da Silva,3,t,10,,10-10,170,50/1,51,,,,CompletedRace,10,15,28,00:04:32.7600000,272.76,,,,,,,,,,,,,,,,,,,,,,
930039,Prix Pride Of Kildare (Newcomers Hurdle) (Turf),205,Auteuil (FR),10/01/2026 15:15:00,Hurdle,,,,3yo,None,2m2f,18,3619,3960,Very Soft,Turf,9924339,The Last Cityscape,83293,Felix De Giles,40244,Noel George & Amanda Zetterholm,3,,12,,10-10,170,103/10,11.3,,,,CompletedRace,11,100,127,00:04:57.5100000,297.51,,,,,,,,,,,,,,,,,,,,,,
930039,Prix Pride Of Kildare (Newcomers Hurdle) (Turf),205,Auteuil (FR),10/01/2026 15:15:00,Hurdle,,,,3yo,None,2m2f,18,3619,3960,Very Soft,Turf,9924342,Niavaran,90927,Anthony Renard,25555,J Delaunay,3,t,4,,10-10,170,41/1,42,,,,PulledUp,0,0,0,00:04:25.7600000,265.76,,,,,,,,,,,,,,,,,,,,,,
930039,Prix Pride Of Kildare (Newcomers Hurdle) (Turf),205,Auteuil (FR),10/01/2026 15:15:00,Hurdle,,,,3yo,None,2m2f,18,3619,3960,Very Soft,Turf,9924343,Brigand Du Berlais,83809,Thomas Beaurain,5772,Robert Collet,3,,2,,10-10,170,127/10,13.7,,,,PulledUp,0,0,0,00:04:25.7600000,265.76,,,,,,,,,,,,,,,,,,,,,,
930040,Prix Marittimo (Conditions Hurdle) (Turf),205,Auteuil (FR),10/01/2026 15:50:00,Hurdle,,,,4yo+,None,2m2f,18,3619,3960,Very Soft,Turf,6675534,Instant Fragile,100335,Gabin Meunier,16288,D Bressou,4,,10,,10-3,163,23/10F,3.3,,,,CompletedRace,1,0,0,00:04:20.8100000,260.81,,,,,,,,,,,,,,,,,,,,,,
930040,Prix Marittimo (Conditions Hurdle) (Turf),205,Auteuil (FR),10/01/2026 15:50:00,Hurdle,,,,4yo+,None,2m2f,18,3619,3960,Very Soft,Turf,9924350,Here Be Dragons,99060,Lucas Zuliani,20306,D Sourdeau De Beauregard,4,t,8,,10-3,163,66/10,7.6,,,,CompletedRace,2,5,5,00:04:22.0600000,262.06,,,,,,,,,,,,,,,,,,,,,,
930040,Prix Marittimo (Conditions Hurdle) (Turf),205,Auteuil (FR),10/01/2026 15:50:00,Hurdle,,,,4yo+,None,2m2f,18,3619,3960,Very Soft,Turf,6710693,Do It Again,84598,James Reveley,40244,Noel George & Amanda Zetterholm,5,t,1,,11-0,176,14/5,3.8,,,,CompletedRace,3,1.5,6.5,00:04:22.4350000,262.435,,,,,,,,,,,,,,,,,,,,,,
930040,Prix Marittimo (Conditions Hurdle) (Turf),205,Auteuil (FR),10/01/2026 15:50:00,Hurdle,,,,4yo+,None,2m2f,18,3619,3960,Very Soft,Turf,5405132,Martin,92725,Raphael Mayeur,24034,S Gouyette,5,t,5,,10-8,168,69/1,70,,,,CompletedRace,4,5.5,12,00:04:23.8100000,263.81,,,,,,,,,,,,,,,,,,,,,,
930040,Prix Marittimo (Conditions Hurdle) (Turf),205,Auteuil (FR),10/01/2026 15:50:00,Hurdle,,,,4yo+,None,2m2f,18,3619,3960,Very Soft,Turf,9924352,Karysmatika,89298,Kevin Nabet,39662,Mme E Allaire,6,ht,4,,10-8,168,104/10,11.4,,,,CompletedRace,5,3,15,00:04:24.5600000,264.56,,,,,,,,,,,,,,,,,,,,,,
930040,Prix Marittimo (Conditions Hurdle) (Turf),205,Auteuil (FR),10/01/2026 15:50:00,Hurdle,,,,4yo+,None,2m2f,18,3619,3960,Very Soft,Turf,7499467,Flying Trix,83809,Thomas Beaurain,29175,Louisa Carberry,5,t,2,,10-12,172,172/10,18.2,,,,CompletedRace,6,6,21,00:04:26.0600000,266.06,,,,,,,,,,,,,,,,,,,,,,
930040,Prix Marittimo (Conditions Hurdle) (Turf),205,Auteuil (FR),10/01/2026 15:50:00,Hurdle,,,,4yo+,None,2m2f,18,3619,3960,Very Soft,Turf,9263804,Khaladam,96574,Florent Bayle,42160,A Chaille-Chaille & F Pamart,4,t,9,,10-3,163,151/10,16.1,,,,CompletedRace,7,20,41,00:04:31.0600000,271.06,,,,,,,,,,,,,,,,,,,,,,
930040,Prix Marittimo (Conditions Hurdle) (Turf),205,Auteuil (FR),10/01/2026 15:50:00,Hurdle,,,,4yo+,None,2m2f,18,3619,3960,Very Soft,Turf,7609875,Talgat,104004,Joel Phelippe,22725,M Seror,4,,6,,9-11,155,19/5,4.8,,,,Fell,0,0,0,00:04:20.8100000,260.81,,,,,,,,,,,,,,,,,,,,,,
930040,Prix Marittimo (Conditions Hurdle) (Turf),205,Auteuil (FR),10/01/2026 15:50:00,Hurdle,,,,4yo+,None,2m2f,18,3619,3960,Very Soft,Turf,6582544,Hunter's Luck,104304,Adrien Blais,42376,Matthieu Nadot,4,ht,7,,9-13,157,61/1,62,,,,PulledUp,0,0,0,00:04:20.8100000,260.81,,,,,,,,,,,,,,,,,,,,,,
930040,Prix Marittimo (Conditions Hurdle) (Turf),205,Auteuil (FR),10/01/2026 15:50:00,Hurdle,,,,4yo+,None,2m2f,18,3619,3960,Very Soft,Turf,9924351,Lion Blue,100559,Thomas Journiac,36682,Erwan Grall,5,t,3,,10-6,166,29/1,30,,,,PulledUp,0,0,0,00:04:20.8100000,260.81,,,,,,,,,,,,,,,,,,,,,,
930042,Prix Julien Decrion (Handicap Chase) (Turf),205,Auteuil (FR),10/01/2026 16:25:00,SteepleChase,,,,4yo,None,2m1½f,17.5,3518,3850,Very Soft,Turf,8339969,Toastmaster,89242,Ludovic Philipperon,22725,M Seror,4,ht,3,,10-10,170,2/1F,3,117,,,CompletedRace,1,0,0,00:04:29.1000000,269.1,,,,,,,,,,,,,,,,,,,,,,
930042,Prix Julien Decrion (Handicap Chase) (Turf),205,Auteuil (FR),10/01/2026 16:25:00,SteepleChase,,,,4yo,None,2m1½f,17.5,3518,3850,Very Soft,Turf,8895169,Populas,90927,Anthony Renard,37534,Daniela Mele,4,ht,1,,11-0,176,26/5,6.2,121,,,CompletedRace,2,10,10,00:04:31.6000000,271.6,,,,,,,,,,,,,,,,,,,,,,
930042,Prix Julien Decrion (Handicap Chase) (Turf),205,Auteuil (FR),10/01/2026 16:25:00,SteepleChase,,,,4yo,None,2m1½f,17.5,3518,3850,Very Soft,Turf,7222350,Bel Enjeu,86321,Bertrand Lestrade,31467,Francois Nicolle,4,t,2,,10-11,171,56/10,6.6,118,,,CompletedRace,3,1,11,00:04:31.8500000,271.85,,,,,,,,,,,,,,,,,,,,,,
930042,Prix Julien Decrion (Handicap Chase) (Turf),205,Auteuil (FR),10/01/2026 16:25:00,SteepleChase,,,,4yo,None,2m1½f,17.5,3518,3850,Very Soft,Turf,7276550,Le Violoniste,94272,Theo Chevillard,14467,J Boisnard,4,t,9,,10-6,166,119/10,12.9,113,,,CompletedRace,4,0.75,11.75,00:04:32.0375000,272.0375,,,,,,,,,,,,,,,,,,,,,,
930042,Prix Julien Decrion (Handicap Chase) (Turf),205,Auteuil (FR),10/01/2026 16:25:00,SteepleChase,,,,4yo,None,2m1½f,17.5,3518,3850,Very Soft,Turf,7622686,Petrus De Houelle,96574,Florent Bayle,42160,A Chaille-Chaille & F Pamart,4,t,4,,10-9,169,101/10,11.1,116,,,CompletedRace,5,3,14.75,00:04:32.7875000,272.7875,,,,,,,,,,,,,,,,,,,,,,
930042,Prix Julien Decrion (Handicap Chase) (Turf),205,Auteuil (FR),10/01/2026 16:25:00,SteepleChase,,,,4yo,None,2m1½f,17.5,3518,3850,Very Soft,Turf,8313637,Maverick Sivola,100559,Thomas Journiac,39613,P & C Peltier,4,tp,8,,10-7,167,19/1,20,114,,,CompletedRace,6,4.5,19.25,00:04:33.9125000,273.9125,,,,,,,,,,,,,,,,,,,,,,
930042,Prix Julien Decrion (Handicap Chase) (Turf),205,Auteuil (FR),10/01/2026 16:25:00,SteepleChase,,,,4yo,None,2m1½f,17.5,3518,3850,Very Soft,Turf,8133034,Lady Dahlia,104004,Joel Phelippe,22725,M Seror,4,h,10,,10-2,162,202/10,21.2,110,,,CompletedRace,7,100,118.25,00:04:58.6625000,298.6625,,,,,,,,,,,,,,,,,,,,,,
930042,Prix Julien Decrion (Handicap Chase) (Turf),205,Auteuil (FR),10/01/2026 16:25:00,SteepleChase,,,,4yo,None,2m1½f,17.5,3518,3850,Very Soft,Turf,9073519,Princesukka,99060,Lucas Zuliani,37534,Daniela Mele,4,tp,5,,10-9,169,97/10,10.7,116,,,Fell,0,0,0,00:04:29.1000000,269.1,,,,,,,,,,,,,,,,,,,,,,
930042,Prix Julien Decrion (Handicap Chase) (Turf),205,Auteuil (FR),10/01/2026 16:25:00,SteepleChase,,,,4yo,None,2m1½f,17.5,3518,3850,Very Soft,Turf,9166791,Meknes,84598,James Reveley,29370,Gabriel Leenders,4,tb,6,,10-9,169,114/10,12.4,116,,,PulledUp,0,0,0,00:04:29.1000000,269.1,,,,,,,,,,,,,,,,,,,,,,
930042,Prix Julien Decrion (Handicap Chase) (Turf),205,Auteuil (FR),10/01/2026 16:25:00,SteepleChase,,,,4yo,None,2m1½f,17.5,3518,3850,Very Soft,Turf,7152245,Master Falcon,97293,Gauvain Faivre-Picon,33743,Mme P Butel & J-L Beaunez,4,t,11,,10-1,161,35/1,36,109,,,UnseatedRider,0,0,0,00:04:29.1000000,269.1,,,,,,,,,,,,,,,,,,,,,,
930042,Prix Julien Decrion (Handicap Chase) (Turf),205,Auteuil (FR),10/01/2026 16:25:00,SteepleChase,,,,4yo,None,2m1½f,17.5,3518,3850,Very Soft,Turf,9105941,Paquisto,83809,Thomas Beaurain,25555,J Delaunay,4,ht,7,,10-8,168,148/10,15.8,115,,,UnseatedRider,0,0,0,00:04:29.1000000,269.1,,,,,,,,,,,,,,,,,,,,,,
929855,Gallant Bloom Stakes (Grade 2) (Fillies & Mares) (Dirt),258,Belmont Park (USA),10/01/2026 20:14:00,Other,,(Grade 2),,3yo+,Fillies,6½f,6.5,1307,1430,Fast,Dirt,7258553,R Disaster,92018,Jose L Ortiz,25931,Saffie A Joseph Jr,5,,5,5,9-0,144,51/100F,1.51,,,,CompletedRace,1,0,0,00:01:16.1700000,76.17,,,,,,,,,,,,,,,,,,,,,,
929855,Gallant Bloom Stakes (Grade 2) (Fillies & Mares) (Dirt),258,Belmont Park (USA),10/01/2026 20:14:00,Other,,(Grade 2),,3yo+,Fillies,6½f,6.5,1307,1430,Fast,Dirt,6541686,Senza Parole,88273,Flavien Prat,20681,Chad C Brown,4,,1,1,8-12,140,22/6,4.666666666666666,,,,CompletedRace,2,1.25,1.25,00:01:16.4200000,76.42,,,,,,,,,,,,,,,,,,,,,,
929855,Gallant Bloom Stakes (Grade 2) (Fillies & Mares) (Dirt),258,Belmont Park (USA),10/01/2026 20:14:00,Other,,(Grade 2),,3yo+,Fillies,6½f,6.5,1307,1430,Fast,Dirt,6850472,Beauty Reigns,86688,Junior Alvarado,1471,William Mott,4,,2,2,8-12,140,5/1,6,,,,CompletedRace,3,4.25,5.5,00:01:17.2700000,77.27,,,,,,,,,,,,,,,,,,,,,,
929855,Gallant Bloom Stakes (Grade 2) (Fillies & Mares) (Dirt),258,Belmont Park (USA),10/01/2026 20:14:00,Other,,(Grade 2),,3yo+,Fillies,6½f,6.5,1307,1430,Fast,Dirt,9645528,Munnings Express,92679,Manuel Franco,8972,Linda Rice,4,,3,3,8-12,140,8/1,9,,,,CompletedRace,4,3.25,8.75,00:01:17.9200000,77.92,,,,,,,,,,,,,,,,,,,,,,
929855,Gallant Bloom Stakes (Grade 2) (Fillies & Mares) (Dirt),258,Belmont Park (USA),10/01/2026 20:14:00,Other,,(Grade 2),,3yo+,Fillies,6½f,6.5,1307,1430,Fast,Dirt,6790254,Queen Jubilee,92353,Edgard J Zayas,39043,D Whitworth Beckman,4,b,4,4,8-12,140,236/10,24.6,,,,CompletedRace,5,5,13.75,00:01:18.9200000,78.92,,,,,,,,,,,,,,,,,,,,,,
929856,Winter Memories Stakes (Grade 3) (Fillies) (Turf),258,Belmont Park (USA),10/01/2026 20:46:00,Other,,(Grade 3),,3yo,Fillies,1m,8,1608,1760,Firm,Turf,8716045,Shelzawa,88273,Flavien Prat,20681,Chad C Brown,3,,7,6,8-8,136,12/5F,3.4,,,,CompletedRace,1,0,0,00:01:34.8600000,94.86,15/2,8.5,33,22311,"£88,890",88890,,113,,269859,"Madaket Stables LLC, Michael Dubb Et Al",Zelzal,FR,Shendama,False,False,,,,False,1,FR
929856,Winter Memories Stakes (Grade 3) (Fillies) (Turf),258,Belmont Park (USA),10/01/2026 20:46:00,Other,,(Grade 3),,3yo,Fillies,1m,8,1608,1760,Firm,Turf,8277380,Sister Troienne,86688,Junior Alvarado,18403,Brian A Lynch,3,,8,7,8-10,138,242/100,3.42,,,,CompletedRace,2,0.75,0.75,00:01:35.0100000,95.01,4/1,5,180,1-1125,"£88,890",88890,,116,,196994,Woodslane Farm,Munnings,USA,Dyna Passer,False,False,,,,True,,USA
929856,Winter Memories Stakes (Grade 3) (Fillies) (Turf),258,Belmont Park (USA),10/01/2026 20:46:00,Other,,(Grade 3),,3yo,Fillies,1m,8,1608,1760,Firm,Turf,9581412,Crossover Capital,92679,Manuel Franco,20681,Chad C Brown,3,,3,3,8-8,136,114/10,12.4,,,,CompletedRace,3,1,1.75,00:01:35.2100000,95.21,7/1,8,68,11,"£88,890",88890,,114,,157174,Klaravich Stables Inc,Zarak,FR,Grace And Danger,False,False,,,,True,,FR
929856,Winter Memories Stakes (Grade 3) (Fillies) (Turf),258,Belmont Park (USA),10/01/2026 20:46:00,Other,,(Grade 3),,3yo,Fillies,1m,8,1608,1760,Firm,Turf,7525329,Flowerhead,91123,Antonio Fresu,41928,Charlie Clover,3,,2,2,8-8,136,28/1,29,,,,CompletedRace,4,0.5,2.25,00:01:35.3100000,95.31,20/1,21,33,854338,"£88,890",88890,,114,,305399,AMO Racing USA,Starman,GB,Tuileries Garden,False,False,,83,,True,,IRE
929856,Winter Memories Stakes (Grade 3) (Fillies) (Turf),258,Belmont Park (USA),10/01/2026 20:46:00,Other,,(Grade 3),,3yo,Fillies,1m,8,1608,1760,Firm,Turf,7739775,Queen Of Hawaii,90708,Ricardo Santana Jr,38632,Philip Antonacci,3,,11,10,8-12,140,32/5,7.4,,,,CompletedRace,5,0.5,2.75,00:01:35.4100000,95.41,15/2,8.5,33,117-15,"£88,890",88890,,117,,254801,Lindy Farms,Kingman,GB,Hibiscus,False,False,,,,True,,IRE
929856,Winter Memories Stakes (Grade 3) (Fillies) (Turf),258,Belmont Park (USA),10/01/2026 20:46:00,Other,,(Grade 3),,3yo,Fillies,1m,8,1608,1760,Firm,Turf,8309191,Ultimate Love,86588,Javier Castellano,15532,Michael Trombetta,3,,10,9,8-8,136,35/4,9.75,,,,CompletedRace,6,0.5,3.25,00:01:35.5100000,95.51,7/1,8,33,5-2952,"£88,890",88890,,124,,38933,Live Oak Plantation,Curlin,USA,Tsunami Of Love,False,False,,,,True,,USA
929856,Winter Memories Stakes (Grade 3) (Fillies) (Turf),258,Belmont Park (USA),10/01/2026 20:46:00,Other,,(Grade 3),,3yo,Fillies,1m,8,1608,1760,Firm,Turf,8697824,Lovely Grey,92812,Dylan Davis,35099,Kelsey Danner,3,,6,5,8-8,136,111/10,12.1,,,,CompletedRace,7,0.05,3.25,00:01:35.5100000,95.51,11/1,12,90,-3220F,"£88,890",88890,,121,,362754,Go Go Greys Stable,Vekoma,USA,Knightwithputnam,False,False,,,,False,,USA
929856,Winter Memories Stakes (Grade 3) (Fillies) (Turf),258,Belmont Park (USA),10/01/2026 20:46:00,Other,,(Grade 3),,3yo,Fillies,1m,8,1608,1760,Firm,Turf,8788771,Kokomotion,92353,Edgard J Zayas,39043,D Whitworth Beckman,3,,9,8,8-8,136,224/10,23.4,,,,CompletedRace,8,3,6.25,00:01:36.1100000,96.11,13/1,14,33,1386,"£88,890",88890,,119,,362296,Icon Racing Stable,Quality Road,USA,Zee Drop,False,False,,,,False,,USA
929856,Winter Memories Stakes (Grade 3) (Fillies) (Turf),258,Belmont Park (USA),10/01/2026 20:46:00,Other,,(Grade 3),,3yo,Fillies,1m,8,1608,1760,Firm,Turf,8615793,Alone Time,85540,Kendrick Carmouche,34962,Cherie DeVaux,3,,1,1,8-8,136,49/1,50,,,,CompletedRace,9,2.25,8.5,00:01:36.5600000,96.56,16/1,17,32,-18063,"£88,890",88890,,100,,205519,John D Gunther & Eurowest Bloodstock Services,Justify,USA,Weekday,False,False,,,,True,,USA
929856,Winter Memories Stakes (Grade 3) (Fillies) (Turf),258,Belmont Park (USA),10/01/2026 20:46:00,Other,,(Grade 3),,3yo,Fillies,1m,8,1608,1760,Firm,Turf,9650591,Hand Over Heart,92018,Jose L Ortiz,20681,Chad C Brown,3,,4,4,8-8,136,84/10,9.4,,,,CompletedRace,10,1.25,9.75,00:01:36.8100000,96.81,7/1,8,54,131,"£88,890",88890,,112,,212837,St Elias Stable,Constitution,USA,Night And Day,False,False,,,,True,,USA
929857,Belmont Turf Sprint Stakes (Grade 3) (Turf),258,Belmont Park (USA),10/01/2026 21:17:00,Other,,(Grade 3),,3yo+,None,6f,6,1206,1320,Firm,Turf,5109698,Egyptian Mau,91123,Antonio Fresu,4514,Neil Drysdale,6,,4,4,8-9,137,31/1,32,,,,CompletedRace,1,0,0,00:01:08.8500000,68.85,,,,,,,,,,,,,,,,,,,,,,
929857,Belmont Turf Sprint Stakes (Grade 3) (Turf),258,Belmont Park (USA),10/01/2026 21:17:00,Other,,(Grade 3),,3yo+,None,6f,6,1206,1320,Firm,Turf,9184900,Waralo,84649,Jose Lezcano,19128,Chris Englehart,7,b,6,5,8-12,140,23/10,3.3,,,,CompletedRace,2,0.3,0.3,00:01:08.9100000,68.91,,,,,,,,,,,,,,,,,,,,,,
929857,Belmont Turf Sprint Stakes (Grade 3) (Turf),258,Belmont Park (USA),10/01/2026 21:17:00,Other,,(Grade 3),,3yo+,None,6f,6,1206,1320,Firm,Turf,6415337,Chasing Liberty,85540,Kendrick Carmouche,33764,Rob Atras,4,,3,3,8-12,140,222/10,23.2,,,,CompletedRace,3,0.2,0.5,00:01:08.9500000,68.95,,,,,,,,,,,,,,,,,,,,,,
929857,Belmont Turf Sprint Stakes (Grade 3) (Turf),258,Belmont Park (USA),10/01/2026 21:17:00,Other,,(Grade 3),,3yo+,None,6f,6,1206,1320,Firm,Turf,5364313,Alogon,89923,Forest Boyce,8025,Edward Allard,7,,1,1,9-0,144,27/4,7.75,,,,CompletedRace,4,1.25,1.75,00:01:09.2000000,69.2,,,,,,,,,,,,,,,,,,,,,,
929857,Belmont Turf Sprint Stakes (Grade 3) (Turf),258,Belmont Park (USA),10/01/2026 21:17:00,Other,,(Grade 3),,3yo+,None,6f,6,1206,1320,Firm,Turf,4556093,Twenty Six Black,92679,Manuel Franco,31301,Horacio DePaz,6,b,7,6,8-12,140,39/20F,2.95,,,,CompletedRace,5,0.3,2,00:01:09.2500000,69.25,,,,,,,,,,,,,,,,,,,,,,
929857,Belmont Turf Sprint Stakes (Grade 3) (Turf),258,Belmont Park (USA),10/01/2026 21:17:00,Other,,(Grade 3),,3yo+,None,6f,6,1206,1320,Firm,Turf,7983160,Spiced Up,86688,Junior Alvarado,1471,William Mott,4,b,8,7,9-0,144,9/1,10,,,,CompletedRace,6,2,4,00:01:09.6500000,69.65,,,,,,,,,,,,,,,,,,,,,,
929857,Belmont Turf Sprint Stakes (Grade 3) (Turf),258,Belmont Park (USA),10/01/2026 21:17:00,Other,,(Grade 3),,3yo+,None,6f,6,1206,1320,Firm,Turf,6505023,Jean Valjean,95443,Jomar Torres,16389,Elizabeth M Merryman,7,,10,9,8-12,140,21/4,6.25,,,,CompletedRace,7,0.75,4.75,00:01:09.8000000,69.8,,,,,,,,,,,,,,,,,,,,,,
929857,Belmont Turf Sprint Stakes (Grade 3) (Turf),258,Belmont Park (USA),10/01/2026 21:17:00,Other,,(Grade 3),,3yo+,None,6f,6,1206,1320,Firm,Turf,5554933,Card Trick,92812,Dylan Davis,8025,Edward Allard,5,,2,2,8-12,140,74/1,75,,,,CompletedRace,8,1,5.75,00:01:10,70,,,,,,,,,,,,,,,,,,,,,,
929857,Belmont Turf Sprint Stakes (Grade 3) (Turf),258,Belmont Park (USA),10/01/2026 21:17:00,Other,,(Grade 3),,3yo+,None,6f,6,1206,1320,Firm,Turf,5630637,Spirited Sol,102740,Martina Rojas,28636,Kevin Rice,8,b,9,8,8-12,140,26/1,27,,,,CompletedRace,9,0.5,6.25,00:01:10.1000000,70.1,,,,,,,,,,,,,,,,,,,,,,
929857,Belmont Turf Sprint Stakes (Grade 3) (Turf),258,Belmont Park (USA),10/01/2026 21:17:00,Other,,(Grade 3),,3yo+,None,6f,6,1206,1320,Firm,Turf,3737238,Let My People Go,90708,Ricardo Santana Jr,16548,Michael J Maker,7,b,11,10,8-12,140,244/10,25.4,,,,CompletedRace,10,7.5,13.75,00:01:11.6000000,71.6,,,,,,,,,,,,,,,,,,,,,,
929858,Vosburgh Stakes (Grade 3) (Dirt),258,Belmont Park (USA),10/01/2026 21:48:00,Other,,(Grade 3),,3yo+,None,7f,7,1407,1540,Fast,Dirt,6220029,T Kraft,86688,Junior Alvarado,1471,William Mott,4,b,1,1,9-0,144,596/100,6.96,,,,CompletedRace,1,0,0,00:01:22.7800000,82.78,,,,,,,,,,,,,,,,,,,,,,
929858,Vosburgh Stakes (Grade 3) (Dirt),258,Belmont Park (USA),10/01/2026 21:48:00,Other,,(Grade 3),,3yo+,None,7f,7,1407,1540,Fast,Dirt,5364352,Crazy Mason,92679,Manuel Franco,14287,Gregory D Sacco,5,,9,9,9-0,144,51/10,6.1,,,,CompletedRace,2,0.05,0.05,00:01:22.7900000,82.79,,,,,,,,,,,,,,,,,,,,,,
929858,Vosburgh Stakes (Grade 3) (Dirt),258,Belmont Park (USA),10/01/2026 21:48:00,Other,,(Grade 3),,3yo+,None,7f,7,1407,1540,Fast,Dirt,6907544,Senior Officer,88273,Flavien Prat,18362,Brad H Cox,5,,8,8,9-0,144,2/1F,3,,,,CompletedRace,3,1.5,1.5,00:01:23.0800000,83.08,,,,,,,,,,,,,,,,,,,,,,
929858,Vosburgh Stakes (Grade 3) (Dirt),258,Belmont Park (USA),10/01/2026 21:48:00,Other,,(Grade 3),,3yo+,None,7f,7,1407,1540,Fast,Dirt,8481003,Buttah,86588,Javier Castellano,41744,Ilkay Kantarmaci,4,b,4,4,9-0,144,13/2,7.5,,,,CompletedRace,4,0.75,2.25,00:01:23.2300000,83.23,,,,,,,,,,,,,,,,,,,,,,
929858,Vosburgh Stakes (Grade 3) (Dirt),258,Belmont Park (USA),10/01/2026 21:48:00,Other,,(Grade 3),,3yo+,None,7f,7,1407,1540,Fast,Dirt,5764675,Doc Sullivan,90708,Ricardo Santana Jr,42306,Amelia J Green,5,b,3,3,9-0,144,147/10,15.7,,,,CompletedRace,5,0.75,3,00:01:23.3800000,83.38,,,,,,,,,,,,,,,,,,,,,,
929858,Vosburgh Stakes (Grade 3) (Dirt),258,Belmont Park (USA),10/01/2026 21:48:00,Other,,(Grade 3),,3yo+,None,7f,7,1407,1540,Fast,Dirt,5355560,El Grande O,91123,Antonio Fresu,41744,Ilkay Kantarmaci,5,b,7,7,9-0,144,36/1,37,,,,CompletedRace,6,1.25,4.25,00:01:23.6300000,83.63,,,,,,,,,,,,,,,,,,,,,,
929858,Vosburgh Stakes (Grade 3) (Dirt),258,Belmont Park (USA),10/01/2026 21:48:00,Other,,(Grade 3),,3yo+,None,7f,7,1407,1540,Fast,Dirt,5405070,Moonlight,92018,Jose L Ortiz,18031,Peter Miller,5,b,5,5,9-0,144,27/8,4.375,,,,CompletedRace,7,3.75,8,00:01:24.3800000,84.38,,,,,,,,,,,,,,,,,,,,,,
929858,Vosburgh Stakes (Grade 3) (Dirt),258,Belmont Park (USA),10/01/2026 21:48:00,Other,,(Grade 3),,3yo+,None,7f,7,1407,1540,Fast,Dirt,5991392,Contrary Thinking,92812,Dylan Davis,42306,Amelia J Green,6,,2,2,9-0,144,124/10,13.4,,,,CompletedRace,8,0.75,8.75,00:01:24.5300000,84.53,,,,,,,,,,,,,,,,,,,,,,
929858,Vosburgh Stakes (Grade 3) (Dirt),258,Belmont Park (USA),10/01/2026 21:48:00,Other,,(Grade 3),,3yo+,None,7f,7,1407,1540,Fast,Dirt,9258878,Bring The Smoke,92353,Edgard J Zayas,39043,D Whitworth Beckman,4,,6,6,9-0,144,48/1,49,,,,CompletedRace,9,1.75,10.5,00:01:24.8800000,84.88,,,,,,,,,,,,,,,,,,,,,,
929859,Joe Hirsch Turf Classic Stakes (Grade 1) (Turf),258,Belmont Park (USA),10/01/2026 10:18:00,Other,,(Grade 1),,3yo+,None,1m4f,12,2412,2640,Firm,Turf,6410560,Minaret Station,92018,Jose L Ortiz,39448,William Walden,4,b,5,5,9-0,144,59/10,6.9,,,,CompletedRace,1,0,0,00:02:28.1800000,148.18,5/1,6,47,1-4232,"£222,220",222220,,130,,256333,OXO Equine LLC,Instilled Regard,USA,Beau Recall,False,False,,,,False,,USA
929859,Joe Hirsch Turf Classic Stakes (Grade 1) (Turf),258,Belmont Park (USA),10/01/2026 10:18:00,Other,,(Grade 1),,3yo+,None,1m4f,12,2412,2640,Firm,Turf,4835017,Far Bridge,10766,John R Velazquez,42409,Miguel Clement,6,,2,2,9-0,144,68/10,7.8,,,,CompletedRace,2,0.5,0.5,00:02:28.2800000,148.28,10/1,11,187,3164-1,"£222,220",222220,,132,,330497,LSU Stables,English Channel,USA,Fitpitcher,False,False,,,,True,,USA
929859,Joe Hirsch Turf Classic Stakes (Grade 1) (Turf),258,Belmont Park (USA),10/01/2026 10:18:00,Other,,(Grade 1),,3yo+,None,1m4f,12,2412,2640,Firm,Turf,5147943,El Cordobes,88273,Flavien Prat,28338,Charlie Appleby,5,,1,1,9-0,144,5/3,2.666666666666667,,,,CompletedRace,3,2.25,2.75,00:02:28.7300000,148.73,9/4,3.25,229,1133-5,"£222,220",222220,,132,,97229,Godolphin Racing LLC,Frankel,GB,Bold Lass,False,False,,86,,False,,IRE
929859,Joe Hirsch Turf Classic Stakes (Grade 1) (Turf),258,Belmont Park (USA),10/01/2026 10:18:00,Other,,(Grade 1),,3yo+,None,1m4f,12,2412,2640,Firm,Turf,5065451,Program Trading,90708,Ricardo Santana Jr,20681,Chad C Brown,6,,6,6,9-0,144,9/1,10,,,,CompletedRace,4,0.75,3.5,00:02:28.8800000,148.88,5/1,6,47,534113,"£222,220",222220,,132,,157174,Klaravich Stables Inc,Lope De Vega,IRE,Dreamlike,False,False,,,,True,,GB
929859,Joe Hirsch Turf Classic Stakes (Grade 1) (Turf),258,Belmont Park (USA),10/01/2026 10:18:00,Other,,(Grade 1),,3yo+,None,1m4f,12,2412,2640,Firm,Turf,6314145,Asbury Park,92679,Manuel Franco,20681,Chad C Brown,4,,3,3,9-0,144,26/1,27,,,,CompletedRace,5,2.25,5.75,00:02:29.3300000,149.33,7/1,8,40,631-92,"£222,220",222220,,129,,348109,Peter M Brant & St Elias Stable,Frankel,GB,Limonar,False,False,,,,False,,GB
929859,Joe Hirsch Turf Classic Stakes (Grade 1) (Turf),258,Belmont Park (USA),10/01/2026 10:18:00,Other,,(Grade 1),,3yo+,None,1m4f,12,2412,2640,Firm,Turf,6270353,Pride Of Arras,95744,Rossa Ryan,13917,Ralph Beckett,4,,4,4,9-0,144,29/20F,2.45,,,,CompletedRace,6,0.3,6,00:02:29.3800000,149.38,9/2,5.5,26,14-821,"£222,220",222220,,130,,158045,Mrs David Aykroyd,New Bay,GB,Parnell's Dream,False,False,,67,,False,,IRE
929907,Nanning Handicap (Class 5) (Course A) (Turf),416,Sha Tin (HK),10/01/2026 18:00:00,Other,,,,3yo+,None,6f,6,1206,1320,Good To Firm,Turf,7657400,Cirrus Speed,95725,Matthew Poon,23445,D J Hall,5,,7,3,9-3,147,11/1,12,34,,,CompletedRace,1,0,0,00:01:08.5300000,68.53,7/1,8,89,558607,"£46,711",46711,34,53,,255283,Kent Leung Kin Keung,Star Turn,AUS,Holley Shiftwell,False,False,,,,False,,AUS
929907,Nanning Handicap (Class 5) (Course A) (Turf),416,Sha Tin (HK),10/01/2026 18:00:00,Other,,,,3yo+,None,6f,6,1206,1320,Good To Firm,Turf,7789296,Falcon Hunter,94434,James Orman,31153,James Cummings,4,t,2,2,9-7,151,9/1,10,38,,,CompletedRace,2,0.25,0.25,00:01:08.5800000,68.58,25/1,26,96,-03009,"£46,711",46711,38,55,,248502,Alex Chan Cheuk Lun,U S Navy Flag,USA,Evana Rahma,False,False,,,,True,1,NZ
929907,Nanning Handicap (Class 5) (Course A) (Turf),416,Sha Tin (HK),10/01/2026 18:00:00,Other,,,,3yo+,None,6f,6,1206,1320,Good To Firm,Turf,6957192,Sunny Q,87349,Andrea Atzeni,28673,W Y So,6,tp,1,4,9-9,153,56/10,6.6,40,,,CompletedRace,3,0.25,0.5,00:01:08.6300000,68.63,6/1,7,25,893726,"£46,711",46711,40,50,,148321,Matthew Wong Leung Pak,Rich Enuff,AUS,Harmony Hall,False,False,,,,False,,AUS
929907,Nanning Handicap (Class 5) (Course A) (Turf),416,Sha Tin (HK),10/01/2026 18:00:00,Other,,,,3yo+,None,6f,6,1206,1320,Good To Firm,Turf,8615745,Power Patch,90687,C Y Ho,12787,K L Man,4,b,4,8,9-7,151,9/1,10,38,,,CompletedRace,4,1.25,1.75,00:01:08.8800000,68.88,10/1,11,25,000577,"£46,711",46711,38,47,,251364,Lam Wai Ying,Calyx,GB,Charlee Bear,False,False,,,,False,,AUS
929907,Nanning Handicap (Class 5) (Course A) (Turf),416,Sha Tin (HK),10/01/2026 18:00:00,Other,,,,3yo+,None,6f,6,1206,1320,Good To Firm,Turf,6945315,Noble Fans,82339,Zac Purton,12739,J Size,5,tb,6,13,9-4,148,17/1,18,35,,,CompletedRace,5,0.3,2,00:01:08.9300000,68.93,6/1,7,22,050817,"£46,711",46711,35,54,,300612,Kenneth Tang,All Too Hard,AUS,Tenderly,False,False,,,,True,,AUS
929907,Nanning Handicap (Class 5) (Course A) (Turf),416,Sha Tin (HK),10/01/2026 18:00:00,Other,,,,3yo+,None,6f,6,1206,1320,Good To Firm,Turf,7534493,Winning Diamond,83554,Richard Kingscote,41761,David Eustace,5,b,13,12,8-9,137,39/1,40,26,,,CompletedRace,6,0.5,2.5,00:01:09.0300000,69.03,8/1,9,22,040490,"£46,711",46711,26,52,,243114,Eddie Chung Kwok Leung,Deep Field,AUS,Clearly,False,False,,,,True,2,AUS
929907,Nanning Handicap (Class 5) (Course A) (Turf),416,Sha Tin (HK),10/01/2026 18:00:00,Other,,,,3yo+,None,6f,6,1206,1320,Good To Firm,Turf,3648383,Viva Chaleur,88939,Brenton Avdulla,12767,A S Cruz,7,tb,10,11,9-2,146,11/1,12,33,,,CompletedRace,7,0.05,2.5,00:01:09.0300000,69.03,10/1,11,89,012253,"£46,711",46711,33,51,,300013,Arnaldo Ho Yau Heng,Wootton Bassett,GB,Mezzo Mezzo,False,False,,,,False,,FR
929907,Nanning Handicap (Class 5) (Course A) (Turf),416,Sha Tin (HK),10/01/2026 18:00:00,Other,,,,3yo+,None,6f,6,1206,1320,Good To Firm,Turf,7806341,Flash Star,99123,Jerry Chau,16058,C S Shum,5,t,3,6,9-5,149,29/1,30,38,,,CompletedRace,8,2.25,4.75,00:01:09.4800000,69.48,12/1,13,22,509960,"£46,711",46711,38,54,,360011,Tang Kin Nam,Charm Spirit,IRE,Minnaloushka,False,False,,,2,True,,NZ
929907,Nanning Handicap (Class 5) (Course A) (Turf),416,Sha Tin (HK),10/01/2026 18:00:00,Other,,,,3yo+,None,6f,6,1206,1320,Good To Firm,Turf,6613651,Exceed The Wish,95383,Lyle Hewitson,32247,Mark Newnham,6,b,14,10,8-6,134,80/1,81,23,,,CompletedRace,9,1.5,6.25,00:01:09.7800000,69.78,14/1,15,18,039640,"£46,711",46711,22,55,,297029,Ivan Yau Wai Shing,Maurice,JPN,Sharnee Rose,False,False,,,,False,,AUS
929907,Nanning Handicap (Class 5) (Course A) (Turf),416,Sha Tin (HK),10/01/2026 18:00:00,Other,,,,3yo+,None,6f,6,1206,1320,Good To Firm,Turf,6903303,Groovy Feeling,103216,Britney Wong,35043,Jamie Richards,6,t,8,1,8-9,137,55/1,56,33,,,CompletedRace,10,0.5,6.75,00:01:09.8800000,69.88,33/1,34,25,-00608,"£46,711",46711,33,53,,258279,Dr Anthony W K Chow & Michael Tong Hing Yuen,Cable Bay,IRE,Cooper's Girl,False,False,,,7,True,,AUS
929907,Nanning Handicap (Class 5) (Course A) (Turf),416,Sha Tin (HK),10/01/2026 18:00:00,Other,,,,3yo+,None,6f,6,1206,1320,Good To Firm,Turf,7409333,Quick Money,88536,K C Leung,15856,C H Yip,4,,11,14,8-12,140,48/1,49,29,,,CompletedRace,11,0.05,7,00:01:09.9300000,69.93,33/1,34,89,000906,"£46,711",46711,29,54,,285942,Li Yiu Keung,Land Force,IRE,Phantom Spirit,False,False,,,,True,,GB
929907,Nanning Handicap (Class 5) (Course A) (Turf),416,Sha Tin (HK),10/01/2026 18:00:00,Other,,,,3yo+,None,6f,6,1206,1320,Good To Firm,Turf,5166323,Legendary Impact,85541,Alexis Badel,17998,Y S Tsui,6,tv,9,9,9-2,146,89/1,90,33,,,CompletedRace,12,3,10,00:01:10.5300000,70.53,66/1,67,18,-06700,"£46,711",46711,33,54,,353061,Heartful Minds Syndicate,The Bold One,NZ,Stargroves,False,False,,,,False,2,NZ
929907,Nanning Handicap (Class 5) (Course A) (Turf),416,Sha Tin (HK),10/01/2026 18:00:00,Other,,,,3yo+,None,6f,6,1206,1320,Good To Firm,Turf,5692560,Yee Cheong Raider,88634,Karis Teetan,26238,Brett Crawford,6,p,12,7,8-12,140,12/1,13,29,,,CompletedRace,13,0.5,10.5,00:01:10.6300000,70.63,10/1,11,25,422605,"£46,711",46711,29,53,,323128,Choi Hiu Fung & Choi Chun Lung,Deep Field,AUS,L'Elu,False,False,,,,False,,AUS
929907,Nanning Handicap (Class 5) (Course A) (Turf),416,Sha Tin (HK),10/01/2026 18:00:00,Other,,,,3yo+,None,6f,6,1206,1320,Good To Firm,Turf,8084384,Good Fortune,102829,Nichola Yuen,39762,P C Ng,7,tb,5,5,8-13,141,11/10F,2.1,37,,,CompletedRace,14,11.5,22,00:01:12.9300000,72.93,3/1,4,25,550001,"£46,711",46711,37,53,,361718,Happy United Front Syndicate,Darci Brahma,NZ,Lion Blanc,False,False,,,7,False,,NZ
929909,Shenyang Handicap (Class 5) (Course A) (Turf),416,Sha Tin (HK),10/01/2026 18:30:00,Other,,,,3yo+,None,1m,8,1608,1760,Good To Firm,Turf,4270001,All Are Mine,85541,Alexis Badel,26238,Brett Crawford,7,h,9,1,9-2,146,18/5,4.6,33,,,CompletedRace,1,0,0,00:01:34.7900000,94.79,5/1,6,8,696134,"£46,711",46711,33,51,,331999,Chen Chun Man,New Bay,GB,Ardeola,False,False,,,,False,,GER
929909,Shenyang Handicap (Class 5) (Course A) (Turf),416,Sha Tin (HK),10/01/2026 18:30:00,Other,,,,3yo+,None,1m,8,1608,1760,Good To Firm,Turf,8200961,Fortune Kingo,99123,Jerry Chau,36353,Douglas Whyte,5,b,10,12,8-13,141,11/1,12,32,,,CompletedRace,2,1.75,1.75,00:01:35.1400000,95.14,10/1,11,18,050062,"£46,711",46711,32,55,,275431,Mr & Mrs Yan Qing Lin,Deep Field,AUS,The Soloist,False,False,,,2,False,2,AUS
929909,Shenyang Handicap (Class 5) (Course A) (Turf),416,Sha Tin (HK),10/01/2026 18:30:00,Other,,,,3yo+,None,1m,8,1608,1760,Good To Firm,Turf,8594136,I Excelle,90687,C Y Ho,39762,P C Ng,5,ht,7,14,9-4,148,11/1,12,35,,,CompletedRace,3,0.05,1.75,00:01:35.1400000,95.14,7/1,8,25,000467,"£46,711",46711,35,54,,270022,Ting Wing Keung,Turn Me Loose,NZ,Junoesque,False,False,,,,True,,NZ
929909,Shenyang Handicap (Class 5) (Course A) (Turf),416,Sha Tin (HK),10/01/2026 18:30:00,Other,,,,3yo+,None,1m,8,1608,1760,Good To Firm,Turf,5357782,Amazing Duck,82339,Zac Purton,35035,Jimmy Ting,7,t,1,6,9-9,153,12/5F,3.4,40,,,CompletedRace,4,1.25,3,00:01:35.3900000,95.39,7/2,4.5,25,593432,"£46,711",46711,40,58,,254587,Grinders' Racing Club Syndicate,Cluster,AUS,Grand City,False,False,,,,False,,AUS
929909,Shenyang Handicap (Class 5) (Course A) (Turf),416,Sha Tin (HK),10/01/2026 18:30:00,Other,,,,3yo+,None,1m,8,1608,1760,Good To Firm,Turf,5539589,Manythanks Forever,88300,M L Yeung,28673,W Y So,6,tv,14,11,8-7,135,94/1,95,24,,,CompletedRace,5,0.05,3,00:01:35.3900000,95.39,20/1,21,18,876690,"£46,711",46711,24,55,,339284,"Chan Wing Kwong, Patrick Ng Pak Hong Et Al",Star Witness,AUS,Bukzel,False,False,,,,True,,AUS
929909,Shenyang Handicap (Class 5) (Course A) (Turf),416,Sha Tin (HK),10/01/2026 18:30:00,Other,,,,3yo+,None,1m,8,1608,1760,Good To Firm,Turf,5160404,Special Hedge,95637,H T Mo,20011,C W Chang,7,t,12,10,8-11,139,108/1,109,30,,,CompletedRace,6,0.5,3.5,00:01:35.4900000,95.49,33/1,34,81,700000,"£46,711",46711,30,57,,262300,Absolute Hedge Syndicate,Unusual Suspect,USA,Delgatie Pearl,False,False,,,2,False,,NZ
929909,Shenyang Handicap (Class 5) (Course A) (Turf),416,Sha Tin (HK),10/01/2026 18:30:00,Other,,,,3yo+,None,1m,8,1608,1760,Good To Firm,Turf,8432136,Circuit Marshal,88434,Matthew Chadwick,32247,Mark Newnham,5,tb,2,7,9-8,152,28/1,29,39,,,CompletedRace,7,0.5,4,00:01:35.5900000,95.59,8/1,9,18,270006,"£46,711",46711,39,57,,300332,Henry Cheung Kun Tong,Pride Of Dubai,AUS,Anatola,False,False,,,,False,,AUS
929909,Shenyang Handicap (Class 5) (Course A) (Turf),416,Sha Tin (HK),10/01/2026 18:30:00,Other,,,,3yo+,None,1m,8,1608,1760,Good To Firm,Turf,3014382,Setanta,88536,K C Leung,17998,Y S Tsui,9,tb,11,13,9-1,145,36/1,37,32,,,CompletedRace,8,0.25,4.25,00:01:35.6400000,95.64,14/1,15,25,082474,"£46,711",46711,32,54,,94095,James Lau Po Man & Alice Woo Wai See,Fastnet Rock,AUS,Legally Bay,False,False,,,,False,2,AUS
929909,Shenyang Handicap (Class 5) (Course A) (Turf),416,Sha Tin (HK),10/01/2026 18:30:00,Other,,,,3yo+,None,1m,8,1608,1760,Good To Firm,Turf,8725451,Multisuperstar,88634,Karis Teetan,12767,A S Cruz,4,tp,8,8,9-4,148,11/1,12,35,,,CompletedRace,9,0.05,4.5,00:01:35.6900000,95.69,12/1,13,18,897675,"£46,711",46711,35,53,,86602,Lyraa Ng Yin Mui,Spieth,NZ,Kharbouch,False,False,,,,True,,AUS
929909,Shenyang Handicap (Class 5) (Course A) (Turf),416,Sha Tin (HK),10/01/2026 18:30:00,Other,,,,3yo+,None,1m,8,1608,1760,Good To Firm,Turf,7722751,Happy Buddies,95383,Lyle Hewitson,40731,W K Mo,5,tp,13,3,8-7,135,12/1,13,24,,,CompletedRace,10,0.5,5,00:01:35.7900000,95.79,33/1,34,25,607068,"£46,711",46711,24,53,,248306,Happy Buddies Syndicate,Ribchester,IRE,Snitz Of Time,False,False,,,,True,,NZ
929909,Shenyang Handicap (Class 5) (Course A) (Turf),416,Sha Tin (HK),10/01/2026 18:30:00,Other,,,,3yo+,None,1m,8,1608,1760,Good To Firm,Turf,7164937,Super Sicario,94434,James Orman,16095,C Fownes,5,,4,9,9-7,151,59/1,60,38,,,CompletedRace,11,0.5,5.5,00:01:35.8900000,95.89,16/1,17,8,717006,"£46,711",46711,38,55,,222794,Tony Lau Yiu Tong & Thomas Lau Sum Fai,Tivaci,AUS,Promenade,False,False,,,,True,,NZ
929909,Shenyang Handicap (Class 5) (Course A) (Turf),416,Sha Tin (HK),10/01/2026 18:30:00,Other,,,,3yo+,None,1m,8,1608,1760,Good To Firm,Turf,5329131,The Concentration,102829,Nichola Yuen,13936,P F Yiu,6,v,5,4,8-13,141,70/1,71,37,,,CompletedRace,12,0.5,6,00:01:35.9900000,95.99,20/1,21,18,377700,"£46,711",46711,37,54,,276065,Ken Chan Chun Ning,Hellbent,AUS,Ivy Blue,False,False,,,7,False,,AUS
929909,Shenyang Handicap (Class 5) (Course A) (Turf),416,Sha Tin (HK),10/01/2026 18:30:00,Other,,,,3yo+,None,1m,8,1608,1760,Good To Firm,Turf,6945312,General Smart,87349,Andrea Atzeni,16058,C S Shum,5,t,6,5,9-4,148,27/10,3.7,35,,,CompletedRace,13,0.5,6.5,00:01:36.0900000,96.09,4/1,5,25,004831,"£46,711",46711,35,51,,353438,"Alex Chau Man Lok, Jack Chan Hoi Et Al",Shamus Award,AUS,Deplorable,False,False,,,,False,,AUS
929909,Shenyang Handicap (Class 5) (Course A) (Turf),416,Sha Tin (HK),10/01/2026 18:30:00,Other,,,,3yo+,None,1m,8,1608,1760,Good To Firm,Turf,6171108,Pearl Of Pang's,98196,L J Ferraris,12787,K L Man,6,tb,3,2,9-7,151,75/1,76,38,,,CompletedRace,14,0.75,7.25,00:01:36.2400000,96.24,33/1,34,18,-70000,"£46,711",46711,38,55,,313653,Dennis Pang Chi Ping,Ardrossan,AUS,Squaw,False,False,,,,True,,NZ
929911,National Day Cup (Group 3 Handicap) (Course A) (Turf),416,Sha Tin (HK),10/01/2026 19:00:00,Other,,"(Group 3 ",,3yo+,None,5f,5,1005,1100,Good To Firm,Turf,5839967,Colourful King,82339,Zac Purton,41761,David Eustace,5,tp,4,7,8-11,139,6/5F,2.2,103,,,CompletedRace,1,0,0,00:00:55.7200000,55.72,4/1,5,96,266301,"£224,214",224214,103,121,,303701,Gan Wee Sean,Blue Point,IRE,Hard Rider,False,False,,,,False,,AUS
929911,National Day Cup (Group 3 Handicap) (Course A) (Turf),416,Sha Tin (HK),10/01/2026 19:00:00,Other,,"(Group 3 ",,3yo+,None,5f,5,1005,1100,Good To Firm,Turf,4990318,Magic Control,88434,Matthew Chadwick,40731,W K Mo,6,tv,7,3,8-3,131,19/5,4.8,86,,,CompletedRace,2,1.25,1.25,00:00:55.9700000,55.97,10/1,11,25,852203,"£224,214",224214,86,118,,345742,Sim Tze Shiong,Sioux Nation,USA,Jackpot Queen,False,False,,,,False,,AUS
929911,National Day Cup (Group 3 Handicap) (Course A) (Turf),416,Sha Tin (HK),10/01/2026 19:00:00,Other,,"(Group 3 ",,3yo+,None,5f,5,1005,1100,Good To Firm,Turf,5887288,Bottomuptogether,85541,Alexis Badel,33689,F C Lor,6,t,6,1,8-8,136,56/10,6.6,100,,,CompletedRace,3,0.05,1.25,00:00:55.9700000,55.97,9/2,5.5,78,-41334,"£224,214",224214,100,122,,187965,So Kai Sing,Shamus Award,AUS,Ethics,False,False,,,,True,,AUS
929911,National Day Cup (Group 3 Handicap) (Course A) (Turf),416,Sha Tin (HK),10/01/2026 19:00:00,Other,,"(Group 3 ",,3yo+,None,5f,5,1005,1100,Good To Firm,Turf,5160398,Raging Blizzard,88939,Brenton Avdulla,12739,J Size,7,e/s,1,5,9-9,153,10/1,11,115,,,CompletedRace,4,1.5,2.75,00:00:56.2700000,56.27,3/1,4,102,453329,"£224,214",224214,115,124,,243112,Hayden Pong Hei Ting,Per Incanto,USA,Perfect Beat,False,False,,,,False,,NZ
929911,National Day Cup (Group 3 Handicap) (Course A) (Turf),416,Sha Tin (HK),10/01/2026 19:00:00,Other,,"(Group 3 ",,3yo+,None,5f,5,1005,1100,Good To Firm,Turf,6193179,Crimson Flash,87349,Andrea Atzeni,32247,Mark Newnham,5,b,2,8,8-13,141,23/5,5.6,105,,,CompletedRace,5,0.25,3,00:00:56.3200000,56.32,6/1,7,78,112661,"£224,214",224214,105,120,,274263,Beauty And The Best Syndicate,Showtime,AUS,Damselle,False,False,,,,False,,AUS
929911,National Day Cup (Group 3 Handicap) (Course A) (Turf),416,Sha Tin (HK),10/01/2026 19:00:00,Other,,"(Group 3 ",,3yo+,None,5f,5,1005,1100,Good To Firm,Turf,5003654,Johannes Brahms,88300,M L Yeung,39762,P C Ng,5,t,8,4,8-3,131,28/1,29,85,,,CompletedRace,6,0.25,3.25,00:00:56.3700000,56.37,16/1,17,178,800-00,"£224,214",224214,85,118,,249174,Yau Kwok Fai,Siyouni,FR,Illaunmore,False,False,,,,True,,GB
929911,National Day Cup (Group 3 Handicap) (Course A) (Turf),416,Sha Tin (HK),10/01/2026 19:00:00,Other,,"(Group 3 ",,3yo+,None,5f,5,1005,1100,Good To Firm,Turf,5050146,Tomodachi Kokoroe,88632,Harry Bentley,3550,David A Hayes,8,tb,5,2,8-10,138,14/1,15,102,,,CompletedRace,7,5.5,8.75,00:00:57.4700000,57.47,5/1,6,25,467374,"£224,214",224214,102,124,,330573,Tak Sum Syndicate,Written Tycoon,AUS,Rainbeam,False,False,,,,False,,AUS
929911,National Day Cup (Group 3 Handicap) (Course A) (Turf),416,Sha Tin (HK),10/01/2026 19:00:00,Other,,"(Group 3 ",,3yo+,None,5f,5,1005,1100,Good To Firm,Turf,4628818,Beauty Waves,99123,Jerry Chau,12767,A S Cruz,6,t,3,6,8-12,140,24/1,25,104,,,CompletedRace,8,0.25,9,00:00:57.5200000,57.52,10/1,11,96,058000,"£224,214",224214,104,123,,243493,Eleanor Kwok Law Kwai Chun,Starspangledbanner,AUS,Little Sweetheart,False,False,,,,True,,IRE
929910,Chengdu Handicap (Class 4) (Course A) (Turf),416,Sha Tin (HK),10/01/2026 19:35:00,Other,,,,3yo+,None,7f,7,1407,1540,Good To Firm,Turf,5761769,Solid Car,94434,James Orman,23445,D J Hall,5,tb,7,4,8-13,141,9/10F,1.9,49,,,CompletedRace,1,0,0,00:01:22.1300000,82.13,11/4,3.75,25,325533,"£62,459",62459,49,72,,309235,Adam Bin Hassan,Grunt,NZ,Kovello,False,False,,,,False,,AUS
929910,Chengdu Handicap (Class 4) (Course A) (Turf),416,Sha Tin (HK),10/01/2026 19:35:00,Other,,,,3yo+,None,7f,7,1407,1540,Good To Firm,Turf,9359837,Prestige Come,83554,Richard Kingscote,13936,P F Yiu,4,tb,6,3,8-13,141,15/2,8.5,49,,,CompletedRace,2,1.25,1.25,00:01:22.3800000,82.38,14/1,15,92,08,"£62,459",62459,49,59,,345128,Eric Yeung Ting Fung,Star Turn,AUS,Soiree,False,False,,,,False,,AUS
929910,Chengdu Handicap (Class 4) (Course A) (Turf),416,Sha Tin (HK),10/01/2026 19:35:00,Other,,,,3yo+,None,7f,7,1407,1540,Good To Firm,Turf,8594131,Chill Partners,88300,M L Yeung,12762,K W Lui,4,v,3,14,9-5,149,30/1,31,55,,,CompletedRace,3,0.05,1.25,00:01:22.3800000,82.38,33/1,34,92,210000,"£62,459",62459,55,64,,366078,A Supreme Syndicate,Hellbent,AUS,Bold Runner,False,False,,,,False,,AUS
929910,Chengdu Handicap (Class 4) (Course A) (Turf),416,Sha Tin (HK),10/01/2026 19:35:00,Other,,,,3yo+,None,7f,7,1407,1540,Good To Firm,Turf,7409353,Star Satyr,101468,Angus Chung,12767,A S Cruz,5,tb,14,13,8-2,130,10/1,11,40,,,CompletedRace,4,0.05,1.25,00:01:22.3800000,82.38,10/1,11,25,040067,"£62,459",62459,40,74,,299769,Adrian Hassan,Safeguard,AUS,Fairy Nymph,False,False,,,2,False,,AUS
929910,Chengdu Handicap (Class 4) (Course A) (Turf),416,Sha Tin (HK),10/01/2026 19:35:00,Other,,,,3yo+,None,7f,7,1407,1540,Good To Firm,Turf,7691569,Alabama Song,87349,Andrea Atzeni,12739,J Size,4,h,11,8,8-8,136,17/1,18,44,,,CompletedRace,5,0.25,1.5,00:01:22.4300000,82.43,16/1,17,81,410090,"£62,459",62459,44,79,,245342,Merrick Chung Wai Lik,Alabama Express,AUS,Catwalk Kitty,False,False,,,,False,,AUS
929910,Chengdu Handicap (Class 4) (Course A) (Turf),416,Sha Tin (HK),10/01/2026 19:35:00,Other,,,,3yo+,None,7f,7,1407,1540,Good To Firm,Turf,9194374,Noble Patch,88536,K C Leung,39762,P C Ng,4,p,5,9,8-13,141,26/1,27,49,,,CompletedRace,6,1.75,3.25,00:01:22.7800000,82.78,12/1,13,25,58,"£62,459",62459,49,58,,326904,Simon Yeung Chun Kin,Zoustar,AUS,Brooke's Edge,False,False,,,,False,,AUS
929910,Chengdu Handicap (Class 4) (Course A) (Turf),416,Sha Tin (HK),10/01/2026 19:35:00,Other,,,,3yo+,None,7f,7,1407,1540,Good To Firm,Turf,5276184,Francis Meynell,95725,Matthew Poon,41761,David Eustace,5,t,12,12,8-8,136,21/1,22,44,,,CompletedRace,7,0.25,3.5,00:01:22.8300000,82.83,12/1,13,22,282690,"£62,459",62459,44,77,,352267,Albert Hung Chao Hong & Kevin Hung Dingteng,Blue Point,IRE,Dame Hester,False,False,,,,False,,IRE
929910,Chengdu Handicap (Class 4) (Course A) (Turf),416,Sha Tin (HK),10/01/2026 19:35:00,Other,,,,3yo+,None,7f,7,1407,1540,Good To Firm,Turf,4676227,Excellence Value,95637,H T Mo,28673,W Y So,6,tb,1,5,9-7,151,68/1,69,59,,,CompletedRace,8,0.5,4,00:01:22.9300000,82.93,14/1,15,25,009009,"£62,459",62459,59,65,,352734,Value Star Syndicate,Fastnet Rock,AUS,Wedding Veil,False,False,,,2,True,,AUS
929910,Chengdu Handicap (Class 4) (Course A) (Turf),416,Sha Tin (HK),10/01/2026 19:35:00,Other,,,,3yo+,None,7f,7,1407,1540,Good To Firm,Turf,8968431,Diamond Sparkle,88434,Matthew Chadwick,32247,Mark Newnham,4,,13,6,8-6,134,65/1,66,42,,,CompletedRace,9,0.05,4.25,00:01:22.9800000,82.98,16/1,17,25,85098,"£62,459",62459,42,69,,369426,Lau So Wah & Donna Ng Siu Ying,So You Think,NZ,See Me Rock,False,False,,,,True,,AUS
929910,Chengdu Handicap (Class 4) (Course A) (Turf),416,Sha Tin (HK),10/01/2026 19:35:00,Other,,,,3yo+,None,7f,7,1407,1540,Good To Firm,Turf,9092791,Silvery Knight,95383,Lyle Hewitson,36353,Douglas Whyte,3,,8,2,8-12,140,107/1,108,48,,,CompletedRace,10,2,6.25,00:01:23.3800000,83.38,25/1,26,123,480,"£62,459",62459,48,73,,243706,Surplus Horse Racing Syndicate,Toronado,IRE,Angel Of Harlem,False,False,,,,False,,FR
929910,Chengdu Handicap (Class 4) (Course A) (Turf),416,Sha Tin (HK),10/01/2026 19:35:00,Other,,,,3yo+,None,7f,7,1407,1540,Good To Firm,Turf,9485580,Joy Together,99123,Jerry Chau,20011,C W Chang,4,h,4,11,8-13,141,81/1,82,51,,,CompletedRace,11,0.75,7,00:01:23.5300000,83.53,33/1,34,92,9,"£62,459",62459,51,59,,263627,Cky Syndicate,Farnan,AUS,Shady Hustle,False,False,,,2,False,,AUS
929910,Chengdu Handicap (Class 4) (Course A) (Turf),416,Sha Tin (HK),10/01/2026 19:35:00,Other,,,,3yo+,None,7f,7,1407,1540,Good To Firm,Turf,9092801,President Pegasus,88634,Karis Teetan,16058,C S Shum,3,t,9,10,8-10,138,17/1,18,46,,,CompletedRace,12,0.5,7.5,00:01:23.6300000,83.63,16/1,17,102,0400,"£62,459",62459,46,81,,209108,Mr & Mrs Cheung Yat Yuen,Ardad,IRE,Minwah,False,False,,,,True,,GB
929910,Chengdu Handicap (Class 4) (Course A) (Turf),416,Sha Tin (HK),10/01/2026 19:35:00,Other,,,,3yo+,None,7f,7,1407,1540,Good To Firm,Turf,6032386,True Brothers,103216,Britney Wong,17998,Y S Tsui,5,b,2,7,9-1,145,108/1,109,58,,,CompletedRace,13,0.25,7.75,00:01:23.6800000,83.68,33/1,34,15,8-0800,"£62,459",62459,58,62,,373703,25/26 Me Tsui Yu Sak Trainer Syndicate,Tassort,AUS,Spellbinder,False,False,,,7,False,,AUS
929910,Chengdu Handicap (Class 4) (Course A) (Turf),416,Sha Tin (HK),10/01/2026 19:35:00,Other,,,,3yo+,None,7f,7,1407,1540,Good To Firm,Turf,7597279,Voyage Boss,102829,Nichola Yuen,33689,F C Lor,5,b,10,1,8-3,131,41/10,5.1,46,,,CompletedRace,14,0.5,8.25,00:01:23.7800000,83.78,2/1,3,81,744833,"£62,459",62459,46,78,,358676,"Tommy Ching Tsun Wah, Fujisawa Tasayoshi Et Al",Darci Brahma,NZ,Italic,False,False,,,7,False,,NZ
929912,Hangzhou Handicap (Class 4) (Course A) (Turf),416,Sha Tin (HK),10/01/2026 20:05:00,Other,,,,3yo+,None,5f,5,1005,1100,Good To Firm,Turf,9326648,Ka Ying Lightning,87349,Andrea Atzeni,23445,D J Hall,4,t,3,4,9-7,151,37/10,4.7,58,,,CompletedRace,1,0,0,00:00:55.9400000,55.94,7/2,4.5,123,1,"£62,459",62459,58,70,,350343,Wong Choi Ha,All Too Hard,AUS,Floating Heart,False,False,,,,False,,NZ
929912,Hangzhou Handicap (Class 4) (Course A) (Turf),416,Sha Tin (HK),10/01/2026 20:05:00,Other,,,,3yo+,None,5f,5,1005,1100,Good To Firm,Turf,9392197,Jedi Spurs,88939,Brenton Avdulla,3550,David A Hayes,3,,1,6,9-9,153,EvensF,2,60,,,CompletedRace,2,2,2,00:00:56.3400000,56.34,2/1,3,89,12,"£62,459",62459,60,84,,275127,Andrea Tien & Arthur Cheng,Cosmic Force,AUS,Tinszelda,False,False,,,,False,,AUS
929912,Hangzhou Handicap (Class 4) (Course A) (Turf),416,Sha Tin (HK),10/01/2026 20:05:00,Other,,,,3yo+,None,5f,5,1005,1100,Good To Firm,Turf,9424796,Handsome Hero,99123,Jerry Chau,26238,Brett Crawford,4,,6,2,8-13,141,17/2,9.5,52,,,CompletedRace,3,0.05,2,00:00:56.3400000,56.34,10/1,11,18,5,"£62,459",62459,52,64,,350494,Happy Friends Syndicate,Graff,AUS,Baroness De Ville,False,False,,,2,False,,AUS
929912,Hangzhou Handicap (Class 4) (Course A) (Turf),416,Sha Tin (HK),10/01/2026 20:05:00,Other,,,,3yo+,None,5f,5,1005,1100,Good To Firm,Turf,7073217,Yee Cheong Glory,94434,James Orman,35043,Jamie Richards,6,tp,2,9,9-8,152,13/1,14,59,,,CompletedRace,4,1.25,3.25,00:00:56.5900000,56.59,14/1,15,96,465703,"£62,459",62459,59,72,,282625,Choi Hiu Fung & Choi Yu So Fong,Puissance De Lune,IRE,Hughes My Daddy,False,False,,,,True,,AUS
929912,Hangzhou Handicap (Class 4) (Course A) (Turf),416,Sha Tin (HK),10/01/2026 20:05:00,Other,,,,3yo+,None,5f,5,1005,1100,Good To Firm,Turf,9281081,Double Alpha,95725,Matthew Poon,16058,C S Shum,4,t,11,7,8-12,140,84/10,9.4,49,,,CompletedRace,5,0.75,4,00:00:56.7400000,56.74,6/1,7,8,28065,"£62,459",62459,49,76,,267924,George Ma Pui Pui,Darci Brahma,NZ,Copiapino,False,False,,,,False,,NZ
929912,Hangzhou Handicap (Class 4) (Course A) (Turf),416,Sha Tin (HK),10/01/2026 20:05:00,Other,,,,3yo+,None,5f,5,1005,1100,Good To Firm,Turf,9060304,Precision Mind,95637,H T Mo,17998,Y S Tsui,4,t,12,8,8-7,135,25/1,26,46,,,CompletedRace,6,1,5,00:00:56.9400000,56.94,7/1,8,18,60902,"£62,459",62459,46,68,,370471,Dr & Mrs Allan Chau Kit Ho And Mr & Mrs Chau Man Kwok,Super Easy,NZ,Scrutiny,False,False,,,2,False,,NZ
929912,Hangzhou Handicap (Class 4) (Course A) (Turf),416,Sha Tin (HK),10/01/2026 20:05:00,Other,,,,3yo+,None,5f,5,1005,1100,Good To Firm,Turf,7303530,Heroic Vanguard,88634,Karis Teetan,15856,C H Yip,4,tb,13,12,8-5,133,51/1,52,42,,,CompletedRace,7,1,6,00:00:57.1400000,57.14,33/1,34,85,50780,"£62,459",62459,42,75,,368956,Wang Jiguo,Doubtland,AUS,Queen's Fashion,False,False,,,,False,,AUS
929912,Hangzhou Handicap (Class 4) (Course A) (Turf),416,Sha Tin (HK),10/01/2026 20:05:00,Other,,,,3yo+,None,5f,5,1005,1100,Good To Firm,Turf,6706339,Charming Babe,102829,Nichola Yuen,13936,P F Yiu,6,,4,3,8-10,138,23/1,24,54,,,CompletedRace,8,1.25,7.25,00:00:57.3900000,57.39,10/1,11,18,507604,"£62,459",62459,54,71,,351471,Beyond Wins Syndicate,Pride Of Dubai,AUS,Dubawi's Image,False,False,,,7,False,,AUS
929912,Hangzhou Handicap (Class 4) (Course A) (Turf),416,Sha Tin (HK),10/01/2026 20:05:00,Other,,,,3yo+,None,5f,5,1005,1100,Good To Firm,Turf,9915003,Celestial Zous,85541,Alexis Badel,36353,Douglas Whyte,3,,5,5,9-1,145,58/1,59,52,,,CompletedRace,9,0.5,7.75,00:00:57.4900000,57.49,50/1,51,,,"£62,459",62459,52,,,358678,"Dr David Chain Chi Woo, Bernard Chain S Chiang & C C S Liang",Zousain,AUS,Magic Amelia,False,False,,,,False,,AUS
929912,Hangzhou Handicap (Class 4) (Course A) (Turf),416,Sha Tin (HK),10/01/2026 20:05:00,Other,,,,3yo+,None,5f,5,1005,1100,Good To Firm,Turf,8917833,Classic Triple,88536,K C Leung,28673,W Y So,4,t,10,11,8-12,140,23/1,24,49,,,CompletedRace,10,0.25,8,00:00:57.5400000,57.54,66/1,67,158,00,"£62,459",62459,49,47,,150129,Li Fung Lok,Written By,AUS,Rocknavar,False,False,,,,True,,AUS
929912,Hangzhou Handicap (Class 4) (Course A) (Turf),416,Sha Tin (HK),10/01/2026 20:05:00,Other,,,,3yo+,None,5f,5,1005,1100,Good To Firm,Turf,9915004,Supreme Data,83554,Richard Kingscote,13936,P F Yiu,4,b,8,10,9-1,145,27/1,28,52,,,CompletedRace,11,0.5,8.5,00:00:57.6400000,57.64,20/1,21,,,"£62,459",62459,52,,,378380,Pocket Aces Syndicate,Super Seth,AUS,Believe You Me,False,False,,,,False,,NZ
929912,Hangzhou Handicap (Class 4) (Course A) (Turf),416,Sha Tin (HK),10/01/2026 20:05:00,Other,,,,3yo+,None,5f,5,1005,1100,Good To Firm,Turf,9915001,However,90687,C Y Ho,16095,C Fownes,4,t,7,1,9-1,145,65/1,66,52,,,CompletedRace,12,1,9.5,00:00:57.8400000,57.84,50/1,51,,,"£62,459",62459,52,,,378379,"Tony Ng Fung Sing, Benedict Sin & Michael Ling Siu Ming",Tassort,AUS,Cambage,False,False,,,,False,,AUS
929912,Hangzhou Handicap (Class 4) (Course A) (Turf),416,Sha Tin (HK),10/01/2026 20:05:00,Other,,,,3yo+,None,5f,5,1005,1100,Good To Firm,Turf,9915005,Champ's Domain,98196,L J Ferraris,28673,W Y So,4,,14,13,9-1,145,69/1,70,52,,,CompletedRace,13,1.5,11,00:00:58.1400000,58.14,20/1,21,,,"£62,459",62459,52,,,243484,Yvonne Chow Hau Yee,Circus Maximus,IRE,Dresden Park,False,False,,,,False,,NZ
929912,Hangzhou Handicap (Class 4) (Course A) (Turf),416,Sha Tin (HK),10/01/2026 20:05:00,Other,,,,3yo+,None,5f,5,1005,1100,Good To Firm,Turf,9092789,Talents Champion,88300,M L Yeung,3550,David A Hayes,3,p,9,14,8-13,141,78/1,79,50,,,CompletedRace,14,8.5,19.5,00:00:59.8400000,59.84,25/1,26,123,377,"£62,459",62459,50,79,,325570,Talentogether Syndicate,Portland Sky,AUS,Missy Longstocking,False,False,,,,False,,AUS
929913,Jinan Handicap (Class 4) (Course A) (Turf),416,Sha Tin (HK),10/01/2026 20:35:00,Other,,,,3yo+,None,1m1f,9,1809,1980,Good To Firm,Turf,8277361,Super Goldendragon,88536,K C Leung,40731,W K Mo,4,tb,3,4,9-7,151,4/1,5,57,,,CompletedRace,1,0,0,00:01:47.7500000,107.75,4/1,5,96,061231,"£62,459",62459,57,65,,363422,Yip Shu Bun & Jonathan Chok Shee Feng,Kitten's Joy,USA,La Australiana,False,False,,,,False,,IRE
929913,Jinan Handicap (Class 4) (Course A) (Turf),416,Sha Tin (HK),10/01/2026 20:35:00,Other,,,,3yo+,None,1m1f,9,1809,1980,Good To Firm,Turf,8615748,Victor Supreme,90687,C Y Ho,13936,P F Yiu,4,v,1,3,9-9,153,29/10F,3.9,59,,,CompletedRace,2,1.5,1.5,00:01:48.0500000,108.05,8/1,9,18,545219,"£62,459",62459,59,68,,216718,Law Hing Cheung,Super Seth,AUS,Collay,False,False,,,,False,,NZ
929913,Jinan Handicap (Class 4) (Course A) (Turf),416,Sha Tin (HK),10/01/2026 20:35:00,Other,,,,3yo+,None,1m1f,9,1809,1980,Good To Firm,Turf,5878936,Supreme Mastermind,98196,L J Ferraris,32247,Mark Newnham,5,,8,1,8-12,140,9/1,10,48,,,CompletedRace,3,0.5,2,00:01:48.1500000,108.15,33/1,34,89,099895,"£62,459",62459,48,74,,339831,Dr Peter Lam How Mun,The Autumn Sun,AUS,Sultry Dreamer,False,False,,,,False,,AUS
929913,Jinan Handicap (Class 4) (Course A) (Turf),416,Sha Tin (HK),10/01/2026 20:35:00,Other,,,,3yo+,None,1m1f,9,1809,1980,Good To Firm,Turf,4785146,Romantic Laos,99123,Jerry Chau,20011,C W Chang,8,tp,4,12,8-12,140,30/1,31,50,,,CompletedRace,4,0.5,2.5,00:01:48.2500000,108.25,4/1,5,15,757254,"£62,459",62459,50,70,,122848,Cheng Keung Fai,Pins,AUS,Zaburn,False,False,,,2,False,,NZ
929913,Jinan Handicap (Class 4) (Course A) (Turf),416,Sha Tin (HK),10/01/2026 20:35:00,Other,,,,3yo+,None,1m1f,9,1809,1980,Good To Firm,Turf,5436873,Fast Speed,88434,Matthew Chadwick,17998,Y S Tsui,5,t,9,9,8-8,136,23/1,24,44,,,CompletedRace,5,0.25,2.75,00:01:48.3000000,108.3,33/1,34,78,005-90,"£62,459",62459,44,67,,250887,Howard Tai Wai Yin & Yim Hin Keung,Kingman,GB,Cabaret,False,False,,,,False,,GB
929913,Jinan Handicap (Class 4) (Course A) (Turf),416,Sha Tin (HK),10/01/2026 20:35:00,Other,,,,3yo+,None,1m1f,9,1809,1980,Good To Firm,Turf,7771319,Lucky Year,88632,Harry Bentley,15856,C H Yip,5,b,7,13,8-12,140,18/5,4.6,48,,,CompletedRace,6,0.25,3,00:01:48.3500000,108.35,10/1,11,18,923342,"£62,459",62459,48,73,,226757,Lok Yuet Kwan,U S Navy Flag,USA,Harmonize,False,False,,,,False,,NZ
929913,Jinan Handicap (Class 4) (Course A) (Turf),416,Sha Tin (HK),10/01/2026 20:35:00,Other,,,,3yo+,None,1m1f,9,1809,1980,Good To Firm,Turf,7307979,Star Brose,88300,M L Yeung,3550,David A Hayes,5,tp,13,7,8-6,134,73/10,8.3,42,,,CompletedRace,7,0.25,3.25,00:01:48.4000000,108.4,4/1,5,15,369423,"£62,459",62459,42,73,,257532,Peter Young Wai Po,Starspangledbanner,AUS,Victoria's Angel,False,False,,,,False,,GB
929913,Jinan Handicap (Class 4) (Course A) (Turf),416,Sha Tin (HK),10/01/2026 20:35:00,Other,,,,3yo+,None,1m1f,9,1809,1980,Good To Firm,Turf,5809835,On The Lash,87349,Andrea Atzeni,39762,P C Ng,6,tb,12,14,8-6,134,20/1,21,42,,,CompletedRace,8,4,7.25,00:01:49.2000000,109.2,20/1,21,96,850190,"£62,459",62459,42,69,,96946,Amigos Syndicate,Savabeel,AUS,Candelabra,False,False,,,,False,,NZ
929913,Jinan Handicap (Class 4) (Course A) (Turf),416,Sha Tin (HK),10/01/2026 20:35:00,Other,,,,3yo+,None,1m1f,9,1809,1980,Good To Firm,Turf,5563319,Romantic Fantasy,82339,Zac Purton,35043,Jamie Richards,6,,6,11,8-13,141,83/10,9.3,49,,,CompletedRace,9,3,10.25,00:01:49.8000000,109.8,4/1,5,15,510851,"£62,459",62459,49,64,,191300,Ten Pros Syndicate,Fascinating Rock,IRE,Ataahua,False,False,,,,True,,IRE
929913,Jinan Handicap (Class 4) (Course A) (Turf),416,Sha Tin (HK),10/01/2026 20:35:00,Other,,,,3yo+,None,1m1f,9,1809,1980,Good To Firm,Turf,6644955,Fluorescence,85541,Alexis Badel,12787,K L Man,5,tb,5,2,8-13,141,93/1,94,49,,,CompletedRace,10,2.5,12.75,00:01:50.3000000,110.3,50/1,51,15,000709,"£62,459",62459,49,73,,367502,Cheng San Hei,Trapeze Artist,AUS,Satellites,False,False,,,,True,,AUS
929913,Jinan Handicap (Class 4) (Course A) (Turf),416,Sha Tin (HK),10/01/2026 20:35:00,Other,,,,3yo+,None,1m1f,9,1809,1980,Good To Firm,Turf,9092795,Massive Glory,101468,Angus Chung,33689,F C Lor,4,tp,11,5,8-6,134,96/1,97,44,,,CompletedRace,11,0.25,13,00:01:50.3500000,110.35,33/1,34,96,6009,"£62,459",62459,44,70,,332598,Alan Chan Kin On,Starspangledbanner,AUS,Bright And Sunny,False,False,,,2,True,,IRE
929913,Jinan Handicap (Class 4) (Course A) (Turf),416,Sha Tin (HK),10/01/2026 20:35:00,Other,,,,3yo+,None,1m1f,9,1809,1980,Good To Firm,Turf,6514080,Dragon On Snow,83554,Richard Kingscote,41761,David Eustace,4,,2,6,9-7,151,115/1,116,57,,,CompletedRace,12,0.25,13.25,00:01:50.4000000,110.4,33/1,34,141,1/8009,"£62,459",62459,57,67,,368957,"Eddie Hon Hoi Kwong, Dr Kelvin Chong Man Yuk Et Al",Mohaather,GB,Dixie Dreamer,False,False,,,,False,,GB
929913,Jinan Handicap (Class 4) (Course A) (Turf),416,Sha Tin (HK),10/01/2026 20:35:00,Other,,,,3yo+,None,1m1f,9,1809,1980,Good To Firm,Turf,7566079,Circuit Century,95637,H T Mo,16058,C S Shum,5,tb,14,10,8-3,131,21/1,22,41,,,CompletedRace,13,1.25,14.5,00:01:50.6500000,110.65,10/1,11,22,09-003,"£62,459",62459,41,73,,358426,Ho Yin Sang & Tsang Kin Wa,Zoustar,AUS,Reconstruct,False,False,,,2,False,,NZ
929913,Jinan Handicap (Class 4) (Course A) (Turf),416,Sha Tin (HK),10/01/2026 20:35:00,Other,,,,3yo+,None,1m1f,9,1809,1980,Good To Firm,Turf,5767664,Good Good,88634,Karis Teetan,12739,J Size,6,b,10,8,8-8,136,47/1,48,44,,,CompletedRace,14,1,15.5,00:01:50.8500000,110.85,33/1,34,18,-29700,"£62,459",62459,44,75,,342449,Michael Ng Chi Lam & Gloria Ng Wong Yee Man,Savabeel,AUS,Fast Company,False,False,,,,True,,NZ
929914,Chongqing Handicap (Class 4) (Course A) (Turf),416,Sha Tin (HK),10/01/2026 21:10:00,Other,,,,3yo+,None,6f,6,1206,1320,Good To Firm,Turf,9424789,Cavamazing,88300,M L Yeung,28673,W Y So,4,,7,3,9-1,145,37/1,38,51,,,CompletedRace,1,0,0,00:01:08.6700000,68.67,50/1,51,102,0,"£62,459",62459,51,56,,374238,Chang Wing Yiu & Jacky Chang Man Wai,Exceedance,AUS,Gigi Girl,False,False,,,,True,,AUS
929914,Chongqing Handicap (Class 4) (Course A) (Turf),416,Sha Tin (HK),10/01/2026 21:10:00,Other,,,,3yo+,None,6f,6,1206,1320,Good To Firm,Turf,6945302,Ka Ying Radiance,95725,Matthew Poon,3550,David A Hayes,5,,10,1,8-9,137,12/5F,3.4,45,,,CompletedRace,2,0.5,0.5,00:01:08.7700000,68.77,5/1,6,96,60-925,"£62,459",62459,45,71,,350922,23/24 David Hayes Trainer Syndicate,All Too Hard,AUS,Computer,False,False,,,,True,,AUS
929914,Chongqing Handicap (Class 4) (Course A) (Turf),416,Sha Tin (HK),10/01/2026 21:10:00,Other,,,,3yo+,None,6f,6,1206,1320,Good To Firm,Turf,5445520,Riding High,95383,Lyle Hewitson,36353,Douglas Whyte,6,p,11,9,8-9,137,15/1,16,45,,,CompletedRace,3,1.75,2.25,00:01:09.1200000,69.12,8/1,9,25,422025,"£62,459",62459,45,68,,346439,Riding High Syndicate,Exceed And Excel,AUS,Tempt Me Not,False,False,,,,False,,AUS
929914,Chongqing Handicap (Class 4) (Course A) (Turf),416,Sha Tin (HK),10/01/2026 21:10:00,Other,,,,3yo+,None,6f,6,1206,1320,Good To Firm,Turf,7597272,Light Years Glory,98196,L J Ferraris,41761,David Eustace,4,,2,11,9-6,150,27/10,3.7,56,,,CompletedRace,4,1,3.25,00:01:09.3200000,69.32,4/1,5,25,433691,"£62,459",62459,56,74,,337854,Zhao Guoming & Xiao Bing,Advertise,GB,Capla Cubiste,False,False,,,,False,,IRE
929914,Chongqing Handicap (Class 4) (Course A) (Turf),416,Sha Tin (HK),10/01/2026 21:10:00,Other,,,,3yo+,None,6f,6,1206,1320,Good To Firm,Turf,4113864,Rising From Ashes,94434,James Orman,20011,C W Chang,9,tb,5,10,9-2,146,80/1,81,52,,,CompletedRace,5,0.25,3.5,00:01:09.3700000,69.37,20/1,21,25,005889,"£62,459",62459,52,74,,313652,Chan Chi Kong,Shamus Award,AUS,Tear Gas,False,False,,,,False,,AUS
929914,Chongqing Handicap (Class 4) (Course A) (Turf),416,Sha Tin (HK),10/01/2026 21:10:00,Other,,,,3yo+,None,6f,6,1206,1320,Good To Firm,Turf,6925235,Joker Orbit,99123,Jerry Chau,16058,C S Shum,4,t,4,2,9-0,144,20/1,21,52,,,CompletedRace,6,0.5,4,00:01:09.4700000,69.47,12/1,13,8,-07405,"£62,459",62459,52,72,,365332,Tobias Chong Wing To & Ophelia Chong Kar Wing,Doubtland,AUS,Tripled,False,False,,,2,True,,AUS
929914,Chongqing Handicap (Class 4) (Course A) (Turf),416,Sha Tin (HK),10/01/2026 21:10:00,Other,,,,3yo+,None,6f,6,1206,1320,Good To Firm,Turf,9162093,High Rise Victory,88536,K C Leung,15856,C H Yip,5,t,9,12,8-10,138,161/1,162,46,,,CompletedRace,7,0.25,4.25,00:01:09.5200000,69.52,66/1,67,92,009,"£62,459",62459,46,61,,283589,Ko Yin Kei,Hellbent,AUS,Elusive Affair,False,False,,,,True,,AUS
929914,Chongqing Handicap (Class 4) (Course A) (Turf),416,Sha Tin (HK),10/01/2026 21:10:00,Other,,,,3yo+,None,6f,6,1206,1320,Good To Firm,Turf,6644986,Lakeshore Hero,87349,Andrea Atzeni,23445,D J Hall,6,,14,13,8-5,133,11/1,12,41,,,CompletedRace,8,0.25,4.5,00:01:09.5700000,69.57,10/1,11,22,530722,"£62,459",62459,40,72,,277689,Chiang Ping Fai,U S Navy Flag,USA,Savabeel Star,False,False,,,,False,,NZ
929914,Chongqing Handicap (Class 4) (Course A) (Turf),416,Sha Tin (HK),10/01/2026 21:10:00,Other,,,,3yo+,None,6f,6,1206,1320,Good To Firm,Turf,9531253,My Wyndfall,88434,Matthew Chadwick,35043,Jamie Richards,5,t,8,7,9-0,144,131/1,132,51,,,CompletedRace,9,0.5,5,00:01:09.6700000,69.67,66/1,67,81,0,"£62,459",62459,51,58,,314239,Toast Trust Syndicate,Wyndspelle,NZ,Foxy Brahma,False,False,,,,True,,NZ
929914,Chongqing Handicap (Class 4) (Course A) (Turf),416,Sha Tin (HK),10/01/2026 21:10:00,Other,,,,3yo+,None,6f,6,1206,1320,Good To Firm,Turf,9227123,Spirited Steed,82339,Zac Purton,12762,K W Lui,4,,6,6,9-2,146,5/2,3.5,52,,,CompletedRace,10,0.75,5.75,00:01:09.8200000,69.82,7/4,2.75,18,7023,"£62,459",62459,52,70,,372372,Elina Choi Chun Ni,Star Turn,AUS,That Girl,False,False,,,,False,,AUS
929914,Chongqing Handicap (Class 4) (Course A) (Turf),416,Sha Tin (HK),10/01/2026 21:10:00,Other,,,,3yo+,None,6f,6,1206,1320,Good To Firm,Turf,9227121,Ever Wealth,90687,C Y Ho,13936,P F Yiu,3,b,3,14,9-2,146,31/1,32,52,,,CompletedRace,11,2,7.75,00:01:10.2200000,70.22,16/1,17,89,336,"£62,459",62459,52,73,,276446,Arthur Wong Chun Mo,All Too Hard,AUS,Its Time For Magic,False,False,,,,True,,AUS
929914,Chongqing Handicap (Class 4) (Course A) (Turf),416,Sha Tin (HK),10/01/2026 21:10:00,Other,,,,3yo+,None,6f,6,1206,1320,Good To Firm,Turf,8807026,Lucky Gibs,103216,Britney Wong,12787,K L Man,4,b,12,8,7-13,125,158/1,159,42,,,CompletedRace,12,0.25,8,00:01:10.2700000,70.27,100/1,101,25,00000,"£62,459",62459,42,64,,271193,"Gibson Lau Wai Chi, Eric Lau Pui Kit & Ricky Lau Pui Wai",Encryption,AUS,Pardon,False,False,,,7,False,,AUS
929914,Chongqing Handicap (Class 4) (Course A) (Turf),416,Sha Tin (HK),10/01/2026 21:10:00,Other,,,,3yo+,None,6f,6,1206,1320,Good To Firm,Turf,8084385,Victory Champion,85541,Alexis Badel,33689,F C Lor,5,tp,13,5,8-5,133,15/1,16,41,,,CompletedRace,13,0.25,8.25,00:01:10.3200000,70.32,14/1,15,25,-99540,"£62,459",62459,41,73,,86612,Sebastian Man Shiu Wai,Pierata,AUS,Tris,False,False,,,,True,,AUS
929914,Chongqing Handicap (Class 4) (Course A) (Turf),416,Sha Tin (HK),10/01/2026 21:10:00,Other,,,,3yo+,None,6f,6,1206,1320,Good To Firm,Turf,5652712,Master Champion,102829,Nichola Yuen,39762,P C Ng,5,t,1,4,9-2,146,30/1,31,59,,,CompletedRace,14,0.05,8.25,00:01:10.3200000,70.32,25/1,26,18,0-4000,"£62,459",62459,59,65,,356002,Gainesville Syndicate,I Am Invincible,AUS,Dendee,False,False,,,7,True,,AUS
929915,Chongqing Handicap (Class 4) (Course A) (Turf),416,Sha Tin (HK),10/01/2026 21:40:00,Other,,,,3yo+,None,6f,6,1206,1320,Good To Firm,Turf,6188613,E Ho Ho,88632,Harry Bentley,12787,K L Man,5,tb,9,13,8-9,137,49/1,50,46,,,CompletedRace,1,0,0,00:01:08.7600000,68.76,33/1,34,18,600069,"£62,459",62459,46,77,,243791,HKEIA Horse Racing Syndicate,I Am Invincible,AUS,Tilia Rose,False,False,,,,True,,AUS
929915,Chongqing Handicap (Class 4) (Course A) (Turf),416,Sha Tin (HK),10/01/2026 21:40:00,Other,,,,3yo+,None,6f,6,1206,1320,Good To Firm,Turf,9194371,Virtus Glory,88939,Brenton Avdulla,13936,P F Yiu,4,t,4,4,9-3,147,12/5F,3.4,54,,,CompletedRace,2,0.75,0.75,00:01:08.9100000,68.91,11/2,6.5,25,9422,"£62,459",62459,54,70,,268493,HKUAA Syndicate,Written By,AUS,Idol,False,False,,,,True,,AUS
929915,Chongqing Handicap (Class 4) (Course A) (Turf),416,Sha Tin (HK),10/01/2026 21:40:00,Other,,,,3yo+,None,6f,6,1206,1320,Good To Firm,Turf,9263791,Speedy Power,87349,Andrea Atzeni,31153,James Cummings,4,t,11,12,8-7,135,31/10,4.1,44,,,CompletedRace,3,0.05,0.75,00:01:08.9100000,68.91,25/1,26,85,7067,"£62,459",62459,44,68,,245336,Crossover Syndicate,Farnan,AUS,River Goddess,False,False,,,,True,1,AUS
929915,Chongqing Handicap (Class 4) (Course A) (Turf),416,Sha Tin (HK),10/01/2026 21:40:00,Other,,,,3yo+,None,6f,6,1206,1320,Good To Firm,Turf,7503687,Better And Better,85541,Alexis Badel,33689,F C Lor,5,het,8,2,8-11,139,89/10,9.9,48,,,CompletedRace,4,0.5,1.25,00:01:09.0100000,69.01,6/1,7,18,122305,"£62,459",62459,48,75,,187965,So Kai Sing,Shamus Award,AUS,Belleluia,False,False,,,,False,,AUS
929915,Chongqing Handicap (Class 4) (Course A) (Turf),416,Sha Tin (HK),10/01/2026 21:40:00,Other,,,,3yo+,None,6f,6,1206,1320,Good To Firm,Turf,8463779,Golden Triumph,98196,L J Ferraris,41761,David Eustace,5,,7,5,9-0,144,16/1,17,51,,,CompletedRace,5,0.75,2,00:01:09.1600000,69.16,33/1,34,305,9-,"£62,459",62459,51,63,,299768,"Weber Lo Wai Pak, Chew Sein Mene Et Al",Written Tycoon,AUS,Lures,False,False,,,,True,,AUS
929915,Chongqing Handicap (Class 4) (Course A) (Turf),416,Sha Tin (HK),10/01/2026 21:40:00,Other,,,,3yo+,None,6f,6,1206,1320,Good To Firm,Turf,4361074,Monta Frutta,101468,Angus Chung,12767,A S Cruz,7,ht,13,7,8-3,131,32/1,33,42,,,CompletedRace,6,0.5,2.5,00:01:09.2600000,69.26,8/1,9,25,209083,"£62,459",62459,42,73,,318150,Edwin Cheung Hon Kit,Capitalist,AUS,Ma Can Do It,False,False,,,2,False,,AUS
929915,Chongqing Handicap (Class 4) (Course A) (Turf),416,Sha Tin (HK),10/01/2026 21:40:00,Other,,,,3yo+,None,6f,6,1206,1320,Good To Firm,Turf,7117344,Oldtown,99123,Jerry Chau,32247,Mark Newnham,5,b,3,6,9-4,148,50/1,51,57,,,CompletedRace,7,0.75,3.25,00:01:09.4100000,69.41,20/1,21,18,651260,"£62,459",62459,57,68,,319567,Leung Shek On,Territories,IRE,St Gallen,False,False,,,2,True,,NZ
929915,Chongqing Handicap (Class 4) (Course A) (Turf),416,Sha Tin (HK),10/01/2026 21:40:00,Other,,,,3yo+,None,6f,6,1206,1320,Good To Firm,Turf,8660919,Tycoon Express,90687,C Y Ho,16095,C Fownes,4,t,12,8,8-8,136,29/1,30,45,,,CompletedRace,8,0.05,3.25,00:01:09.4100000,69.41,33/1,34,158,6500,"£62,459",62459,44,71,,242381,Brian Leung Hung Tak & Sophie Leung Lau Yau Fun,Written Tycoon,AUS,Ghadaayer,False,False,,,,False,,AUS
929915,Chongqing Handicap (Class 4) (Course A) (Turf),416,Sha Tin (HK),10/01/2026 21:40:00,Other,,,,3yo+,None,6f,6,1206,1320,Good To Firm,Turf,9828424,Prime Ace,88634,Karis Teetan,12739,J Size,4,e/s,5,1,9-2,146,11/1,12,53,,,CompletedRace,9,1.25,4.5,00:01:09.6600000,69.66,5/2,3.5,18,3,"£62,459",62459,53,67,,377666,"Alex Hon Koon Fai, Vincent Cheung Kiu Cho Et Al",Encryption,AUS,Epsilon,False,False,,,,True,,AUS
929915,Chongqing Handicap (Class 4) (Course A) (Turf),416,Sha Tin (HK),10/01/2026 21:40:00,Other,,,,3yo+,None,6f,6,1206,1320,Good To Firm,Turf,8917831,Casa Primo,83554,Richard Kingscote,20011,C W Chang,4,,14,10,8-4,132,11/1,12,41,,,CompletedRace,10,0.05,4.75,00:01:09.7100000,69.71,14/1,15,81,555658,"£62,459",62459,41,78,,368951,Casa Pal Syndicate,Harry Angel,IRE,Florabella,False,False,,,,False,,AUS
929915,Chongqing Handicap (Class 4) (Course A) (Turf),416,Sha Tin (HK),10/01/2026 21:40:00,Other,,,,3yo+,None,6f,6,1206,1320,Good To Firm,Turf,9377445,Private Wealth,94434,James Orman,23445,D J Hall,4,,6,3,9-1,145,15/1,16,52,,,CompletedRace,11,1.25,6,00:01:09.9600000,69.96,8/1,9,89,95,"£62,459",62459,52,65,,243104,Kenneth Chung Kin Shu,Capitalist,AUS,Tatcee,False,False,,,,False,,AUS
929915,Chongqing Handicap (Class 4) (Course A) (Turf),416,Sha Tin (HK),10/01/2026 21:40:00,Other,,,,3yo+,None,6f,6,1206,1320,Good To Firm,Turf,9092800,Lucky Bid,88434,Matthew Chadwick,35043,Jamie Richards,4,,10,9,8-9,137,117/1,118,46,,,CompletedRace,12,1,7,00:01:10.1600000,70.16,33/1,34,78,600,"£62,459",62459,46,71,,372373,"Adrian Kwan Chi Keung, Hui Wing Ka & Ho Siu Kong",Lucky Vega,IRE,Older Than Time,False,False,,,,True,,AUS
929915,Chongqing Handicap (Class 4) (Course A) (Turf),416,Sha Tin (HK),10/01/2026 21:40:00,Other,,,,3yo+,None,6f,6,1206,1320,Good To Firm,Turf,9227117,Almighty Warrior,82339,Zac Purton,12762,K W Lui,3,,1,11,9-9,153,49/10,5.9,60,,,CompletedRace,13,1.5,8.5,00:01:10.4600000,70.46,5/1,6,89,521,"£62,459",62459,60,89,,362713,Anthony Chung On Leung,Saxon Warrior,JPN,One Last Look,False,False,,,,False,,IRE
929915,Chongqing Handicap (Class 4) (Course A) (Turf),416,Sha Tin (HK),10/01/2026 21:40:00,Other,,,,3yo+,None,6f,6,1206,1320,Good To Firm,Turf,4982018,Healthy Healthy,102829,Nichola Yuen,39762,P C Ng,7,e/s,2,14,9-1,145,58/1,59,59,,,CompletedRace,14,3,11.5,00:01:11.0600000,71.06,25/1,26,78,-88017,"£62,459",62459,59,72,,378381,"Lo Kui Lun, Stanley Lo Shek Yin Et Al",Per Incanto,USA,Spritz,False,False,,,7,True,,NZ
929916,Beijing Handicap (Class 2) (Course A) (Turf),416,Sha Tin (HK),10/01/2026 10:10:00,Other,,,,3yo+,None,7f,7,1407,1540,Good,Turf,7006326,Sky Jewellery,94434,James Orman,12739,J Size,5,,1,7,9-8,152,71/10,8.1,95,,,CompletedRace,1,0,0,00:01:20.6000000,80.6,7/2,4.5,123,21-114,"£151,611",151611,95,104,,171786,Tung Moon Fai,The Autumn Sun,AUS,Rollout The Carpet,False,False,,,,True,,AUS
929916,Beijing Handicap (Class 2) (Course A) (Turf),416,Sha Tin (HK),10/01/2026 10:10:00,Other,,,,3yo+,None,7f,7,1407,1540,Good,Turf,8693203,Hot Delight,90687,C Y Ho,12762,K W Lui,4,t,2,9,9-2,146,29/10F,3.9,89,,,CompletedRace,2,0.1,0.1,00:01:20.6200000,80.62,5/1,6,116,11141,"£151,611",151611,89,101,,119798,Peter Law Kin Sang,Too Darn Hot,GB,Love Somebody,False,False,,,,False,,AUS
929916,Beijing Handicap (Class 2) (Course A) (Turf),416,Sha Tin (HK),10/01/2026 10:10:00,Other,,,,3yo+,None,7f,7,1407,1540,Good,Turf,3662413,Drombeg Banner,102829,Nichola Yuen,39762,P C Ng,7,,11,12,8-2,130,4/1,5,82,,,CompletedRace,3,1.5,1.5,00:01:20.9000000,80.9,12/1,13,25,240555,"£151,611",151611,82,114,,251801,"Clement Ma Kang Ching, Josiah Ma Pok Man & David Ma Yeuk Lai",Starspangledbanner,AUS,Drombeg Dawn,False,False,,,7,False,,IRE
929916,Beijing Handicap (Class 2) (Course A) (Turf),416,Sha Tin (HK),10/01/2026 10:10:00,Other,,,,3yo+,None,7f,7,1407,1540,Good,Turf,5722058,Infinite Resolve,87349,Andrea Atzeni,32247,Mark Newnham,5,,9,1,8-11,139,19/1,20,84,,,CompletedRace,4,0.3,2,00:01:21,81,8/1,9,25,699593,"£151,611",151611,84,108,,358903,Absolute Return Syndicate,Snitzel,AUS,Dee Nine Elle,False,False,,,,False,,AUS
929916,Beijing Handicap (Class 2) (Course A) (Turf),416,Sha Tin (HK),10/01/2026 10:10:00,Other,,,,3yo+,None,7f,7,1407,1540,Good,Turf,5845569,Regal Gem,88536,K C Leung,33689,F C Lor,4,,10,8,8-11,139,43/1,44,84,,,CompletedRace,5,0.05,2,00:01:21,81,16/1,17,92,243083,"£151,611",151611,84,106,,356125,Everest Syndicate,Zoustar,AUS,Sassy Dresser,False,False,,,,False,,GB
929916,Beijing Handicap (Class 2) (Course A) (Turf),416,Sha Tin (HK),10/01/2026 10:10:00,Other,,,,3yo+,None,7f,7,1407,1540,Good,Turf,6287951,Chill Easy,99123,Jerry Chau,13936,P F Yiu,4,p,3,10,8-12,140,73/10,8.3,87,,,CompletedRace,6,0.5,2.5,00:01:21.1000000,81.1,5/1,6,89,783211,"£151,611",151611,87,104,,360111,Tony Lo Chin Ho,Night Of Thunder,IRE,Timepiece,False,False,,,2,False,,GB
929916,Beijing Handicap (Class 2) (Course A) (Turf),416,Sha Tin (HK),10/01/2026 10:10:00,Other,,,,3yo+,None,7f,7,1407,1540,Good,Turf,6932585,Top Dragon,82339,Zac Purton,28673,W Y So,5,t,4,5,8-13,141,11/2,6.5,86,,,CompletedRace,7,0.3,2.75,00:01:21.1500000,81.15,8/1,9,92,-35279,"£151,611",151611,86,108,,353345,"Vincent To Wai Keung, K To Kin Ting & R To Yiu Ting",Pierata,AUS,Mica Lil,False,False,,,,False,,AUS
929916,Beijing Handicap (Class 2) (Course A) (Turf),416,Sha Tin (HK),10/01/2026 10:10:00,Other,,,,3yo+,None,7f,7,1407,1540,Good,Turf,5929064,Public Attention,85541,Alexis Badel,26238,Brett Crawford,5,,12,2,8-8,136,49/10,5.9,81,,,CompletedRace,8,1,3.75,00:01:21.3500000,81.35,10/1,11,25,403342,"£151,611",151611,81,106,,326159,Karen Lo Ki Yan,Written Tycoon,AUS,Legramor,False,False,,,,True,,NZ
929916,Beijing Handicap (Class 2) (Course A) (Turf),416,Sha Tin (HK),10/01/2026 10:10:00,Other,,,,3yo+,None,7f,7,1407,1540,Good,Turf,7046495,Beauty Bolt,101468,Angus Chung,12767,A S Cruz,4,t,6,6,8-10,138,13/1,14,85,,,CompletedRace,9,1.25,5,00:01:21.6000000,81.6,14/1,15,92,370692,"£151,611",151611,85,106,,225203,Eleanor Kwok Law Kwai Chun & Patrick Kwok Ho Chuen,Night Of Thunder,IRE,Song Maker,False,False,,,2,False,,IRE
929916,Beijing Handicap (Class 2) (Course A) (Turf),416,Sha Tin (HK),10/01/2026 10:10:00,Other,,,,3yo+,None,7f,7,1407,1540,Good,Turf,5188002,Victory Sky,95725,Matthew Poon,13936,P F Yiu,6,t,5,11,8-13,141,50/1,51,86,,,CompletedRace,10,1.75,6.75,00:01:21.9500000,81.95,8/1,9,25,512502,"£151,611",151611,86,104,,350925,Happy Victory Syndicate,U S Navy Flag,USA,No Tricks,False,False,,,,False,,AUS
929916,Beijing Handicap (Class 2) (Course A) (Turf),416,Sha Tin (HK),10/01/2026 10:10:00,Other,,,,3yo+,None,7f,7,1407,1540,Good,Turf,8101936,Bravefield,95383,Lyle Hewitson,16058,C S Shum,4,t,8,3,8-11,139,65/1,66,84,,,CompletedRace,11,0.75,7.5,00:01:22.1000000,82.1,33/1,34,292,,"£151,611",151611,84,,,299922,Yue Yun Hing & Anita Yue Lam Chik Sun,Can The Man,USA,Havana Club,False,False,,,,True,1,BRZ
929916,Beijing Handicap (Class 2) (Course A) (Turf),416,Sha Tin (HK),10/01/2026 10:10:00,Other,,,,3yo+,None,7f,7,1407,1540,Good,Turf,7627120,Emblazon,88632,Harry Bentley,40731,W K Mo,5,tp,7,4,8-12,140,72/1,73,85,,,CompletedRace,12,0.5,8,00:01:22.2000000,82.2,33/1,34,92,110097,"£151,611",151611,85,107,,284891,Military King's Syndicate,Zoustar,AUS,Princess Of Queens,False,False,,,,True,,AUS
929917,Tianjin Handicap (Class 3) (Course A) (Turf),416,Sha Tin (HK),10/01/2026 10:45:00,Other,,,,3yo+,None,7f,7,1407,1540,Good To Firm,Turf,7691572,Aerovolanic,102829,Nichola Yuen,39762,P C Ng,5,p,3,1,8-10,138,23/5,5.6,72,,,CompletedRace,1,0,0,00:01:21.2100000,81.21,5/1,6,18,163502,"£99,295",99295,72,87,,359344,Gwenny Wu Pui Kwan & Daniel Yeung Ngai,Frosted,USA,Conscious,False,False,,,7,True,,AUS
929917,Tianjin Handicap (Class 3) (Course A) (Turf),416,Sha Tin (HK),10/01/2026 10:45:00,Other,,,,3yo+,None,7f,7,1407,1540,Good To Firm,Turf,7834582,Chill Buddy,99123,Jerry Chau,13936,P F Yiu,5,t,1,8,9-7,151,14/1,15,78,,,CompletedRace,2,0.2,0.2,00:01:21.2500000,81.25,8/1,9,18,614912,"£99,295",99295,78,88,,360111,Tony Lo Chin Ho,Flying Artie,AUS,Ouija,False,False,,,2,False,,AUS
929917,Tianjin Handicap (Class 3) (Course A) (Turf),416,Sha Tin (HK),10/01/2026 10:45:00,Other,,,,3yo+,None,7f,7,1407,1540,Good To Firm,Turf,9060310,Superb Spirit,82339,Zac Purton,12762,K W Lui,4,,7,4,8-12,140,27/10,3.7,67,,,CompletedRace,3,0.75,1,00:01:21.4100000,81.41,9/4,3.25,89,4112,"£99,295",99295,67,87,,359795,Mak Kai Chung,Zousain,AUS,Totally Sure,False,False,,,,False,,AUS
929917,Tianjin Handicap (Class 3) (Course A) (Turf),416,Sha Tin (HK),10/01/2026 10:45:00,Other,,,,3yo+,None,7f,7,1407,1540,Good To Firm,Turf,8725447,Master Lucky,87349,Andrea Atzeni,12739,J Size,5,,14,5,8-6,134,19/10F,2.9,61,,,CompletedRace,4,0.05,1,00:01:21.4100000,81.41,7/1,8,25,753212,"£99,295",99295,61,86,,269886,Fok Yuk Tong,Shamus Award,AUS,Under The Sea,False,False,,,,False,,AUS
929917,Tianjin Handicap (Class 3) (Course A) (Turf),416,Sha Tin (HK),10/01/2026 10:45:00,Other,,,,3yo+,None,7f,7,1407,1540,Good To Firm,Turf,3900191,Samarkand,95383,Lyle Hewitson,35043,Jamie Richards,8,,10,14,8-10,138,116/1,117,65,,,CompletedRace,5,0.3,1.25,00:01:21.4600000,81.46,25/1,26,22,-67240,"£99,295",99295,65,88,,325144,Dragon Imperial Syndicate,Mongolian Khan,AUS,Shimmy,False,False,,,,False,,NZ
929917,Tianjin Handicap (Class 3) (Course A) (Turf),416,Sha Tin (HK),10/01/2026 10:45:00,Other,,,,3yo+,None,7f,7,1407,1540,Good To Firm,Turf,6291908,Natural Numbers,88434,Matthew Chadwick,17998,Y S Tsui,5,b,12,10,8-8,136,37/1,38,63,,,CompletedRace,6,0.5,1.75,00:01:21.5600000,81.56,50/1,51,137,350070,"£99,295",99295,63,94,,301754,Exceed Expectations Syndicate,Alabama Express,AUS,Written Era,False,False,,,,True,,AUS
929917,Tianjin Handicap (Class 3) (Course A) (Turf),416,Sha Tin (HK),10/01/2026 10:45:00,Other,,,,3yo+,None,7f,7,1407,1540,Good To Firm,Turf,6838383,Fortune Boy,88939,Brenton Avdulla,3550,David A Hayes,5,b,6,12,8-12,140,43/1,44,67,,,CompletedRace,7,0.3,2,00:01:21.6100000,81.61,33/1,34,81,424760,"£99,295",99295,67,92,,244162,Ricky Wong Kin Chat & Helen Leung Yee Wan,Contributer,IRE,Gin Dartre,False,False,,,,False,,NZ
929917,Tianjin Handicap (Class 3) (Course A) (Turf),416,Sha Tin (HK),10/01/2026 10:45:00,Other,,,,3yo+,None,7f,7,1407,1540,Good To Firm,Turf,8839183,Papaya Brose,90687,C Y Ho,16095,C Fownes,4,t,9,3,8-11,139,15/1,16,66,,,CompletedRace,8,0.75,2.75,00:01:21.7600000,81.76,8/1,9,123,1341,"£99,295",99295,66,84,,257532,Peter Young Wai Po,Zousain,AUS,Leami Astray,False,False,,,,True,,AUS
929917,Tianjin Handicap (Class 3) (Course A) (Turf),416,Sha Tin (HK),10/01/2026 10:45:00,Other,,,,3yo+,None,7f,7,1407,1540,Good To Firm,Turf,5244558,King Of Fighters,88634,Karis Teetan,26238,Brett Crawford,6,,13,13,8-7,135,65/1,66,62,,,CompletedRace,9,0.5,3.25,00:01:21.8600000,81.86,33/1,34,78,996517,"£99,295",99295,62,89,,242637,Calvin Cheng Ka Sing,Street Boss,USA,Go Straightandhard,False,False,,,,False,,AUS
929917,Tianjin Handicap (Class 3) (Course A) (Turf),416,Sha Tin (HK),10/01/2026 10:45:00,Other,,,,3yo+,None,7f,7,1407,1540,Good To Firm,Turf,9828426,Money Games,94434,James Orman,32247,Mark Newnham,4,,8,9,8-11,139,12/1,13,66,,,CompletedRace,10,0.3,3.75,00:01:21.9600000,81.96,8/1,9,18,11-6,"£99,295",99295,66,82,,377668,Racing High Together Syndicate,Casino Prince,AUS,Sequenzalot,False,False,,,,False,,AUS
929917,Tianjin Handicap (Class 3) (Course A) (Turf),416,Sha Tin (HK),10/01/2026 10:45:00,Other,,,,3yo+,None,7f,7,1407,1540,Good To Firm,Turf,6706340,Flying Fortress,88632,Harry Bentley,40731,W K Mo,6,tp,4,7,9-0,144,7/1,8,69,,,CompletedRace,11,0.05,3.75,00:01:21.9600000,81.96,6/1,7,25,066562,"£99,295",99295,69,96,,351472,23/24 Cody Mo Wai Kit Trainer Syndicate,Shamexpress,NZ,Starguru,False,False,,,,False,,NZ
929917,Tianjin Handicap (Class 3) (Course A) (Turf),416,Sha Tin (HK),10/01/2026 10:45:00,Other,,,,3yo+,None,7f,7,1407,1540,Good To Firm,Turf,9499105,Sonic Liner,103216,Britney Wong,35043,Jamie Richards,4,,5,6,8-6,134,157/1,158,68,,,CompletedRace,12,0.75,4.5,00:01:22.1100000,82.11,66/1,67,89,2173-9,"£99,295",99295,68,74,,242393,Ngo Tai Tak,Snitzel,AUS,Presque Isle,False,False,,,7,True,,AUS
929917,Tianjin Handicap (Class 3) (Course A) (Turf),416,Sha Tin (HK),10/01/2026 10:45:00,Other,,,,3yo+,None,7f,7,1407,1540,Good To Firm,Turf,9915006,Leather Hero,95725,Matthew Poon,15856,C H Yip,4,t,11,11,8-9,137,93/1,94,64,,,CompletedRace,13,1,5.5,00:01:22.3100000,82.31,16/1,17,,1,"£99,295",99295,64,,,285168,Michael Yeung Wah Keung,Hellbent,AUS,Jive Dancing,False,False,,,,False,,AUS
929917,Tianjin Handicap (Class 3) (Course A) (Turf),416,Sha Tin (HK),10/01/2026 10:45:00,Other,,,,3yo+,None,7f,7,1407,1540,Good To Firm,Turf,8414386,Joyfield,88536,K C Leung,16058,C S Shum,4,t,2,2,9-5,149,95/1,96,74,,,CompletedRace,14,1.25,6.75,00:01:22.5600000,82.56,66/1,67,320,,"£99,295",99295,74,,,300521,Harmony Racing Syndicate,Goldikovic,IRE,Qualibet,False,False,,,,True,1,BRZ
929918,Shanghai Handicap (Class 3) (Course A) (Turf),416,Sha Tin (HK),10/01/2026 11:20:00,Other,,,,3yo+,None,6f,6,1206,1320,Good To Firm,Turf,8917834,Absolute Heart,88536,K C Leung,40731,W K Mo,4,t,6,1,8-10,138,9/2,5.5,67,,,CompletedRace,1,0,0,00:01:08.4600000,68.46,3/1,4,102,181,"£99,295",99295,67,86,,355834,Mr & Mrs Alan Hu,Bivouac,AUS,Folk Song,False,False,,,,False,,AUS
929918,Shanghai Handicap (Class 3) (Course A) (Turf),416,Sha Tin (HK),10/01/2026 11:20:00,Other,,,,3yo+,None,6f,6,1206,1320,Good To Firm,Turf,8432132,Majestic Valour,82339,Zac Purton,16058,C S Shum,5,t,11,9,8-8,136,63/10,7.3,65,,,CompletedRace,2,0.5,0.5,00:01:08.5600000,68.56,11/2,6.5,81,-16588,"£99,295",99295,65,91,,364831,Richard Yue Wah Chuk & David Pao,Toronado,IRE,Margiela,False,False,,,,False,1,AUS
929918,Shanghai Handicap (Class 3) (Course A) (Turf),416,Sha Tin (HK),10/01/2026 11:20:00,Other,,,,3yo+,None,6f,6,1206,1320,Good To Firm,Turf,7739737,Thousand Spirit,95383,Lyle Hewitson,32247,Mark Newnham,5,,13,13,8-6,134,80/1,81,63,,,CompletedRace,3,1,1.5,00:01:08.7600000,68.76,50/1,51,25,120988,"£99,295",99295,62,92,,359634,Thousand Cups Syndicate,Exceedance,AUS,La Questa,False,False,,,,False,,AUS
929918,Shanghai Handicap (Class 3) (Course A) (Turf),416,Sha Tin (HK),10/01/2026 11:20:00,Other,,,,3yo+,None,6f,6,1206,1320,Good To Firm,Turf,8210044,Gloryspeed,101468,Angus Chung,12767,A S Cruz,4,t,7,10,8-8,136,14/1,15,67,,,CompletedRace,4,0.05,1.5,00:01:08.7600000,68.76,40/1,41,313,2144-,"£99,295",99295,67,,,378382,"Clifton Tang, Stanley Kwok Kar Kuen Et Al",I Am Invincible,AUS,Diademe,False,False,,,2,True,1,AUS
929918,Shanghai Handicap (Class 3) (Course A) (Turf),416,Sha Tin (HK),10/01/2026 11:20:00,Other,,,,3yo+,None,6f,6,1206,1320,Good To Firm,Turf,8807025,The Heir,88632,Harry Bentley,16095,C Fownes,7,,9,3,8-10,138,14/1,15,67,,,CompletedRace,5,0.3,1.75,00:01:08.8100000,68.81,14/1,15,25,351133,"£99,295",99295,67,88,,237137,Eddie Junior Yau,Impending,AUS,Isola Blu,False,False,,,,False,,AUS
929918,Shanghai Handicap (Class 3) (Course A) (Turf),416,Sha Tin (HK),10/01/2026 11:20:00,Other,,,,3yo+,None,6f,6,1206,1320,Good To Firm,Turf,7209388,Super Strong Kid,98196,L J Ferraris,12787,K L Man,5,,4,4,8-13,141,84/10,9.4,70,,,CompletedRace,6,0.75,2.5,00:01:08.9600000,68.96,10/1,11,25,35-727,"£99,295",99295,70,92,,355513,Mr & Mrs Chan Hou Bo & Chan Jenny Chun Lai,Brutal,NZ,Cappamore,False,False,,,,True,,AUS
929918,Shanghai Handicap (Class 3) (Course A) (Turf),416,Sha Tin (HK),10/01/2026 11:20:00,Other,,,,3yo+,None,6f,6,1206,1320,Good To Firm,Turf,9060309,Lucrative Eight,95725,Matthew Poon,13936,P F Yiu,4,t,10,2,8-8,136,10/1,11,65,,,CompletedRace,7,0.05,2.75,00:01:09.0100000,69.01,9/2,5.5,89,32221,"£99,295",99295,65,96,,248307,Uno Eight Syndicate,Foxwedge,AUS,Talkingdol,False,False,,,,True,,AUS
929918,Shanghai Handicap (Class 3) (Course A) (Turf),416,Sha Tin (HK),10/01/2026 11:20:00,Other,,,,3yo+,None,6f,6,1206,1320,Good To Firm,Turf,5571400,Pi Legend,88634,Karis Teetan,26238,Brett Crawford,5,,1,11,9-9,153,61/10,7.1,80,,,CompletedRace,8,0.05,2.75,00:01:09.0100000,69.01,12/1,13,81,517011,"£99,295",99295,80,84,,365565,Pi Syndicate,I Am Invincible,AUS,Booker,False,False,,,,False,,AUS
929918,Shanghai Handicap (Class 3) (Course A) (Turf),416,Sha Tin (HK),10/01/2026 11:20:00,Other,,,,3yo+,None,6f,6,1206,1320,Good To Firm,Turf,7771315,Mr Desira,85541,Alexis Badel,16095,C Fownes,5,v,12,8,8-5,133,19/1,20,62,,,CompletedRace,9,1,3.75,00:01:09.2100000,69.21,50/1,51,92,40-077,"£99,295",99295,62,95,,162034,Wong Cho Bau,All Too Hard,AUS,Piazza Del Campo,False,False,,,,True,,AUS
929918,Shanghai Handicap (Class 3) (Course A) (Turf),416,Sha Tin (HK),10/01/2026 11:20:00,Other,,,,3yo+,None,6f,6,1206,1320,Good To Firm,Turf,554611,Red Sea,87349,Andrea Atzeni,35043,Jamie Richards,5,t,5,7,8-12,140,38/1,39,69,,,CompletedRace,10,0.3,4,00:01:09.2600000,69.26,20/1,21,89,5/3300,"£99,295",99295,69,95,,263500,Brendan Jon Lindsay,Pierata,AUS,Egyptian Cross,False,False,,,,True,,NZ
929918,Shanghai Handicap (Class 3) (Course A) (Turf),416,Sha Tin (HK),10/01/2026 11:20:00,Other,,,,3yo+,None,6f,6,1206,1320,Good To Firm,Turf,7020681,Spicy Standard,88939,Brenton Avdulla,12739,J Size,5,,8,5,8-10,138,29/10F,3.9,67,,,CompletedRace,11,1,5,00:01:09.4600000,69.46,6/1,7,25,727531,"£99,295",99295,67,87,,354025,Ng Chong Muk,Pierata,AUS,Queen Caesar,False,False,,,,False,,AUS
929918,Shanghai Handicap (Class 3) (Course A) (Turf),416,Sha Tin (HK),10/01/2026 11:20:00,Other,,,,3yo+,None,6f,6,1206,1320,Good To Firm,Turf,6107013,Perfect General,90687,C Y Ho,16095,C Fownes,6,t,2,12,9-5,149,62/1,63,76,,,CompletedRace,12,4.5,9.5,00:01:10.3600000,70.36,14/1,15,89,-13914,"£99,295",99295,76,87,,346437,Mr & Mrs Ringo Ng Yiu Kwok & Quentin Ng Kwan Wai,Zoustar,AUS,Honey Rider,False,False,,,,False,,AUS
929918,Shanghai Handicap (Class 3) (Course A) (Turf),416,Sha Tin (HK),10/01/2026 11:20:00,Other,,,,3yo+,None,6f,6,1206,1320,Good To Firm,Turf,7209389,Mount Everest,88300,M L Yeung,28673,W Y So,5,,14,6,8-3,131,53/1,54,60,,,CompletedRace,13,1.25,10.75,00:01:10.6100000,70.61,66/1,67,89,1-5999,"£99,295",99295,60,92,,328262,Kendrick Wong Chun Kit,Exceed And Excel,AUS,Divine Centuri,False,False,,,,False,,AUS
929918,Shanghai Handicap (Class 3) (Course A) (Turf),416,Sha Tin (HK),10/01/2026 11:20:00,Other,,,,3yo+,None,6f,6,1206,1320,Good To Firm,Turf,9227135,Effortless Win,99123,Jerry Chau,33689,F C Lor,4,p,3,14,8-13,141,18/1,19,72,,,CompletedRace,14,2.75,13.5,00:01:11.1600000,71.16,7/1,8,92,1-123,"£99,295",99295,72,92,,372374,25/26 Frankie Lor Fu Chuen Trainer Syndicate (2),Anders,AUS,Femina Fashion,False,False,,,2,False,,AUS
