RaceId,RaceName,CourseId,CourseName,Off,RaceType,Class,Pattern,RatingBand,AgeBand,SexRestriction,Distance,DistanceInFurlongs,DistanceInMeters,DistanceInYards,Going,Surface,HorseId,HorseName,JockeyId,JockeyName,TrainerId,TrainerName,Age,HeadGear,RaceCardNumber,StallNumber,Weight,WeightInPounds,FractionalOdds,DecimalOdds,OfficialRating,RacingPostRating,TopSpeedRating,ResultStatus,FinishingPosition,BeatenDistance,OverallBeatenDistance,RaceTime,RaceTimeInSeconds,ForecastFractionalOdds,ForecastDecimalOdds,DaysSinceLastRun,FormFigures,PrizeMoney,PrizeMoneyValue,CardOfficialRating,CardRacingPostRating,CardTopSpeedRating,OwnerId,OwnerName,SireName,SireCountry,DamName,HeadgearFirstTime,GeldingFirstTime,WindSurgery,TrainerRtf,JockeyAllowanceLbs,JockeyFirstTime,NewTrainerRacesCount,CountryOfOrigin
925819,Matchbook Betting Exchange Supporting UK Racing Handicap,7,Brighton,09/01/2026 16:06:00,Other,Class 5,,0-75,3yo,None,5½f,5.5,1105,1210,Good,Turf,7529951,Loleeta,102043,Chloe Lyons,8543,Stuart Williams,3,,2,1,8-10,138,10/1,11,66,,,CompletedRace,1,0,0,00:01:02.2900000,62.29,7/1,8,24,-68255,"£4,187",4187,66,80,30,343451,No Fun Winning Alone Club,Tasleet,GB,Lolamotion,False,False,,52,7,False,,GB
925819,Matchbook Betting Exchange Supporting UK Racing Handicap,7,Brighton,09/01/2026 16:06:00,Other,Class 5,,0-75,3yo,None,5½f,5.5,1105,1210,Good,Turf,8406272,My Mate Mackley,99724,Tyler Heard,42921,Adam Kirby,3,p,5,6,8-5,133,5/1,6,54,,,CompletedRace,2,1.75,1.75,00:01:02.6400000,62.64,7/2,4.5,18,224213,"£4,187",4187,54,77,68,368987,Adam Kirby,Tasleet,GB,Royal Silk,False,False,,20,,False,,GB
925819,Matchbook Betting Exchange Supporting UK Racing Handicap,7,Brighton,09/01/2026 16:06:00,Other,Class 5,,0-75,3yo,None,5½f,5.5,1105,1210,Good,Turf,7020235,Beach Partee,83588,Kieran O'Neill,26099,Scott Dixon,3,v,4,4,8-7,135,5/2,3.5,56,,,CompletedRace,3,0.2,2,00:01:02.6900000,62.69,11/2,6.5,8,644283,"£4,187",4187,56,82,67,356686,Amphitheatre Racing Limited,Lope Y Fernandez,IRE,Parsnip,False,False,,42,,False,,GB
925819,Matchbook Betting Exchange Supporting UK Racing Handicap,7,Brighton,09/01/2026 16:06:00,Other,Class 5,,0-75,3yo,None,5½f,5.5,1105,1210,Good,Turf,7529936,Havana Jag,101550,Liam Wright,10308,John Gallagher,3,p1,3,3,8-6,134,5/1,6,58,,,CompletedRace,4,5.5,7.5,00:01:03.7900000,63.79,11/2,6.5,27,444233,"£4,187",4187,58,81,77,9991,H James,Havana Grey,GB,Poppy Jag,True,False,,33,3,True,,GB
925819,Matchbook Betting Exchange Supporting UK Racing Handicap,7,Brighton,09/01/2026 16:06:00,Other,Class 5,,0-75,3yo,None,5½f,5.5,1105,1210,Good,Turf,7020143,London Is Blue,98301,Marco Ghiani,12057,Robert Cowell,3,p,1,5,9-9,153,2/1F,3,72,,,CompletedRace,5,3.75,11.25,00:01:04.5400000,64.54,11/4,3.75,17,0-4202,"£4,187",4187,72,80,61,349609,S Geraghty,Territories,IRE,Tasman Sea,False,False,,36,,False,,GB
925819,Matchbook Betting Exchange Supporting UK Racing Handicap,7,Brighton,09/01/2026 16:06:00,Other,Class 5,,0-75,3yo,None,5½f,5.5,1105,1210,Good,Turf,7762494,Shining Guest,83746,Silvestre De Sousa,9796,George Margarson,3,,6,2,8-4,132,11/1,12,53,,,CompletedRace,6,13,24.25,00:01:07.1400000,67.14,100/30,4.333333333333334,27,67-652,"£4,187",4187,53,76,67,193155,John Guest Racing,Starman,GB,Under Offer,False,False,,57,,False,,IRE
925818,Bet £20 Get £40 In Free Bets At matchbook.com Restricted Maiden Stakes (Bands C/D) (GBB Race),7,Brighton,09/01/2026 16:36:00,Other,Class 5,,,3-5yo,None,7f,7,1407,1540,Good,Turf,7020185,Norfolk Blue,98301,Marco Ghiani,17966,William Knight,3,p,1,1,9-7,151,4/11F,1.3636363636363638,67,,,CompletedRace,1,0,0,00:01:23.6300000,83.63,4/7,1.5714285714285714,24,442525,"£4,187",4187,67,77,75,353938,Norfolk Thoroughbreds II,A'Ali,IRE,Kinderfrau,False,False,,60,,True,,IRE
925818,Bet £20 Get £40 In Free Bets At matchbook.com Restricted Maiden Stakes (Bands C/D) (GBB Race),7,Brighton,09/01/2026 16:36:00,Other,Class 5,,,3-5yo,None,7f,7,1407,1540,Good,Turf,9568646,Inspectre,95815,Darragh Keenan,41396,Gary & Josh Moore,3,,2,2,9-5,149,6/1,7,,,,CompletedRace,2,1,1,00:01:23.8300000,83.83,4/1,5,15,04,"£4,187",4187,,72,,351675,Jane Davis And Sara Mould,Inns Of Court,IRE,Sciarra,False,False,,42,,True,,IRE
925818,Bet £20 Get £40 In Free Bets At matchbook.com Restricted Maiden Stakes (Bands C/D) (GBB Race),7,Brighton,09/01/2026 16:36:00,Other,Class 5,,,3-5yo,None,7f,7,1407,1540,Good,Turf,7952272,Twilight Baby,100350,Saffie Osborne,6964,Gay Kelleway,3,,4,4,9-0,144,10/1,11,57,,,CompletedRace,3,3.5,4.5,00:01:24.5300000,84.53,13/2,7.5,44,9-83,"£4,187",4187,57,66,41,114925,Winterbeck Manor Stud,Twilight Son,GB,Yeah Baby Yeah,False,False,,100,,True,,GB
925818,Bet £20 Get £40 In Free Bets At matchbook.com Restricted Maiden Stakes (Bands C/D) (GBB Race),7,Brighton,09/01/2026 16:36:00,Other,Class 5,,,3-5yo,None,7f,7,1407,1540,Good,Turf,9350212,Muchacho,83746,Silvestre De Sousa,31785,Hilal Kobeissi,3,p1,3,3,9-5,149,15/2,8.5,,,,CompletedRace,4,9.5,14,00:01:26.4300000,86.43,11/2,6.5,75,43,"£4,187",4187,,61,26,253671,Al Jasra Racing,Ardad,IRE,Lorelei Rock,True,True,,,,True,,IRE
925821,"#matchbooklovesracing ""Confined"" Handicap (For Horses Who Have Not Won A Race In 2026)",7,Brighton,09/01/2026 17:06:00,Other,Class 6,,0-55,3yo+,None,1m2f,10,2010,2200,Good,Turf,3425678,Jenson Benson,87589,Gina Mangan,14024,Shaun Lycett,8,p,2,2,9-6,150,9/2,5.5,52,,,CompletedRace,1,0,0,00:02:04.2400000,124.24,7/2,4.5,31,8465-2,"£3,454",3454,52,69,35,220327,L & M Atkins,Kodi Bear,IRE,Star Fire,False,False,,100,,False,,IRE
925821,"#matchbooklovesracing ""Confined"" Handicap (For Horses Who Have Not Won A Race In 2026)",7,Brighton,09/01/2026 17:06:00,Other,Class 6,,0-55,3yo+,None,1m2f,10,2010,2200,Good,Turf,6261007,Makes Me Wonder,100868,Taryn Langley,16143,David Simcock,4,,1,8,9-4,148,3/1F,4,55,,,CompletedRace,2,0.75,0.75,00:02:04.3900000,124.39,5/2,3.5,17,244-82,"£3,454",3454,55,67,,283613,John Cook & Partner,Holy Roman Emperor,IRE,Lights On Me,False,False,,82,5,False,,GB
925821,"#matchbooklovesracing ""Confined"" Handicap (For Horses Who Have Not Won A Race In 2026)",7,Brighton,09/01/2026 17:06:00,Other,Class 6,,0-55,3yo+,None,1m2f,10,2010,2200,Good,Turf,5186091,Thundering Breeze,95785,Finley Marsh,41396,Gary & Josh Moore,5,,7,4,9-0,144,15/2,8.5,46,,,CompletedRace,3,0.2,1,00:02:04.4400000,124.44,15/2,8.5,25,5-2746,"£3,454",3454,46,67,32,306479,Neal And Sheralee Grayston,Dark Angel,IRE,Tamarisk,False,False,,42,,False,,IRE
925821,"#matchbooklovesracing ""Confined"" Handicap (For Horses Who Have Not Won A Race In 2026)",7,Brighton,09/01/2026 17:06:00,Other,Class 6,,0-55,3yo+,None,1m2f,10,2010,2200,Good,Turf,4320833,Twilight Guest,83746,Silvestre De Sousa,9796,George Margarson,6,p,8,1,9-0,144,10/1,11,46,,,CompletedRace,4,1,2,00:02:04.6400000,124.64,12/1,13,35,076446,"£3,454",3454,46,62,35,193155,John Guest Racing,Twilight Son,GB,Astrosecret,False,False,,57,,True,,GB
925821,"#matchbooklovesracing ""Confined"" Handicap (For Horses Who Have Not Won A Race In 2026)",7,Brighton,09/01/2026 17:06:00,Other,Class 6,,0-55,3yo+,None,1m2f,10,2010,2200,Good,Turf,4310837,Oh So Audacious,100350,Saffie Osborne,39483,Jack Jones,7,p,6,5,9-0,144,12/1,13,46,,,CompletedRace,5,0.5,2.5,00:02:04.7400000,124.74,13/2,7.5,18,-84944,"£3,454",3454,46,62,48,147821,The Eight Of Diamonds,Mukhadram,GB,Oh So Saucy,False,False,,57,,True,,GB
925821,"#matchbooklovesracing ""Confined"" Handicap (For Horses Who Have Not Won A Race In 2026)",7,Brighton,09/01/2026 17:06:00,Other,Class 6,,0-55,3yo+,None,1m2f,10,2010,2200,Good,Turf,8463842,Delevingne Dream,94575,George Wood,38304,Harry Eustace,3,p,5,3,9-2,146,9/1,10,54,,,CompletedRace,6,2.25,4.75,00:02:05.1900000,125.19,10/1,11,14,0-0775,"£3,454",3454,54,63,41,365137,Cj Thoroughbreds And Partners,Churchill,IRE,Sweet Dream,False,False,,69,,False,,IRE
925821,"#matchbooklovesracing ""Confined"" Handicap (For Horses Who Have Not Won A Race In 2026)",7,Brighton,09/01/2026 17:06:00,Other,Class 6,,0-55,3yo+,None,1m2f,10,2010,2200,Good,Turf,7139146,All About George,92801,Josephine Gordon,25857,Keiran Burke,4,v1,9,10,9-0,144,11/2,6.5,46,,,CompletedRace,7,5.5,10.25,00:02:06.2900000,126.29,8/1,9,18,-75438,"£3,454",3454,46,62,48,304850,Mrs Michelle Anne Crook,Tasleet,GB,Roshina,True,False,,100,,False,,GB
925821,"#matchbooklovesracing ""Confined"" Handicap (For Horses Who Have Not Won A Race In 2026)",7,Brighton,09/01/2026 17:06:00,Other,Class 6,,0-55,3yo+,None,1m2f,10,2010,2200,Good,Turf,7861448,Maryland Star,83588,Kieran O'Neill,15107,Dean Ivory,3,h,10,7,8-8,136,11/1,12,46,,,CompletedRace,8,1.5,11.75,00:02:06.5900000,126.59,20/1,21,5,380579,"£3,454",3454,46,62,37,126770,Radlett Racing,Cable Bay,IRE,All Things Gold,False,False,,40,,True,,GB
925821,"#matchbooklovesracing ""Confined"" Handicap (For Horses Who Have Not Won A Race In 2026)",7,Brighton,09/01/2026 17:06:00,Other,Class 6,,0-55,3yo+,None,1m2f,10,2010,2200,Good,Turf,7622794,Quite Sweet,84882,William Carson,9714,Tony Carroll,4,,3,9,9-5,149,22/1,23,51,,,CompletedRace,9,0.1,11.75,00:02:06.5900000,126.59,14/1,15,27,7-6094,"£3,454",3454,51,65,18,118151,Wedgewood Estates,Rio De La Plata,USA,Shoyd,False,False,,40,,False,,FR
925821,"#matchbooklovesracing ""Confined"" Handicap (For Horses Who Have Not Won A Race In 2026)",7,Brighton,09/01/2026 17:06:00,Other,Class 6,,0-55,3yo+,None,1m2f,10,2010,2200,Good,Turf,58956171,Sangara,96836,George Bass,6505,Sheena West,4,h,4,6,9-2,146,10/1,11,48,,,CompletedRace,10,1.25,13,00:02:06.8400000,126.84,14/1,15,8,030-55,"£3,454",3454,48,66,49,44469,Miss Sheena West,Bungle Inthejungle,GB,Jeremys Joy,False,False,,25,,False,,IRE
925820,Follow Matchbook On X Handicap,7,Brighton,09/01/2026 17:40:00,Other,Class 6,,0-55,4yo+,None,1m4f,12,2412,2640,Good,Turf,2057725,Bug Boy,100868,Taryn Langley,8776,Tony Newcombe,10,,2,8,9-3,147,22/1,23,54,,,CompletedRace,1,0,0,00:02:33.6200000,153.62,25/1,26,48,4/5-67,"£3,454",3454,54,63,39,211084,Dr S P Hargreaves,Big Bad Bob,IRE,Velvetina,False,False,,,5,False,,IRE
925820,Follow Matchbook On X Handicap,7,Brighton,09/01/2026 17:40:00,Other,Class 6,,0-55,4yo+,None,1m4f,12,2412,2640,Good,Turf,6974143,Highland Harvey,95815,Darragh Keenan,43174,Gihan Arnolda,4,,4,3,9-6,150,7/4F,2.75,52,,,CompletedRace,2,0.3,0.3,00:02:33.6800000,153.68,7/2,4.5,9,521333,"£3,454",3454,52,67,50,339918,Chris Housego,Highland Reel,IRE,Perfecimperfection,False,False,,57,,True,,IRE
925820,Follow Matchbook On X Handicap,7,Brighton,09/01/2026 17:40:00,Other,Class 6,,0-55,4yo+,None,1m4f,12,2412,2640,Good,Turf,5598638,Clipsham Noble,101550,Liam Wright,41928,Charlie Clover,4,p,5,4,9-2,146,6/1,7,51,,,CompletedRace,3,0.3,0.5,00:02:33.7200000,153.72,3/1,4,23,414614,"£3,454",3454,51,65,56,266992,F Morley,Mehmas,IRE,Not Misbegotten,False,False,,67,3,False,,IRE
925820,Follow Matchbook On X Handicap,7,Brighton,09/01/2026 17:40:00,Other,Class 6,,0-55,4yo+,None,1m4f,12,2412,2640,Good,Turf,4348730,Foinix,95785,Finley Marsh,39840,Jim & Suzi Best,6,b,3,2,9-6,150,11/1,12,52,,,CompletedRace,4,1.25,1.75,00:02:33.9700000,153.97,10/1,11,14,773217,"£3,454",3454,52,64,41,376969,"J Pook, J May, S Holden, T Helliwell",Phoenix Reach,IRE,Yeah Baby Yeah,False,False,,36,,False,,GB
925820,Follow Matchbook On X Handicap,7,Brighton,09/01/2026 17:40:00,Other,Class 6,,0-55,4yo+,None,1m4f,12,2412,2640,Good,Turf,7015791,La Trinite,89627,Charles Bishop,7236,Neil King,4,,6,1,9-2,146,4/1,5,48,,,CompletedRace,5,0.2,2,00:02:34.0200000,154.02,5/1,6,35,69-233,"£3,454",3454,48,65,55,203996,J L Rowsell,Time Test,GB,Silken Ocean,False,False,,,,True,,GB
925820,Follow Matchbook On X Handicap,7,Brighton,09/01/2026 17:40:00,Other,Class 6,,0-55,4yo+,None,1m4f,12,2412,2640,Good,Turf,6120963,Gretna Dreams,104790,Harry Vigors,8543,Stuart Williams,4,,1,7,9-4,148,4/1,5,55,,,CompletedRace,6,0.5,2.5,00:02:34.1200000,154.12,4/1,5,18,7-7B36,"£3,454",3454,55,67,46,313102,"J Sarkar, D Sarkar, O Sarkar & D Sarkar",Ghaiyyath,IRE,Elope,False,False,,52,5,True,,IRE
925820,Follow Matchbook On X Handicap,7,Brighton,09/01/2026 17:40:00,Other,Class 6,,0-55,4yo+,None,1m4f,12,2412,2640,Good,Turf,8481037,Winston's Oath,94575,George Wood,40072,James Owen,4,b1,8,5,9-0,144,20/1,21,46,,,CompletedRace,7,3.5,6,00:02:34.8200000,154.82,8/1,9,19,446,"£3,454",3454,46,54,28,375585,T Parry,Churchill,IRE,Honor Bound,True,False,,51,,True,,IRE
925820,Follow Matchbook On X Handicap,7,Brighton,09/01/2026 17:40:00,Other,Class 6,,0-55,4yo+,None,1m4f,12,2412,2640,Good,Turf,5982513,Fitzmaurice,83746,Silvestre De Sousa,9714,Tony Carroll,4,,7,6,9-0,144,11/1,12,46,,,CompletedRace,8,21,27,00:02:39.0200000,159.02,15/2,8.5,25,687852,"£3,454",3454,46,64,51,56434,A W Carroll,Wootton Bassett,GB,Always A Dream,False,False,,40,,True,,IRE
925822,Download The Matchbook App Handicap,7,Brighton,09/01/2026 18:15:00,Other,Class 6,,0-55,3yo+,None,1m,8,1608,1760,Good,Turf,7771197,Shes Got The Blues,83746,Silvestre De Sousa,9714,Tony Carroll,3,,2,8,9-6,150,100/30,4.333333333333334,55,,,CompletedRace,1,0,0,00:01:35.7500000,95.75,9/4,3.25,25,541133,"£3,454",3454,55,63,56,203850,Ian Furlong,Space Blues,IRE,Valtina,False,False,,40,,True,,IRE
925822,Download The Matchbook App Handicap,7,Brighton,09/01/2026 18:15:00,Other,Class 6,,0-55,3yo+,None,1m,8,1608,1760,Good,Turf,5172490,King David,100350,Saffie Osborne,6964,Gay Kelleway,5,b,1,7,9-9,153,2/1F,3,53,,,CompletedRace,2,3,3,00:01:36.3500000,96.35,7/2,4.5,8,478952,"£3,454",3454,53,68,59,373832,"Moynihan,Crew,Patterson,Brian,Kelleway",Exceed And Excel,AUS,Lady Rosamunde,False,False,,100,,False,,IRE
925822,Download The Matchbook App Handicap,7,Brighton,09/01/2026 18:15:00,Other,Class 6,,0-55,3yo+,None,1m,8,1608,1760,Good,Turf,6287972,Turpin,101550,Liam Wright,15108,Jim Boyle,4,p1,7,1,9-0,144,14/1,15,47,,,CompletedRace,3,1.5,4.5,00:01:36.6500000,96.65,13/2,7.5,14,759536,"£3,454",3454,47,63,32,190298,The Clean Sweep Partnership,Aclaim,IRE,Black Bess,True,False,,54,3,True,,GB
925822,Download The Matchbook App Handicap,7,Brighton,09/01/2026 18:15:00,Other,Class 6,,0-55,3yo+,None,1m,8,1608,1760,Good,Turf,3212573,Rainbow Sign,99724,Tyler Heard,32769,Mark Pattinson,8,t,8,3,9-3,147,12/1,13,47,,,CompletedRace,4,1,5.5,00:01:36.8500000,96.85,8/1,9,27,354273,"£3,454",3454,47,65,44,319526,Forever Amber,Adaay,IRE,Pax Aeterna,False,False,,80,,False,,GB
925822,Download The Matchbook App Handicap,7,Brighton,09/01/2026 18:15:00,Other,Class 6,,0-55,3yo+,None,1m,8,1608,1760,Good,Turf,6202581,Rock Master,98301,Marco Ghiani,9714,Tony Carroll,4,,9,5,9-1,145,25/1,26,45,,,CompletedRace,5,1.75,7.25,00:01:37.2000000,97.2,14/1,15,26,880664,"£3,454",3454,45,54,36,56434,A W Carroll,Mehmas,IRE,Miss Gibraltar,False,False,,40,,False,,IRE
925822,Download The Matchbook App Handicap,7,Brighton,09/01/2026 18:15:00,Other,Class 6,,0-55,3yo+,None,1m,8,1608,1760,Good,Turf,6224694,Letsbeatsepsis,98254,Rhys Clutterbuck,41396,Gary & Josh Moore,4,p,3,4,9-6,150,7/2,4.5,50,,,CompletedRace,6,1.75,9,00:01:37.5500000,97.55,5/1,6,18,304317,"£3,454",3454,50,65,54,191236,P B Moorhead,Expert Eye,GB,Lady Morpheus,False,False,,42,,False,,GB
925822,Download The Matchbook App Handicap,7,Brighton,09/01/2026 18:15:00,Other,Class 6,,0-55,3yo+,None,1m,8,1608,1760,Good,Turf,2167294,James Park Woods,92436,Ben Ffrench Davis,8683,Dominic Ffrench Davis,10,,6,6,8-13,141,28/1,29,48,,,CompletedRace,7,1.25,10.25,00:01:37.8000000,97.8,20/1,21,80,67-076,"£3,454",3454,48,62,38,291900,Philip Banfield & Dominic Ffrench Davis,Australia,GB,Happy Holly,False,False,,33,5,False,,IRE
925822,Download The Matchbook App Handicap,7,Brighton,09/01/2026 18:15:00,Other,Class 6,,0-55,3yo+,None,1m,8,1608,1760,Good,Turf,8362108,Avispado,103198,Jack Doughty,29411,David Menuisier,3,h,4,9,9-5,149,22/1,23,54,,,CompletedRace,8,1.25,11.5,00:01:38.0500000,98.05,10/1,11,59,9-0547,"£3,454",3454,54,63,39,364234,I Bandres Iglesias,Victor Ludorum,GB,Bartira,False,False,,36,,True,,IRE
925822,Download The Matchbook App Handicap,7,Brighton,09/01/2026 18:15:00,Other,Class 6,,0-55,3yo+,None,1m,8,1608,1760,Good,Turf,3437857,The Spotlight Kid,83588,Kieran O'Neill,15107,Dean Ivory,7,b,5,2,9-5,149,15/2,8.5,49,,,CompletedRace,9,2.25,13.75,00:01:38.5000000,98.5,16/1,17,16,435360,"£3,454",3454,49,62,45,189571,John Marsden,Mayson,GB,Marjong,False,False,,40,,False,,GB
925817,Streamline Supports The Martlets Hospice Handicap,7,Brighton,09/01/2026 18:45:00,Other,Class 5,,0-75,3yo+,None,7f,7,1407,1540,Good,Turf,6074545,Tattie Bogle,98301,Marco Ghiani,40131,Charlie Johnston,4,p,3,4,9-13,157,9/4,3.25,73,,,CompletedRace,1,0,0,00:01:21.6100000,81.61,7/2,4.5,20,127228,"£4,187",4187,73,82,73,255625,Kingsley Park Owners Club,Outstrip,GB,Tottie,False,False,,50,,True,,GB
925817,Streamline Supports The Martlets Hospice Handicap,7,Brighton,09/01/2026 18:45:00,Other,Class 5,,0-75,3yo+,None,7f,7,1407,1540,Good,Turf,5118327,Serenity Dream,103198,Jack Doughty,9714,Tony Carroll,5,p,1,3,10-0,160,2/1F,3,74,,,CompletedRace,2,1.25,1.25,00:01:21.8600000,81.86,6/4,2.5,26,856211,"£4,187",4187,74,79,68,357914,Eggselltrading Ltd,Night Of Thunder,IRE,Playfull Spirit,False,False,,40,,False,,IRE
925817,Streamline Supports The Martlets Hospice Handicap,7,Brighton,09/01/2026 18:45:00,Other,Class 5,,0-75,3yo+,None,7f,7,1407,1540,Good,Turf,4737872,Shaw Park,83588,Kieran O'Neill,26099,Scott Dixon,7,,4,5,9-7,151,100/30,4.333333333333334,67,,,CompletedRace,3,3.75,5,00:01:22.6100000,82.61,8/1,9,14,-83084,"£4,187",4187,67,83,41,356686,Amphitheatre Racing Limited,Aclaim,IRE,Waterways,False,False,,42,,False,,IRE
925817,Streamline Supports The Martlets Hospice Handicap,7,Brighton,09/01/2026 18:45:00,Other,Class 5,,0-75,3yo+,None,7f,7,1407,1540,Good,Turf,3886662,Dion Baker,95815,Darragh Keenan,14013,Michael Wigham,7,p,2,2,9-13,157,5/1,6,73,,,CompletedRace,4,5.5,10.5,00:01:23.7100000,83.71,7/2,4.5,9,113829,"£4,187",4187,73,79,65,320552,Carl Appleton & Peter Edwards,Ribchester,IRE,Tiga Tuan,False,False,,60,,False,,IRE
925817,Streamline Supports The Martlets Hospice Handicap,7,Brighton,09/01/2026 18:45:00,Other,Class 5,,0-75,3yo+,None,7f,7,1407,1540,Good,Turf,3763201,Fai Fai,104790,Harry Vigors,27282,Daniel Steele,7,t,6,6,8-4,132,50/1,51,55,,,CompletedRace,5,0.5,11,00:01:23.8100000,83.81,25/1,26,84,33-073,"£4,187",4187,55,73,26,369736,Steele Going Strong Partnership,Acclamation,GB,Sabratah,False,False,,,5,True,,GB
925817,Streamline Supports The Martlets Hospice Handicap,7,Brighton,09/01/2026 18:45:00,Other,Class 5,,0-75,3yo+,None,7f,7,1407,1540,Good,Turf,7966352,Station Bar,89627,Charles Bishop,18920,Eve Johnson Houghton,3,p1,5,1,9-2,146,14/1,15,66,,,CompletedRace,6,3,14,00:01:24.4100000,84.41,5/1,6,28,468154,"£4,187",4187,66,77,76,17155,Mrs R F Johnson Houghton,Oasis Dream,GB,Madame Tantzy,True,False,,39,,False,,GB
925816,Streamline Taxis - Always Going The Distance Handicap,7,Brighton,09/01/2026 19:15:00,Other,Class 5,,0-75,4yo+,None,5½f,5.5,1105,1210,Good,Turf,4303357,Diomed Spirit,100350,Saffie Osborne,19837,Chris Gordon,6,,6,2,8-6,134,2/1J,3,58,,,CompletedRace,1,0,0,00:01:01.2600000,61.26,5/4,2.25,9,636212,"£4,187",4187,58,88,77,125626,Mrs Kate Digweed,Charm Spirit,IRE,Dainty Dandy,False,False,,40,,True,,GB
925816,Streamline Taxis - Always Going The Distance Handicap,7,Brighton,09/01/2026 19:15:00,Other,Class 5,,0-75,4yo+,None,5½f,5.5,1105,1210,Good,Turf,5340234,Bona Fortuna,95785,Finley Marsh,10363,Michael Appleby,5,t,1,6,9-9,153,5/2,3.5,75,,,CompletedRace,2,0.75,0.75,00:01:01.4100000,61.41,7/2,4.5,25,2226-6,"£4,187",4187,75,84,77,358446,Value Racing - Bona Fortuna,Mehmas,IRE,Ajla,False,False,,29,,False,,IRE
925816,Streamline Taxis - Always Going The Distance Handicap,7,Brighton,09/01/2026 19:15:00,Other,Class 5,,0-75,4yo+,None,5½f,5.5,1105,1210,Good,Turf,5708810,Mr Cool,98301,Marco Ghiani,40131,Charlie Johnston,4,,2,4,9-5,149,2/1J,3,71,,,CompletedRace,3,1.5,2.25,00:01:01.7100000,61.71,3/1,4,10,523131,"£4,187",4187,71,85,69,61576,Middleham Park Racing IX,Kodiac,GB,Moojha,False,False,,50,,True,,IRE
925816,Streamline Taxis - Always Going The Distance Handicap,7,Brighton,09/01/2026 19:15:00,Other,Class 5,,0-75,4yo+,None,5½f,5.5,1105,1210,Good,Turf,3142198,Ancient Times,94575,George Wood,38304,Harry Eustace,8,t,3,1,9-1,145,7/1,8,67,,,CompletedRace,4,0.5,2.75,00:01:01.8100000,61.81,7/1,8,25,0-0129,"£4,187",4187,67,88,79,178651,The MacDougall Two,Exceed And Excel,AUS,Oriental Step,False,False,,69,,False,,GB
925816,Streamline Taxis - Always Going The Distance Handicap,7,Brighton,09/01/2026 19:15:00,Other,Class 5,,0-75,4yo+,None,5½f,5.5,1105,1210,Good,Turf,2755571,Pop Dancer,83746,Silvestre De Sousa,9714,Tony Carroll,9,,5,3,8-7,135,33/1,34,59,,,CompletedRace,5,8,10.75,00:01:03.4100000,63.41,12/1,13,27,1200-6,"£4,187",4187,59,83,48,353411,Dr S Fleming,Kodiac,GB,Pop Art,False,False,,40,,False,,IRE
925816,Streamline Taxis - Always Going The Distance Handicap,7,Brighton,09/01/2026 19:15:00,Other,Class 5,,0-75,4yo+,None,5½f,5.5,1105,1210,Good,Turf,3493745,Crypto Quest,83588,Kieran O'Neill,26099,Scott Dixon,7,,4,5,8-13,141,25/1,26,65,,,CompletedRace,6,14,24.75,00:01:06.2100000,66.21,33/1,34,5,4023/0,"£4,187",4187,65,83,,356686,Amphitheatre Racing Limited,Profitable,IRE,Viking Fair,False,False,,42,,False,,IRE
927835,Irish Stallion Farms EBF Fillies Maiden,184,Gowran Park (IRE),09/01/2026 14:00:00,Other,,,,2yo,Fillies,7f,7,1407,1540,Yielding,Turf,9763543,Curracloe,97031,Ben Coen,28180,J P Murtagh,2,,4,14,9-2,146,22/1,23,,,63,CompletedRace,1,0,0,00:01:28.5600000,88.56,12/1,13,,,"€12,958",12958,,,,203468,Qatar Racing Limited,Baaeed,GB,Sassy Little Lila,False,False,,38,,False,,USA
927835,Irish Stallion Farms EBF Fillies Maiden,184,Gowran Park (IRE),09/01/2026 14:00:00,Other,,,,2yo,Fillies,7f,7,1407,1540,Yielding,Turf,9286493,Snowing,76602,Wayne Lordan,7978,A P O'Brien,2,,12,2,9-2,146,9/4,3.25,,,54,CompletedRace,2,3.25,3.25,00:01:29.3725000,89.3725,3/1,4,23,526,"€12,958",12958,,80,77,294590,M Tabor & D Smith & Mrs J Magnier & Westerberg,No Nay Never,USA,Nictate,False,False,,51,,False,,IRE
927835,Irish Stallion Farms EBF Fillies Maiden,184,Gowran Park (IRE),09/01/2026 14:00:00,Other,,,,2yo,Fillies,7f,7,1407,1540,Yielding,Turf,9693258,Zenith Blaze,89959,Colin Keane,32145,Joseph Patrick O'Brien,2,,16,5,9-2,146,EvensF,2,,,51,CompletedRace,3,1.25,4.5,00:01:29.6850000,89.685,4/1,5,12,2,"€12,958",12958,,88,74,301671,Juddmonte,Kingman,GB,Heliac,False,False,,58,,True,,GB
927835,Irish Stallion Farms EBF Fillies Maiden,184,Gowran Park (IRE),09/01/2026 14:00:00,Other,,,,2yo,Fillies,7f,7,1407,1540,Yielding,Turf,9300195,Alpine Wedding,81425,W J Lee,26547,P Twomey,2,,2,18,9-2,146,6/1,7,90,,49,CompletedRace,4,0.5,5,00:01:29.8100000,89.81,100/30,4.333333333333334,18,535,"€12,958",12958,90,93,91,51943,Patrick Hale,Sioux Nation,USA,Wedding Dress,False,False,,46,,False,,IRE
927835,Irish Stallion Farms EBF Fillies Maiden,184,Gowran Park (IRE),09/01/2026 14:00:00,Other,,,,2yo,Fillies,7f,7,1407,1540,Yielding,Turf,9382601,Ocean Surge,13203,Declan McDonogh,20409,W McCreery,2,,17,1,9-2,146,50/1,51,,,43,CompletedRace,5,2.25,7.25,00:01:30.3725000,90.3725,,,,,,,,,,,,,,,,,,,,,,
927835,Irish Stallion Farms EBF Fillies Maiden,184,Gowran Park (IRE),09/01/2026 14:00:00,Other,,,,2yo,Fillies,7f,7,1407,1540,Yielding,Turf,9693246,Ita Florence,7605,Seamie Heffernan,995,J S Bolger,2,,6,11,9-2,146,15/2,8.5,,,36,CompletedRace,6,2.25,9.5,00:01:30.9350000,90.935,14/1,15,,,"€12,958",12958,,,,376310,M A Ryan/Ian Rush,Sioux Nation,USA,Heroic Heart,False,False,,63,,False,,IRE
927835,Irish Stallion Farms EBF Fillies Maiden,184,Gowran Park (IRE),09/01/2026 14:00:00,Other,,,,2yo,Fillies,7f,7,1407,1540,Yielding,Turf,9599769,Wecouldavehaditall,96266,Nathan Crosse,41273,Daniel McLoughlin,2,,14,8,9-2,146,250/1,251,,,32,CompletedRace,7,1.5,11,00:01:31.3100000,91.31,50/1,51,9,90,"€12,958",12958,,72,63,238746,Ringfort Stud Limited,Bayside Boy,IRE,Folie De Louise,False,False,,38,,False,,IRE
927835,Irish Stallion Farms EBF Fillies Maiden,184,Gowran Park (IRE),09/01/2026 14:00:00,Other,,,,2yo,Fillies,7f,7,1407,1540,Yielding,Turf,9688534,Mala,86349,Shane Foley,1285,Mrs John Harrington,2,,8,9,9-2,146,14/1,15,,,27,CompletedRace,8,1.75,12.75,00:01:31.7475000,91.7475,11/2,6.5,19,4,"€12,958",12958,,87,80,9679,P D Savill,Starman,GB,The Lazy Monkey,False,False,,51,,True,,FR
927835,Irish Stallion Farms EBF Fillies Maiden,184,Gowran Park (IRE),09/01/2026 14:00:00,Other,,,,2yo,Fillies,7f,7,1407,1540,Yielding,Turf,9763545,Lady Chancalot,101012,James Ryan,33642,Jack W Davison,2,,7,3,9-2,146,150/1,151,,,26,CompletedRace,9,0.5,13.25,00:01:31.8725000,91.8725,12/1,13,,,"€12,958",12958,,,,376998,Eddie Walsh & Partners,Camelot,GB,Neptune's Wonder,False,False,,50,,False,,FR
927835,Irish Stallion Farms EBF Fillies Maiden,184,Gowran Park (IRE),09/01/2026 14:00:00,Other,,,,2yo,Fillies,7f,7,1407,1540,Yielding,Turf,9631840,Mother's Call,96569,Luke McAteer,4858,James M Barrett,2,,9,17,9-2,146,80/1,81,,,25,CompletedRace,10,0.2,13.5,00:01:31.9350000,91.935,20/1,21,,,"€12,958",12958,,,,127552,David Granville,Ghaiyyath,IRE,Tatiana Romanova,False,False,,100,,False,,IRE
927835,Irish Stallion Farms EBF Fillies Maiden,184,Gowran Park (IRE),09/01/2026 14:00:00,Other,,,,2yo,Fillies,7f,7,1407,1540,Yielding,Turf,9456967,Social Circle,83482,Chris Hayes,36806,Donnacha Aidan O'Brien,2,,13,7,9-2,146,50/1,51,,,25,CompletedRace,11,0.05,13.5,00:01:31.9350000,91.935,25/1,26,65,0,"€12,958",12958,,74,73,374385,"Magnier,Tabor,Smith,O'Brien,Westerberg",Wootton Bassett,GB,Galleria Borghese,False,False,,35,,True,,IRE
927835,Irish Stallion Farms EBF Fillies Maiden,184,Gowran Park (IRE),09/01/2026 14:00:00,Other,,,,2yo,Fillies,7f,7,1407,1540,Yielding,Turf,9317876,Sister Nancy,99788,Jamie Powell,41273,Daniel McLoughlin,2,,11,6,9-2,146,150/1,151,,,24,CompletedRace,12,0.5,14,00:01:32.0600000,92.06,12/1,13,61,46,"€12,958",12958,,76,53,334368,On The Market Syndicate,Masar,IRE,La Patria,False,False,,38,,True,,IRE
927835,Irish Stallion Farms EBF Fillies Maiden,184,Gowran Park (IRE),09/01/2026 14:00:00,Other,,,,2yo,Fillies,7f,7,1407,1540,Yielding,Turf,9721439,Zelente,93716,Donagh O'Connor,25225,Ross O'Sullivan,2,,15,13,9-2,146,200/1,201,,,17,CompletedRace,13,2.5,16.5,00:01:32.6850000,92.685,20/1,21,,,"€12,958",12958,,,,304676,Yvonne Lavin,Mehmas,IRE,Strict Tempo,False,False,,30,,True,,IRE
927835,Irish Stallion Farms EBF Fillies Maiden,184,Gowran Park (IRE),09/01/2026 14:00:00,Other,,,,2yo,Fillies,7f,7,1407,1540,Yielding,Turf,9655896,Popped,96343,Gavin Ryan,36806,Donnacha Aidan O'Brien,2,,10,15,9-2,146,200/1,201,,,11,CompletedRace,14,2,18.5,00:01:33.1850000,93.185,14/1,15,23,0,"€12,958",12958,,,,241688,Michael Tabor & Derrick Smith & Mrs John Magnier & Flaxman S,Wootton Bassett,GB,Flutter,False,False,,35,,True,,IRE
927835,Irish Stallion Farms EBF Fillies Maiden,184,Gowran Park (IRE),09/01/2026 14:00:00,Other,,,,2yo,Fillies,7f,7,1407,1540,Yielding,Turf,9730435,Evie's Delight,100805,Wesley Joyce,17940,Michael Mulvany,2,,5,10,8-13,141,250/1,251,,,8,CompletedRace,15,1,19.5,00:01:33.4350000,93.435,25/1,26,,,"€12,958",12958,,,,18497,F A McNulty,Earthlight,IRE,Zoom Call,False,False,,58,3,False,,IRE
927835,Irish Stallion Farms EBF Fillies Maiden,184,Gowran Park (IRE),09/01/2026 14:00:00,Other,,,,2yo,Fillies,7f,7,1407,1540,Yielding,Turf,9763541,Acquilyx,99171,J M Sheridan,4991,John Joseph Murphy,2,,1,16,9-2,146,80/1,81,,,6,CompletedRace,16,0.5,20,00:01:33.5600000,93.56,20/1,21,,,"€12,958",12958,,,,24098,D Mac A'Bhaird,Calyx,GB,Acquiescent,False,False,,25,,False,,IRE
927836,Irish Stallion Farms EBF (C & G) Maiden,184,Gowran Park (IRE),09/01/2026 14:30:00,Other,,,,2yo,ColdsAndGeldings,7f,7,1407,1540,Yielding,Turf,9472110,Drumbeat,76602,Wayne Lordan,7978,A P O'Brien,2,,6,14,9-5,149,5/4F,2.25,,,67,CompletedRace,1,0,0,00:01:28.4800000,88.48,9/4,3.25,26,63,"€12,958",12958,,94,53,293497,Westerberg & Mrs Magnier & M Tabor & D Smith,Wootton Bassett,GB,Cloth Of Cloud,False,False,,51,,True,,IRE
927836,Irish Stallion Farms EBF (C & G) Maiden,184,Gowran Park (IRE),09/01/2026 14:30:00,Other,,,,2yo,ColdsAndGeldings,7f,7,1407,1540,Yielding,Turf,8940430,Equus Victor,97031,Ben Coen,40747,Daniel James Murphy,2,,7,1,9-5,149,14/1,15,,,67,CompletedRace,1,0,0,00:01:28.4800000,88.48,14/1,15,17,54,"€12,958",12958,,77,19,369221,Karl Kirwan & R P Behan & Mrs John Murphy & James Morgan,Blackbeard,IRE,Dancing On Air,False,False,,63,,True,,IRE
927836,Irish Stallion Farms EBF (C & G) Maiden,184,Gowran Park (IRE),09/01/2026 14:30:00,Other,,,,2yo,ColdsAndGeldings,7f,7,1407,1540,Yielding,Turf,9456969,Capability Brown,100369,Jack Cleary,7978,A P O'Brien,2,,2,13,9-0,144,13/2,7.5,,,58,CompletedRace,3,3.5,3.5,00:01:29.3550000,89.355,9/1,10,50,6,"€12,958",12958,,71,11,143761,Michael Tabor & Derrick Smith & Mrs John Magnier,Dubawi,IRE,Maybe,False,False,,51,5,False,,IRE
927836,Irish Stallion Farms EBF (C & G) Maiden,184,Gowran Park (IRE),09/01/2026 14:30:00,Other,,,,2yo,ColdsAndGeldings,7f,7,1407,1540,Yielding,Turf,9619014,Consenza,81425,W J Lee,4446,Noel Meade,2,,4,9,9-5,149,33/1,34,,,51,CompletedRace,4,2.5,6,00:01:29.9800000,89.98,14/1,15,23,8,"€12,958",12958,,73,69,62475,G Matthews,Coulsty,IRE,Ho Ho Bird,False,False,,55,,True,,IRE
927836,Irish Stallion Farms EBF (C & G) Maiden,184,Gowran Park (IRE),09/01/2026 14:30:00,Other,,,,2yo,ColdsAndGeldings,7f,7,1407,1540,Yielding,Turf,9693259,Dawnmore,7605,Seamie Heffernan,995,J S Bolger,2,,5,12,9-5,149,8/1,9,,,49,CompletedRace,5,0.75,6.75,00:01:30.1675000,90.1675,13/2,7.5,,,"€12,958",12958,,,,186401,Mrs J S Bolger,Dawn Approach,IRE,Fiannaiocht,False,False,,63,,False,,IRE
927836,Irish Stallion Farms EBF (C & G) Maiden,184,Gowran Park (IRE),09/01/2026 14:30:00,Other,,,,2yo,ColdsAndGeldings,7f,7,1407,1540,Yielding,Turf,9472112,Invincible Mind,99171,J M Sheridan,32145,Joseph Patrick O'Brien,2,,10,17,9-5,149,3/1,4,,,48,CompletedRace,6,0.3,7,00:01:30.2300000,90.23,9/2,5.5,,,"€12,958",12958,,,,367717,Middle Cow Unlimited & Patrick Cooney,Study Of Man,IRE,Vincitomnia,False,False,,58,,False,,GB
927836,Irish Stallion Farms EBF (C & G) Maiden,184,Gowran Park (IRE),09/01/2026 14:30:00,Other,,,,2yo,ColdsAndGeldings,7f,7,1407,1540,Yielding,Turf,9655901,The Captains Day,89959,Colin Keane,26727,M D O'Callaghan,2,,15,15,9-5,149,11/2,6.5,,,44,CompletedRace,7,1.25,8.25,00:01:30.5425000,90.5425,7/2,4.5,23,4,"€12,958",12958,,86,81,376036,The Captains Day Partnership,Acclamation,GB,Lavande,False,False,,47,,True,,IRE
927836,Irish Stallion Farms EBF (C & G) Maiden,184,Gowran Park (IRE),09/01/2026 14:30:00,Other,,,,2yo,ColdsAndGeldings,7f,7,1407,1540,Yielding,Turf,9409937,Closefield Beau,96266,Nathan Crosse,41273,Daniel McLoughlin,2,,3,18,9-5,149,300/1,301,,,43,CompletedRace,8,0.5,8.75,00:01:30.6675000,90.6675,33/1,34,20,07,"€12,958",12958,,51,30,374156,Closefield Syndicate,Nando Parrado,GB,Dawaa,False,False,,38,,True,,IRE
927836,Irish Stallion Farms EBF (C & G) Maiden,184,Gowran Park (IRE),09/01/2026 14:30:00,Other,,,,2yo,ColdsAndGeldings,7f,7,1407,1540,Yielding,Turf,9392235,Bold Move,96343,Gavin Ryan,36806,Donnacha Aidan O'Brien,2,,1,11,9-5,149,50/1,51,,,37,CompletedRace,9,2,10.75,00:01:31.1675000,91.1675,12/1,13,47,76,"€12,958",12958,,74,56,374014,Rachael Hickey,Australia,GB,Trimurti,False,False,,35,,False,,IRE
927836,Irish Stallion Farms EBF (C & G) Maiden,184,Gowran Park (IRE),09/01/2026 14:30:00,Other,,,,2yo,ColdsAndGeldings,7f,7,1407,1540,Yielding,Turf,9763547,Power Through,86848,Gary Carroll,15929,A Oliver,2,,13,4,9-5,149,100/1,101,,,36,CompletedRace,10,0.3,11,00:01:31.2300000,91.23,25/1,26,,,"€12,958",12958,,,,16696,A Oliver,Naval Crown,GB,Sasta,False,False,,43,,False,,IRE
927836,Irish Stallion Farms EBF (C & G) Maiden,184,Gowran Park (IRE),09/01/2026 14:30:00,Other,,,,2yo,ColdsAndGeldings,7f,7,1407,1540,Yielding,Turf,9424766,Snapequus,13203,Declan McDonogh,32145,Joseph Patrick O'Brien,2,,14,7,9-5,149,25/1,26,,,28,CompletedRace,11,2.75,13.75,00:01:31.9175000,91.9175,15/2,8.5,20,0,"€12,958",12958,,35,19,163655,J P Farrell,Ten Sovereigns,IRE,Snapraeceps,False,False,,58,,False,,IRE
927836,Irish Stallion Farms EBF (C & G) Maiden,184,Gowran Park (IRE),09/01/2026 14:30:00,Other,,,,2yo,ColdsAndGeldings,7f,7,1407,1540,Yielding,Turf,9688555,Verona Basilica,83482,Chris Hayes,36806,Donnacha Aidan O'Brien,2,,16,16,9-5,149,66/1,67,,,26,CompletedRace,12,1,14.75,00:01:32.1675000,92.1675,25/1,26,17,9,"€12,958",12958,,65,,143821,Mrs John Magnier & Michael Tabor & Derrick Smith,St Mark's Basilica,FR,Remember When,False,False,,35,,True,,IRE
927836,Irish Stallion Farms EBF (C & G) Maiden,184,Gowran Park (IRE),09/01/2026 14:30:00,Other,,,,2yo,ColdsAndGeldings,7f,7,1407,1540,Yielding,Turf,9665428,How Now,101012,James Ryan,40278,Conor David Maxwell,2,,9,5,9-5,149,250/1,251,,,19,CompletedRace,13,2.5,17.25,00:01:32.7925000,92.7925,66/1,67,,,"€12,958",12958,,,,347721,J Weldon,Without Parole,GB,Risaalaat,False,False,,,,False,,GB
927836,Irish Stallion Farms EBF (C & G) Maiden,184,Gowran Park (IRE),09/01/2026 14:30:00,Other,,,,2yo,ColdsAndGeldings,7f,7,1407,1540,Yielding,Turf,9655892,King Paddy,89571,Leigh Roche,19084,Paul W Flynn,2,,11,10,9-5,149,300/1,301,,,14,CompletedRace,14,1.5,18.75,00:01:33.1675000,93.1675,100/1,101,17,00,"€12,958",12958,,41,39,171380,David Webb,Land Force,IRE,Nadia Glory,False,False,,19,,True,,IRE
927836,Irish Stallion Farms EBF (C & G) Maiden,184,Gowran Park (IRE),09/01/2026 14:30:00,Other,,,,2yo,ColdsAndGeldings,7f,7,1407,1540,Yielding,Turf,9763546,Forthethrillofit,98736,Paddy Harnett,36806,Donnacha Aidan O'Brien,2,,8,2,9-2,146,50/1,51,,,,CompletedRace,15,9,27.75,00:01:35.4175000,95.4175,16/1,17,,,"€12,958",12958,,,,49345,Mrs A M O'Brien,Australia,GB,Thrill,False,False,,35,3,False,,IRE
927837,Irish Stallion Farms EBF Maiden,184,Gowran Park (IRE),09/01/2026 15:00:00,Other,,,,3yo+,None,7f,7,1407,1540,Yielding,Turf,9326727,Starborn Legend,99171,J M Sheridan,32145,Joseph Patrick O'Brien,3,t,9,4,9-8,152,6/4F,2.5,,,,CompletedRace,1,0,0,00:01:27.6400000,87.64,6/4,2.5,35,624,"€8,835",8835,,88,66,357924,Millennium Stud Sp. z o.o.,Starspangledbanner,AUS,Shebelia,False,False,,58,,True,,IRE
927837,Irish Stallion Farms EBF Maiden,184,Gowran Park (IRE),09/01/2026 15:00:00,Other,,,,3yo+,None,7f,7,1407,1540,Yielding,Turf,8940441,Keogie,98517,Siobhan Rutledge,4446,Noel Meade,3,,5,2,9-8,152,12/1,13,71,,,CompletedRace,2,0.1,0.1,00:01:27.6650000,87.665,14/1,15,2,20386,"€8,835",8835,71,76,74,323750,Noel Meade Racing Ltd,Sergei Prokofiev,CAN,Kozmina Bay,False,False,,55,,True,,IRE
927837,Irish Stallion Farms EBF Maiden,184,Gowran Park (IRE),09/01/2026 15:00:00,Other,,,,3yo+,None,7f,7,1407,1540,Yielding,Turf,7588061,Hasita,97031,Ben Coen,28180,J P Murtagh,3,,11,10,9-3,147,2/1,3,72,,,CompletedRace,3,1.5,1.5,00:01:28.0150000,88.015,9/2,5.5,25,-33454,"€8,835",8835,72,85,73,355319,Exors Of The Late H H Aga Khan,Starspangledbanner,AUS,Hasimiyya,False,False,,41,,False,,IRE
927837,Irish Stallion Farms EBF Maiden,184,Gowran Park (IRE),09/01/2026 15:00:00,Other,,,,3yo+,None,7f,7,1407,1540,Yielding,Turf,9409920,Enigma Code,86349,Shane Foley,4991,John Joseph Murphy,3,,3,17,9-8,152,10/1,11,,,,CompletedRace,4,3.25,4.75,00:01:28.8275000,88.8275,16/1,17,,,"€8,835",8835,,,,374147,Enigma Code Partnership,Havana Grey,GB,Lady Quickstep,False,False,,25,,False,,GB
927837,Irish Stallion Farms EBF Maiden,184,Gowran Park (IRE),09/01/2026 15:00:00,Other,,,,3yo+,None,7f,7,1407,1540,Yielding,Turf,9753877,Marked By Thunder,89959,Colin Keane,4991,John Joseph Murphy,3,,13,14,9-3,147,11/1,12,,,,CompletedRace,5,2.75,7.5,00:01:29.5150000,89.515,8/1,9,,,"€8,835",8835,,,,158204,Mrs John J Murphy,Night Of Thunder,IRE,Examinee,False,False,,25,,False,,IRE
927837,Irish Stallion Farms EBF Maiden,184,Gowran Park (IRE),09/01/2026 15:00:00,Other,,,,3yo+,None,7f,7,1407,1540,Yielding,Turf,9409926,Tourin,96343,Gavin Ryan,33059,J A Stack,3,,15,12,9-3,147,7/1,8,,,,CompletedRace,6,2,9.5,00:01:30.0150000,90.015,15/2,8.5,74,3,"€8,835",8835,,75,69,240105,Anthony Rogers & Mrs Sonia Rogers,Mehmas,IRE,Tecla,False,False,,60,,True,,IRE
927837,Irish Stallion Farms EBF Maiden,184,Gowran Park (IRE),09/01/2026 15:00:00,Other,,,,3yo+,None,7f,7,1407,1540,Yielding,Turf,9531352,Holy Lettuce,81425,W J Lee,15240,K J Condon,3,p1,4,16,9-8,152,16/1,17,71,,,CompletedRace,7,3.25,12.75,00:01:30.8275000,90.8275,11/2,6.5,12,524,"€8,835",8835,71,78,48,215060,N L Varney,Soldier's Call,GB,Black Sails,True,False,,75,,False,,IRE
927837,Irish Stallion Farms EBF Maiden,184,Gowran Park (IRE),09/01/2026 15:00:00,Other,,,,3yo+,None,7f,7,1407,1540,Yielding,Turf,7601610,Mardi Gras Queen,7605,Seamie Heffernan,33059,J A Stack,3,,12,13,9-3,147,50/1,51,,,,CompletedRace,8,2.25,15,00:01:31.3900000,91.39,10/1,11,29,60,"€8,835",8835,,72,66,358704,Craig Bernick & Mrs John Magnier,Charlatan,USA,Data Dependent,False,False,,60,,False,,USA
927837,Irish Stallion Farms EBF Maiden,184,Gowran Park (IRE),09/01/2026 15:00:00,Other,,,,3yo+,None,7f,7,1407,1540,Yielding,Turf,6465133,Perfect Base,76602,Wayne Lordan,30945,Miss Natalia Lupini,4,b,17,15,9-7,151,50/1,51,67,,,CompletedRace,9,0.3,15.5,00:01:31.5150000,91.515,,,,,,,,,,,,,,,,,,,,,,
927837,Irish Stallion Farms EBF Maiden,184,Gowran Park (IRE),09/01/2026 15:00:00,Other,,,,3yo+,None,7f,7,1407,1540,Yielding,Turf,9763552,Tribal Belle,83482,Chris Hayes,10702,Gerard O'Leary,3,,16,3,9-3,147,25/1,26,,,,CompletedRace,10,1.25,16.75,00:01:31.8275000,91.8275,25/1,26,,,"€8,835",8835,,,,49965,Gerard O'Leary,Sioux Nation,USA,Falabelle,False,False,,38,,False,,IRE
927837,Irish Stallion Farms EBF Maiden,184,Gowran Park (IRE),09/01/2026 15:00:00,Other,,,,3yo+,None,7f,7,1407,1540,Yielding,Turf,9419847,Swing Street,96054,Scott McCullagh,32799,Richard John O'Brien,3,,10,6,9-8,152,300/1,301,,,,CompletedRace,11,2.5,19.25,00:01:32.4525000,92.4525,66/1,67,14,69,"€8,835",8835,,31,,21776,W O'Brien,Golden Horn,GB,Kwela,False,False,,50,,True,,GB
927837,Irish Stallion Farms EBF Maiden,184,Gowran Park (IRE),09/01/2026 15:00:00,Other,,,,3yo+,None,7f,7,1407,1540,Yielding,Turf,9763551,Blue Vega,96266,Nathan Crosse,16170,Daniel William O'Sullivan,3,,1,7,9-8,152,100/1,101,,,,CompletedRace,12,2.75,22,00:01:33.1400000,93.14,50/1,51,,,"€8,835",8835,,,,276906,Richard Martin Ahern,Lucky Vega,IRE,Lake Moon,False,False,,,,False,,IRE
927837,Irish Stallion Farms EBF Maiden,184,Gowran Park (IRE),09/01/2026 15:00:00,Other,,,,3yo+,None,7f,7,1407,1540,Yielding,Turf,9688545,Eldorado Glory,100877,Adam Caffrey,4446,Noel Meade,3,,2,11,9-8,152,150/1,151,,,,CompletedRace,13,2.75,24.75,00:01:33.8275000,93.8275,33/1,34,12,69,"€8,835",8835,,63,32,214090,John Breslin,Cotai Glory,GB,Elle Dorado,False,False,,55,,False,,IRE
927837,Irish Stallion Farms EBF Maiden,184,Gowran Park (IRE),09/01/2026 15:00:00,Other,,,,3yo+,None,7f,7,1407,1540,Yielding,Turf,9522200,Mr Mercury,89571,Leigh Roche,21093,J A Nash,3,,7,1,9-8,152,300/1,301,,,,CompletedRace,14,4.5,29.25,00:01:34.9525000,94.9525,66/1,67,51,0,"€8,835",8835,,30,,44453,Albert Conneally,The Gurkha,IRE,Mymoonlightdancer,False,True,,50,,True,,IRE
927838,1xBet.ie Proud Supporters Of Irish Racing Handicap,184,Gowran Park (IRE),09/01/2026 15:30:00,Other,,,,3yo,None,7f,7,1407,1540,Yielding,Turf,7957248,Solana Beach,7605,Seamie Heffernan,33059,J A Stack,3,,4,10,9-12,156,7/1,8,78,,,CompletedRace,1,0,0,00:01:27.2800000,87.28,11/2,6.5,81,243,"€8,835",8835,78,86,54,158922,Craig Bernick,No Nay Never,USA,Poldhu,False,False,,60,,False,,IRE
927838,1xBet.ie Proud Supporters Of Irish Racing Handicap,184,Gowran Park (IRE),09/01/2026 15:30:00,Other,,,,3yo,None,7f,7,1407,1540,Yielding,Turf,7653230,Ninth Crusade,89959,Colin Keane,26727,M D O'Callaghan,3,t,6,5,9-8,152,3/1J,4,74,,,CompletedRace,2,0.3,0.3,00:01:27.3550000,87.355,4/1,5,1,62-630,"€8,835",8835,74,81,77,364769,Ninth Crusade Partnership,Kodiac,GB,Dawn Crusade,False,False,,47,,False,,IRE
927838,1xBet.ie Proud Supporters Of Irish Racing Handicap,184,Gowran Park (IRE),09/01/2026 15:30:00,Other,,,,3yo,None,7f,7,1407,1540,Yielding,Turf,9499174,Cladach,13203,Declan McDonogh,32145,Joseph Patrick O'Brien,3,,11,6,8-13,141,8/1,9,65,,,CompletedRace,3,1.5,1.75,00:01:27.7175000,87.7175,7/1,8,10,4908,"€8,835",8835,65,73,68,111664,E S Racing,Dark Angel,IRE,Snowy Peak,False,False,,58,,True,,IRE
927838,1xBet.ie Proud Supporters Of Irish Racing Handicap,184,Gowran Park (IRE),09/01/2026 15:30:00,Other,,,,3yo,None,7f,7,1407,1540,Yielding,Turf,7708578,Nazario,97031,Ben Coen,28180,J P Murtagh,3,tp,7,2,9-7,151,3/1J,4,73,,,CompletedRace,4,0.3,2,00:01:27.7800000,87.78,10/1,11,23,26-447,"€8,835",8835,73,85,60,359459,Bayview Syndicate,Coulsty,IRE,Ulanova,False,False,,38,,False,,IRE
927838,1xBet.ie Proud Supporters Of Irish Racing Handicap,184,Gowran Park (IRE),09/01/2026 15:30:00,Other,,,,3yo,None,7f,7,1407,1540,Yielding,Turf,7400091,Venetian Star,96569,Luke McAteer,38220,Patrick T Foley,3,,8,1,9-7,151,7/2,4.5,73,,,CompletedRace,5,0.75,2.75,00:01:27.9675000,87.9675,16/1,17,14,330200,"€8,835",8835,73,82,79,333880,Tony Branagan Meats Limited,Starman,GB,Mistress Of Venice,False,False,,43,,False,,IRE
927838,1xBet.ie Proud Supporters Of Irish Racing Handicap,184,Gowran Park (IRE),09/01/2026 15:30:00,Other,,,,3yo,None,7f,7,1407,1540,Yielding,Turf,9125049,Glasarmi,96343,Gavin Ryan,42380,Rory Anthony Devine,3,,12,7,8-11,139,50/1,51,63,,,CompletedRace,6,2.75,5.5,00:01:28.6550000,88.655,14/1,15,10,5450,"€8,835",8835,63,85,56,371193,P R Dowling & Ms G Brennan,Invincible Army,IRE,Forever Mine,False,False,,40,,True,,IRE
927838,1xBet.ie Proud Supporters Of Irish Racing Handicap,184,Gowran Park (IRE),09/01/2026 15:30:00,Other,,,,3yo,None,7f,7,1407,1540,Yielding,Turf,8362136,Star Strewn,82458,Rory Cleary,13964,C W J Farrell,3,t,5,11,9-10,154,16/1,17,76,,,CompletedRace,7,7.5,13,00:01:30.5300000,90.53,20/1,21,130,43-189,"€8,835",8835,76,84,38,376948,Adam R Potts & C W J Farrell & B Sheerin,Starman,GB,Marian Halcombe,False,False,,50,,False,1,IRE
927838,1xBet.ie Proud Supporters Of Irish Racing Handicap,184,Gowran Park (IRE),09/01/2026 15:30:00,Other,,,,3yo,None,7f,7,1407,1540,Yielding,Turf,7547285,Lohoobb,81425,W J Lee,27681,M C Grassick,3,,2,12,10-2,162,11/1,12,82,,,CompletedRace,8,11,24,00:01:33.2800000,93.28,6/1,7,20,252481,"€8,835",8835,82,79,69,375896,Mac Group KSA,Too Darn Hot,GB,Zoowraa,False,False,,20,,False,,GB
927838,1xBet.ie Proud Supporters Of Irish Racing Handicap,184,Gowran Park (IRE),09/01/2026 15:30:00,Other,,,,3yo,None,7f,7,1407,1540,Yielding,Turf,8089290,Girl Bear,89571,Leigh Roche,42495,Jack Foley,3,,10,4,9-2,146,16/1,17,68,,,CompletedRace,9,5.5,29.5,00:01:34.6550000,94.655,16/1,17,36,-79378,"€8,835",8835,68,85,66,193830,Donnchadh Doyle,Kodi Bear,IRE,Elusive Girl,False,False,,67,,True,,IRE
927838,1xBet.ie Proud Supporters Of Irish Racing Handicap,184,Gowran Park (IRE),09/01/2026 15:30:00,Other,,,,3yo,None,7f,7,1407,1540,Yielding,Turf,8079887,Friendly Invoice,100975,Robert Whearty,40278,Conor David Maxwell,3,,9,8,9-4,148,80/1,81,70,,,CompletedRace,10,0.1,29.75,00:01:34.7175000,94.7175,25/1,26,200,901-42,"€8,835",8835,70,81,21,298443,Mrs Karena Maxwell,Invincible Army,IRE,Brown Eyed Honey,False,False,,,,True,,IRE
927838,1xBet.ie Proud Supporters Of Irish Racing Handicap,184,Gowran Park (IRE),09/01/2026 15:30:00,Other,,,,3yo,None,7f,7,1407,1540,Yielding,Turf,7735729,Snow Light,99171,J M Sheridan,21879,Denis Gerard Hogan,3,,1,3,10-4,164,33/1,34,84,,,CompletedRace,11,4.5,34.25,00:01:35.8425000,95.8425,13/2,7.5,278,621-,"€8,835",8835,84,78,36,376885,Patrick John O'Brien & Charles Shanahan,Dark Angel,IRE,Light Blush,False,False,,35,,True,1,GB
927839,Membership At Gowran Park Fillies & Mares Claiming Race,184,Gowran Park (IRE),09/01/2026 16:00:00,Other,,,,3yo+,Fillies,1m,8,1608,1760,Yielding,Turf,7866002,Quinta Girl,104676,Reese Holohan,26727,M D O'Callaghan,3,,1,5,9-4,148,13/2,7.5,72,,,CompletedRace,1,0,0,00:01:41.8100000,101.81,5/1,6,74,640-34,"€5,900",5900,72,75,53,324751,J Kirkland & Mrs J M Ryan,Sioux Nation,USA,Wind Inher Sleeves,False,False,,47,7,True,,IRE
927839,Membership At Gowran Park Fillies & Mares Claiming Race,184,Gowran Park (IRE),09/01/2026 16:00:00,Other,,,,3yo+,Fillies,1m,8,1608,1760,Yielding,Turf,9734686,Tax Me Later,96266,Nathan Crosse,41273,Daniel McLoughlin,3,,2,4,9-11,155,9/2,5.5,,,,CompletedRace,2,0.5,0.5,00:01:41.9350000,101.935,4/1,5,7,3,"€5,900",5900,,71,62,233401,J T Bourke,Lucky Vega,IRE,Polar Sea,False,False,,38,,False,,IRE
927839,Membership At Gowran Park Fillies & Mares Claiming Race,184,Gowran Park (IRE),09/01/2026 16:00:00,Other,,,,3yo+,Fillies,1m,8,1608,1760,Yielding,Turf,7957254,Star Of Beauty,81425,W J Lee,15240,K J Condon,3,v,3,7,9-7,151,13/2,7.5,74,,,CompletedRace,3,5,5.5,00:01:43.1850000,103.185,9/2,5.5,7,022366,"€5,900",5900,74,75,62,294268,David K Kelly & Mrs Pauline Condon,Starman,GB,Russian Campaign,False,False,,75,,False,,IRE
927839,Membership At Gowran Park Fillies & Mares Claiming Race,184,Gowran Park (IRE),09/01/2026 16:00:00,Other,,,,3yo+,Fillies,1m,8,1608,1760,Yielding,Turf,6350096,Profit Surge,89959,Colin Keane,38240,Ian Patrick Donoghue,5,tb,7,1,9-2,146,3/1,4,67,,,CompletedRace,4,1.75,7.25,00:01:43.6225000,103.6225,7/2,4.5,25,322331,"€5,900",5900,67,86,59,376997,Rebel Circle Syndicate,Profitable,IRE,Footsteps Forever,False,False,,38,,False,1,IRE
927839,Membership At Gowran Park Fillies & Mares Claiming Race,184,Gowran Park (IRE),09/01/2026 16:00:00,Other,,,,3yo+,Fillies,1m,8,1608,1760,Yielding,Turf,6528841,Minaun View,103866,Patrick McGettigan,14088,Adrian McGuinness,4,tp,9,8,8-10,138,6/4F,2.5,66,,,CompletedRace,5,3.75,11,00:01:44.5600000,104.56,4/1,5,5,112715,"€5,900",5900,66,84,75,376996,Conor Kelly,Bated Breath,GB,Vote Often,False,False,,42,5,False,,GB
927839,Membership At Gowran Park Fillies & Mares Claiming Race,184,Gowran Park (IRE),09/01/2026 16:00:00,Other,,,,3yo+,Fillies,1m,8,1608,1760,Yielding,Turf,5385894,Una Matata,100877,Adam Caffrey,14088,Adrian McGuinness,5,,6,9,9-3,147,12/1,13,68,,,CompletedRace,6,3.25,14.25,00:01:45.3725000,105.3725,8/1,9,67,716350,"€5,900",5900,68,84,55,364614,Mark Devlin & Mark McGuckin & Claire Wylie,Mehmas,IRE,Toolentidhaar,False,False,,42,,False,,IRE
927839,Membership At Gowran Park Fillies & Mares Claiming Race,184,Gowran Park (IRE),09/01/2026 16:00:00,Other,,,,3yo+,Fillies,1m,8,1608,1760,Yielding,Turf,9665431,Salamina,13203,Declan McDonogh,32145,Joseph Patrick O'Brien,3,,4,6,9-6,150,80/1,81,,,,CompletedRace,7,8.5,22.75,00:01:47.4975000,107.4975,25/1,26,7,0000,"€5,900",5900,,55,44,49345,Mrs A M O'Brien,Sottsass,FR,Melliferous,False,False,,58,,False,,IRE
927839,Membership At Gowran Park Fillies & Mares Claiming Race,184,Gowran Park (IRE),09/01/2026 16:00:00,Other,,,,3yo+,Fillies,1m,8,1608,1760,Yielding,Turf,6283406,Keep It Together,82458,Rory Cleary,2128,D Buckley,8,,8,2,9-1,145,250/1,251,,,,CompletedRace,8,3,25.75,00:01:48.2475000,108.2475,66/1,67,17,0-066,"€5,900",5900,,53,35,21230,D Buckley,Policy Maker,IRE,Supreme Harmony,False,False,,,,False,,IRE
927840,Societies Welcome At Gowran Park Apprentice Handicap,184,Gowran Park (IRE),09/01/2026 16:30:00,Other,,,0-60,3yo+,None,1m,8,1608,1760,Yielding,Turf,6350092,Navajo Point,98736,Paddy Harnett,25272,Martin Hassett,4,,1,2,10-2,162,4/1F,5,60,,,CompletedRace,1,0,0,00:01:43.7500000,103.75,10/1,11,17,60-842,"€5,900",5900,60,60,42,201822,Deirdre Hassett,Arizona,IRE,Dashing Diamond,False,False,,50,,False,,IRE
927840,Societies Welcome At Gowran Park Apprentice Handicap,184,Gowran Park (IRE),09/01/2026 16:30:00,Other,,,0-60,3yo+,None,1m,8,1608,1760,Yielding,Turf,4318855,Rampage,103817,Sadhbh Tormey,4244,T G McCourt,7,,15,17,8-5,133,13/2,7.5,42,,,CompletedRace,2,0.3,0.3,00:01:43.8250000,103.825,14/1,15,7,700785,"€5,900",5900,42,62,55,333402,Mrs P McCourt/Whyte's Stamullen Syndicate/S Sweeney,New Bay,GB,Hall Hee,False,False,,29,7,False,,IRE
927840,Societies Welcome At Gowran Park Apprentice Handicap,184,Gowran Park (IRE),09/01/2026 16:30:00,Other,,,0-60,3yo+,None,1m,8,1608,1760,Yielding,Turf,6671048,Miss Americana,103045,Keithen Kennedy,7660,Charles O'Brien,4,,14,9,8-13,141,6/1,7,43,,,CompletedRace,3,1,1.25,00:01:44.0625000,104.0625,10/1,11,81,-29927,"€5,900",5900,43,63,49,99534,Painestown Syndicate,Sea The Moon,GER,Swansdown,False,False,,50,,False,,GB
927840,Societies Welcome At Gowran Park Apprentice Handicap,184,Gowran Park (IRE),09/01/2026 16:30:00,Other,,,0-60,3yo+,None,1m,8,1608,1760,Yielding,Turf,4315460,Selective Power,101185,Jack Kearney,30969,Thomas Coyle,7,p,2,4,10-2,162,5/1,6,60,,,CompletedRace,4,0.2,1.5,00:01:44.1250000,104.125,7/1,8,81,0-0494,"€5,900",5900,60,67,57,151208,Urban & Rural Boys Syndicate,Tamayuz,GB,Girl Power,False,False,,40,,False,,IRE
927840,Societies Welcome At Gowran Park Apprentice Handicap,184,Gowran Park (IRE),09/01/2026 16:30:00,Other,,,0-60,3yo+,None,1m,8,1608,1760,Yielding,Turf,6202590,Medieval Night,104676,Reese Holohan,21879,Denis Gerard Hogan,4,tb,4,15,9-11,155,10/1,11,59,,,CompletedRace,5,0.5,2,00:01:44.2500000,104.25,8/1,9,20,304762,"€5,900",5900,59,60,56,315713,Winning Chance Syndicate,Camelot,GB,Sorelle Delle Rose,False,False,,35,4,True,,IRE
927840,Societies Welcome At Gowran Park Apprentice Handicap,184,Gowran Park (IRE),09/01/2026 16:30:00,Other,,,0-60,3yo+,None,1m,8,1608,1760,Yielding,Turf,6974146,Real Petite,103884,Jimmy Dalton,16319,Thomas Mullins,4,p,10,19,8-13,141,12/1,13,50,,,CompletedRace,6,1.5,3.5,00:01:44.6250000,104.625,9/1,10,43,-01608,"€5,900",5900,50,66,55,116939,Mrs Rita Byrne,Amaron,GB,Riviere Diamant,False,False,,,7,False,,GER
927840,Societies Welcome At Gowran Park Apprentice Handicap,184,Gowran Park (IRE),09/01/2026 16:30:00,Other,,,0-60,3yo+,None,1m,8,1608,1760,Yielding,Turf,2031530,Roderick,100369,Jack Cleary,41898,P Sweeney,10,p,12,14,9-4,148,16/1,17,48,,,CompletedRace,7,0.75,4.25,00:01:44.8125000,104.8125,13/2,7.5,81,7-7042,"€5,900",5900,48,66,58,205986,P Sweeney,Pastoral Pursuits,GB,Reeling N' Rocking,False,False,,50,,False,,GB
927840,Societies Welcome At Gowran Park Apprentice Handicap,184,Gowran Park (IRE),09/01/2026 16:30:00,Other,,,0-60,3yo+,None,1m,8,1608,1760,Yielding,Turf,3102091,Lust,103881,Sam Coen,40278,Conor David Maxwell,8,,8,3,9-9,153,15/2,8.5,53,,,CompletedRace,8,0.3,4.5,00:01:44.8750000,104.875,12/1,13,75,500-37,"€5,900",5900,53,60,57,245198,R Bird,Fastnet Rock,AUS,Desire Moi,False,False,,,,True,,IRE
927840,Societies Welcome At Gowran Park Apprentice Handicap,184,Gowran Park (IRE),09/01/2026 16:30:00,Other,,,0-60,3yo+,None,1m,8,1608,1760,Yielding,Turf,8075056,Survivor's Code,102050,Rory Mulligan,40278,Conor David Maxwell,3,p,13,18,8-13,141,25/1,26,50,,,CompletedRace,9,0.5,5,00:01:45,105,12/1,13,106,-01779,"€5,900",5900,50,66,52,196807,Breen White,Nando Parrado,GB,Ownwan,False,False,,,2,True,,IRE
927840,Societies Welcome At Gowran Park Apprentice Handicap,184,Gowran Park (IRE),09/01/2026 16:30:00,Other,,,0-60,3yo+,None,1m,8,1608,1760,Yielding,Turf,4713762,Bright Dick,100805,Wesley Joyce,34719,Luke W Comer,6,p,9,1,9-7,151,25/1,26,51,,,CompletedRace,10,0.3,5.25,00:01:45.0625000,105.0625,25/1,26,782,50093/,"€5,900",5900,51,62,,33105,Mrs Margaret Comer,Dick Whittington,IRE,Luminize,False,False,,100,,True,1,IRE
927840,Societies Welcome At Gowran Park Apprentice Handicap,184,Gowran Park (IRE),09/01/2026 16:30:00,Other,,,0-60,3yo+,None,1m,8,1608,1760,Yielding,Turf,8187996,Lady Kelly,103866,Patrick McGettigan,28180,J P Murtagh,3,b,7,16,9-9,153,10/1,11,60,,,CompletedRace,11,0.5,5.75,00:01:45.1875000,105.1875,10/1,11,62,-98637,"€5,900",5900,60,59,55,323231,Maribeth Sandford,Sioux Nation,USA,Gabardine,False,False,,41,2,False,,IRE
927840,Societies Welcome At Gowran Park Apprentice Handicap,184,Gowran Park (IRE),09/01/2026 16:30:00,Other,,,0-60,3yo+,None,1m,8,1608,1760,Yielding,Turf,4418025,Master Garvey,103558,Terry Casey,30486,Joseph Anthony Murray,6,tb,16,6,8-4,132,8/1,9,41,,,CompletedRace,12,2.25,8,00:01:45.7500000,105.75,14/1,15,17,750397,"€5,900",5900,40,61,59,376000,Patrick M O'Brien & Larry Murray & Derek Cummins,Dragon Pulse,IRE,Free Lance,False,False,,100,7,False,,IRE
927840,Societies Welcome At Gowran Park Apprentice Handicap,184,Gowran Park (IRE),09/01/2026 16:30:00,Other,,,,3yo+,None,1m,8,1608,1760,Yielding,Turf,6362959,Crosshaven,103655,Shay Wallace,4991,John Joseph Murphy,4,,17,12,9-4,148,28/1,29,55,,,CompletedRace,13,0.3,8.5,00:01:45.8750000,105.875,,,,,,,,,,,,,,,,,,,,,,
927840,Societies Welcome At Gowran Park Apprentice Handicap,184,Gowran Park (IRE),09/01/2026 16:30:00,Other,,,0-60,3yo+,None,1m,8,1608,1760,Yielding,Turf,5317153,Mags,103916,Julian Pietropaolo,33630,Ian O'Connor,5,,5,5,9-9,153,80/1,81,57,,,CompletedRace,14,1.75,10.25,00:01:46.3125000,106.3125,20/1,21,83,/00-00,"€5,900",5900,57,60,11,154901,F Harty,Footstepsinthesand,GB,Sorry Woman,False,False,,,4,True,2,IRE
927840,Societies Welcome At Gowran Park Apprentice Handicap,184,Gowran Park (IRE),09/01/2026 16:30:00,Other,,,0-60,3yo+,None,1m,8,1608,1760,Yielding,Turf,8725540,Tempted Angel,103121,Joseph Harnett,28193,Mark Fahey,3,,11,13,8-13,141,66/1,67,55,,,CompletedRace,15,2,12.25,00:01:46.8125000,106.8125,16/1,17,172,5068,"€5,900",5900,55,66,,368170,Jeffrey Brennan & Fearghal Hogan,Soldier's Call,GB,Sweet Temptation,False,False,,,7,True,,IRE
927840,Societies Welcome At Gowran Park Apprentice Handicap,184,Gowran Park (IRE),09/01/2026 16:30:00,Other,,,0-60,3yo+,None,1m,8,1608,1760,Yielding,Turf,5021359,Carvalhal,103948,Nicola Burns,15297,R P Burns,5,,6,8,9-10,154,18/1,19,56,,,CompletedRace,16,4.5,16.75,00:01:47.9375000,107.9375,13/2,7.5,61,0-0210,"€5,900",5900,56,60,52,358693,Holdcroft Burns McLoughlin Partnership,Profitable,IRE,Peig,False,False,,,2,False,,IRE
927841,Support The Irish Injured Jockeys Fund Handicap,184,Gowran Park (IRE),09/01/2026 17:00:00,Other,,,,3yo+,None,1m,8,1608,1760,Yielding,Turf,7983180,Java Wood,100805,Wesley Joyce,37630,Kevin Michael Smith,6,,4,19,9-10,154,16/1,17,69,,,CompletedRace,1,0,0,00:01:42.9400000,102.94,10/1,11,33,401307,"€7,068",7068,69,75,65,201383,Peadar Kelly,Requinto,IRE,Talkin Kate,False,False,,,3,False,,IRE
927841,Support The Irish Injured Jockeys Fund Handicap,184,Gowran Park (IRE),09/01/2026 17:00:00,Other,,,,3yo+,None,1m,8,1608,1760,Yielding,Turf,7520194,Majestic King,99171,J M Sheridan,21879,Denis Gerard Hogan,5,,5,17,9-12,156,9/2,5.5,68,,,CompletedRace,2,1,1,00:01:43.1900000,103.19,8/1,9,49,212004,"€7,068",7068,68,73,64,358022,Chomping At The Bit Syndicate,Kingman,GB,Majestic Silver,False,False,,35,,False,,IRE
927841,Support The Irish Injured Jockeys Fund Handicap,184,Gowran Park (IRE),09/01/2026 17:00:00,Other,,,,3yo+,None,1m,8,1608,1760,Yielding,Turf,6318961,Bundle Of Interest,103881,Sam Coen,20409,W McCreery,4,v,2,13,9-9,153,13/2,7.5,70,,,CompletedRace,3,1.25,2.25,00:01:43.5025000,103.5025,12/1,13,5,7-0779,"€7,068",7068,70,74,69,333909,COR Racing Syndicate,Bungle Inthejungle,GB,Security Interest,False,False,,69,5,False,,IRE
927841,Support The Irish Injured Jockeys Fund Handicap,184,Gowran Park (IRE),09/01/2026 17:00:00,Other,,,,3yo+,None,1m,8,1608,1760,Yielding,Turf,9125046,Cosmic Funk,96569,Luke McAteer,27788,P J F Murphy,3,p,15,2,9-2,146,13/2,7.5,63,,,CompletedRace,4,0.3,2.5,00:01:43.5650000,103.565,6/1,7,5,727556,"€7,068",7068,63,73,56,375673,Fergal Conroy,Starman,GB,Aretha,False,False,,38,,True,,IRE
927841,Support The Irish Injured Jockeys Fund Handicap,184,Gowran Park (IRE),09/01/2026 17:00:00,Other,,,,3yo+,None,1m,8,1608,1760,Yielding,Turf,7597345,Lahore Da King,102891,Iqbal Khan,3169,Anthony Mullins,4,tp,3,7,9-7,151,18/1,19,70,,,CompletedRace,5,2.25,4.75,00:01:44.1275000,104.1275,25/1,26,60,010700,"€7,068",7068,70,76,38,309662,M Rafiq,Sands Of Mali,FR,Invade,False,False,,25,7,False,,IRE
927841,Support The Irish Injured Jockeys Fund Handicap,184,Gowran Park (IRE),09/01/2026 17:00:00,Other,,,,3yo+,None,1m,8,1608,1760,Yielding,Turf,3793523,Navagio,97031,Ben Coen,38077,Ciaran Murphy,7,t,6,3,9-10,154,22/1,23,66,,,CompletedRace,6,2,6.75,00:01:44.6275000,104.6275,16/1,17,31,5-0609,"€7,068",7068,66,75,46,367318,Mill Stream Racing Syndicate,Footstepsinthesand,GB,Souzie,False,False,,53,,False,,IRE
927841,Support The Irish Injured Jockeys Fund Handicap,184,Gowran Park (IRE),09/01/2026 17:00:00,Other,,,,3yo+,None,1m,8,1608,1760,Yielding,Turf,9009955,Mr Perth,81425,W J Lee,27681,M C Grassick,3,,13,6,9-5,149,5/2F,3.5,66,,,CompletedRace,7,1.25,8,00:01:44.9400000,104.94,7/2,4.5,32,8707,"€7,068",7068,66,69,59,57680,Joseph E Keeling,Australia,GB,Miss Myers,False,False,,20,,False,,IRE
927841,Support The Irish Injured Jockeys Fund Handicap,184,Gowran Park (IRE),09/01/2026 17:00:00,Other,,,,3yo+,None,1m,8,1608,1760,Yielding,Turf,5884464,She's Ideal,100877,Adam Caffrey,14088,Adrian McGuinness,4,,8,14,9-10,154,15/2,8.5,66,,,CompletedRace,8,3.5,11.5,00:01:45.8150000,105.815,9/2,5.5,14,877113,"€7,068",7068,66,75,64,376996,Conor Kelly,Belardo,IRE,Vocal Warm Up,False,False,,38,,True,,IRE
927841,Support The Irish Injured Jockeys Fund Handicap,184,Gowran Park (IRE),09/01/2026 17:00:00,Other,,,,3yo+,None,1m,8,1608,1760,Yielding,Turf,5884456,Gloriously Glam,89959,Colin Keane,21346,Ms Claire O'Connell,4,p,9,9,9-9,153,10/1,11,65,,,CompletedRace,9,0.3,11.75,00:01:45.8775000,105.8775,6/1,7,31,138520,"€7,068",7068,65,75,54,117916,Lucky Fifteen Syndicate,Profitable,IRE,Abstain,False,False,,25,,True,2,IRE
927841,Support The Irish Injured Jockeys Fund Handicap,184,Gowran Park (IRE),09/01/2026 17:00:00,Other,,,,3yo+,None,1m,8,1608,1760,Yielding,Turf,8089291,Goofy Gander,86349,Shane Foley,1285,Mrs John Harrington,3,h,10,11,9-9,153,33/1,34,70,,,CompletedRace,10,1.25,13,00:01:46.1900000,106.19,8/1,9,83,507-06,"€7,068",7068,70,65,31,20887,John P McManus,Magna Grecia,IRE,Gussy Goose,False,False,,51,,False,,IRE
927841,Support The Irish Injured Jockeys Fund Handicap,184,Gowran Park (IRE),09/01/2026 17:00:00,Other,,,,3yo+,None,1m,8,1608,1760,Yielding,Turf,8236316,Unidos,96343,Gavin Ryan,28193,Mark Fahey,3,h1,12,5,9-6,150,40/1,41,67,,,CompletedRace,11,2,15,00:01:46.6900000,106.69,20/1,21,10,0-8050,"€7,068",7068,67,70,62,363091,Above The Drain Syndicate,Sergei Prokofiev,CAN,Aquarius,True,False,,,,True,,GB
927841,Support The Irish Injured Jockeys Fund Handicap,184,Gowran Park (IRE),09/01/2026 17:00:00,Other,,,,3yo+,None,1m,8,1608,1760,Yielding,Turf,4977940,Bill Silvers,83482,Chris Hayes,14621,William Durkan,6,v,1,1,10-0,160,12/1,13,70,,,CompletedRace,12,0.3,15.5,00:01:46.8150000,106.815,16/1,17,5,5P-050,"€7,068",7068,70,73,55,20655,William Durkan,Farhh,GB,Faughill,False,False,,29,,False,,GB
927841,Support The Irish Injured Jockeys Fund Handicap,184,Gowran Park (IRE),09/01/2026 17:00:00,Other,,,,3yo+,None,1m,8,1608,1760,Yielding,Turf,8018235,Yutori,96054,Scott McCullagh,41273,Daniel McLoughlin,4,p,11,16,9-9,153,66/1,67,65,,,CompletedRace,13,1.5,17,00:01:47.1900000,107.19,14/1,15,23,68-270,"€7,068",7068,65,72,46,361269,Yutori Partnership,Acclamation,GB,Cape Violet,False,False,,38,,False,,GB
927841,Support The Irish Injured Jockeys Fund Handicap,184,Gowran Park (IRE),09/01/2026 17:00:00,Other,,,,3yo+,None,1m,8,1608,1760,Yielding,Turf,7583034,Merciless,97030,Andrew Slattery,39639,Josh Halley,3,,14,15,9-3,147,80/1,81,64,,,CompletedRace,14,0.1,17,00:01:47.1900000,107.19,14/1,15,155,04500,"€7,068",7068,64,73,20,44949,John Halley,Soldier's Call,GB,Maraaseem,False,False,,75,,True,,IRE
927841,Support The Irish Injured Jockeys Fund Handicap,184,Gowran Park (IRE),09/01/2026 17:00:00,Other,,,,3yo+,None,1m,8,1608,1760,Yielding,Turf,7530040,Aurora Mist,104407,Orla Tynan,10588,Andrew Slattery,3,,16,8,8-8,136,25/1,26,62,,,RefusedToRace,0,0,0,00:01:42.9400000,102.94,16/1,17,32,4-7100,"€7,068",7068,62,69,54,150705,Men Of Forty Eight Syndicate,Inns Of Court,IRE,Chute Hall Lady,False,False,,63,7,False,,IRE
927842,Racing Again September 19th Maiden,184,Gowran Park (IRE),09/01/2026 17:32:00,Other,,,,4yo+,None,1m6f,14,2815,3080,Yielding,Turf,3023388,Banbridge,99171,J M Sheridan,32145,Joseph Patrick O'Brien,10,,2,1,9-9,153,4/1,5,,,,CompletedRace,1,0,0,00:03:07.2100000,187.21,5/1,6,,,"€6,479",6479,,,,58021,R A Bartlett,Doyen,IRE,Old Carton Lass,False,False,,58,,True,,IRE
927842,Racing Again September 19th Maiden,184,Gowran Park (IRE),09/01/2026 17:32:00,Other,,,,4yo+,None,1m6f,14,2815,3080,Yielding,Turf,4173265,Ballybawn Belter,7605,Seamie Heffernan,14075,Liz Doyle,8,,10,5,9-4,148,28/1,29,,,,CompletedRace,2,2,2,00:03:07.7100000,187.71,20/1,21,,,"€6,479",6479,,,,20887,John P McManus,Valirann,FR,Milford Maggie,False,False,,,,True,,IRE
927842,Racing Again September 19th Maiden,184,Gowran Park (IRE),09/01/2026 17:32:00,Other,,,,4yo+,None,1m6f,14,2815,3080,Yielding,Turf,5218274,Antrim Coast,96569,Luke McAteer,42380,Rory Anthony Devine,8,,1,8,9-9,153,33/1,34,,,,CompletedRace,3,1.25,3.25,00:03:08.0225000,188.0225,20/1,21,,,"€6,479",6479,,,,123522,Watchman Racing,Presenting,GB,Zuzka,False,False,,40,,True,1,IRE
927842,Racing Again September 19th Maiden,184,Gowran Park (IRE),09/01/2026 17:32:00,Other,,,,4yo+,None,1m6f,14,2815,3080,Yielding,Turf,3970578,Path d'Oroux,86848,Gary Carroll,17836,Gavin Cromwell,9,t,8,13,9-9,153,12/1,13,,,,CompletedRace,4,1.25,4.5,00:03:08.3350000,188.335,8/1,9,,3,"€6,479",6479,,79,35,316104,French Connection Partnership,Coastal Path,GB,Belle Du Bresil,False,False,,39,,True,,FR
927842,Racing Again September 19th Maiden,184,Gowran Park (IRE),09/01/2026 17:32:00,Other,,,,4yo+,None,1m6f,14,2815,3080,Yielding,Turf,5116172,Navy Guitar,96343,Gavin Ryan,40485,Diego Dias,7,,7,17,9-9,153,66/1,67,,,,CompletedRace,5,0.3,4.75,00:03:08.3975000,188.3975,33/1,34,,,"€6,479",6479,,,,28056,James C Wallace,French Navy,GB,D'Addario,False,False,,,,True,1,IRE
927842,Racing Again September 19th Maiden,184,Gowran Park (IRE),09/01/2026 17:32:00,Other,,,,4yo+,None,1m6f,14,2815,3080,Yielding,Turf,6763601,Kaleo Ametsa,97030,Andrew Slattery,39639,Josh Halley,6,t,12,2,9-4,148,33/1,34,,,,CompletedRace,6,0.2,5,00:03:08.4600000,188.46,12/1,13,17,53,"€6,479",6479,,78,77,44949,John Halley,Doctor Dino,FR,Last Harvest,False,False,,75,,True,,FR
927842,Racing Again September 19th Maiden,184,Gowran Park (IRE),09/01/2026 17:32:00,Other,,,,4yo+,None,1m6f,14,2815,3080,Yielding,Turf,8018237,Bartholomew,81425,W J Lee,8258,Martin Brassil,4,t,3,3,9-9,153,13/8F,2.625,76,,,CompletedRace,7,1,6,00:03:08.7100000,188.71,4/1,5,,545-,"€6,479",6479,76,80,51,147934,Old Pals Partnership,Nathaniel,IRE,Contentment,False,False,,,,True,,GB
927842,Racing Again September 19th Maiden,184,Gowran Park (IRE),09/01/2026 17:32:00,Other,,,,4yo+,None,1m6f,14,2815,3080,Yielding,Turf,7776070,Run For Mahler,100877,Adam Caffrey,8910,C Byrnes,7,t,13,14,9-4,148,14/1,15,,,,CompletedRace,8,0.3,6.25,00:03:08.7725000,188.7725,14/1,15,19,767,"€6,479",6479,,71,48,143315,Top Of The Hill Syndicate,Mahler,GB,Run For Sol,False,False,,57,,False,,IRE
927842,Racing Again September 19th Maiden,184,Gowran Park (IRE),09/01/2026 17:32:00,Other,,,,4yo+,None,1m6f,14,2815,3080,Yielding,Turf,4969844,Western Fold,83482,Chris Hayes,18145,Gordon Elliott,7,,9,16,9-9,153,12/1,13,,,,CompletedRace,9,0.3,6.5,00:03:08.8350000,188.835,6/1,7,,,"€6,479",6479,,,,328920,Weld-Spec (Glasgow) Ltd & Dee L'Estrange,Westerner,GB,Fieldtown,False,False,,33,,True,,IRE
927842,Racing Again September 19th Maiden,184,Gowran Park (IRE),09/01/2026 17:32:00,Other,,,,4yo+,None,1m6f,14,2815,3080,Yielding,Turf,7339089,Joe Cool,89959,Colin Keane,4446,Noel Meade,4,,6,15,9-9,153,11/4,3.75,76,,,CompletedRace,10,7.5,14,00:03:10.7100000,190.71,7/2,4.5,73,30-224,"€6,479",6479,76,85,60,323750,Noel Meade Racing Ltd,Lightning Spear,GB,Prewar,False,False,,55,,False,,IRE
927842,Racing Again September 19th Maiden,184,Gowran Park (IRE),09/01/2026 17:32:00,Other,,,,4yo+,None,1m6f,14,2815,3080,Yielding,Turf,9350196,Dee Bee Zed,101012,James Ryan,4244,T G McCourt,5,,4,12,9-9,153,40/1,41,,,,CompletedRace,11,4.75,18.75,00:03:11.8975000,191.8975,20/1,21,,,"€6,479",6479,,,,117924,P Jordan,Gleneagles,IRE,Propel,False,False,,29,,True,,IRE
927842,Racing Again September 19th Maiden,184,Gowran Park (IRE),09/01/2026 17:32:00,Other,,,,4yo+,None,1m6f,14,2815,3080,Yielding,Turf,5713810,Fraher Field,89571,Leigh Roche,40445,John E & Thomas Kiely,6,,11,9,9-4,148,33/1,34,,,,CompletedRace,12,17,35.75,00:03:16.1475000,196.1475,16/1,17,19,84,"€6,479",6479,,75,53,357799,"John J Flynn, Pierce Flynn, Conor Lannen",Order Of St George,IRE,Ten Theatre,False,False,,,,True,,IRE
927842,Racing Again September 19th Maiden,184,Gowran Park (IRE),09/01/2026 17:32:00,Other,,,,4yo+,None,1m6f,14,2815,3080,Yielding,Turf,7891668,Figero,86349,Shane Foley,16319,Thomas Mullins,5,,5,7,9-9,153,80/1,81,,,,CompletedRace,13,28,63.75,00:03:23.1475000,203.1475,16/1,17,,5,"€6,479",6479,,83,37,23932,Mrs Sandra McCarthy,Hillstar,GB,Silca Wings,False,False,,,,True,,IRE
925826,Sky Sports Racing Virgin 512 Amateur Jockeys' Handicap,393,Lingfield (AW),09/01/2026 14:20:00,Other,Class 6,,0-65,4yo+,None,1m2f,10,2010,2200,Standard,AllWeather,3377620,Alazwar,91400,Miss Brodie Hampson,32276,Archie Watson,8,,6,7,10-10,170,6/1,7,59,,,CompletedRace,1,0,0,00:02:04.9300000,124.93,100/30,4.333333333333334,35,290021,"£3,080",3080,59,54,45,113037,Mrs B Watson,Awtaad,IRE,Venetian Beauty,False,False,,29,,False,,IRE
925826,Sky Sports Racing Virgin 512 Amateur Jockeys' Handicap,393,Lingfield (AW),09/01/2026 14:20:00,Other,Class 6,,0-65,4yo+,None,1m2f,10,2010,2200,Standard,AllWeather,6197906,Little She,102879,Miss Alice Tregoning,12125,Marcus Tregoning,4,tp1,9,1,9-8,152,22/1,23,48,,,CompletedRace,2,0.3,0.3,00:02:04.9900000,124.99,10/1,11,9,532546,"£3,080",3080,48,55,,87360,M P N Tregoning,Invincible Army,IRE,Second Glance,True,False,,57,5,False,,FR
925826,Sky Sports Racing Virgin 512 Amateur Jockeys' Handicap,393,Lingfield (AW),09/01/2026 14:20:00,Other,Class 6,,0-65,4yo+,None,1m2f,10,2010,2200,Standard,AllWeather,8286520,Kurios Lady,94709,Mr Fletcher Yarham,435,Michael Madgwick,4,,3,2,11-1,177,33/1,34,64,,,CompletedRace,3,0.5,0.75,00:02:05.0800000,125.08,14/1,15,22,462556,"£3,080",3080,64,55,38,357697,Lee Atkins,Sergei Prokofiev,CAN,Kuriosa,False,False,,,,True,2,GB
925826,Sky Sports Racing Virgin 512 Amateur Jockeys' Handicap,393,Lingfield (AW),09/01/2026 14:20:00,Other,Class 6,,0-65,4yo+,None,1m2f,10,2010,2200,Standard,AllWeather,6323499,Divot,104061,Mr Henry Callan,17966,William Knight,4,,2,4,11-2,178,7/4F,2.75,65,,,CompletedRace,4,0.3,1,00:02:05.1300000,125.13,3/1,4,18,357113,"£3,080",3080,65,55,20,205547,Mr & Mrs N Welby,Footstepsinthesand,GB,Western Pearl,False,False,,60,,True,,GB
925826,Sky Sports Racing Virgin 512 Amateur Jockeys' Handicap,393,Lingfield (AW),09/01/2026 14:20:00,Other,Class 6,,0-65,4yo+,None,1m2f,10,2010,2200,Standard,AllWeather,4431797,The Pug,104862,Miss Jemima Stewart,33553,Olly Murphy,6,b,10,6,9-4,148,66/1,67,46,,,CompletedRace,5,0.2,1.25,00:02:05.1800000,125.18,25/1,26,9,3U6545,"£3,080",3080,46,54,13,252457,Olly Murphy Racing Club,Churchill,IRE,Alumni Award,False,False,,70,7,False,,IRE
925826,Sky Sports Racing Virgin 512 Amateur Jockeys' Handicap,393,Lingfield (AW),09/01/2026 14:20:00,Other,Class 6,,0-65,4yo+,None,1m2f,10,2010,2200,Standard,AllWeather,6613667,Warrnambool,103591,Miss Grace Littmoden,8867,Nick Littmoden,4,v,7,3,9-12,156,18/1,19,52,,,CompletedRace,6,1.5,2.75,00:02:05.4800000,125.48,10/1,11,12,654-04,"£3,080",3080,52,55,47,256118,G Chesneaux N Littmoden,Reliable Man,GB,Waldluft,False,False,,50,5,False,,GER
925826,Sky Sports Racing Virgin 512 Amateur Jockeys' Handicap,393,Lingfield (AW),09/01/2026 14:20:00,Other,Class 6,,0-65,4yo+,None,1m2f,10,2010,2200,Standard,AllWeather,6812152,Norflondonforever,104578,Mr James Hills,42228,Faye Bramley,5,,4,10,10-9,169,11/2,6.5,63,,,CompletedRace,7,0.75,3.5,00:02:05.6300000,125.63,9/1,10,26,1-8004,"£3,080",3080,63,57,45,320968,Mrs Penelope Walshe,Exceed And Excel,AUS,Alchemilla,False,False,,8,5,True,,IRE
925826,Sky Sports Racing Virgin 512 Amateur Jockeys' Handicap,393,Lingfield (AW),09/01/2026 14:20:00,Other,Class 6,,0-65,4yo+,None,1m2f,10,2010,2200,Standard,AllWeather,3302806,Wrist Art,104624,Miss Ruby Criscuolo,40072,James Owen,9,tp,8,5,9-12,156,14/1,15,52,,,CompletedRace,8,0.3,3.75,00:02:05.6800000,125.68,6/1,7,9,452431,"£3,080",3080,52,51,43,326055,J Owen,Sir Prancealot,IRE,Vasoni,False,False,,51,5,False,,IRE
925826,Sky Sports Racing Virgin 512 Amateur Jockeys' Handicap,393,Lingfield (AW),09/01/2026 14:20:00,Other,Class 6,,0-65,4yo+,None,1m2f,10,2010,2200,Standard,AllWeather,5781948,Bownder,89863,Mr Frederick Tett,12601,Jonathan Portman,4,,1,8,11-2,178,9/4,3.25,65,,,CompletedRace,9,1.75,5.5,00:02:06.0300000,126.03,5/1,6,8,003324,"£3,080",3080,65,57,,147510,Portlee Bloodstock,Belardo,IRE,City Vaults Girl,False,False,,48,,True,,IRE
925826,Sky Sports Racing Virgin 512 Amateur Jockeys' Handicap,393,Lingfield (AW),09/01/2026 14:20:00,Other,Class 6,,0-65,4yo+,None,1m2f,10,2010,2200,Standard,AllWeather,8245524,Imperial Decision,104500,Mr Louis Burke,25857,Keiran Burke,4,tp,5,9,10-6,166,40/1,41,62,,,CompletedRace,10,0.1,5.75,00:02:06.0800000,126.08,25/1,26,20,372309,"£3,080",3080,62,54,49,325472,S Harvey & M Griffiths,Bated Breath,GB,Telescopic,False,False,,100,7,False,,GB
925824,Sky Sports Racing Sky 415 Novice Stakes (GBB Race),393,Lingfield (AW),09/01/2026 14:50:00,Other,Class 4,,,3yo+,None,6f,6,1206,1320,Standard,AllWeather,7592687,Storm Force,6901,James Doyle,42996,Richard & Peter Fahey,3,,1,2,9-11,155,4/9F,1.4444444444444444,,,,CompletedRace,1,0,0,00:01:10.5900000,70.59,4/6,1.6666666666666665,16,3-1,"£5,400",5400,,76,33,325088,Wathnan Racing,Starspangledbanner,AUS,Southern Belle,False,False,,50,,False,2,IRE
925824,Sky Sports Racing Sky 415 Novice Stakes (GBB Race),393,Lingfield (AW),09/01/2026 14:50:00,Other,Class 4,,,3yo+,None,6f,6,1206,1320,Standard,AllWeather,8214894,Gold Star Gazing,101188,Kaiya Fraser,4540,James Fanshawe,3,tv1,3,3,9-4,148,11/4,3.75,77,,,CompletedRace,2,2,2,00:01:10.9900000,70.99,100/30,4.333333333333334,61,33-35,"£5,400",5400,77,81,50,217263,Mrs A M Swinburn,Starman,GB,Elusive Gold,True,False,,58,,True,,IRE
925824,Sky Sports Racing Sky 415 Novice Stakes (GBB Race),393,Lingfield (AW),09/01/2026 14:50:00,Other,Class 4,,,3yo+,None,6f,6,1206,1320,Standard,AllWeather,8304792,Frantic,93947,Tom Marquand,23926,Ed Walker,3,,4,4,8-13,141,11/2,6.5,70,,,CompletedRace,3,0.5,2.5,00:01:11.0900000,71.09,11/4,3.75,59,4-2275,"£5,400",5400,70,89,,282089,SBA Racing Limited,Frankel,GB,Frenetic,False,False,,51,,True,,GB
925824,Sky Sports Racing Sky 415 Novice Stakes (GBB Race),393,Lingfield (AW),09/01/2026 14:50:00,Other,Class 4,,,3yo+,None,6f,6,1206,1320,Standard,AllWeather,8490008,Blazing Gaden,78238,Dougie Costello,35958,D J Jeffreys,5,,2,1,9-6,150,500/1,501,,,,CompletedRace,4,16,18.5,00:01:14.2900000,74.29,200/1,201,16,9,"£5,400",5400,,,,266819,Thomas Gaden,Cityscape,GB,Pleasant Piper,False,False,,,,False,,GB
925823,Daly Accounting Restricted Maiden Fillies' Stakes (For Horses In Bands C And D) (GBB Race),393,Lingfield (AW),09/01/2026 15:20:00,Other,Class 4,,,3-5yo,Fillies,7f,7,1407,1540,Standard,AllWeather,9344939,Nothing But Love,100360,Callum Hutchinson,1472,Dr Jon Scargill,4,h,1,1,9-6,150,13/8,2.625,68,,,CompletedRace,1,0,0,00:01:24.1400000,84.14,7/4,2.75,26,542,"£5,400",5400,68,74,46,22753,Mrs Susan Scargill,Land Force,IRE,Alnoras,False,False,,,,False,,GB
925823,Daly Accounting Restricted Maiden Fillies' Stakes (For Horses In Bands C And D) (GBB Race),393,Lingfield (AW),09/01/2026 15:20:00,Other,Class 4,,,3-5yo,Fillies,7f,7,1407,1540,Standard,AllWeather,8821446,Dusk Damsel,98352,Millie Wonnacott,5121,J S Moore,3,,3,7,8-11,139,40/1,41,52,,,CompletedRace,2,2.75,2.75,00:01:24.6900000,84.69,16/1,17,15,720594,"£5,400",5400,52,67,52,326772,Ms H N Pinniger And Partner,Twilight Son,GB,Visala,False,False,,57,5,False,,GB
925823,Daly Accounting Restricted Maiden Fillies' Stakes (For Horses In Bands C And D) (GBB Race),393,Lingfield (AW),09/01/2026 15:20:00,Other,Class 4,,,3-5yo,Fillies,7f,7,1407,1540,Standard,AllWeather,9485662,For Ever Hopefull,100783,Jonny Peate,35,J R Jenkins,3,,5,3,9-0,144,7/1,8,,,,CompletedRace,3,1.75,4.5,00:01:25.0400000,85.04,11/2,6.5,40,64,"£5,400",5400,,71,46,271393,B Dowling & R Stevens,Invincible Army,IRE,Hope Against Hope,False,False,,38,,True,,IRE
925823,Daly Accounting Restricted Maiden Fillies' Stakes (For Horses In Bands C And D) (GBB Race),393,Lingfield (AW),09/01/2026 15:20:00,Other,Class 4,,,3-5yo,Fillies,7f,7,1407,1540,Standard,AllWeather,7020529,Reader,92774,Rob Hornby,12125,Marcus Tregoning,3,p1,7,4,9-0,144,4/5F,1.8,69,,,CompletedRace,4,5.5,10,00:01:26.1400000,86.14,10/11,1.9090909090909092,11,28-33,"£5,400",5400,69,80,,219793,P Mitchell & Mrs S Davis,Mohaather,GB,Blue Aegean,True,False,,57,,True,,GB
925823,Daly Accounting Restricted Maiden Fillies' Stakes (For Horses In Bands C And D) (GBB Race),393,Lingfield (AW),09/01/2026 15:20:00,Other,Class 4,,,3-5yo,Fillies,7f,7,1407,1540,Standard,AllWeather,7055593,Miraflores,101759,Taylor Fisher,40415,Rachel Cook & John Bridger,4,,2,2,9-4,148,125/1,126,42,,,CompletedRace,5,4,14,00:01:26.9400000,86.94,100/1,101,14,764990,"£5,400",5400,42,59,35,342463,Mrs Daphne Finch,Zoustar,AUS,Lucky Lucrecia,False,False,,29,,False,,GB
925823,Daly Accounting Restricted Maiden Fillies' Stakes (For Horses In Bands C And D) (GBB Race),393,Lingfield (AW),09/01/2026 15:20:00,Other,Class 4,,,3-5yo,Fillies,7f,7,1407,1540,Standard,AllWeather,9494764,Garth Spirit,102723,Ryan Kavanagh,34512,Robbie Llewellyn,3,v1,6,5,8-11,139,150/1,151,,,,CompletedRace,6,24,38,00:01:31.7400000,91.74,100/1,101,38,94,"£5,400",5400,,,,374758,Gareth Owen,Massaat,IRE,Exceedingly,True,False,,67,3,True,,GB
925827,Tips For Every Race At raceday-ready.com Handicap,393,Lingfield (AW),09/01/2026 15:50:00,Other,Class 6,,0-65,4yo+,None,5f,5,1005,1100,Standard,AllWeather,6256741,Elvetham,93947,Tom Marquand,517,Conrad Allen,4,b,3,3,9-6,150,5/4F,2.25,62,,,CompletedRace,1,0,0,00:00:57.5200000,57.52,15/8,2.875,19,203610,"£3,245",3245,62,76,68,16345,B Homewood,Blue Point,IRE,Elouges,False,False,,,,True,,IRE
925827,Tips For Every Race At raceday-ready.com Handicap,393,Lingfield (AW),09/01/2026 15:50:00,Other,Class 6,,0-65,4yo+,None,5f,5,1005,1100,Standard,AllWeather,5079042,Mart,102723,Ryan Kavanagh,21550,D Donovan,5,tb1,5,1,8-6,134,7/2,4.5,51,,,CompletedRace,2,2.25,2.25,00:00:57.9700000,57.97,9/4,3.25,12,364360,"£3,245",3245,51,77,59,375584,River Racing & Partners,Dark Angel,IRE,Adorn,True,False,,,3,False,,GB
925827,Tips For Every Race At raceday-ready.com Handicap,393,Lingfield (AW),09/01/2026 15:50:00,Other,Class 6,,0-65,4yo+,None,5f,5,1005,1100,Standard,AllWeather,5951617,No Return,93343,Callum Shepherd,40131,Charlie Johnston,4,,2,6,9-8,152,15/8,2.875,64,,,CompletedRace,3,1.5,3.75,00:00:58.2700000,58.27,100/30,4.333333333333334,15,844557,"£3,245",3245,64,78,40,364540,Owners Group 152,Kodiac,GB,Water Hole,False,False,,50,,False,,IRE
925827,Tips For Every Race At raceday-ready.com Handicap,393,Lingfield (AW),09/01/2026 15:50:00,Other,Class 6,,0-65,4yo+,None,5f,5,1005,1100,Standard,AllWeather,5274484,Fletcher's Flight,92774,Rob Hornby,30178,Charlie Wallis,6,p,4,4,9-4,148,20/1,21,60,,,CompletedRace,4,1,4.75,00:00:58.4700000,58.47,5/1,6,78,6-U417,"£3,245",3245,60,75,,216523,John Joseph Smith,Profitable,IRE,Autumn Tide,False,False,,,,True,,IRE
925827,Tips For Every Race At raceday-ready.com Handicap,393,Lingfield (AW),09/01/2026 15:50:00,Other,Class 6,,0-65,4yo+,None,5f,5,1005,1100,Standard,AllWeather,4826923,Lochaber,103730,Isobelle Chalmers,26099,Scott Dixon,5,b,6,5,7-11,123,22/1,23,46,,,CompletedRace,5,3.75,8.5,00:00:59.2200000,59.22,12/1,13,7,0684-5,"£3,245",3245,46,67,36,356686,Amphitheatre Racing Limited,Havana Grey,GB,Yolo Star,False,False,,42,7,True,,GB
925825,Free Bets On attheraces.com Handicap,393,Lingfield (AW),09/01/2026 16:20:00,Other,Class 5,,0-75,3yo+,None,1m5f,13,2614,2860,Standard,AllWeather,5357886,Hope Rising,92774,Rob Hornby,20814,Jamie Snowden,5,,1,3,9-12,156,11/4,3.75,70,,,CompletedRace,1,0,0,00:02:40.7500000,160.75,11/10,2.1,14,0/4111,"£3,978",3978,70,82,,298650,One More Moment Of Madness,Phoenix Of Spain,IRE,Jellicle Ball,False,False,,64,,False,,IRE
925825,Free Bets On attheraces.com Handicap,393,Lingfield (AW),09/01/2026 16:20:00,Other,Class 5,,0-75,3yo+,None,1m5f,13,2614,2860,Standard,AllWeather,3835622,Percy Jones,92276,Paddy Bradley,15429,Mark Loughnane,7,,2,1,9-12,156,18/1,19,70,,,CompletedRace,2,3.75,3.75,00:02:41.5000000,161.5,9/1,10,14,-83644,"£3,978",3978,70,78,55,358268,S & A Mares & Racing Facades,Sir Percy,GB,Luisa Calderon,False,False,,31,,True,,GB
925825,Free Bets On attheraces.com Handicap,393,Lingfield (AW),09/01/2026 16:20:00,Other,Class 5,,0-75,3yo+,None,1m5f,13,2614,2860,Standard,AllWeather,8290509,La Peregrina,93947,Tom Marquand,23926,Ed Walker,3,,3,5,9-7,151,4/5F,1.8,73,,,CompletedRace,3,2.75,6.5,00:02:42.0500000,162.05,5/2,3.5,31,550221,"£3,978",3978,73,77,60,112240,Mrs Fitri Hay,Sea The Stars,IRE,Pink Pearl,False,False,,51,,True,,GB
925825,Free Bets On attheraces.com Handicap,393,Lingfield (AW),09/01/2026 16:20:00,Other,Class 5,,0-75,3yo+,None,1m5f,13,2614,2860,Standard,AllWeather,8406271,St Hilda,78238,Dougie Costello,12125,Marcus Tregoning,3,,5,4,9-4,148,11/2,6.5,70,,,CompletedRace,4,1,7.5,00:02:42.2500000,162.25,13/2,7.5,13,4-2263,"£3,978",3978,70,76,48,364653,Whitsbury Xiv,Saxon Warrior,JPN,Leaf,False,False,,57,,True,,IRE
925825,Free Bets On attheraces.com Handicap,393,Lingfield (AW),09/01/2026 16:20:00,Other,Class 5,,0-75,3yo+,None,1m5f,13,2614,2860,Standard,AllWeather,7978763,Celestarak,104012,Mason Paetel,29411,David Menuisier,3,h,4,2,9-2,146,12/1,13,71,,,CompletedRace,5,23,30.5,00:02:46.8500000,166.85,7/1,8,54,80-915,"£3,978",3978,71,76,,340048,Jayar Investments,Zarak,FR,Pleione,False,False,,36,3,True,,IRE
925828,Mo's Mile Handicap,393,Lingfield (AW),09/01/2026 16:55:00,Other,Class 6,,0-65,3yo,None,1m,8,1608,1760,Standard,AllWeather,8277417,Laughterintherain,93947,Tom Marquand,23926,Ed Walker,3,,5,3,9-4,148,2/1,3,60,,,CompletedRace,1,0,0,00:01:37.5300000,97.53,7/2,4.5,28,2-6784,"£3,245",3245,60,75,43,297459,P Afia,Too Darn Hot,GB,Tereschenko,False,False,,51,,True,,FR
925828,Mo's Mile Handicap,393,Lingfield (AW),09/01/2026 16:55:00,Other,Class 6,,0-65,3yo,None,1m,8,1608,1760,Standard,AllWeather,7609891,Musical Soldier,101300,Sean D Bowen,40346,Ollie Sangster,3,tp,1,5,9-11,155,11/8F,2.375,67,,,CompletedRace,2,1,1,00:01:37.7300000,97.73,8/11,1.7272727272727273,7,022111,"£3,245",3245,67,73,66,358758,"J Angell,S Hillier & Partner",Soldier's Call,GB,Harmonic Note,False,False,,37,,False,,IRE
925828,Mo's Mile Handicap,393,Lingfield (AW),09/01/2026 16:55:00,Other,Class 6,,0-65,3yo,None,1m,8,1608,1760,Standard,AllWeather,7529938,Paranjape,102526,Jack Callan,7083,S Woods,3,p,2,1,9-9,153,8/1,9,65,,,CompletedRace,3,1.75,2.75,00:01:38.0800000,98.08,10/1,11,12,-27460,"£3,245",3245,65,70,54,353959,G H Thompson &  S P C Woods,Ardad,IRE,Oksana Astankova,False,False,,38,,True,,GB
925828,Mo's Mile Handicap,393,Lingfield (AW),09/01/2026 16:55:00,Other,Class 6,,0-65,3yo,None,1m,8,1608,1760,Standard,AllWeather,7324714,Ahead Of Fashion,92774,Rob Hornby,8683,Dominic Ffrench Davis,3,,4,4,9-4,148,9/1,10,60,,,CompletedRace,4,0.1,2.75,00:01:38.0800000,98.08,8/1,9,16,772456,"£3,245",3245,60,71,53,356395,"Edwards, Ash & Hughes",Dream Ahead,USA,Fashion,False,False,,33,,False,,GB
925828,Mo's Mile Handicap,393,Lingfield (AW),09/01/2026 16:55:00,Other,Class 6,,0-65,3yo,None,1m,8,1608,1760,Standard,AllWeather,9060380,Heir Of Ambition,101188,Kaiya Fraser,38304,Harry Eustace,3,,3,2,9-6,150,7/1,8,62,,,CompletedRace,5,42,44.75,00:01:46.4800000,106.48,15/2,8.5,50,059,"£3,245",3245,62,69,,356313,Madeline And James Smith,Study Of Man,IRE,Autumn Trail,False,False,,69,,False,,GB
925829,Racing Partnership Celebrating 10 Years Handicap,393,Lingfield (AW),09/01/2026 17:25:00,Other,Class 6,,0-65,3yo+,None,6f,6,1206,1320,Standard,AllWeather,7204784,Horace Wallace,2456,J F Egan,42996,Richard & Peter Fahey,3,v1,1,7,9-10,154,9/4,3.25,65,,,CompletedRace,1,0,0,00:01:11.2200000,71.22,11/2,6.5,24,187044,"£3,245",3245,65,71,71,224998,N D Kershaw,Blue Point,IRE,Free Spirit,True,False,,50,,True,,GB
925829,Racing Partnership Celebrating 10 Years Handicap,393,Lingfield (AW),09/01/2026 17:25:00,Other,Class 6,,0-65,3yo+,None,6f,6,1206,1320,Standard,AllWeather,4251622,Lahina Bay,101759,Taylor Fisher,40415,Rachel Cook & John Bridger,6,,7,2,9-4,148,9/1,10,57,,,CompletedRace,2,1,1,00:01:11.4200000,71.42,13/2,7.5,19,532732,"£3,245",3245,57,72,,342463,Mrs Daphne Finch,Cracksman,GB,Serendipitously,False,False,,29,,False,,IRE
925829,Racing Partnership Celebrating 10 Years Handicap,393,Lingfield (AW),09/01/2026 17:25:00,Other,Class 6,,0-65,3yo+,None,6f,6,1206,1320,Standard,AllWeather,7436407,Far Too Fizzy,98602,Laura Pearson,31698,David Loughnane,3,,3,6,9-9,153,2/1F,3,64,,,CompletedRace,3,0.75,1.75,00:01:11.5700000,71.57,3/1,4,17,735402,"£3,245",3245,64,73,70,224994,David Lowe,Far Above,IRE,Fizzy Feet,False,False,,43,,False,,GB
925829,Racing Partnership Celebrating 10 Years Handicap,393,Lingfield (AW),09/01/2026 17:25:00,Other,Class 6,,0-65,3yo+,None,6f,6,1206,1320,Standard,AllWeather,5708997,Sarafina Mshairi,92774,Rob Hornby,41218,Edward Smyth-Osbourne,4,,2,1,9-9,153,22/1,23,62,,,CompletedRace,4,0.5,2.25,00:01:11.6700000,71.67,14/1,15,26,51-986,"£3,245",3245,62,71,44,352638,Rectory Farm Racing Partnership,Cable Bay,IRE,Sarabi Mshairi,False,False,,33,,True,,GB
925829,Racing Partnership Celebrating 10 Years Handicap,393,Lingfield (AW),09/01/2026 17:25:00,Other,Class 6,,0-65,3yo+,None,6f,6,1206,1320,Standard,AllWeather,4990390,Balon d'Or,92276,Paddy Bradley,870,Simon Dow,5,p,5,3,9-8,152,9/2,5.5,61,,,CompletedRace,5,1.5,3.75,00:01:11.9700000,71.97,7/2,4.5,14,764841,"£3,245",3245,61,72,65,374663,Snell And Fox Partnership,Kodiac,GB,Usra,False,False,,70,,False,,GB
925829,Racing Partnership Celebrating 10 Years Handicap,393,Lingfield (AW),09/01/2026 17:25:00,Other,Class 6,,0-65,3yo+,None,6f,6,1206,1320,Standard,AllWeather,4827183,Phoenix Moon,93947,Tom Marquand,13478,Denis Coakley,5,,4,5,9-8,152,6/1,7,61,,,CompletedRace,6,2,5.75,00:01:12.3700000,72.37,5/1,6,40,142388,"£3,245",3245,61,71,67,171609,Keeper's 12,Phoenix Of Spain,IRE,Meetyouatthemoon,False,False,,30,,False,,IRE
925829,Racing Partnership Celebrating 10 Years Handicap,393,Lingfield (AW),09/01/2026 17:25:00,Other,Class 6,,0-65,3yo+,None,6f,6,1206,1320,Standard,AllWeather,7445337,Mister Moet,93343,Callum Shepherd,26099,Scott Dixon,3,p,8,4,9-1,145,18/1,19,56,,,CompletedRace,7,3,8.75,00:01:12.9700000,72.97,6/1,7,12,062445,"£3,245",3245,56,71,61,356686,Amphitheatre Racing Limited,Nando Parrado,GB,Champagne Aerial,False,False,,42,,True,,IRE
925829,Racing Partnership Celebrating 10 Years Handicap,393,Lingfield (AW),09/01/2026 17:25:00,Other,Class 6,,0-65,3yo+,None,6f,6,1206,1320,Standard,AllWeather,7865990,Bessie Wallis,86769,Kieren Fox,16406,Michael Attwater,3,h,6,8,9-7,151,100/1,101,62,,,CompletedRace,8,0.3,9,00:01:13.0200000,73.02,25/1,26,15,6-5544,"£3,245",3245,62,70,51,376284,The Bessie Partnership,Starspangledbanner,AUS,Royal Dynasty,False,False,,18,,True,2,IRE
925812,Napoleons Casino And Restaurant Leeds Apprentice Handicap,49,Ripon,09/01/2026 14:10:00,Other,Class 5,,0-75,4yo+,None,1m2f,10,2010,2200,Soft,Turf,3538642,Yermanthere,102867,Rhys Elliott,10152,Tim Easterby,8,,4,6,9-8,152,100/30,4.333333333333334,70,,,CompletedRace,1,0,0,00:02:07.6900000,127.69,5/1,6,8,051226,"£4,711",4711,70,81,69,343135,Habton Racing,Fast Company,IRE,Fast Jazz,False,False,,44,3,True,,IRE
925812,Napoleons Casino And Restaurant Leeds Apprentice Handicap,49,Ripon,09/01/2026 14:10:00,Other,Class 5,,0-75,4yo+,None,1m2f,10,2010,2200,Soft,Turf,6340650,Draupnir,103709,Shay Farmer,38543,Michael & David Easterby,4,,6,8,9-6,150,4/1,5,68,,,CompletedRace,2,0.75,0.75,00:02:07.8775000,127.8775,5/1,6,24,353705,"£4,711",4711,68,83,74,348290,Silent B Partnership,Golden Horn,GB,Avongrove,False,False,,50,3,True,,GB
925812,Napoleons Casino And Restaurant Leeds Apprentice Handicap,49,Ripon,09/01/2026 14:10:00,Other,Class 5,,0-75,4yo+,None,1m2f,10,2010,2200,Soft,Turf,1428794,Poet's Dawn,103498,Jake Dickson,10152,Tim Easterby,11,p,1,2,9-9,153,6/1,7,73,,,CompletedRace,3,1.25,2,00:02:08.1900000,128.19,14/1,15,10,311179,"£4,711",4711,73,78,74,250816,Timothy O'Gram & Partner,Poet's Voice,GB,Dudley Queen,False,False,,44,5,False,,GB
925812,Napoleons Casino And Restaurant Leeds Apprentice Handicap,49,Ripon,09/01/2026 14:10:00,Other,Class 5,,0-75,4yo+,None,1m2f,10,2010,2200,Soft,Turf,3423161,Cosmos Raj,103453,Conor Whiteley,22839,David O'Meara,8,,7,1,9-4,148,9/2,5.5,66,,,CompletedRace,4,2.25,4.25,00:02:08.7525000,128.7525,7/2,4.5,10,766441,"£4,711",4711,66,84,72,339123,Nick Crummack & Partner,Iffraaj,GB,Cosmos Pink,False,False,,47,3,False,,GB
925812,Napoleons Casino And Restaurant Leeds Apprentice Handicap,49,Ripon,09/01/2026 14:10:00,Other,Class 5,,0-75,4yo+,None,1m2f,10,2010,2200,Soft,Turf,6425087,His Finest Hour,104019,Warren Fentiman,6029,Tina Jackson,5,,3,3,9-12,156,5/2F,3.5,71,,,CompletedRace,5,1.25,5.5,00:02:09.0650000,129.065,9/4,3.25,17,262-32,"£4,711",4711,71,80,72,373250,Gary Downes And Howard Thompson,Churchill,IRE,Jadwiga,False,False,,25,,True,,GB
925812,Napoleons Casino And Restaurant Leeds Apprentice Handicap,49,Ripon,09/01/2026 14:10:00,Other,Class 5,,0-75,4yo+,None,1m2f,10,2010,2200,Soft,Turf,5287720,No Knee Never,102773,Jack Nicholls,40072,James Owen,5,tp,5,4,9-9,153,16/1,17,68,,,CompletedRace,6,0.3,5.75,00:02:09.1275000,129.1275,10/1,11,20,350306,"£4,711",4711,68,79,72,239363,Nick Bradley Racing 18,No Nay Never,USA,Question Times,False,False,,51,,True,,IRE
925812,Napoleons Casino And Restaurant Leeds Apprentice Handicap,49,Ripon,09/01/2026 14:10:00,Other,Class 5,,0-75,4yo+,None,1m2f,10,2010,2200,Soft,Turf,6496521,Precious Spartan,101189,Cian Horgan,19966,Patrick Neville,4,,8,5,8-12,140,25/1,26,60,,,CompletedRace,7,67,72.75,00:02:25.8775000,145.8775,25/1,26,22,73-980,"£4,711",4711,60,81,51,316639,MPS Racing & Partners,Magna Grecia,IRE,Skeleton,False,False,,40,3,True,,IRE
925811,British Stallion Studs EBF Novice Stakes (GBB Race),49,Ripon,09/01/2026 14:40:00,Other,Class 4,,,2yo,None,5f,5,1005,1100,Soft,Turf,9231651,The Resdev Roman,85782,Joanna Mason,38543,Michael & David Easterby,2,,7,2,9-2,146,11/1,12,,,,CompletedRace,1,0,0,00:01:00.5200000,60.52,12/1,13,94,77,"£5,757",5757,,68,61,372575,N Bradley Racing 29 & Resdev,Holy Roman Emperor,IRE,Amerique,False,False,,50,,False,,IRE
925811,British Stallion Studs EBF Novice Stakes (GBB Race),49,Ripon,09/01/2026 14:40:00,Other,Class 4,,,2yo,None,5f,5,1005,1100,Soft,Turf,9231642,American Psycho,94631,Pierre-Louis Jamin,32276,Archie Watson,2,,1,5,9-7,151,7/1,8,74,,,CompletedRace,2,1.25,1.25,00:01:00.8325000,60.8325,7/2,4.5,38,274,"£5,757",5757,74,72,58,311863,Valmont,Mehmas,IRE,Usem,False,False,,29,,False,,IRE
925811,British Stallion Studs EBF Novice Stakes (GBB Race),49,Ripon,09/01/2026 14:40:00,Other,Class 4,,,2yo,None,5f,5,1005,1100,Soft,Turf,9660649,Empress Princess,82231,Daniel Tudhope,25914,James Tate,2,,5,7,9-2,146,1/2F,1.5,,,,CompletedRace,3,1.5,2.75,00:01:01.2075000,61.2075,6/5,2.2,19,2,"£5,757",5757,,74,66,2791,Jaber Abdullah,No Nay Never,USA,Princess Wannabe,False,False,,65,,True,,IRE
925811,British Stallion Studs EBF Novice Stakes (GBB Race),49,Ripon,09/01/2026 14:40:00,Other,Class 4,,,2yo,None,5f,5,1005,1100,Soft,Turf,9758439,Catavega,95152,Billy Garritty,38543,Michael & David Easterby,2,,2,1,9-7,151,18/1,19,,,,CompletedRace,4,0.3,3,00:01:01.2700000,61.27,33/1,34,,,"£5,757",5757,,,,376950,N Bradley Racing 29 & Partner,Lucky Vega,IRE,Nabeyla,False,True,,50,,False,,IRE
925811,British Stallion Studs EBF Novice Stakes (GBB Race),49,Ripon,09/01/2026 14:40:00,Other,Class 4,,,2yo,None,5f,5,1005,1100,Soft,Turf,9753885,Kumharas,93884,Oisin Orr,42996,Richard & Peter Fahey,2,,6,3,9-2,146,9/2,5.5,,,,CompletedRace,5,0.5,3.5,00:01:01.3950000,61.395,3/1,4,,,"£5,757",5757,,,,337574,Ryan Kent,Mehmas,IRE,Natalie's Joy,False,False,,50,,False,,GB
925814,21 Engineer Regiment Sapper Nursery Handicap,49,Ripon,09/01/2026 15:10:00,Other,Class 5,,0-75,2yo,None,5f,5,1005,1100,Soft,Turf,9092907,May Bee In Profit,78223,David Allan,10152,Tim Easterby,2,,5,6,9-4,148,9/1,10,70,,,CompletedRace,1,0,0,00:00:59.8100000,59.81,12/1,13,12,923106,"£4,711",4711,70,81,64,303397,The Wolf Pack 2 And Partner,Profitable,IRE,Bee Ina Bonnet,False,False,,42,,False,,GB
925814,21 Engineer Regiment Sapper Nursery Handicap,49,Ripon,09/01/2026 15:10:00,Other,Class 5,,0-75,2yo,None,5f,5,1005,1100,Soft,Turf,9222242,Star People,90243,Jason Hart,41095,John & Sean Quinn,2,b,2,2,9-8,152,15/8F,2.875,74,,,CompletedRace,2,0.5,0.5,00:00:59.9350000,59.935,13/8,2.625,12,05232,"£4,711",4711,74,78,77,366843,John Blackburn & Ross Harmon,Sioux Nation,USA,Tayberry,False,False,,47,,False,,FR
925814,21 Engineer Regiment Sapper Nursery Handicap,49,Ripon,09/01/2026 15:10:00,Other,Class 5,,0-75,2yo,None,5f,5,1005,1100,Soft,Turf,9092904,Lady Dublin,95237,Harry Russell,19836,Ollie Pears,2,p,1,5,9-9,153,17/2,9.5,75,,,CompletedRace,3,1.5,2,00:01:00.3100000,60.31,11/2,6.5,31,463118,"£4,711",4711,75,83,72,370848,Legacy Racing & Ollie Pears,Ardad,IRE,Increasing,False,False,,33,,False,,GB
925814,21 Engineer Regiment Sapper Nursery Handicap,49,Ripon,09/01/2026 15:10:00,Other,Class 5,,0-75,2yo,None,5f,5,1005,1100,Soft,Turf,9462140,Lexington Boom,97584,Oliver Stammers,15158,Grant Tuer,2,,3,4,9-6,150,9/4,3.25,72,,,CompletedRace,4,4.25,6.25,00:01:01.3725000,61.3725,11/4,3.75,20,221,"£4,711",4711,72,81,64,374427,Middleham Park Racing And Partner,Ardad,IRE,Lethal Vision,False,False,,55,,False,,GB
925814,21 Engineer Regiment Sapper Nursery Handicap,49,Ripon,09/01/2026 15:10:00,Other,Class 5,,0-75,2yo,None,5f,5,1005,1100,Soft,Turf,9409963,Inca Warrior,92565,Rowan Scott,865,Nigel Tinkler,2,,6,1,9-2,146,10/1,11,68,,,CompletedRace,5,2.25,8.5,00:01:01.9350000,61.935,12/1,13,45,44,"£4,711",4711,68,75,49,374165,The Invincible Five Partnership,Invincible Army,IRE,Inca Husky,False,True,,24,,True,,IRE
925814,21 Engineer Regiment Sapper Nursery Handicap,49,Ripon,09/01/2026 15:10:00,Other,Class 5,,0-75,2yo,None,5f,5,1005,1100,Soft,Turf,9396324,Roman Crystal,95152,Billy Garritty,38543,Michael & David Easterby,2,,4,3,9-4,148,9/2,5.5,70,,,CompletedRace,6,2.25,10.75,00:01:02.4975000,62.4975,9/2,5.5,24,65431,"£4,711",4711,70,77,61,373820,The Lee Westwood Racing Partnership,Shaman,IRE,Clare Island,False,False,,47,,False,,IRE
925810,Ripon Yorkshire's Garden Racecourse Handicap (Div I),49,Ripon,09/01/2026 15:40:00,Other,Class 4,,0-80,3yo+,None,6f,6,1206,1320,Soft,Turf,5708833,Yes I'm Mali,82231,Daniel Tudhope,22839,David O'Meara,4,,1,10,10-1,161,8/11F,1.7272727272727273,81,,,CompletedRace,1,0,0,00:01:11.7500000,71.75,15/8,2.875,4,022752,"£6,281",6281,81,89,74,371018,Raceshare & Twenty Seven,Sands Of Mali,FR,Yes Always,False,False,,47,,False,,GB
925810,Ripon Yorkshire's Garden Racecourse Handicap (Div I),49,Ripon,09/01/2026 15:40:00,Other,Class 4,,0-80,3yo+,None,6f,6,1206,1320,Soft,Turf,8022556,Kind Touch,93884,Oisin Orr,42996,Richard & Peter Fahey,3,,3,5,9-12,156,5/1,6,80,,,CompletedRace,2,0.3,0.3,00:01:11.8250000,71.825,5/1,6,52,12-374,"£6,281",6281,80,82,67,237429,Mr & Mrs N Wrigley,Kodi Bear,IRE,Qalahari,False,False,,50,,False,,IRE
925810,Ripon Yorkshire's Garden Racecourse Handicap (Div I),49,Ripon,09/01/2026 15:40:00,Other,Class 4,,0-80,3yo+,None,6f,6,1206,1320,Soft,Turf,5884227,Top Juggler,81371,Dale Swift,34145,Seb Spencer,4,,2,6,9-13,157,9/1,10,79,,,CompletedRace,3,2.25,2.5,00:01:12.3750000,72.375,8/1,9,21,5-3217,"£6,281",6281,79,87,70,368749,Chalkstone Racing,Bungle Inthejungle,GB,Rebecca Rolfe,False,False,,29,,False,,IRE
925810,Ripon Yorkshire's Garden Racecourse Handicap (Div I),49,Ripon,09/01/2026 15:40:00,Other,Class 4,,0-80,3yo+,None,6f,6,1206,1320,Soft,Turf,4459203,Spirit Of Applause,96177,Sean Kirrane,10152,Tim Easterby,6,b,10,2,9-3,147,12/1,13,69,,,CompletedRace,4,0.2,2.75,00:01:12.4375000,72.4375,3/1,4,10,433022,"£6,281",6281,69,86,79,250079,S A Heley & Partner,Charm Spirit,IRE,Accolade,False,False,,42,,False,,GB
925810,Ripon Yorkshire's Garden Racecourse Handicap (Div I),49,Ripon,09/01/2026 15:40:00,Other,Class 4,,0-80,3yo+,None,6f,6,1206,1320,Soft,Turf,3695493,Another Investment,99878,Alex Jary,865,Nigel Tinkler,7,,9,1,9-2,146,50/1,51,71,,,CompletedRace,5,1.75,4.5,00:01:12.8750000,72.875,14/1,15,21,002226,"£6,281",6281,71,87,71,343139,Peter Blyth & Partner,Awtaad,IRE,Mitzi Winks,False,False,,24,3,False,,IRE
925810,Ripon Yorkshire's Garden Racecourse Handicap (Div I),49,Ripon,09/01/2026 15:40:00,Other,Class 4,,0-80,3yo+,None,6f,6,1206,1320,Soft,Turf,5079225,Charlie Mason,94225,Callum Rodriguez,9714,Tony Carroll,5,,6,4,9-8,152,15/2,8.5,74,,,CompletedRace,6,0.2,4.75,00:01:12.9375000,72.9375,20/1,21,34,771680,"£6,281",6281,74,85,63,157423,Shropshire Wolves,Mayson,GB,Aubrietia,False,False,,40,,False,,GB
925810,Ripon Yorkshire's Garden Racecourse Handicap (Div I),49,Ripon,09/01/2026 15:40:00,Other,Class 4,,0-80,3yo+,None,6f,6,1206,1320,Soft,Turf,7409473,Anaisa,78223,David Allan,10152,Tim Easterby,3,t,7,7,9-7,151,33/1,34,75,,,CompletedRace,7,0.2,5,00:01:13,73,25/1,26,17,-45460,"£6,281",6281,75,85,77,248270,Nick Bradley Racing 4 & Partner,Ardad,IRE,Secretarial,False,False,,42,,False,,GB
925810,Ripon Yorkshire's Garden Racecourse Handicap (Div I),49,Ripon,09/01/2026 15:40:00,Other,Class 4,,0-80,3yo+,None,6f,6,1206,1320,Soft,Turf,4395021,Secret Guest,79371,Paul Mulrennan,373,Bryan Smart,6,,8,3,9-6,150,20/1,21,72,,,CompletedRace,8,0.5,5.5,00:01:13.1250000,73.125,10/1,11,17,865004,"£6,281",6281,72,85,73,361135,P Chettle And B Smart,Havana Grey,GB,Lady Macduff,False,False,,40,,False,,GB
925810,Ripon Yorkshire's Garden Racecourse Handicap (Div I),49,Ripon,09/01/2026 15:40:00,Other,Class 4,,0-80,3yo+,None,6f,6,1206,1320,Soft,Turf,7020479,Arduis Invicta,76831,Tom Eaves,39011,Craig Lidster,3,,5,9,9-10,154,18/1,19,78,,,CompletedRace,9,1,6.5,00:01:13.3750000,73.375,33/1,34,34,066240,"£6,281",6281,78,82,78,353971,Hopyard Farm Racing,Invincible Army,IRE,First Link,False,False,,25,,False,,IRE
925810,Ripon Yorkshire's Garden Racecourse Handicap (Div I),49,Ripon,09/01/2026 15:40:00,Other,Class 4,,0-80,3yo+,None,6f,6,1206,1320,Soft,Turf,3560256,Reigning Profit,84541,James Sullivan,20045,Ruth Carr,7,,4,8,9-12,156,25/1,26,78,,,CompletedRace,10,0.1,6.5,00:01:13.3750000,73.375,16/1,17,16,461508,"£6,281",6281,78,86,81,310439,The Chancers,Profitable,IRE,Reign,False,False,,32,,False,,IRE
927934,Ripon Yorkshire's Garden Racecourse Handicap (Div II),49,Ripon,09/01/2026 16:13:00,Other,Class 4,,0-80,3yo+,None,6f,6,1206,1320,Soft,Turf,6247253,Farandaway,97584,Oliver Stammers,15158,Grant Tuer,4,,5,9,9-8,152,9/2,5.5,74,,,CompletedRace,1,0,0,00:01:11.9900000,71.99,9/2,5.5,10,121262,"£6,281",6281,74,85,76,303238,Jimmy Kay And Partner,Far Above,IRE,Clare Island,False,False,,55,,False,,IRE
927934,Ripon Yorkshire's Garden Racecourse Handicap (Div II),49,Ripon,09/01/2026 16:13:00,Other,Class 4,,0-80,3yo+,None,6f,6,1206,1320,Soft,Turf,5168471,Almarada Prince,14332,David Nolan,15948,Paul Midgley,5,,1,1,10-0,160,100/30,4.333333333333334,80,,,CompletedRace,2,1,1,00:01:12.2400000,72.24,11/4,3.75,39,666342,"£6,281",6281,80,86,75,372922,Peedeetee Syndicate & Ged Shields,Prince Of Lir,IRE,Almarada,False,False,,25,,False,,IRE
927934,Ripon Yorkshire's Garden Racecourse Handicap (Div II),49,Ripon,09/01/2026 16:13:00,Other,Class 4,,0-80,3yo+,None,6f,6,1206,1320,Soft,Turf,4409381,Mister Sox,96177,Sean Kirrane,10152,Tim Easterby,6,b,7,2,9-6,150,11/4F,3.75,72,,,CompletedRace,3,0.5,1.5,00:01:12.3650000,72.365,5/1,6,17,320055,"£6,281",6281,72,85,72,319119,Huggymac Racing & Ptnr,Pivotal,GB,Crowning Glory,False,False,,44,,False,,GB
927934,Ripon Yorkshire's Garden Racecourse Handicap (Div II),49,Ripon,09/01/2026 16:13:00,Other,Class 4,,0-80,3yo+,None,6f,6,1206,1320,Soft,Turf,5168469,Venture Capital,90103,Shane Gray,22525,Kevin Ryan,5,p,2,5,9-13,157,17/2,9.5,79,,,CompletedRace,4,1.5,3,00:01:12.7400000,72.74,11/1,12,31,-87089,"£6,281",6281,79,82,60,272025,Ms Leslie Clune,Washington DC,IRE,Ventura Blues,False,False,2,43,,False,,GB
927934,Ripon Yorkshire's Garden Racecourse Handicap (Div II),49,Ripon,09/01/2026 16:13:00,Other,Class 4,,0-80,3yo+,None,6f,6,1206,1320,Soft,Turf,5845665,Educating Rita,92732,Cam Hardie,18875,Philip Kirby,4,,10,3,9-2,146,13/2,7.5,68,,,CompletedRace,5,3,6,00:01:13.4900000,73.49,25/1,26,17,30-030,"£6,281",6281,68,85,74,376260,Redhotgardogs And P Kirby,Belardo,IRE,Excel And Succeed,False,False,,33,,False,,GB
927934,Ripon Yorkshire's Garden Racecourse Handicap (Div II),49,Ripon,09/01/2026 16:13:00,Other,Class 4,,0-80,3yo+,None,6f,6,1206,1320,Soft,Turf,7926370,Here Forever,90868,Connor Beasley,39387,David & Nicola Barron,3,,4,8,9-10,154,10/1,11,78,,,CompletedRace,6,0.75,6.75,00:01:13.6775000,73.6775,4/1,5,57,41-045,"£6,281",6281,78,83,66,59635,Laurence O'Kane,Havana Grey,GB,Hereawi,False,False,,43,,True,,GB
927934,Ripon Yorkshire's Garden Racecourse Handicap (Div II),49,Ripon,09/01/2026 16:13:00,Other,Class 4,,0-80,3yo+,None,6f,6,1206,1320,Soft,Turf,7739787,Goyard,82231,Daniel Tudhope,22839,David O'Meara,4,t1,3,4,9-11,155,11/1,12,77,,,CompletedRace,7,1.5,8.25,00:01:14.0525000,74.0525,15/2,8.5,21,5-3845,"£6,281",6281,77,84,72,345387,Georginio Rutter & Jinky Farms,Mehmas,IRE,Desert Mission,True,False,,47,,False,,IRE
927934,Ripon Yorkshire's Garden Racecourse Handicap (Div II),49,Ripon,09/01/2026 16:13:00,Other,Class 4,,0-80,3yo+,None,6f,6,1206,1320,Soft,Turf,3161578,Wobwobwob,99639,Mikey Sheehy,29513,Adrian Paul Keatley,8,tb,6,6,9-7,151,14/1,15,73,,,CompletedRace,8,1.25,9.5,00:01:14.3650000,74.365,25/1,26,11,-09509,"£6,281",6281,73,85,46,349410,Andy Finneran,Prince Of Lir,IRE,Ishimagic,False,False,,37,,False,,IRE
925813,attheraces.com Handicap,49,Ripon,09/01/2026 16:48:00,Other,Class 5,,0-70,3yo+,None,1m,8,1608,1760,Soft,Turf,8120517,Zermatt Star,14332,David Nolan,41117,Tony Coyle & Kaine Wood,3,p1,10,7,9-4,148,40/1,41,65,,,CompletedRace,1,0,0,00:01:41.5700000,101.57,33/1,34,26,5-0040,"£4,711",4711,65,77,47,327118,Gary Downie,Lucky Vega,IRE,Benefaction,True,False,,27,,False,,IRE
925813,attheraces.com Handicap,49,Ripon,09/01/2026 16:48:00,Other,Class 5,,0-70,3yo+,None,1m,8,1608,1760,Soft,Turf,7793623,Gunalt Wavelength,103709,Shay Farmer,38543,Michael & David Easterby,3,,12,6,8-12,140,10/1,11,64,,,CompletedRace,2,3,3,00:01:42.3200000,102.32,10/1,11,38,-21146,"£4,711",4711,64,76,71,292107,S Hollings & S Hull,Make Believe,GB,Aberlady,False,False,,47,5,True,,GB
925813,attheraces.com Handicap,49,Ripon,09/01/2026 16:48:00,Other,Class 5,,0-70,3yo+,None,1m,8,1608,1760,Soft,Turf,7493151,Milford Grange,95152,Billy Garritty,38543,Michael & David Easterby,3,,8,10,9-5,149,9/2,5.5,66,,,CompletedRace,3,2.25,5.25,00:01:42.8825000,102.8825,8/1,9,24,222684,"£4,711",4711,66,78,62,360726,J N Blackburn & T Cottier,Nando Parrado,GB,Desert Mission,False,False,,47,,False,,GB
925813,attheraces.com Handicap,49,Ripon,09/01/2026 16:48:00,Other,Class 5,,0-70,3yo+,None,1m,8,1608,1760,Soft,Turf,5093054,Catton Lady,85782,Joanna Mason,38543,Michael & David Easterby,5,,3,9,9-13,157,11/2,6.5,69,,,CompletedRace,4,0.05,5.25,00:01:42.8825000,102.8825,7/1,8,22,82-521,"£4,711",4711,69,76,53,260621,W H & Mrs J A Tinning & Mrs C Wallis,Time Test,GB,Soodad,False,False,,47,,False,,GB
925813,attheraces.com Handicap,49,Ripon,09/01/2026 16:48:00,Other,Class 5,,0-70,3yo+,None,1m,8,1608,1760,Soft,Turf,5870126,Kiss Me My Love,91867,Kevin Stott,32385,Roger Fell,4,,4,3,9-11,155,8/1,9,67,,,CompletedRace,5,2,7.25,00:01:43.3825000,103.3825,9/1,10,26,193013,"£4,711",4711,67,76,60,372025,Nextgen Racing Club,Invincible Spirit,IRE,Love Street,False,False,,25,,True,,IRE
925813,attheraces.com Handicap,49,Ripon,09/01/2026 16:48:00,Other,Class 5,,0-70,3yo+,None,1m,8,1608,1760,Soft,Turf,7847667,Thornaby Annie,102773,Jack Nicholls,33638,Adrian Nicholls,3,h,6,13,9-4,148,22/1,23,68,,,CompletedRace,6,0.75,8,00:01:43.5700000,103.57,16/1,17,34,221727,"£4,711",4711,68,76,70,360182,Ingleby Boodstock & The Fallen Angels,Galileo Gold,GB,Vardiyna,False,False,,33,3,False,,IRE
925813,attheraces.com Handicap,49,Ripon,09/01/2026 16:48:00,Other,Class 5,,0-70,3yo+,None,1m,8,1608,1760,Soft,Turf,1523017,Garden Oasis,78223,David Allan,10152,Tim Easterby,11,b,1,8,10-0,160,9/2,5.5,70,,,CompletedRace,7,2,10,00:01:44.0700000,104.07,9/2,5.5,17,854233,"£4,711",4711,70,81,60,253106,T A Scothern & Partner,Excelebration,IRE,Queen Arabella,False,False,,42,,False,,GB
925813,attheraces.com Handicap,49,Ripon,09/01/2026 16:48:00,Other,Class 5,,0-70,3yo+,None,1m,8,1608,1760,Soft,Turf,7355918,Paroda Diva,81166,Andrew Mullen,19966,Patrick Neville,3,p,9,11,9-4,148,16/1,17,65,,,CompletedRace,8,0.75,10.75,00:01:44.2575000,104.2575,10/1,11,22,746126,"£4,711",4711,65,76,60,316639,MPS Racing & Partners,Magna Grecia,IRE,Mango Diva,False,False,,40,,False,,IRE
925813,attheraces.com Handicap,49,Ripon,09/01/2026 16:48:00,Other,Class 5,,0-70,3yo+,None,1m,8,1608,1760,Soft,Turf,6087987,Donna Nook,82231,Daniel Tudhope,22839,David O'Meara,4,tv,2,5,10-0,160,7/2F,4.5,70,,,CompletedRace,9,3.75,14.5,00:01:45.1950000,105.195,7/2,4.5,18,414443,"£4,711",4711,70,82,72,221690,M J Macleod,Bated Breath,GB,Rostova,False,False,,47,,False,,GB
925813,attheraces.com Handicap,49,Ripon,09/01/2026 16:48:00,Other,Class 5,,0-70,3yo+,None,1m,8,1608,1760,Soft,Turf,5327074,Bellasio,97584,Oliver Stammers,15158,Grant Tuer,5,,5,1,9-8,152,15/2,8.5,64,,,CompletedRace,10,2.5,17,00:01:45.8200000,105.82,12/1,13,42,655210,"£4,711",4711,64,77,62,285634,Ng Racing,Belardo,IRE,Aisling Ghear,False,False,,55,,False,,IRE
925813,attheraces.com Handicap,49,Ripon,09/01/2026 16:48:00,Other,Class 5,,0-70,3yo+,None,1m,8,1608,1760,Soft,Turf,4409382,Penny Ghent,102867,Rhys Elliott,38344,Simon Whitaker,6,b,13,2,8-11,139,25/1,26,58,,,CompletedRace,11,5,22,00:01:47.0700000,107.07,10/1,11,34,011383,"£4,711",4711,58,76,62,152527,Andrew Sparks,Pastoral Pursuits,GB,Velvet Band,False,False,,50,5,False,,GB
925813,attheraces.com Handicap,49,Ripon,09/01/2026 16:48:00,Other,Class 5,,0-70,3yo+,None,1m,8,1608,1760,Soft,Turf,7436311,G'Emmethegreenlite,81371,Dale Swift,34145,Seb Spencer,3,t,11,12,9-4,148,100/1,101,65,,,CompletedRace,12,5.5,27.5,00:01:48.4450000,108.445,33/1,34,13,447-09,"£4,711",4711,65,73,9,368749,Chalkstone Racing,Blue Point,IRE,Cralegre,False,False,,29,,False,,IRE
925813,attheraces.com Handicap,49,Ripon,09/01/2026 16:48:00,Other,Class 5,,0-70,3yo+,None,1m,8,1608,1760,Soft,Turf,7475650,Hopeful Joy,92735,Jack Garritty,28876,Mark Walford,4,,7,4,9-7,151,16/1,17,63,,,CompletedRace,13,8,35.5,00:01:50.4450000,110.445,14/1,15,57,23-795,"£4,711",4711,63,75,67,154790,Ms M Austerfield,Mehmas,IRE,Joyful Hope,False,False,,42,,False,,GB
925815,Wakeman Stayers Handicap,49,Ripon,09/01/2026 17:18:00,Other,Class 6,,0-65,3yo+,None,2m,16,3217,3520,Soft,Turf,3558268,Zimmerman,78223,David Allan,10152,Tim Easterby,7,tp,2,5,10-0,160,15/8,2.875,61,,,CompletedRace,1,0,0,00:03:39.2100000,219.21,5/1,6,85,8-6236,"£3,664",3664,61,67,52,357059,The Zimmerman Syndicate,Poet's Voice,GB,Cresta Gold,False,False,,42,,False,,GB
925815,Wakeman Stayers Handicap,49,Ripon,09/01/2026 17:18:00,Other,Class 6,,0-65,3yo+,None,2m,16,3217,3520,Soft,Turf,3095507,Bollin Neil,103498,Jake Dickson,10152,Tim Easterby,10,tp,3,2,9-7,151,18/1,19,59,,,CompletedRace,2,4.5,4.5,00:03:40.3350000,220.335,14/1,15,,02115-,"£3,664",3664,59,65,52,300788,Mrs S J Easterby,Haafhd,GB,Bollin Nellie,False,False,,42,5,False,,GB
925815,Wakeman Stayers Handicap,49,Ripon,09/01/2026 17:18:00,Other,Class 6,,0-65,3yo+,None,2m,16,3217,3520,Soft,Turf,2832949,Dereham,105049,Molly Keegan-Price,9440,John Berry,10,,4,4,8-12,140,9/1,10,52,,,CompletedRace,3,2.25,6.75,00:03:40.8975000,220.8975,6/1,7,24,3P-434,"£3,664",3664,52,66,40,280804,Emma Berry,Sir Percy,GB,Desiree,False,False,,100,7,False,,GB
925815,Wakeman Stayers Handicap,49,Ripon,09/01/2026 17:18:00,Other,Class 6,,0-65,3yo+,None,2m,16,3217,3520,Soft,Turf,4352841,Regally Blonde,102773,Jack Nicholls,13888,Ben Case,7,b,6,3,9-1,145,4/1,5,51,,,CompletedRace,4,17,23.75,00:03:45.1475000,225.1475,7/2,4.5,15,563451,"£3,664",3664,51,63,57,285745,Case Racing Partnership & Anita J Lush,Mukhadram,GB,Jolie Blonde,False,False,,43,3,False,,GB
925815,Wakeman Stayers Handicap,49,Ripon,09/01/2026 17:18:00,Other,Class 6,,0-65,3yo+,None,2m,16,3217,3520,Soft,Turf,7561591,Twilight Safari,100697,Aiden Brookes,5020,Micky Hammond,4,,1,6,10-2,162,12/1,13,63,,,CompletedRace,5,2.75,26.5,00:03:45.8350000,225.835,4/1,5,39,7-0342,"£3,664",3664,63,67,27,203272,M H O G,Mohaather,GB,Handana,False,False,,50,,False,,GB
925815,Wakeman Stayers Handicap,49,Ripon,09/01/2026 17:18:00,Other,Class 6,,0-65,3yo+,None,2m,16,3217,3520,Soft,Turf,8615815,Si White,92620,Dylan Hogan,67,Sir Mark Prescott Bt,3,v1,7,1,9-2,146,7/4F,2.75,59,,,CompletedRace,6,8.5,35,00:03:47.9600000,227.96,15/8,2.875,24,696135,"£3,664",3664,59,68,,366209,Middleham Park Racing Xxx & Chris Rees,Soldier Hollow,GB,Shana Doyenne,True,False,,50,,False,,GER
925940,Book Hotel & Conferencing At Wolverhampton Racecourse Apprentice Handicap,513,Wolverhampton (AW),09/01/2026 16:42:00,Other,Class 6,,0-60,4yo+,None,7f,7,1407,1540,Standard,AllWeather,5021308,Federal Envoy,103536,Donagh Murphy,41928,Charlie Clover,5,v1,3,4,9-1,145,6/4F,2.5,57,,,CompletedRace,1,0,0,00:01:28.2600000,88.26,5/1,6,16,052659,"£3,245",3245,57,79,67,146831,Odds On Syndicate,Bated Breath,GB,Caped Lady,True,False,,67,5,True,,IRE
925940,Book Hotel & Conferencing At Wolverhampton Racecourse Apprentice Handicap,513,Wolverhampton (AW),09/01/2026 16:42:00,Other,Class 6,,0-60,4yo+,None,7f,7,1407,1540,Standard,AllWeather,4251621,Mintana,100775,Tom Kiely-Marshall,8254,James Evans,6,p,8,7,8-10,138,40/1,41,47,,,CompletedRace,2,0.75,0.75,00:01:28.4100000,88.41,16/1,17,56,154636,"£3,245",3245,47,74,58,40424,Mrs J Evans,Havana Grey,GB,Catmint,False,False,,,,False,,GB
925940,Book Hotel & Conferencing At Wolverhampton Racecourse Apprentice Handicap,513,Wolverhampton (AW),09/01/2026 16:42:00,Other,Class 6,,0-60,4yo+,None,7f,7,1407,1540,Standard,AllWeather,6759105,Renewable Dream,98663,Gianluca Sanna,486,John Wainwright,4,,5,8,9-2,146,16/1,17,56,,,CompletedRace,3,0.2,1,00:01:28.4600000,88.46,7/1,8,13,90-983,"£3,245",3245,56,68,44,372974,Miss Ella Colakovic,Bated Breath,GB,Elizabeth Bennet,False,False,,33,3,False,,GB
925940,Book Hotel & Conferencing At Wolverhampton Racecourse Apprentice Handicap,513,Wolverhampton (AW),09/01/2026 16:42:00,Other,Class 6,,0-60,4yo+,None,7f,7,1407,1540,Standard,AllWeather,7475654,R P McMurphy,105309,Jude Maher,10363,Michael Appleby,4,p,2,2,9-0,144,12/1,13,58,,,CompletedRace,4,0.05,1,00:01:28.4600000,88.46,4/1,5,33,-31803,"£3,245",3245,58,75,62,45946,Peter Wragg,Expert Eye,GB,Danzanora,False,False,,29,7,True,,GB
925940,Book Hotel & Conferencing At Wolverhampton Racecourse Apprentice Handicap,513,Wolverhampton (AW),09/01/2026 16:42:00,Other,Class 6,,0-60,4yo+,None,7f,7,1407,1540,Standard,AllWeather,6803083,Nutcracker,104786,Myla Coppins,9714,Tony Carroll,4,,6,5,9-0,144,100/30,4.333333333333334,56,,,CompletedRace,5,2.75,3.75,00:01:29.0100000,89.01,3/1,4,50,733212,"£3,245",3245,56,69,56,118151,Wedgewood Estates,Outstrip,GB,Sugar Plum Fairy,False,False,,40,5,True,,GB
925940,Book Hotel & Conferencing At Wolverhampton Racecourse Apprentice Handicap,513,Wolverhampton (AW),09/01/2026 16:42:00,Other,Class 6,,0-60,4yo+,None,7f,7,1407,1540,Standard,AllWeather,6442162,Mythical Isle,104207,Ashley Lewis,14293,Patrick Morris,4,,7,6,9-1,145,13/2,7.5,52,,,CompletedRace,6,1,4.75,00:01:29.2100000,89.21,8/1,9,33,349175,"£3,245",3245,52,71,60,314638,Herbert Bourchier,No Nay Never,USA,Sophie P,False,False,,44,,False,,IRE
925940,Book Hotel & Conferencing At Wolverhampton Racecourse Apprentice Handicap,513,Wolverhampton (AW),09/01/2026 16:42:00,Other,Class 6,,0-60,4yo+,None,7f,7,1407,1540,Standard,AllWeather,7475651,Our Nicola,100476,William Pyle,39387,David & Nicola Barron,4,,9,3,8-9,137,20/1,21,46,,,CompletedRace,7,0.2,5,00:01:29.2600000,89.26,12/1,13,13,80-053,"£3,245",3245,46,67,30,357664,Edward Peary And Partner,Intrinsic,GB,Sciacca,False,False,,43,,False,,GB
925940,Book Hotel & Conferencing At Wolverhampton Racecourse Apprentice Handicap,513,Wolverhampton (AW),09/01/2026 16:42:00,Other,Class 6,,0-60,4yo+,None,7f,7,1407,1540,Standard,AllWeather,5009826,Velvet Skies,101888,Ethan Tindall,17398,Gary Harrison,5,,1,1,9-6,150,9/2,5.5,60,,,CompletedRace,8,0.2,5.25,00:01:29.3100000,89.31,11/2,6.5,22,894620,"£3,245",3245,60,79,64,375620,E Black,Buratino,IRE,Gasta,False,False,,100,3,True,,IRE
925940,Book Hotel & Conferencing At Wolverhampton Racecourse Apprentice Handicap,513,Wolverhampton (AW),09/01/2026 16:42:00,Other,Class 6,,0-60,4yo+,None,7f,7,1407,1540,Standard,AllWeather,3808886,Court Of Session,101770,Connor Planas,12904,Phil McEntee,7,v,4,9,9-5,149,50/1,51,56,,,CompletedRace,9,4.75,10,00:01:30.2600000,90.26,16/1,17,14,071868,"£3,245",3245,56,73,40,298232,Michelle Hancox,Iffraaj,GB,Sibilance,False,False,,40,,False,,GB
925934,Free Digital Racecard At raceday-ready.com EBF Fillies' Novice Stakes (GBB Race),513,Wolverhampton (AW),09/01/2026 17:12:00,Other,Class 3,,,2yo,Fillies,7f,7,1407,1540,Standard,AllWeather,9115886,Phalanx Nation,77767,Billy Loughnane,32276,Archie Watson,2,ht1,8,2,9-2,146,6/4,2.5,75,,,CompletedRace,1,0,0,00:01:27.7700000,87.77,15/8,2.875,97,33,"£7,020",7020,75,82,52,361251,Victorious Forever,Sioux Nation,USA,Kerkyra Island,True,False,,29,,True,,IRE
925934,Free Digital Racecard At raceday-ready.com EBF Fillies' Novice Stakes (GBB Race),513,Wolverhampton (AW),09/01/2026 17:12:00,Other,Class 3,,,2yo,Fillies,7f,7,1407,1540,Standard,AllWeather,9499157,Speed Nation,101508,Harry Davies,37478,Simon & Ed Crisford,2,,10,4,9-2,146,14/1,15,,,,CompletedRace,2,1,1,00:01:27.9700000,87.97,8/1,9,20,76,"£7,020",7020,,74,53,371333,Duaij Al Khalifa & Ahmad Al Qassimi,Sioux Nation,USA,Teodolina,False,False,,35,,False,,IRE
925934,Free Digital Racecard At raceday-ready.com EBF Fillies' Novice Stakes (GBB Race),513,Wolverhampton (AW),09/01/2026 17:12:00,Other,Class 3,,,2yo,Fillies,7f,7,1407,1540,Standard,AllWeather,9115660,Iris Olivia,95744,Rossa Ryan,37949,Kevin Philippart De Foy,2,,4,5,9-2,146,7/2,4.5,,,,CompletedRace,3,0.2,1.25,00:01:28.0200000,88.02,7/2,4.5,55,72,"£7,020",7020,,82,66,252234,Amo Racing Limited,Persian Force,IRE,Sparkling Olly,False,False,,50,,True,,IRE
925934,Free Digital Racecard At raceday-ready.com EBF Fillies' Novice Stakes (GBB Race),513,Wolverhampton (AW),09/01/2026 17:12:00,Other,Class 3,,,2yo,Fillies,7f,7,1407,1540,Standard,AllWeather,9544216,Jessica,95388,David Egan,37949,Kevin Philippart De Foy,2,,5,3,9-2,146,6/5F,2.2,,,,CompletedRace,4,6.5,7.75,00:01:29.3200000,89.32,13/8,2.625,11,52,"£7,020",7020,,86,,252234,Amo Racing Limited,Coulsty,IRE,Sultanina,False,False,,50,,True,,IRE
925934,Free Digital Racecard At raceday-ready.com EBF Fillies' Novice Stakes (GBB Race),513,Wolverhampton (AW),09/01/2026 17:12:00,Other,Class 3,,,2yo,Fillies,7f,7,1407,1540,Standard,AllWeather,9544197,Casablanca Dream,95522,Luke Catton,9003,Marco Botti,2,,2,7,8-13,141,100/1,101,,,,CompletedRace,5,5,12.75,00:01:30.3200000,90.32,25/1,26,10,65,"£7,020",7020,,65,53,310904,Ajay Anne,No Nay Never,USA,Shamanova,False,False,,62,3,True,,IRE
925934,Free Digital Racecard At raceday-ready.com EBF Fillies' Novice Stakes (GBB Race),513,Wolverhampton (AW),09/01/2026 17:12:00,Other,Class 3,,,2yo,Fillies,7f,7,1407,1540,Standard,AllWeather,9568636,Moda Rosa,75506,Pat Dobbs,7221,Brian Meehan,2,,6,1,9-2,146,100/1,101,,,,CompletedRace,6,1.5,14.25,00:01:30.6200000,90.62,50/1,51,27,67,"£7,020",7020,,72,51,375370,Moda Rosa Partnership,Mohaather,GB,Toots,False,False,,80,,True,,GB
925934,Free Digital Racecard At raceday-ready.com EBF Fillies' Novice Stakes (GBB Race),513,Wolverhampton (AW),09/01/2026 17:12:00,Other,Class 3,,,2yo,Fillies,7f,7,1407,1540,Standard,AllWeather,9669680,Appassionata,84857,Luke Morris,67,Sir Mark Prescott Bt,2,,1,10,9-2,146,125/1,126,,,,CompletedRace,7,1,15.25,00:01:30.8200000,90.82,50/1,51,12,7,"£7,020",7020,,20,,16105,Cheveley Park Stud,Golden Horn,GB,Allegretto,False,False,,50,,True,,GB
925934,Free Digital Racecard At raceday-ready.com EBF Fillies' Novice Stakes (GBB Race),513,Wolverhampton (AW),09/01/2026 17:12:00,Other,Class 3,,,2yo,Fillies,7f,7,1407,1540,Standard,AllWeather,9669676,Cowgirl,88798,Ray Dawson,41095,John & Sean Quinn,2,,3,8,9-2,146,40/1,41,,,,CompletedRace,8,1,16.25,00:01:31.0200000,91.02,20/1,21,,,"£7,020",7020,,,,376116,The Cow Clan,Starman,GB,Becuille,False,False,,47,,True,,IRE
925934,Free Digital Racecard At raceday-ready.com EBF Fillies' Novice Stakes (GBB Race),513,Wolverhampton (AW),09/01/2026 17:12:00,Other,Class 3,,,2yo,Fillies,7f,7,1407,1540,Standard,AllWeather,9331766,Nightspell,97319,William Carver,42295,Ross Burdon,2,h1,7,9,9-2,146,300/1,301,,,,CompletedRace,9,7,23.25,00:01:32.4200000,92.42,50/1,51,14,47,"£7,020",7020,,62,34,371014,Vesper Solis Racing,Kameko,USA,Magic Meg,True,False,,83,,True,,GB
925938,Race And Rest - Wolverhampton Holiday Inn Maiden Handicap,513,Wolverhampton (AW),09/01/2026 17:45:00,Other,Class 5,,0-75,3yo+,None,1m½f,8.5,1709,1870,Standard,AllWeather,8070668,Norman Invasion,104207,Ashley Lewis,23926,Ed Walker,3,h,4,5,9-5,149,5/2,3.5,73,,,CompletedRace,1,0,0,00:01:48.1700000,108.17,7/2,4.5,54,53-364,"£3,978",3978,73,80,,341790,TBT Racing,Lope De Vega,IRE,Smoulder,False,False,,51,3,True,,GB
925938,Race And Rest - Wolverhampton Holiday Inn Maiden Handicap,513,Wolverhampton (AW),09/01/2026 17:45:00,Other,Class 5,,0-75,3yo+,None,1m½f,8.5,1709,1870,Standard,AllWeather,8031351,Hamda's Joy,95388,David Egan,32765,Tom Clover,3,,5,1,9-6,150,16/1,17,71,,,CompletedRace,2,1.5,1.5,00:01:48.4700000,108.47,11/2,6.5,17,3-3234,"£3,978",3978,71,74,51,10928,Khalifa Dasmal,Kodi Bear,IRE,Lost Control,False,False,,53,,False,,IRE
925938,Race And Rest - Wolverhampton Holiday Inn Maiden Handicap,513,Wolverhampton (AW),09/01/2026 17:45:00,Other,Class 5,,0-75,3yo+,None,1m½f,8.5,1709,1870,Standard,AllWeather,8903777,Showcasing Star,95744,Rossa Ryan,40131,Charlie Johnston,3,,3,2,9-8,152,16/1,17,73,,,CompletedRace,3,0.75,2.25,00:01:48.6200000,108.62,7/1,8,52,222705,"£3,978",3978,73,76,58,255625,Kingsley Park Owners Club,Showcasing,GB,Pirouette Queen,False,False,,50,,True,,IRE
925938,Race And Rest - Wolverhampton Holiday Inn Maiden Handicap,513,Wolverhampton (AW),09/01/2026 17:45:00,Other,Class 5,,0-75,3yo+,None,1m½f,8.5,1709,1870,Standard,AllWeather,8236330,Media Legend,94663,Lewis Edmunds,41024,Harry Charlton,3,,1,4,9-10,154,5/6F,1.8333333333333335,75,,,CompletedRace,4,1,3.25,00:01:48.8200000,108.82,7/4,2.75,18,523-53,"£3,978",3978,75,77,44,363095,Got'Im Partnership,Ghaiyyath,IRE,Dubai One,False,False,,77,,False,,IRE
925938,Race And Rest - Wolverhampton Holiday Inn Maiden Handicap,513,Wolverhampton (AW),09/01/2026 17:45:00,Other,Class 5,,0-75,3yo+,None,1m½f,8.5,1709,1870,Standard,AllWeather,5325149,Forest Caper,98519,Cieren Fallon,22839,David O'Meara,5,,2,6,9-10,154,14/1,15,69,,,CompletedRace,5,3.75,7,00:01:49.5700000,109.57,13/2,7.5,189,-34420,"£3,978",3978,69,79,64,306791,The Horse Watchers 2,Lope De Vega,IRE,Forest Crown,False,False,,47,,False,,GB
925938,Race And Rest - Wolverhampton Holiday Inn Maiden Handicap,513,Wolverhampton (AW),09/01/2026 17:45:00,Other,Class 5,,0-75,3yo+,None,1m½f,8.5,1709,1870,Standard,AllWeather,8165733,Master Of Entropy,77767,Billy Loughnane,41095,John & Sean Quinn,3,t1,6,3,9-2,146,8/1,9,67,,,CompletedRace,6,1.75,8.75,00:01:49.9200000,109.92,6/1,7,37,356466,"£3,978",3978,67,78,59,335266,Ms Janelle Cao,Mohaather,GB,Hyperactive,True,False,,47,,True,,GB
925937,Sky Sports Racing Virgin 512 Handicap,513,Wolverhampton (AW),09/01/2026 18:20:00,Other,Class 5,,0-75,3yo,None,1m1½f,9.5,1910,2090,Standard,AllWeather,7436658,Booziebrunch,98519,Cieren Fallon,7083,S Woods,3,b,1,2,9-9,153,7/4F,2.75,75,,,CompletedRace,1,0,0,00:01:58.7100000,118.71,11/4,3.75,19,443124,"£3,978",3978,75,85,69,305242,Ignited,Coulsty,IRE,Spy Ring,False,False,,38,,True,,IRE
925937,Sky Sports Racing Virgin 512 Handicap,513,Wolverhampton (AW),09/01/2026 18:20:00,Other,Class 5,,0-75,3yo,None,1m1½f,9.5,1910,2090,Standard,AllWeather,7205006,Lucky Luna,75506,Pat Dobbs,28787,Richard Hannon,3,,3,6,9-7,151,13/2,7.5,73,,,CompletedRace,2,2,2,00:01:59.1100000,119.11,5/1,6,36,4616,"£3,978",3978,73,84,55,337488,RC Syndicate IV,Lucky Vega,IRE,Fleur De Sel,False,False,,43,,True,,IRE
925937,Sky Sports Racing Virgin 512 Handicap,513,Wolverhampton (AW),09/01/2026 18:20:00,Other,Class 5,,0-75,3yo,None,1m1½f,9.5,1910,2090,Standard,AllWeather,8678963,Knowledge,101508,Harry Davies,37478,Simon & Ed Crisford,3,v1,2,5,9-8,152,2/1,3,74,,,CompletedRace,3,2.25,4.25,00:01:59.5600000,119.56,8/1,9,50,15885,"£3,978",3978,74,81,29,366677,Highclere Thoroughbred Racing - Walnut,Sea The Stars,IRE,Bespangled,True,False,,35,,False,,GB
925937,Sky Sports Racing Virgin 512 Handicap,513,Wolverhampton (AW),09/01/2026 18:20:00,Other,Class 5,,0-75,3yo,None,1m1½f,9.5,1910,2090,Standard,AllWeather,8432215,Variety Act,84857,Luke Morris,67,Sir Mark Prescott Bt,3,,5,3,9-5,149,4/1,5,71,,,CompletedRace,4,3,7.25,00:02:00.1600000,120.16,9/4,3.25,195,2-34,"£3,978",3978,71,80,36,364878,Ehnicholls Holdings Ltd - Osborne House,Lope De Vega,IRE,Visoriyna,False,False,,50,,False,,GER
925937,Sky Sports Racing Virgin 512 Handicap,513,Wolverhampton (AW),09/01/2026 18:20:00,Other,Class 5,,0-75,3yo,None,1m1½f,9.5,1910,2090,Standard,AllWeather,8844525,Silken Bay,95744,Rossa Ryan,17063,Dr Richard Newland,3,h,4,4,9-7,151,25/1,26,73,,,CompletedRace,5,0.5,7.75,00:02:00.2600000,120.26,5/1,6,34,813673,"£3,978",3978,73,81,50,368227,"Urloxhey Racing, Bronsan & Townbraccan",New Bay,GB,La Negra,False,False,,38,,True,1,IRE
925937,Sky Sports Racing Virgin 512 Handicap,513,Wolverhampton (AW),09/01/2026 18:20:00,Other,Class 5,,0-75,3yo,None,1m1½f,9.5,1910,2090,Standard,AllWeather,7436347,Lux Aeterna,95388,David Egan,9036,Ed Dunlop,3,b1,6,1,9-1,145,18/1,19,67,,,CompletedRace,6,8.5,16.25,00:02:01.9600000,121.96,15/2,8.5,57,8-1607,"£3,978",3978,67,85,49,371647,Horse Watchers 10 & Trip To Syndicate,Sergei Prokofiev,CAN,Sassy Dresser,True,False,,37,,False,,GB
925936,Visit wolverhampton-racecourse.co.uk To Book Now Fillies' Handicap,513,Wolverhampton (AW),09/01/2026 18:55:00,Other,Class 5,,0-70,3yo+,Fillies,1m1½f,9.5,1910,2090,Standard,AllWeather,9153185,Melting Snow,77767,Billy Loughnane,9036,Ed Dunlop,3,p,8,6,9-3,147,8/1,9,62,,,CompletedRace,1,0,0,00:01:59.9400000,119.94,9/2,5.5,30,85642,"£3,978",3978,62,70,49,89460,Anamoine Limited,Too Darn Hot,GB,Virgin Snow,False,False,,37,,False,,IRE
925936,Visit wolverhampton-racecourse.co.uk To Book Now Fillies' Handicap,513,Wolverhampton (AW),09/01/2026 18:55:00,Other,Class 5,,0-70,3yo+,Fillies,1m1½f,9.5,1910,2090,Standard,AllWeather,7970717,Midnight Media,94663,Lewis Edmunds,38350,William Muir & Chris Grassick,3,,6,8,9-4,148,11/8F,2.375,63,,,CompletedRace,2,0.2,0.2,00:01:59.9800000,119.98,7/2,4.5,21,492121,"£3,978",3978,63,73,42,203478,Muir Racing Partnership - Newbury,Advertise,GB,Gold At Midnight,False,False,,61,,False,,GB
925936,Visit wolverhampton-racecourse.co.uk To Book Now Fillies' Handicap,513,Wolverhampton (AW),09/01/2026 18:55:00,Other,Class 5,,0-70,3yo+,Fillies,1m1½f,9.5,1910,2090,Standard,AllWeather,7648486,Pipily,88798,Ray Dawson,37539,T J Kent,3,p,3,1,9-5,149,14/1,15,64,,,CompletedRace,3,0.5,0.75,00:02:00.0900000,120.09,9/1,10,17,64-724,"£3,978",3978,64,70,22,341622,The Property Investor Partnership Ltd,Showcasing,GB,Affected,False,False,,60,,False,,GB
925936,Visit wolverhampton-racecourse.co.uk To Book Now Fillies' Handicap,513,Wolverhampton (AW),09/01/2026 18:55:00,Other,Class 5,,0-70,3yo+,Fillies,1m1½f,9.5,1910,2090,Standard,AllWeather,9189368,Sterling Fortune,84857,Luke Morris,25914,James Tate,3,,1,7,9-9,153,18/1,19,68,,,CompletedRace,4,2.25,3,00:02:00.5400000,120.54,6/1,7,22,05533,"£3,978",3978,68,65,44,110445,Fortune Racing,Kameko,USA,Sterling Sound,False,False,,65,,True,,GB
925936,Visit wolverhampton-racecourse.co.uk To Book Now Fillies' Handicap,513,Wolverhampton (AW),09/01/2026 18:55:00,Other,Class 5,,0-70,3yo+,Fillies,1m1½f,9.5,1910,2090,Standard,AllWeather,7762473,Perfect Ruler,95388,David Egan,9003,Marco Botti,3,,7,10,9-4,148,4/1,5,63,,,CompletedRace,5,0.2,3.25,00:02:00.5900000,120.59,9/2,5.5,14,54-551,"£3,978",3978,63,71,58,310904,Ajay Anne,Night Of Thunder,IRE,Perfect Inch,False,False,,62,,True,2,GB
925936,Visit wolverhampton-racecourse.co.uk To Book Now Fillies' Handicap,513,Wolverhampton (AW),09/01/2026 18:55:00,Other,Class 5,,0-70,3yo+,Fillies,1m1½f,9.5,1910,2090,Standard,AllWeather,6582583,Magic Runner,95744,Rossa Ryan,20045,Ruth Carr,4,,9,4,9-1,145,9/1,10,54,,,CompletedRace,6,1.75,5,00:02:00.9400000,120.94,14/1,15,17,557057,"£3,978",3978,54,74,49,361663,Rc Syndicate Xviii,Sea The Moon,GER,Magma,False,False,,32,,True,,GER
925936,Visit wolverhampton-racecourse.co.uk To Book Now Fillies' Handicap,513,Wolverhampton (AW),09/01/2026 18:55:00,Other,Class 5,,0-70,3yo+,Fillies,1m1½f,9.5,1910,2090,Standard,AllWeather,8507338,Poor Relation,98519,Cieren Fallon,40346,Ollie Sangster,3,,2,9,9-7,151,8/1,9,66,,,CompletedRace,7,0.75,5.75,00:02:01.0900000,121.09,8/1,9,45,5-2373,"£3,978",3978,66,72,44,80505,Lord Lloyd-Webber,De Treville,GB,Megera,False,False,,37,,True,,FR
925936,Visit wolverhampton-racecourse.co.uk To Book Now Fillies' Handicap,513,Wolverhampton (AW),09/01/2026 18:55:00,Other,Class 5,,0-70,3yo+,Fillies,1m1½f,9.5,1910,2090,Standard,AllWeather,9409946,Khepri,93480,Clifford Lee,5019,K R Burke,3,v,5,5,9-4,148,10/1,11,63,,,CompletedRace,8,0.1,5.75,00:02:01.0900000,121.09,6/1,7,14,4448,"£3,978",3978,63,59,59,159428,Newtown Anner Stud Farm Ltd,War Front,USA,Meg Fitz,False,False,,58,,False,,USA
925936,Visit wolverhampton-racecourse.co.uk To Book Now Fillies' Handicap,513,Wolverhampton (AW),09/01/2026 18:55:00,Other,Class 5,,0-70,3yo+,Fillies,1m1½f,9.5,1910,2090,Standard,AllWeather,7382713,Bun Bang Fai,104207,Ashley Lewis,5020,Micky Hammond,4,,4,3,9-2,146,80/1,81,58,,,CompletedRace,9,0.75,6.5,00:02:01.2400000,121.24,50/1,51,33,6648-0,"£3,978",3978,58,,16,243913,Mrs Gemma Hogg,Pinatubo,IRE,Unpretentious,False,False,,50,3,True,2,GB
925936,Visit wolverhampton-racecourse.co.uk To Book Now Fillies' Handicap,513,Wolverhampton (AW),09/01/2026 18:55:00,Other,Class 5,,0-70,3yo+,Fillies,1m1½f,9.5,1910,2090,Standard,AllWeather,8299901,Miss Malone To You,101508,Harry Davies,31039,Kerry Lee,3,t,10,2,8-12,140,50/1,51,57,,,CompletedRace,10,5,11.5,00:02:02.2400000,122.24,16/1,17,76,8-55,"£3,978",3978,57,64,48,150782,Miss Kerry Lee,Ulysses,IRE,Miss Brown To You,False,False,1,100,,True,2,GB
925941,Get Raceday Ready Handicap,513,Wolverhampton (AW),09/01/2026 19:30:00,Other,Class 6,,0-60,4yo+,None,5f,5,1005,1100,Standard,AllWeather,5109649,Macanudo,77767,Billy Loughnane,12465,Ian Williams,5,b,8,2,9-5,149,7/2,4.5,53,,,CompletedRace,1,0,0,00:01:00.4500000,60.45,7/1,8,23,47-037,"£3,245",3245,53,69,13,353865,Giddy Up You Good Thing Racing Syndicate,Invincible Spirit,IRE,World Of Good,False,False,,39,,True,,IRE
925941,Get Raceday Ready Handicap,513,Wolverhampton (AW),09/01/2026 19:30:00,Other,Class 6,,0-60,4yo+,None,5f,5,1005,1100,Standard,AllWeather,3728987,Henery Hawk,100775,Tom Kiely-Marshall,5728,Linda Perratt,7,,3,7,9-3,147,4/1,5,56,,,CompletedRace,2,0.3,0.3,00:01:00.5100000,60.51,15/2,8.5,22,303537,"£3,245",3245,56,67,31,38230,Miss L A Perratt,Heeraat,IRE,Rosecomb,False,False,,36,5,False,,GB
925941,Get Raceday Ready Handicap,513,Wolverhampton (AW),09/01/2026 19:30:00,Other,Class 6,,0-60,4yo+,None,5f,5,1005,1100,Standard,AllWeather,4967778,The Fixer,100380,Christian Howarth,26099,Scott Dixon,5,,2,5,9-6,150,4/1,5,57,,,CompletedRace,3,0.5,0.75,00:01:00.6000000,60.6,9/2,5.5,4,000184,"£3,245",3245,57,68,56,347561,S Chappell & R Teatum,No Nay Never,USA,Fixette,False,False,,42,3,True,,IRE
925941,Get Raceday Ready Handicap,513,Wolverhampton (AW),09/01/2026 19:30:00,Other,Class 6,,0-60,4yo+,None,5f,5,1005,1100,Standard,AllWeather,5740905,Doralee,100476,William Pyle,39387,David & Nicola Barron,5,,7,1,9-5,149,12/1,13,53,,,CompletedRace,4,2,2.75,00:01:01,61,4/1,5,24,944231,"£3,245",3245,53,65,,91564,Harrowgate Bloodstock Ltd,Swiss Spirit,GB,Jofranka,False,False,,43,,False,,GB
925941,Get Raceday Ready Handicap,513,Wolverhampton (AW),09/01/2026 19:30:00,Other,Class 6,,0-60,4yo+,None,5f,5,1005,1100,Standard,AllWeather,7195634,She's A Gift,95744,Rossa Ryan,14751,John C McConnell,4,t1,5,9,9-7,151,100/30F,4.333333333333334,55,,,CompletedRace,5,1.25,4,00:01:01.2500000,61.25,11/4,3.75,57,570272,"£3,245",3245,55,70,57,156983,Dermot McGuinness,Iffraaj,GB,Encore Moi,True,False,,33,,True,,GB
925941,Get Raceday Ready Handicap,513,Wolverhampton (AW),09/01/2026 19:30:00,Other,Class 6,,0-60,4yo+,None,5f,5,1005,1100,Standard,AllWeather,4273984,Master Dandy,84857,Luke Morris,41262,Daisy Hitchins,6,p,1,3,9-9,153,13/2,7.5,57,,,CompletedRace,6,1.75,5.75,00:01:01.6000000,61.6,6/1,7,42,187035,"£3,245",3245,57,68,62,376953,Simonell Racing Club,Dandy Man,IRE,Honeymead,False,False,,100,,True,1,IRE
925941,Get Raceday Ready Handicap,513,Wolverhampton (AW),09/01/2026 19:30:00,Other,Class 6,,0-60,4yo+,None,5f,5,1005,1100,Standard,AllWeather,5906623,Ballsgrove Boy,101508,Harry Davies,5333,Peter Chapple-Hyam,4,p,6,4,9-7,151,10/1,11,55,,,CompletedRace,7,9,14.75,00:01:03.4000000,63.4,11/1,12,40,5770-7,"£3,245",3245,55,62,,242959,W Prosser,Ardad,IRE,Sweet Wind Music,False,False,,67,,True,2,GB
925941,Get Raceday Ready Handicap,513,Wolverhampton (AW),09/01/2026 19:30:00,Other,Class 6,,0-60,4yo+,None,5f,5,1005,1100,Standard,AllWeather,4225300,Global Effort,98171,Grace McEntee,12904,Phil McEntee,6,tv,9,6,8-11,139,125/1,126,45,,,CompletedRace,8,2.75,17.5,00:01:03.9500000,63.95,33/1,34,19,736988,"£3,245",3245,45,66,59,223634,Mrs Rita Baker,Gleneagles,IRE,Irish Madam,False,False,,40,,False,,IRE
925935,Free Tips On attheraces.com Handicap,513,Wolverhampton (AW),09/01/2026 20:00:00,Other,Class 6,,0-60,4yo+,None,6f,6,1206,1320,Standard,AllWeather,6582580,Rye,95744,Rossa Ryan,9714,Tony Carroll,4,p,5,5,9-7,151,11/4F,3.75,58,,,CompletedRace,1,0,0,00:01:13.5200000,73.52,3/1,4,88,332426,"£4,711",4711,58,71,64,376952,Sally Hamilton French And David Burnett,Massaat,IRE,Get Even,False,False,,40,,True,,GB
925935,Free Tips On attheraces.com Handicap,513,Wolverhampton (AW),09/01/2026 20:00:00,Other,Class 6,,0-60,4yo+,None,6f,6,1206,1320,Standard,AllWeather,6367249,In The City,94158,Edward Greatrex,22011,Warren Greatrex,4,v,1,1,9-9,153,9/2,5.5,60,,,CompletedRace,2,0.2,0.2,00:01:13.5600000,73.56,6/1,7,15,3-4506,"£4,711",4711,60,71,53,1824,Mrs J Fowler,Showcasing,GB,Enchanted Linda,False,False,,75,,False,,GB
925935,Free Tips On attheraces.com Handicap,513,Wolverhampton (AW),09/01/2026 20:00:00,Other,Class 6,,0-60,4yo+,None,6f,6,1206,1320,Standard,AllWeather,3970683,Blackjack,88798,Ray Dawson,78,Alan Brown,9,b,6,10,9-6,150,13/2,7.5,57,,,CompletedRace,3,1.25,1.5,00:01:13.8200000,73.82,12/1,13,16,075630,"£4,711",4711,57,72,50,44626,Mrs S Cunliffe-Lister,Sleeping Indian,GB,Medam,False,False,,67,,True,,GB
925935,Free Tips On attheraces.com Handicap,513,Wolverhampton (AW),09/01/2026 20:00:00,Other,Class 6,,0-60,4yo+,None,6f,6,1206,1320,Standard,AllWeather,7001834,Express Train,103619,Alfie Redman,7873,Richard Phillips,4,,4,2,9-0,144,14/1,15,58,,,CompletedRace,4,0.75,2.25,00:01:13.9700000,73.97,10/1,11,14,639075,"£4,711",4711,58,68,54,110243,The Listeners,Invincible Spirit,IRE,Usem,False,False,,43,,False,,IRE
925935,Free Tips On attheraces.com Handicap,513,Wolverhampton (AW),09/01/2026 20:00:00,Other,Class 6,,0-60,4yo+,None,6f,6,1206,1320,Standard,AllWeather,4315454,Phil's Dream,93480,Clifford Lee,14751,John C McConnell,6,tv,7,6,9-3,147,15/2,8.5,54,,,CompletedRace,5,0.3,2.5,00:01:14.0200000,74.02,8/1,9,59,-02180,"£4,711",4711,54,67,58,192489,Derek Kierans,Mehmas,IRE,Luna Rosa,False,False,,33,,True,,IRE
925935,Free Tips On attheraces.com Handicap,513,Wolverhampton (AW),09/01/2026 20:00:00,Other,Class 6,,0-60,4yo+,None,6f,6,1206,1320,Standard,AllWeather,6419941,Piddie's Pearl,100476,William Pyle,43173,Kevin & Lauren Frost,4,h,9,7,8-9,137,18/1,19,46,,,CompletedRace,6,0.1,2.5,00:01:14.0200000,74.02,33/1,34,108,8808-0,"£4,711",4711,46,68,,277455,Jan Mead And Sally Paton,Rajasinghe,IRE,Piddie's Power,False,False,,27,,False,1,GB
925935,Free Tips On attheraces.com Handicap,513,Wolverhampton (AW),09/01/2026 20:00:00,Other,Class 6,,0-60,4yo+,None,6f,6,1206,1320,Standard,AllWeather,5879003,Chasing Gold,84857,Luke Morris,41983,Michael Keady,4,b,3,3,9-8,152,11/2,6.5,59,,,CompletedRace,7,0.5,3,00:01:14.1200000,74.12,7/2,4.5,14,-U1423,"£4,711",4711,59,69,55,22201,Mrs S Moore,Twilight Son,GB,Invaluable,False,False,,29,,True,,GB
925935,Free Tips On attheraces.com Handicap,513,Wolverhampton (AW),09/01/2026 20:00:00,Other,Class 6,,0-60,4yo+,None,6f,6,1206,1320,Standard,AllWeather,5048139,Royal Justice,101479,Olivia Haines,26099,Scott Dixon,5,b1,11,8,8-2,130,100/1,101,46,,,CompletedRace,8,2.25,5.25,00:01:14.5700000,74.57,50/1,51,5,6900-0,"£4,711",4711,46,66,,356686,Amphitheatre Racing Limited,Inns Of Court,IRE,Victoria Lodge,True,False,,42,7,True,,IRE
925935,Free Tips On attheraces.com Handicap,513,Wolverhampton (AW),09/01/2026 20:00:00,Other,Class 6,,0-60,4yo+,None,6f,6,1206,1320,Standard,AllWeather,5708981,Forever My Prince,77767,Billy Loughnane,14051,Michael Blake,4,,2,4,9-8,152,4/1,5,59,,,CompletedRace,9,5.5,10.75,00:01:15.6700000,75.67,9/2,5.5,70,-55656,"£4,711",4711,59,72,,369879,Steve Trim,Showcasing,GB,One Kiss,False,False,,50,,False,,GB
925935,Free Tips On attheraces.com Handicap,513,Wolverhampton (AW),09/01/2026 20:00:00,Other,Class 6,,0-60,4yo+,None,6f,6,1206,1320,Standard,AllWeather,5708985,Mister McGregor,96409,Faye McManoman,7001,Michael Mullineaux,4,eb,8,9,8-9,137,40/1,41,46,,,CompletedRace,10,1.25,12,00:01:15.9200000,75.92,11/1,12,15,923985,"£4,711",4711,46,69,60,195225,Keith Jones,Harry Angel,IRE,Pulcinella,False,False,,,,False,,IRE
925935,Free Tips On attheraces.com Handicap,513,Wolverhampton (AW),09/01/2026 20:00:00,Other,Class 6,,0-60,4yo+,None,6f,6,1206,1320,Standard,AllWeather,6046650,She Went Whoosh,95208,William Cox,26099,Scott Dixon,4,tp,10,11,8-9,137,100/1,101,46,,,CompletedRace,11,1.75,13.75,00:01:16.2700000,76.27,33/1,34,15,288069,"£4,711",4711,46,66,51,356686,Amphitheatre Racing Limited,Profitable,IRE,Lady Tipperary,False,False,,42,,True,,IRE
925939,Download The Racecourse App Raceday Ready Handicap,513,Wolverhampton (AW),09/01/2026 20:30:00,Other,Class 6,,0-65,4yo+,None,1m4f,12,2412,2640,Standard,AllWeather,6042411,Ottoman,95744,Rossa Ryan,39482,Oliver Greenall & Josh Guerriero,4,b,6,2,9-4,148,11/1,12,58,,,CompletedRace,1,0,0,00:02:39.8100000,159.81,11/2,6.5,23,325155,"£3,245",3245,58,74,,251254,Phil Evans,Acclamation,GB,Kaftan,False,False,,20,,True,,IRE
925939,Download The Racecourse App Raceday Ready Handicap,513,Wolverhampton (AW),09/01/2026 20:30:00,Other,Class 6,,0-65,4yo+,None,1m4f,12,2412,2640,Standard,AllWeather,7978778,Luan,77767,Billy Loughnane,42617,Nick Scholfield,4,t,5,3,9-6,150,4/1,5,60,,,CompletedRace,2,1.25,1.25,00:02:40.0600000,160.06,3/1,4,26,0-9119,"£3,245",3245,60,74,57,317542,Hasmonean Racing,Sea The Stars,IRE,Lamorlaye,False,False,,60,,False,2,FR
925939,Download The Racecourse App Raceday Ready Handicap,513,Wolverhampton (AW),09/01/2026 20:30:00,Other,Class 6,,0-65,4yo+,None,1m4f,12,2412,2640,Standard,AllWeather,8991595,Sevenkingsmustdie,95522,Luke Catton,13928,Alan King,4,h,7,4,9-0,144,5/2,3.5,57,,,CompletedRace,3,1,2.25,00:02:40.2600000,160.26,7/1,8,43,057,"£3,245",3245,57,72,,130176,Alan King,Sea The Stars,IRE,Vandella,False,False,,75,3,False,,IRE
925939,Download The Racecourse App Raceday Ready Handicap,513,Wolverhampton (AW),09/01/2026 20:30:00,Other,Class 6,,0-65,4yo+,None,1m4f,12,2412,2640,Standard,AllWeather,6425083,Sansanetti,14629,Pat Cosgrave,8543,Stuart Williams,4,,1,6,9-9,153,6/4F,2.5,63,,,CompletedRace,4,0.5,2.75,00:02:40.3600000,160.36,2/1,3,17,-66441,"£3,245",3245,63,75,25,322323,D'Arblay Partnership,Sottsass,FR,Sanaya,False,False,,52,,False,,IRE
925939,Download The Racecourse App Raceday Ready Handicap,513,Wolverhampton (AW),09/01/2026 20:30:00,Other,Class 6,,0-65,4yo+,None,1m4f,12,2412,2640,Standard,AllWeather,4597235,Bulldog Spirit,95208,William Cox,43307,Bernard Llewellyn & Robert Williams,6,tp,4,5,9-6,150,20/1,21,60,,,CompletedRace,5,2.5,5.25,00:02:40.8600000,160.86,8/1,9,20,657534,"£3,245",3245,60,73,29,370206,Clive Elliot & Partner,Churchill,IRE,Banimpire,False,False,,69,,True,2,IRE
925939,Download The Racecourse App Raceday Ready Handicap,513,Wolverhampton (AW),09/01/2026 20:30:00,Other,Class 6,,0-65,4yo+,None,1m4f,12,2412,2640,Standard,AllWeather,5982378,Phaedra,94663,Lewis Edmunds,14626,Joey Ramsden,4,,3,1,9-7,151,8/1,9,61,,,CompletedRace,6,4.5,9.75,00:02:41.7600000,161.76,6/1,7,59,724025,"£3,245",3245,61,76,49,349130,Hill Top Equestrian Centre Ltd,Ghaiyyath,IRE,Singing Sky,False,False,,,,False,,GB
927919,153rd Renate und Albrecht Woeste - Zukunfts-Rennen (Group 3) (Turf),207,Baden-Baden (GER),09/01/2026 17:00:00,Other,,(Group 3),,2yo,None,7f,7,1407,1540,Soft,Turf,9317832,Gymbaazy,91857,Daniel Muscutt,31779,Owen Burrows,2,,3,3,9-2,146,11/5,3.2,,,,CompletedRace,1,0,0,00:01:26.8000000,86.8,,,39,19,"£27,826",27826,,92,78,309294,Green Team Racing,Siyouni,FR,Pelligrina,False,False,,38,,False,,FR
927919,153rd Renate und Albrecht Woeste - Zukunfts-Rennen (Group 3) (Turf),207,Baden-Baden (GER),09/01/2026 17:00:00,Other,,(Group 3),,2yo,None,7f,7,1407,1540,Soft,Turf,9777125,Indigo Sun,97465,Benjamin Marie,33092,Andreas Suborics,2,,4,5,9-2,146,3/1,4,,,,CompletedRace,2,2,2,00:01:27.3000000,87.3,,,,412,"£27,826",27826,,,,110874,Rennstall Sun-Planet,Waldpfad,GER,Isaia,False,False,,,,False,,GER
927919,153rd Renate und Albrecht Woeste - Zukunfts-Rennen (Group 3) (Turf),207,Baden-Baden (GER),09/01/2026 17:00:00,Other,,(Group 3),,2yo,None,7f,7,1407,1540,Soft,Turf,9777126,Tango Dancer,89686,Martin Seidl,41350,Maxim Pecheur,2,,5,6,9-2,146,31/10,4.1,,,,CompletedRace,3,1.75,3.75,00:01:27.7375000,87.7375,,,,12,"£27,826",27826,,,,153758,Stall Schalkmadchen,Alson,GER,The Dancing Fairy,False,False,,,,False,,IRE
927919,153rd Renate und Albrecht Woeste - Zukunfts-Rennen (Group 3) (Turf),207,Baden-Baden (GER),09/01/2026 17:00:00,Other,,(Group 3),,2yo,None,7f,7,1407,1540,Soft,Turf,9777127,Taylor Made,81391,Wladimir Panov,35970,Bohumil Nedorostek,2,,6,4,9-2,146,18/1,19,,,,CompletedRace,4,0.2,4,00:01:27.8000000,87.8,,,,43,"£27,826",27826,,,,240088,Cometica AG,Rubaiyat,FR,Tech Exceed,False,False,,,,False,,GER
927919,153rd Renate und Albrecht Woeste - Zukunfts-Rennen (Group 3) (Turf),207,Baden-Baden (GER),09/01/2026 17:00:00,Other,,(Group 3),,2yo,None,7f,7,1407,1540,Soft,Turf,9777124,Bozok,92830,Bauyrzhan Murzabayev,35970,Bohumil Nedorostek,2,,2,7,9-2,146,2/1F,3,,,,CompletedRace,5,1.75,5.75,00:01:28.2375000,88.2375,,,,1,"£27,826",27826,,,,171056,Cemil Duran,Sioux Nation,USA,Sziget,False,False,,,,False,,IRE
927925,Prix des Terres Noires (Handicap) (Turf),206,Deauville (FR),09/01/2026 12:55:00,Other,,,,4yo+,None,1m,8,1608,1760,Heavy,Turf,4761170,Calas,84879,Maxime Guyon,37518,P & J Brandt,6,ht,1,10,9-10,154,18/5F,4.6,97,,45,CompletedRace,1,0,0,00:01:45.7300000,105.73,,,,,,,,,,,,,,,,,,,,,,
927925,Prix des Terres Noires (Handicap) (Turf),206,Deauville (FR),09/01/2026 12:55:00,Other,,,,4yo+,None,1m,8,1608,1760,Heavy,Turf,3093670,Highbari,103029,Pierre Remoue,34102,M Brasme,9,,16,8,8-2,130,202/10,21.2,75,,23,CompletedRace,2,0.2,0.2,00:01:45.7800000,105.78,,,,,,,,,,,,,,,,,,,,,,
927925,Prix des Terres Noires (Handicap) (Turf),206,Deauville (FR),09/01/2026 12:55:00,Other,,,,4yo+,None,1m,8,1608,1760,Heavy,Turf,4566597,Olympic Message,88520,Pierre-Charles Boudot,38235,N Perret,6,,4,2,9-4,148,22/5,5.4,91,,32,CompletedRace,3,2.5,2.75,00:01:46.4175000,106.4175,,,,,,,,,,,,,,,,,,,,,,
927925,Prix des Terres Noires (Handicap) (Turf),206,Deauville (FR),09/01/2026 12:55:00,Other,,,,4yo+,None,1m,8,1608,1760,Heavy,Turf,4438561,Galord,88709,Eddy Hardouin,30879,Carina Fey,7,ht,10,15,8-6,134,193/10,20.3,79,,20,CompletedRace,4,0.2,2.75,00:01:46.4175000,106.4175,,,,,,,,,,,,,,,,,,,,,,
927925,Prix des Terres Noires (Handicap) (Turf),206,Deauville (FR),09/01/2026 12:55:00,Other,,,,4yo+,None,1m,8,1608,1760,Heavy,Turf,6106959,Purple Lion,95509,Hugo Boutin,26118,F-H Graffard,4,t,2,5,9-6,150,9/2,5.5,94,,32,CompletedRace,5,0.75,3.5,00:01:46.6050000,106.605,,,,,,,,,,,,,,,,,,,,,,
927925,Prix des Terres Noires (Handicap) (Turf),206,Deauville (FR),09/01/2026 12:55:00,Other,,,,4yo+,None,1m,8,1608,1760,Heavy,Turf,3130339,Harper,95774,Alexis Pouchin,41805,Gerald Mosse,8,t,9,13,8-8,136,126/10,13.6,82,,19,CompletedRace,6,0.5,4,00:01:46.7300000,106.73,,,,,,,,,,,,,,,,,,,,,,
927925,Prix des Terres Noires (Handicap) (Turf),206,Deauville (FR),09/01/2026 12:55:00,Other,,,,4yo+,None,1m,8,1608,1760,Heavy,Turf,4522941,Montgaudry,75499,Stephane Pasquier,1183,D Smaga,6,,6,12,8-10,138,141/10,15.1,84,,20,CompletedRace,7,0.3,4.25,00:01:46.7925000,106.7925,,,,,,,,,,,,,,,,,,,,,,
927925,Prix des Terres Noires (Handicap) (Turf),206,Deauville (FR),09/01/2026 12:55:00,Other,,,,4yo+,None,1m,8,1608,1760,Heavy,Turf,4657054,No Limit Dream,84764,Tony Piccone,13820,C Plisson,6,t,7,4,8-9,137,203/10,21.3,83,,14,CompletedRace,8,2,6.25,00:01:47.2925000,107.2925,,,,,,,,,,,,,,,,,,,,,,
927925,Prix des Terres Noires (Handicap) (Turf),206,Deauville (FR),09/01/2026 12:55:00,Other,,,,4yo+,None,1m,8,1608,1760,Heavy,Turf,7525288,Gitano,95812,Thomas Trullier,20422,S Cerulis,4,,15,3,8-4,132,155/10,16.5,76,,7,CompletedRace,9,1,7.25,00:01:47.5425000,107.5425,,,,,,,,,,,,,,,,,,,,,,
927925,Prix des Terres Noires (Handicap) (Turf),206,Deauville (FR),09/01/2026 12:55:00,Other,,,,4yo+,None,1m,8,1608,1760,Heavy,Turf,4175263,Freja,84951,Aurelien Lemaitre,10210,F Chappet,7,,8,6,8-9,137,29/1,30,83,,7,CompletedRace,10,1.75,9,00:01:47.9800000,107.98,,,,,,,,,,,,,,,,,,,,,,
927925,Prix des Terres Noires (Handicap) (Turf),206,Deauville (FR),09/01/2026 12:55:00,Other,,,,4yo+,None,1m,8,1608,1760,Heavy,Turf,3964513,Westminster Night,97546,Mme Frida Valle Skar,39038,Fabian Xaver Weissmeier,7,p,11,16,8-5,133,47/1,48,78,,3,CompletedRace,11,0.1,9.25,00:01:48.0425000,108.0425,,,,,,,,,,,,,,,,,,,,,,
927925,Prix des Terres Noires (Handicap) (Turf),206,Deauville (FR),09/01/2026 12:55:00,Other,,,,4yo+,None,1m,8,1608,1760,Heavy,Turf,5662986,Marharry,92273,Jeremy Moisan,35001,Gavin Hernon,5,t,14,7,8-5,133,269/10,27.9,77,,1,CompletedRace,12,0.75,10,00:01:48.2300000,108.23,,,,,,,,,,,,,,,,,,,,,,
927925,Prix des Terres Noires (Handicap) (Turf),206,Deauville (FR),09/01/2026 12:55:00,Other,,,,4yo+,None,1m,8,1608,1760,Heavy,Turf,6433746,Felix Aux Ormes,88850,Cristian Demuro,20943,Y Barberot,4,,3,11,9-4,148,69/10,7.9,91,,11,CompletedRace,13,1.25,11.25,00:01:48.5425000,108.5425,,,,,,,,,,,,,,,,,,,,,,
927925,Prix des Terres Noires (Handicap) (Turf),206,Deauville (FR),09/01/2026 12:55:00,Other,,,,4yo+,None,1m,8,1608,1760,Heavy,Turf,2805033,Shinning Ocean,102536,Malone Favriaux,40735,Bart De Koninck,9,,12,14,8-5,133,102/1,103,78,,,CompletedRace,14,12,23.25,00:01:51.5425000,111.5425,,,,,,,,,,,,,,,,,,,,,,
927925,Prix des Terres Noires (Handicap) (Turf),206,Deauville (FR),09/01/2026 12:55:00,Other,,,,4yo+,None,1m,8,1608,1760,Heavy,Turf,2864403,Celestin,101826,Maxence Marquette,40735,Bart De Koninck,9,h,13,9,8-6,134,62/1,63,78,,,CompletedRace,15,18,41.25,00:01:56.0425000,116.0425,,,,,,,,,,,,,,,,,,,,,,
927926,Prix de Montpensier (Handicap) (Turf),206,Deauville (FR),09/01/2026 13:30:00,Other,,,,2yo,None,6f,6,1206,1320,Heavy,Turf,9396436,Dream Of Glory,87600,Mickael Barzalona,32325,Amy Murphy,2,,2,3,9-2,146,4/5F,1.8,80,,82,CompletedRace,1,0,0,00:01:15.2400000,75.24,,,,,,,,,,,,,,,,,,,,,,
927926,Prix de Montpensier (Handicap) (Turf),206,Deauville (FR),09/01/2026 13:30:00,Other,,,,2yo,None,6f,6,1206,1320,Heavy,Turf,9055733,Enfant Paradis,97546,Mme Frida Valle Skar,12681,M Boutin,2,t,7,6,8-2,130,211/10,22.1,69,,68,CompletedRace,2,1.25,1.25,00:01:15.5525000,75.5525,,,,,,,,,,,,,,,,,,,,,,
927926,Prix de Montpensier (Handicap) (Turf),206,Deauville (FR),09/01/2026 13:30:00,Other,,,,2yo,None,6f,6,1206,1320,Heavy,Turf,9244736,Gokita,95812,Thomas Trullier,34102,M Brasme,2,ht,6,5,8-10,138,83/10,9.3,75,,71,CompletedRace,3,0.3,1.5,00:01:15.6150000,75.615,,,,,,,,,,,,,,,,,,,,,,
927926,Prix de Montpensier (Handicap) (Turf),206,Deauville (FR),09/01/2026 13:30:00,Other,,,,2yo,None,6f,6,1206,1320,Heavy,Turf,9244738,Quiet Strength,104808,Louis Armance,42794,M Blancpain,2,t,5,1,8-7,135,56/10,6.6,75,,70,CompletedRace,4,0.5,2,00:01:15.7400000,75.74,,,,,,,,,,,,,,,,,,,,,,
927926,Prix de Montpensier (Handicap) (Turf),206,Deauville (FR),09/01/2026 13:30:00,Other,,,,2yo,None,6f,6,1206,1320,Heavy,Turf,9322110,Cloudbusting,88520,Pierre-Charles Boudot,28083,H-F Devin,2,,3,2,9-1,145,83/10,9.3,79,,64,CompletedRace,5,3.5,5.5,00:01:16.6150000,76.615,,,,,,,,,,,,,,,,,,,,,,
927926,Prix de Montpensier (Handicap) (Turf),206,Deauville (FR),09/01/2026 13:30:00,Other,,,,2yo,None,6f,6,1206,1320,Heavy,Turf,9073578,Kata Tjuta,98276,Axel Baron,38483,A Baron,2,h,1,7,9-4,148,146/10,15.6,83,,55,CompletedRace,6,3.5,9,00:01:17.4900000,77.49,,,,,,,,,,,,,,,,,,,,,,
927926,Prix de Montpensier (Handicap) (Turf),206,Deauville (FR),09/01/2026 13:30:00,Other,,,,2yo,None,6f,6,1206,1320,Heavy,Turf,9326633,Olympique,84879,Maxime Guyon,38083,Francois Monfort,2,,4,4,9-0,144,26/5,6.2,78,,45,CompletedRace,7,2,11,00:01:17.9900000,77.99,,,,,,,,,,,,,,,,,,,,,,
927927,L'express (Claimer) (Turf),206,Deauville (FR),09/01/2026 14:05:00,Other,,,,3yo+,None,4½f,4.5,904,990,Heavy,Turf,1765165,Koutsounakos,97546,Mme Frida Valle Skar,35532,Sofie Lanslots,11,t,10,9,8-5,133,127/10,13.7,64,,28,CompletedRace,1,0,0,00:00:56.8200000,56.82,,,,,,,,,,,,,,,,,,,,,,
927927,L'express (Claimer) (Turf),206,Deauville (FR),09/01/2026 14:05:00,Other,,,,3yo+,None,4½f,4.5,904,990,Heavy,Turf,8001076,Quiet Wife,88709,Eddy Hardouin,12681,M Boutin,4,t,9,11,8-8,136,8/1,9,74,,27,CompletedRace,2,0.1,0.1,00:00:56.8450000,56.845,,,,,,,,,,,,,,,,,,,,,,
927927,L'express (Claimer) (Turf),206,Deauville (FR),09/01/2026 14:05:00,Other,,,,3yo+,None,4½f,4.5,904,990,Heavy,Turf,4691059,Giorgiana,93676,Ludovic Boisseau,12947,G Pannier,6,tb,7,8,8-8,136,132/10,14.2,74,,15,CompletedRace,3,3,3,00:00:57.5700000,57.57,,,,,,,,,,,,,,,,,,,,,,
927927,L'express (Claimer) (Turf),206,Deauville (FR),09/01/2026 14:05:00,Other,,,,3yo+,None,4½f,4.5,904,990,Heavy,Turf,3437684,Claim The Stars,94938,Mme Coralie Pacaut,38457,B V Van Den Troost,7,,11,10,8-5,133,31/1,32,68,,9,CompletedRace,4,1.25,4.25,00:00:57.8825000,57.8825,,,,,,,,,,,,,,,,,,,,,,
927927,L'express (Claimer) (Turf),206,Deauville (FR),09/01/2026 14:05:00,Other,,,,3yo+,None,4½f,4.5,904,990,Heavy,Turf,1646641,Pradaro,84951,Aurelien Lemaitre,35532,Sofie Lanslots,11,,6,7,8-11,139,93/10,10.3,72,,12,CompletedRace,5,0.2,4.5,00:00:57.9450000,57.945,,,,,,,,,,,,,,,,,,,,,,
927927,L'express (Claimer) (Turf),206,Deauville (FR),09/01/2026 14:05:00,Other,,,,3yo+,None,4½f,4.5,904,990,Heavy,Turf,6309492,Baileys Bachelor,93132,Pierre Bazire,15248,J-V Toux,5,,3,4,9-8,152,23/10F,3.3,83,,17,CompletedRace,6,1.25,5.75,00:00:58.2575000,58.2575,,,,,,,,,,,,,,,,,,,,,,
927927,L'express (Claimer) (Turf),206,Deauville (FR),09/01/2026 14:05:00,Other,,,,3yo+,None,4½f,4.5,904,990,Heavy,Turf,3730946,Impitoyable,88850,Cristian Demuro,35532,Sofie Lanslots,7,p,4,6,9-5,149,7/1,8,65,,12,CompletedRace,7,0.5,6.25,00:00:58.3825000,58.3825,,,,,,,,,,,,,,,,,,,,,,
927927,L'express (Claimer) (Turf),206,Deauville (FR),09/01/2026 14:05:00,Other,,,,3yo+,None,4½f,4.5,904,990,Heavy,Turf,5447239,Sweet As,95509,Hugo Boutin,12681,M Boutin,6,,1,2,9-10,154,47/10,5.7,67,,15,CompletedRace,8,0.3,6.5,00:00:58.4450000,58.445,,,,,,,,,,,,,,,,,,,,,,
927927,L'express (Claimer) (Turf),206,Deauville (FR),09/01/2026 14:05:00,Other,,,,3yo+,None,4½f,4.5,904,990,Heavy,Turf,7762461,Free Movement,84764,Tony Piccone,11363,H-A Pantall,3,b,8,1,8-9,137,34/1,35,74,,,CompletedRace,9,1.5,8,00:00:58.8200000,58.82,,,,,,,,,,,,,,,,,,,,,,
927927,L'express (Claimer) (Turf),206,Deauville (FR),09/01/2026 14:05:00,Other,,,,3yo+,None,4½f,4.5,904,990,Heavy,Turf,4373525,Le Central,100273,Mme Lorette Gallo,12681,M Boutin,6,t,2,5,9-2,146,112/10,12.2,76,,,CompletedRace,10,2,10,00:00:59.3200000,59.32,,,,,,,,,,,,,,,,,,,,,,
927927,L'express (Claimer) (Turf),206,Deauville (FR),09/01/2026 14:05:00,Other,,,,3yo+,None,4½f,4.5,904,990,Heavy,Turf,6265749,Kamand,94132,Marvin Grandin,18610,Mrs C Lenaers,4,,5,3,8-13,141,121/10,13.1,,,,CompletedRace,11,0.1,10.25,00:00:59.3825000,59.3825,,,,,,,,,,,,,,,,,,,,,,
927928,Prix de l'Hermitage (Maiden) (Turf),206,Deauville (FR),09/01/2026 14:40:00,Other,,,,3yo,None,1m,8,1608,1760,Heavy,Turf,8973277,Irresitiblement,98386,Augustin Madamet,40353,F Bellemere,3,,4,8,9-2,146,43/10,5.3,75,,47,CompletedRace,1,0,0,00:01:45.2500000,105.25,,,,,,,,,,,,,,,,,,,,,,
927928,Prix de l'Hermitage (Maiden) (Turf),206,Deauville (FR),09/01/2026 14:40:00,Other,,,,3yo,None,1m,8,1608,1760,Heavy,Turf,9777167,Emerald Angel,93132,Pierre Bazire,40244,Noel George & Amanda Zetterholm,3,,9,12,8-13,141,46/1,47,,,34,CompletedRace,2,4,4,00:01:46.2500000,106.25,,,,,,,,,,,,,,,,,,,,,,
927928,Prix de l'Hermitage (Maiden) (Turf),206,Deauville (FR),09/01/2026 14:40:00,Other,,,,3yo,None,1m,8,1608,1760,Heavy,Turf,9777165,Espartinas,93676,Ludovic Boisseau,38506,F Bresson,3,,11,7,8-13,141,138/10,14.8,,,33,CompletedRace,3,0.2,4.25,00:01:46.3125000,106.3125,,,,,,,,,,,,,,,,,,,,,,
927928,Prix de l'Hermitage (Maiden) (Turf),206,Deauville (FR),09/01/2026 14:40:00,Other,,,,3yo,None,1m,8,1608,1760,Heavy,Turf,9148085,Dream Machine,95812,Thomas Trullier,42200,N Clement & F Hermans,3,,7,2,9-2,146,26/5,6.2,79,,34,CompletedRace,4,0.75,5,00:01:46.5000000,106.5,,,,,,,,,,,,,,,,,,,,,,
927928,Prix de l'Hermitage (Maiden) (Turf),206,Deauville (FR),09/01/2026 14:40:00,Other,,,,3yo,None,1m,8,1608,1760,Heavy,Turf,9777163,Silencio,102434,Pierre Le Digabel,42488,Pierre-Etienne Dubois,3,,1,1,8-8,136,233/10,24.3,,,34,CompletedRace,5,0.2,5.25,00:01:46.5625000,106.5625,,,,,,,,,,,,,,,,,,,,,,
927928,Prix de l'Hermitage (Maiden) (Turf),206,Deauville (FR),09/01/2026 14:40:00,Other,,,,3yo,None,1m,8,1608,1760,Heavy,Turf,7830282,Dorado,94132,Marvin Grandin,37548,Alicja Karkosa,3,tp,3,6,9-2,146,89/10,9.9,,,33,CompletedRace,6,0.2,5.25,00:01:46.5625000,106.5625,,,,,,,,,,,,,,,,,,,,,,
927928,Prix de l'Hermitage (Maiden) (Turf),206,Deauville (FR),09/01/2026 14:40:00,Other,,,,3yo,None,1m,8,1608,1760,Heavy,Turf,9777166,Duskwind,84879,Maxime Guyon,35411,Christopher Head,3,,12,10,8-8,136,21/10F,3.1,,,25,CompletedRace,7,0.3,5.5,00:01:46.6250000,106.625,,,,,,,,,,,,,,,,,,,,,,
927928,Prix de l'Hermitage (Maiden) (Turf),206,Deauville (FR),09/01/2026 14:40:00,Other,,,,3yo,None,1m,8,1608,1760,Heavy,Turf,8716077,Glory King,95774,Alexis Pouchin,39731,Xavier Blanchet,3,,2,11,9-2,146,6/1,7,,,15,CompletedRace,8,7,12.5,00:01:48.3750000,108.375,,,,,,,,,,,,,,,,,,,,,,
927928,Prix de l'Hermitage (Maiden) (Turf),206,Deauville (FR),09/01/2026 14:40:00,Other,,,,3yo,None,1m,8,1608,1760,Heavy,Turf,9777164,Vienna's Pride,88709,Eddy Hardouin,30879,Carina Fey,3,,6,3,9-2,146,269/10,27.9,,,12,CompletedRace,9,1.25,13.75,00:01:48.6875000,108.6875,,,,,,,,,,,,,,,,,,,,,,
927928,Prix de l'Hermitage (Maiden) (Turf),206,Deauville (FR),09/01/2026 14:40:00,Other,,,,3yo,None,1m,8,1608,1760,Heavy,Turf,9364303,Woodbridge,104737,Gabin Seigneul,34035,Hugo Merienne,3,,10,5,8-7,135,95/1,96,62,,,CompletedRace,10,10,23.75,00:01:51.1875000,111.1875,,,,,,,,,,,,,,,,,,,,,,
927928,Prix de l'Hermitage (Maiden) (Turf),206,Deauville (FR),09/01/2026 14:40:00,Other,,,,3yo,None,1m,8,1608,1760,Heavy,Turf,9106045,Cadeau De Noel,88850,Cristian Demuro,43246,Alessandro Botti,3,,8,4,9-2,146,107/10,11.7,74,,,CompletedRace,11,30,53.75,00:01:58.6875000,118.6875,,,,,,,,,,,,,,,,,,,,,,
927930,Prix du Camp de Cesar (Handicap) (Turf),206,Deauville (FR),09/01/2026 15:15:00,Other,,,,4yo+,None,1m,8,1608,1760,Heavy,Turf,3092708,Light Wakeup,84879,Maxime Guyon,39775,Helmi Boujardine,8,t,2,2,9-6,150,17/2,9.5,52,,4,CompletedRace,1,0,0,00:01:48.4300000,108.43,,,,,,,,,,,,,,,,,,,,,,
927930,Prix du Camp de Cesar (Handicap) (Turf),206,Deauville (FR),09/01/2026 15:15:00,Other,,,,4yo+,None,1m,8,1608,1760,Heavy,Turf,5262652,Astra Dream,95747,Mme Marie Velon,38552,S Ghys,5,t,6,7,8-11,139,33/1,34,46,,,CompletedRace,2,0.2,0.2,00:01:48.4800000,108.48,,,,,,,,,,,,,,,,,,,,,,
927930,Prix du Camp de Cesar (Handicap) (Turf),206,Deauville (FR),09/01/2026 15:15:00,Other,,,,4yo+,None,1m,8,1608,1760,Heavy,Turf,4556061,Lunala,94132,Marvin Grandin,39775,Helmi Boujardine,6,t,5,9,9-2,146,133/10,14.3,47,,,CompletedRace,3,0.2,0.25,00:01:48.4925000,108.4925,,,,,,,,,,,,,,,,,,,,,,
927930,Prix du Camp de Cesar (Handicap) (Turf),206,Deauville (FR),09/01/2026 15:15:00,Other,,,,4yo+,None,1m,8,1608,1760,Heavy,Turf,5492792,True Value,97546,Mme Frida Valle Skar,13601,Mme C Barande-Barbe,5,,3,10,9-2,146,EvensF,2,51,,2,CompletedRace,4,0.05,0.5,00:01:48.5550000,108.555,,,,,,,,,,,,,,,,,,,,,,
927930,Prix du Camp de Cesar (Handicap) (Turf),206,Deauville (FR),09/01/2026 15:15:00,Other,,,,4yo+,None,1m,8,1608,1760,Heavy,Turf,4340175,Baileys Eclair,102536,Malone Favriaux,17805,M Drean,6,tp,9,3,8-13,141,35/1,36,44,,,CompletedRace,5,1.25,1.75,00:01:48.8675000,108.8675,,,,,,,,,,,,,,,,,,,,,,
927930,Prix du Camp de Cesar (Handicap) (Turf),206,Deauville (FR),09/01/2026 15:15:00,Other,,,,4yo+,None,1m,8,1608,1760,Heavy,Turf,5244604,Redrunner,93676,Ludovic Boisseau,39754,D Artu,6,t,10,5,8-11,139,117/10,12.7,43,,,CompletedRace,6,1.5,3.25,00:01:49.2425000,109.2425,,,,,,,,,,,,,,,,,,,,,,
927930,Prix du Camp de Cesar (Handicap) (Turf),206,Deauville (FR),09/01/2026 15:15:00,Other,,,,4yo+,None,1m,8,1608,1760,Heavy,Turf,6555342,Lady Luck,84951,Aurelien Lemaitre,40736,Mbolatiana Andriantsoa Ratsimihah,4,,4,11,9-3,147,17/1,18,49,,,CompletedRace,7,0.75,4,00:01:49.4300000,109.43,,,,,,,,,,,,,,,,,,,,,,
927930,Prix du Camp de Cesar (Handicap) (Turf),206,Deauville (FR),09/01/2026 15:15:00,Other,,,,4yo+,None,1m,8,1608,1760,Heavy,Turf,5728036,Jiji My Love,88642,Antoine Hamelin,20492,F-X Belvisi,5,t,8,4,9-0,144,8/1,9,45,,,CompletedRace,8,1.25,5.25,00:01:49.7425000,109.7425,,,,,,,,,,,,,,,,,,,,,,
927930,Prix du Camp de Cesar (Handicap) (Turf),206,Deauville (FR),09/01/2026 15:15:00,Other,,,,4yo+,None,1m,8,1608,1760,Heavy,Turf,3229640,Autumn Twilight,95774,Alexis Pouchin,25119,N Caullery,8,,7,8,9-0,144,28/1,29,45,,,CompletedRace,9,1.5,6.75,00:01:50.1175000,110.1175,,,,,,,,,,,,,,,,,,,,,,
927930,Prix du Camp de Cesar (Handicap) (Turf),206,Deauville (FR),09/01/2026 15:15:00,Other,,,,4yo+,None,1m,8,1608,1760,Heavy,Turf,2077214,Zaahir,98244,Hugo Lebouc,24142,L Guilloux,10,,11,1,8-8,136,58/1,59,40,,,CompletedRace,10,1,7.75,00:01:50.3675000,110.3675,,,,,,,,,,,,,,,,,,,,,,
927930,Prix du Camp de Cesar (Handicap) (Turf),206,Deauville (FR),09/01/2026 15:15:00,Other,,,,4yo+,None,1m,8,1608,1760,Heavy,Turf,6107030,Lord Asriel D Alme,88520,Pierre-Charles Boudot,36464,V Devillars,5,t,1,6,9-6,150,61/10,7.1,52,,,CompletedRace,11,2.5,10.25,00:01:50.9925000,110.9925,,,,,,,,,,,,,,,,,,,,,,
927931,Prix de l'Etang de Toutevoie (Handicap) (Turf),206,Deauville (FR),09/01/2026 16:01:00,Other,,,,4yo+,None,1m,8,1608,1760,Heavy,Turf,6820584,Modern Spirit,95812,Thomas Trullier,39830,Julien Phelippon,4,t,1,1,9-6,150,199/10,20.9,68,,10,CompletedRace,1,0,0,00:01:48.0200000,108.02,,,,,,,,,,,,,,,,,,,,,,
927931,Prix de l'Etang de Toutevoie (Handicap) (Turf),206,Deauville (FR),09/01/2026 16:01:00,Other,,,,4yo+,None,1m,8,1608,1760,Heavy,Turf,4767866,Celtic Aryaan,95774,Alexis Pouchin,11579,E Libaud,6,,6,11,9-0,144,51/10,6.1,62,,3,CompletedRace,2,0.2,0.2,00:01:48.0700000,108.07,,,,,,,,,,,,,,,,,,,,,,
927931,Prix de l'Etang de Toutevoie (Handicap) (Turf),206,Deauville (FR),09/01/2026 16:01:00,Other,,,,4yo+,None,1m,8,1608,1760,Heavy,Turf,4429400,Markswoman,100273,Mme Lorette Gallo,39931,J Leroy,6,,10,2,8-7,135,66/10,7.6,58,,,CompletedRace,3,0.75,1,00:01:48.2700000,108.27,,,,,,,,,,,,,,,,,,,,,,
927931,Prix de l'Etang de Toutevoie (Handicap) (Turf),206,Deauville (FR),09/01/2026 16:01:00,Other,,,,4yo+,None,1m,8,1608,1760,Heavy,Turf,8101864,Steady Success,88520,Pierre-Charles Boudot,43246,Alessandro Botti,5,h,3,4,9-5,149,9/2,5.5,67,,6,CompletedRace,4,0.05,1,00:01:48.2700000,108.27,,,,,,,,,,,,,,,,,,,,,,
927931,Prix de l'Etang de Toutevoie (Handicap) (Turf),206,Deauville (FR),09/01/2026 16:01:00,Other,,,,4yo+,None,1m,8,1608,1760,Heavy,Turf,5353706,Pamela Boum,88709,Eddy Hardouin,30879,Carina Fey,5,ht,9,5,8-13,141,39/10F,4.9,61,,,CompletedRace,5,0.5,1.5,00:01:48.3950000,108.395,,,,,,,,,,,,,,,,,,,,,,
927931,Prix de l'Etang de Toutevoie (Handicap) (Turf),206,Deauville (FR),09/01/2026 16:01:00,Other,,,,4yo+,None,1m,8,1608,1760,Heavy,Turf,4965749,Alcotan,102536,Malone Favriaux,17805,M Drean,6,,4,7,9-3,147,79/10,8.9,65,,2,CompletedRace,6,0.3,1.75,00:01:48.4575000,108.4575,,,,,,,,,,,,,,,,,,,,,,
927931,Prix de l'Etang de Toutevoie (Handicap) (Turf),206,Deauville (FR),09/01/2026 16:01:00,Other,,,,4yo+,None,1m,8,1608,1760,Heavy,Turf,5492837,Missouri,98386,Augustin Madamet,24142,L Guilloux,6,t,11,10,8-5,133,81/10,9.1,53,,,CompletedRace,7,1.5,3.25,00:01:48.8325000,108.8325,,,,,,,,,,,,,,,,,,,,,,
927931,Prix de l'Etang de Toutevoie (Handicap) (Turf),206,Deauville (FR),09/01/2026 16:01:00,Other,,,,4yo+,None,1m,8,1608,1760,Heavy,Turf,4502664,Royal Shake,87600,Mickael Barzalona,31881,Caroline Auvray,6,,5,8,9-2,146,43/10,5.3,64,,,CompletedRace,8,0.3,3.5,00:01:48.8950000,108.895,,,,,,,,,,,,,,,,,,,,,,
927931,Prix de l'Etang de Toutevoie (Handicap) (Turf),206,Deauville (FR),09/01/2026 16:01:00,Other,,,,4yo+,None,1m,8,1608,1760,Heavy,Turf,6842590,Whatahero,95014,Mme Laura Grosso,11283,P-L Guerin,4,t,8,6,8-9,137,78/1,79,61,,,CompletedRace,9,3,6.5,00:01:49.6450000,109.645,,,,,,,,,,,,,,,,,,,,,,
927931,Prix de l'Etang de Toutevoie (Handicap) (Turf),206,Deauville (FR),09/01/2026 16:01:00,Other,,,,4yo+,None,1m,8,1608,1760,Heavy,Turf,7503799,Regalienne,93676,Ludovic Boisseau,36464,V Devillars,4,h,7,9,9-0,144,48/1,49,62,,,CompletedRace,10,0.3,6.75,00:01:49.7075000,109.7075,,,,,,,,,,,,,,,,,,,,,,
927932,Prix du Marais Dozet (Handicap) (Turf),206,Deauville (FR),09/01/2026 16:36:00,Other,,,,4yo+,None,1m,8,1608,1760,Heavy,Turf,8579591,Bolkhov,88520,Pierre-Charles Boudot,43246,Alessandro Botti,4,h,2,9,9-6,150,33/10F,4.3,74,,35,CompletedRace,1,0,0,00:01:46.1800000,106.18,,,,,,,,,,,,,,,,,,,,,,
927932,Prix du Marais Dozet (Handicap) (Turf),206,Deauville (FR),09/01/2026 16:36:00,Other,,,,4yo+,None,1m,8,1608,1760,Heavy,Turf,6573363,Baby Hartwood,88850,Cristian Demuro,11159,Mme V Dissaux,4,t,3,10,9-5,149,69/10,7.9,73,,33,CompletedRace,2,0.5,0.5,00:01:46.3050000,106.305,,,,,,,,,,,,,,,,,,,,,,
927932,Prix du Marais Dozet (Handicap) (Turf),206,Deauville (FR),09/01/2026 16:36:00,Other,,,,4yo+,None,1m,8,1608,1760,Heavy,Turf,5417187,Amorcita,84764,Tony Piccone,11363,H-A Pantall,5,b,7,11,9-4,148,16/1,17,72,,30,CompletedRace,3,0.5,1,00:01:46.4300000,106.43,,,,,,,,,,,,,,,,,,,,,,
927932,Prix du Marais Dozet (Handicap) (Turf),206,Deauville (FR),09/01/2026 16:36:00,Other,,,,4yo+,None,1m,8,1608,1760,Heavy,Turf,5036780,Murray,95747,Mme Marie Velon,38457,B V Van Den Troost,6,t,11,4,8-13,141,179/10,18.9,69,,28,CompletedRace,4,0.2,1.25,00:01:46.4925000,106.4925,,,,,,,,,,,,,,,,,,,,,,
927932,Prix du Marais Dozet (Handicap) (Turf),206,Deauville (FR),09/01/2026 16:36:00,Other,,,,4yo+,None,1m,8,1608,1760,Heavy,Turf,4438453,Hayejohn,76125,Delphine Santiago,25119,N Caullery,6,,1,3,9-3,147,37/10,4.7,74,,31,CompletedRace,5,0.5,1.75,00:01:46.6175000,106.6175,,,,,,,,,,,,,,,,,,,,,,
927932,Prix du Marais Dozet (Handicap) (Turf),206,Deauville (FR),09/01/2026 16:36:00,Other,,,,4yo+,None,1m,8,1608,1760,Heavy,Turf,7267870,Lisippo,88642,Antoine Hamelin,5757,F Carnevali,4,,6,5,9-4,148,93/10,10.3,72,,27,CompletedRace,6,0.75,2.5,00:01:46.8050000,106.805,,,,,,,,,,,,,,,,,,,,,,
927932,Prix du Marais Dozet (Handicap) (Turf),206,Deauville (FR),09/01/2026 16:36:00,Other,,,,4yo+,None,1m,8,1608,1760,Heavy,Turf,6260953,Master Pat,101867,Dorian Provost,12947,G Pannier,5,b,10,6,9-2,146,121/10,13.1,69,,24,CompletedRace,7,0.3,2.75,00:01:46.8675000,106.8675,,,,,,,,,,,,,,,,,,,,,,
927932,Prix du Marais Dozet (Handicap) (Turf),206,Deauville (FR),09/01/2026 16:36:00,Other,,,,4yo+,None,1m,8,1608,1760,Heavy,Turf,8579559,Out Of The Blue,95509,Hugo Boutin,12681,M Boutin,4,,4,1,9-5,149,185/10,19.5,73,,23,CompletedRace,8,1.5,4.25,00:01:47.2425000,107.2425,,,,,,,,,,,,,,,,,,,,,,
927932,Prix du Marais Dozet (Handicap) (Turf),206,Deauville (FR),09/01/2026 16:36:00,Other,,,,4yo+,None,1m,8,1608,1760,Heavy,Turf,7222316,Artistic Man,98244,Hugo Lebouc,40239,Fabien Jolivet,4,p,5,2,9-5,149,33/1,34,73,,22,CompletedRace,9,0.3,4.5,00:01:47.3050000,107.305,,,,,,,,,,,,,,,,,,,,,,
927932,Prix du Marais Dozet (Handicap) (Turf),206,Deauville (FR),09/01/2026 16:36:00,Other,,,,4yo+,None,1m,8,1608,1760,Heavy,Turf,3691632,Faster,95014,Mme Laura Grosso,26273,Leonardo D Racco,7,,8,8,9-0,144,158/10,16.8,71,,18,CompletedRace,10,1,5.5,00:01:47.5550000,107.555,,,,,,,,,,,,,,,,,,,,,,
927932,Prix du Marais Dozet (Handicap) (Turf),206,Deauville (FR),09/01/2026 16:36:00,Other,,,,4yo+,None,1m,8,1608,1760,Heavy,Turf,5432974,Spring Heart,98953,Mme Sophie Tison,43246,Alessandro Botti,5,t,9,7,9-0,144,49/10,5.9,71,,15,CompletedRace,11,1,6.5,00:01:47.8050000,107.805,,,,,,,,,,,,,,,,,,,,,,
927933,Prix de la Croix l'Oignon (Conditions) (Polytrack),206,Deauville (FR),09/01/2026 17:11:00,Other,,,,4yo+,None,1m1½f,9.5,1910,2090,Standard,AllWeather,5048217,Kievsky,88709,Eddy Hardouin,32108,Mme G Gadbled,6,ht,8,6,8-11,139,30/1,31,58,,60,CompletedRace,1,0,0,00:01:57.4100000,117.41,,,,,,,,,,,,,,,,,,,,,,
927933,Prix de la Croix l'Oignon (Conditions) (Polytrack),206,Deauville (FR),09/01/2026 17:11:00,Other,,,,4yo+,None,1m1½f,9.5,1910,2090,Standard,AllWeather,8779439,Neyshapur,92273,Jeremy Moisan,42191,S M Aguinsaca Armijos,4,ht,3,5,9-1,145,179/10,18.9,60,,63,CompletedRace,2,0.5,0.5,00:01:57.5100000,117.51,,,,,,,,,,,,,,,,,,,,,,
927933,Prix de la Croix l'Oignon (Conditions) (Polytrack),206,Deauville (FR),09/01/2026 17:11:00,Other,,,,4yo+,None,1m1½f,9.5,1910,2090,Standard,AllWeather,6309452,Ever Fast,87600,Mickael Barzalona,38506,F Bresson,4,t,7,1,9-0,144,5/1,6,66,,61,CompletedRace,3,0.3,0.75,00:01:57.5600000,117.56,,,,,,,,,,,,,,,,,,,,,,
927933,Prix de la Croix l'Oignon (Conditions) (Polytrack),206,Deauville (FR),09/01/2026 17:11:00,Other,,,,4yo+,None,1m1½f,9.5,1910,2090,Standard,AllWeather,4362978,Arturo,88850,Cristian Demuro,39038,Fabian Xaver Weissmeier,7,p,1,11,9-4,148,29/10F,3.9,65,,65,CompletedRace,4,0.2,1,00:01:57.6100000,117.61,,,,,,,,,,,,,,,,,,,,,,
927933,Prix de la Croix l'Oignon (Conditions) (Polytrack),206,Deauville (FR),09/01/2026 17:11:00,Other,,,,4yo+,None,1m1½f,9.5,1910,2090,Standard,AllWeather,5082907,Maizieres,76125,Delphine Santiago,36928,Mme Stephanie Nigge,5,,4,3,8-11,139,83/10,9.3,65,,60,CompletedRace,5,0.3,1.25,00:01:57.6600000,117.66,,,,,,,,,,,,,,,,,,,,,,
927933,Prix de la Croix l'Oignon (Conditions) (Polytrack),206,Deauville (FR),09/01/2026 17:11:00,Other,,,,4yo+,None,1m1½f,9.5,1910,2090,Standard,AllWeather,4350685,Havana Six,84879,Maxime Guyon,41805,Gerald Mosse,7,tp,12,8,8-8,136,23/5,5.6,66,,54,CompletedRace,6,0.3,1.5,00:01:57.7100000,117.71,,,,,,,,,,,,,,,,,,,,,,
927933,Prix de la Croix l'Oignon (Conditions) (Polytrack),206,Deauville (FR),09/01/2026 17:11:00,Other,,,,4yo+,None,1m1½f,9.5,1910,2090,Standard,AllWeather,4728051,Seigneur,98953,Mme Sophie Tison,39447,Mme Victoria Head,7,t,5,4,8-8,136,168/10,17.8,61,,57,CompletedRace,7,1.5,3,00:01:58.0100000,118.01,,,,,,,,,,,,,,,,,,,,,,
927933,Prix de la Croix l'Oignon (Conditions) (Polytrack),206,Deauville (FR),09/01/2026 17:11:00,Other,,,,4yo+,None,1m1½f,9.5,1910,2090,Standard,AllWeather,5889874,Fly Half,97546,Mme Frida Valle Skar,15427,P Adda,4,tp,10,7,8-8,136,182/10,19.2,66,,53,CompletedRace,8,0.5,3.5,00:01:58.1100000,118.11,,,,,,,,,,,,,,,,,,,,,,
927933,Prix de la Croix l'Oignon (Conditions) (Polytrack),206,Deauville (FR),09/01/2026 17:11:00,Other,,,,4yo+,None,1m1½f,9.5,1910,2090,Standard,AllWeather,4630596,Odin Normandy,99467,Arthur Vilchien,34102,M Brasme,7,,2,13,8-10,138,182/10,19.2,65,,54,CompletedRace,9,1.75,5.25,00:01:58.4600000,118.46,,,,,,,,,,,,,,,,,,,,,,
927933,Prix de la Croix l'Oignon (Conditions) (Polytrack),206,Deauville (FR),09/01/2026 17:11:00,Other,,,,4yo+,None,1m1½f,9.5,1910,2090,Standard,AllWeather,4753690,Druide,102370,Warren Levesque,20422,S Cerulis,6,,9,2,8-6,134,78/10,8.8,65,,41,CompletedRace,10,4.5,9.75,00:01:59.3600000,119.36,,,,,,,,,,,,,,,,,,,,,,
927933,Prix de la Croix l'Oignon (Conditions) (Polytrack),206,Deauville (FR),09/01/2026 17:11:00,Other,,,,4yo+,None,1m1½f,9.5,1910,2090,Standard,AllWeather,8853576,Valhalla,94132,Marvin Grandin,34500,Mme A Wattel,4,t,6,10,9-0,144,139/10,14.9,64,,8,CompletedRace,11,17,26.75,00:02:02.7600000,122.76,,,,,,,,,,,,,,,,,,,,,,
927933,Prix de la Croix l'Oignon (Conditions) (Polytrack),206,Deauville (FR),09/01/2026 17:11:00,Other,,,,4yo+,None,1m1½f,9.5,1910,2090,Standard,AllWeather,4125056,Hollyhock,93132,Pierre Bazire,35532,Sofie Lanslots,7,,11,9,8-13,141,82/1,83,,,,CompletedRace,12,3.5,30.25,00:02:03.4600000,123.46,,,,,,,,,,,,,,,,,,,,,,
927933,Prix de la Croix l'Oignon (Conditions) (Polytrack),206,Deauville (FR),09/01/2026 17:11:00,Other,,,,4yo+,None,1m1½f,9.5,1910,2090,Standard,AllWeather,8070661,Anima Sana,95812,Thomas Trullier,39830,Julien Phelippon,4,tp,13,12,8-8,136,38/1,39,61,,,CompletedRace,13,30,60.25,00:02:09.4600000,129.46,,,,,,,,,,,,,,,,,,,,,,
