RaceId,RaceName,CourseId,CourseName,Off,RaceType,Class,Pattern,RatingBand,AgeBand,SexRestriction,Distance,DistanceInFurlongs,DistanceInMeters,DistanceInYards,Going,Surface,HorseId,HorseName,JockeyId,JockeyName,TrainerId,TrainerName,Age,HeadGear,RaceCardNumber,StallNumber,Weight,WeightInPounds,FractionalOdds,DecimalOdds,OfficialRating,RacingPostRating,TopSpeedRating,DaysSinceLastRun,FormFigures,PrizeMoney,PrizeMoneyValue,OwnerId,OwnerName,SireName,SireCountry,DamName,HeadgearFirstTime,GeldingFirstTime,WindSurgery,TrainerRtf,JockeyAllowanceLbs,JockeyFirstTime,NewTrainerRacesCount,CountryOfOrigin
929994,American Pharoah Stakes Presented By DK Horse (Grade 1) (Dirt),257,Santa Anita,10/04/2026 00:04:00,Other,,(Grade 1),,2yo,None,1m½f,8.5,1709,1870,,Unknown,9581380,Dang Son,94991,Emisael Jaramillo,15431,Doug O'Neill,2,b,1,1,8-10,138,9/1,10,,99,,28,713,"£133,335",133335,47394,Calumet Farm,Good Magic,USA,Orate,False,False,,,,False,,USA
929994,American Pharoah Stakes Presented By DK Horse (Grade 1) (Dirt),257,Santa Anita,10/04/2026 00:04:00,Other,,(Grade 1),,2yo,None,1m½f,8.5,1709,1870,,Unknown,9655839,Hughes,89093,Juan J Hernandez,5802,Bob Baffert,2,b,2,2,8-10,138,11/8,2.375,,131,,28,111,"£133,335",133335,375989,"Front Row Club, Starlight Racing Et Al",Into Mischief,USA,K P Dreamin,False,False,,,,False,,USA
929994,American Pharoah Stakes Presented By DK Horse (Grade 1) (Dirt),257,Santa Anita,10/04/2026 00:04:00,Other,,(Grade 1),,2yo,None,1m½f,8.5,1709,1870,,Unknown,9650496,Net Par,14469,Victor Espinoza,37115,Antonio Garcia,2,b,3,3,8-10,138,10/1,11,,,,26,3112,"£133,335",133335,200490,Reddam Racing LLC,Pavel,USA,Taffeta,False,False,,,,True,,USA
929994,American Pharoah Stakes Presented By DK Horse (Grade 1) (Dirt),257,Santa Anita,10/04/2026 00:04:00,Other,,(Grade 1),,2yo,None,1m½f,8.5,1709,1870,,Unknown,9809453,Imperial Honor,86308,Joel Rosario,5802,Bob Baffert,2,b,4,4,8-10,138,9/2,5.5,,,,26,1,"£133,335",133335,196368,"Michael E Pegram, Karl Watson & Paul Weitman",Honor A. P.,USA,Seeking Mo Jewel,False,False,,,,True,,USA
929994,American Pharoah Stakes Presented By DK Horse (Grade 1) (Dirt),257,Santa Anita,10/04/2026 00:04:00,Other,,(Grade 1),,2yo,None,1m½f,8.5,1709,1870,,Unknown,9683272,Emancipate,4043,Mike E Smith,5802,Bob Baffert,2,b,5,5,8-10,138,9/1,10,,,,36,41,"£133,335",133335,209142,Cicero Farms LLC,Uncle Mo,USA,Marley's Freedom,False,False,,,,True,,USA
929994,American Pharoah Stakes Presented By DK Horse (Grade 1) (Dirt),257,Santa Anita,10/04/2026 00:04:00,Other,,(Grade 1),,2yo,None,1m½f,8.5,1709,1870,,Unknown,9581379,Domus,98418,Kazushi Kimura,5802,Bob Baffert,2,b,6,6,8-10,138,11/2,6.5,,83,,28,14,"£133,335",133335,232659,Baoma Corporation,Uncle Mo,USA,Der Lu,False,False,,,,True,,USA
929995,Rodeo Drive Stakes (Grade 2) (Fillies &amp; Mares) (Turf),257,Santa Anita,10/04/2026 01:36:00,Other,,(Grade 2),,3yo+,Fillies,1m2f,10,2010,2200,,Unknown,6233835,Thought Process,85745,Hector I Berrios,27805,Philip D'Amato,4,,1,1,9-0,144,SP,,,,,26,13-112,"£88,890",88890,347209,"Little Red Feather Racing, Madaket Stables & Est B C Jones",Collected,USA,Creative Thinking,False,False,,,,False,,USA
929995,Rodeo Drive Stakes (Grade 2) (Fillies &amp; Mares) (Turf),257,Santa Anita,10/04/2026 01:36:00,Other,,(Grade 2),,3yo+,Fillies,1m2f,10,2010,2200,,Unknown,6415351,Resolve,93075,Armando Ayuso,16060,Leonard Powell,4,b,2,2,8-10,138,SP,,,,,49,241464,"£88,890",88890,349937,"California Racing Partners, Ciaglia Racing & Kevin O'Donnell",Midnight Lute,USA,Custody,False,False,,,,False,,USA
929995,Rodeo Drive Stakes (Grade 2) (Fillies &amp; Mares) (Turf),257,Santa Anita,10/04/2026 01:36:00,Other,,(Grade 2),,3yo+,Fillies,1m2f,10,2010,2200,,Unknown,6120993,Dona Clota CHI,101932,Micah J Husbands,25931,Saffie A Joseph Jr,5,,3,3,8-12,140,SP,,,,,28,376175,"£88,890",88890,341689,Resolute Racing,Ivan Denisovich,IRE,Delfa,False,False,,,,True,,CHI
929995,Rodeo Drive Stakes (Grade 2) (Fillies &amp; Mares) (Turf),257,Santa Anita,10/04/2026 01:36:00,Other,,(Grade 2),,3yo+,Fillies,1m2f,10,2010,2200,,Unknown,6088028,Totally Justified,103247,Joseph C Bealmear,35360,Anna Meah,4,b,4,4,8-10,138,SP,,,,,42,-45311,"£88,890",88890,262003,Payson Stud Inc,Justify,USA,Outstanding,False,False,,,,False,,USA
929995,Rodeo Drive Stakes (Grade 2) (Fillies &amp; Mares) (Turf),257,Santa Anita,10/04/2026 01:36:00,Other,,(Grade 2),,3yo+,Fillies,1m2f,10,2010,2200,,Unknown,6188664,Public Assembly,84933,Julien R Leparoux,27805,Philip D'Amato,5,,5,5,8-10,138,SP,,,,,28,544626,"£88,890",88890,367435,"Abbondanza Racing LLC, McNulty Th'breds & Medallion Racing",More Than Ready,USA,Enchanting Kitten,False,False,,,,True,,USA
929995,Rodeo Drive Stakes (Grade 2) (Fillies &amp; Mares) (Turf),257,Santa Anita,10/04/2026 01:36:00,Other,,(Grade 2),,3yo+,Fillies,1m2f,10,2010,2200,,Unknown,5845494,Kentucky Gal IRE,86308,Joel Rosario,27805,Philip D'Amato,5,,6,6,8-10,138,SP,,,,,49,59-713,"£88,890",88890,360705,"CYBT, Anthony Gemignani Et Al",Churchill,IRE,Hold Me Now,False,False,,,,True,,IRE
929995,Rodeo Drive Stakes (Grade 2) (Fillies &amp; Mares) (Turf),257,Santa Anita,10/04/2026 01:36:00,Other,,(Grade 2),,3yo+,Fillies,1m2f,10,2010,2200,,Unknown,7227165,Hey Jessie,94991,Emisael Jaramillo,18268,Sean McCarthy,4,,7,7,8-10,138,SP,,,,,28,261553,"£88,890",88890,213568,Sayjay Racing LLC,Grazen,USA,Bea's Cee,False,False,,,,False,,USA
929995,Rodeo Drive Stakes (Grade 2) (Fillies &amp; Mares) (Turf),257,Santa Anita,10/04/2026 01:36:00,Other,,(Grade 2),,3yo+,Fillies,1m2f,10,2010,2200,,Unknown,7866003,Victorious Dream IRE,94166,Ricardo Gonzalez,16180,Michael McCarthy,3,,8,8,8-6,134,SP,,,,,42,223117,"£88,890",88890,370554,"Eclipse Thoroughbred Partners, Sabby Racing & Michael House",Ghaiyyath,IRE,Perfect Dream,False,False,,,,True,,IRE
929995,Rodeo Drive Stakes (Grade 2) (Fillies &amp; Mares) (Turf),257,Santa Anita,10/04/2026 01:36:00,Other,,(Grade 2),,3yo+,Fillies,1m2f,10,2010,2200,,Unknown,6424953,May Day Ready,98418,Kazushi Kimura,4499,Richard E Mandella,4,b,9,9,8-10,138,SP,,,,,28,7-2731,"£88,890",88890,297167,KatieRich Stables LLC,Tapit,USA,Nemoralia,False,False,,,,False,,USA
929995,Rodeo Drive Stakes (Grade 2) (Fillies &amp; Mares) (Turf),257,Santa Anita,10/04/2026 01:36:00,Other,,(Grade 2),,3yo+,Fillies,1m2f,10,2010,2200,,Unknown,58956109,The Mizen Queen IRE,91132,Kyle Frey,23717,Dan Blacker,4,,10,10,8-10,138,SP,,,,,49,-43432,"£88,890",88890,365953,"Anselmo LLC, My Way Racing LLC et al",Cotai Glory,GB,Balqaa,False,False,,,,True,,IRE
929995,Rodeo Drive Stakes (Grade 2) (Fillies &amp; Mares) (Turf),257,Santa Anita,10/04/2026 01:36:00,Other,,(Grade 2),,3yo+,Fillies,1m2f,10,2010,2200,,Unknown,7727261,Vronti GB,89093,Juan J Hernandez,12872,H Graham Motion,4,,11,11,8-10,138,SP,,,,,49,411521,"£88,890",88890,161617,Andrew Stone,Night Of Thunder,IRE,Nakuti,False,False,,,,False,,GB
930191,Chai Wan Kok Handicap (Class 5) (All Weather Track),416,Sha Tin,10/04/2026 05:30:00,Other,Class 5,,,3yo+,None,1m½f,8.5,1709,1870,Good To Firm,Turf,5820819,Double Bingo NZ,102829,Nichola Yuen (7),13936,P F Yiu,6,,1,3,9-9,153,4/1,5,38,51,,7,232150,"£46,711",46711,246010,Charmaine Wong Kam Mei & Chan Fu Ho,Charm Spirit,IRE,Estrela Flicka,False,False,,,7,False,,NZ
930191,Chai Wan Kok Handicap (Class 5) (All Weather Track),416,Sha Tin,10/04/2026 05:30:00,Other,Class 5,,,3yo+,None,1m½f,8.5,1709,1870,Good To Firm,Turf,6662085,Hailtothevictors FR,98196,L J Ferraris,41761,David Eustace,5,tb,2,5,9-8,152,8/1,9,37,50,,28,402839,"£46,711",46711,351059,Graham Kot Li Heng & Amy Chau,Almanzor,FR,Saas Fee,False,False,,,,False,,FR
930191,Chai Wan Kok Handicap (Class 5) (All Weather Track),416,Sha Tin,10/04/2026 05:30:00,Other,Class 5,,,3yo+,None,1m½f,8.5,1709,1870,Good To Firm,Turf,6069509,Fortune Supernova AUS,95725,Matthew Poon,23445,D J Hall,5,tp,3,2,9-6,150,20/1,21,35,53,,7,007698,"£46,711",46711,356535,Mr & Mrs Wu Chak Man,Impending,AUS,The Kipling Girl,False,False,,,,False,,AUS
930191,Chai Wan Kok Handicap (Class 5) (All Weather Track),416,Sha Tin,10/04/2026 05:30:00,Other,Class 5,,,3yo+,None,1m½f,8.5,1709,1870,Good To Firm,Turf,5692559,Soaring Bronco NZ,94434,James Orman,32247,Mark Newnham,6,b,4,7,9-6,150,12/1,13,35,52,,11,123355,"£46,711",46711,341280,"Simon Yung Yun Sang, Tang Ka Nin Et Al",Tivaci,AUS,Sorellina,False,False,,,,False,,NZ
930191,Chai Wan Kok Handicap (Class 5) (All Weather Track),416,Sha Tin,10/04/2026 05:30:00,Other,Class 5,,,3yo+,None,1m½f,8.5,1709,1870,Good To Firm,Turf,8594143,Rising Elite AUS,88536,K C Leung,40731,W K Mo,4,tv,5,10,9-5,149,25/1,26,34,51,,7,055509,"£46,711",46711,367020,Cheng Hop Ming,Headwater,AUS,Ay Jay Charli,False,False,,,,False,,AUS
930191,Chai Wan Kok Handicap (Class 5) (All Weather Track),416,Sha Tin,10/04/2026 05:30:00,Other,Class 5,,,3yo+,None,1m½f,8.5,1709,1870,Good To Firm,Turf,6768163,Swagger Bro AUS,99123,Jerry Chau (2),35043,Jamie Richards,6,p,6,4,9-5,149,14/1,15,34,48,,7,636550,"£46,711",46711,352010,Happy Bunny Syndicate,Capitalist,AUS,Janast,False,False,,,2,True,,AUS
930191,Chai Wan Kok Handicap (Class 5) (All Weather Track),416,Sha Tin,10/04/2026 05:30:00,Other,Class 5,,,3yo+,None,1m½f,8.5,1709,1870,Good To Firm,Turf,5244554,Celestial Harmony AUS,95383,Lyle Hewitson,26238,Brett Crawford,6,,7,13,9-3,147,25/1,26,32,52,,81,164878,"£46,711",46711,318576,Mastermind Syndicate,Lope De Vega,IRE,Happy Odyssey,False,False,,,,False,,AUS
930191,Chai Wan Kok Handicap (Class 5) (All Weather Track),416,Sha Tin,10/04/2026 05:30:00,Other,Class 5,,,3yo+,None,1m½f,8.5,1709,1870,Good To Firm,Turf,7722753,Viva Taste AUS,88434,Matthew Chadwick,35035,Jimmy Ting,5,t,8,6,9-0,144,25/1,26,29,52,,119,506970,"£46,711",46711,243689,Jimmy Chung Kwok Man & Dominic Chung Won Lok,Dundeel,NZ,Savvan,False,False,,,,True,,AUS
930191,Chai Wan Kok Handicap (Class 5) (All Weather Track),416,Sha Tin,10/04/2026 05:30:00,Other,Class 5,,,3yo+,None,1m½f,8.5,1709,1870,Good To Firm,Turf,6768159,Blue Baron NZ,85541,Alexis Badel,17998,Y S Tsui,6,,9,12,8-12,140,20/1,21,27,52,,7,9-5787,"£46,711",46711,248308,"Mr & Mrs Mark Fong Chung, Matthew Fong & Victoria Fong",Burgundy,NZ,No More My Love,False,False,,,,False,2,NZ
930191,Chai Wan Kok Handicap (Class 5) (All Weather Track),416,Sha Tin,10/04/2026 05:30:00,Other,Class 5,,,3yo+,None,1m½f,8.5,1709,1870,Good To Firm,Turf,5283738,Kolachi IRE,88300,M L Yeung,36353,Douglas Whyte,5,het,10,14,8-11,139,33/1,34,26,51,,11,090090,"£46,711",46711,354812,World Of Keiba Syndicate,Invincible Spirit,IRE,Purple Sage,False,False,,,,True,,IRE
930191,Chai Wan Kok Handicap (Class 5) (All Weather Track),416,Sha Tin,10/04/2026 05:30:00,Other,Class 5,,,3yo+,None,1m½f,8.5,1709,1870,Good To Firm,Turf,7789297,Mazing Grace IRE,83554,Richard Kingscote,20011,C W Chang,4,t,11,9,8-11,139,20/1,21,26,51,,28,065050,"£46,711",46711,359910,Sheung Chi Wai,Starspangledbanner,AUS,Sunbird,False,False,,,,False,,IRE
930191,Chai Wan Kok Handicap (Class 5) (All Weather Track),416,Sha Tin,10/04/2026 05:30:00,Other,Class 5,,,3yo+,None,1m½f,8.5,1709,1870,Good To Firm,Turf,6723531,Oriental Surprise AUS,82339,Zac Purton,3550,David A Hayes,6,tb,12,8,8-11,139,5/2,3.5,26,53,,11,202232,"£46,711",46711,257155,Michael N Smith,Mikki Isle,JPN,Palatine Hill,False,False,,,,False,,AUS
930191,Chai Wan Kok Handicap (Class 5) (All Weather Track),416,Sha Tin,10/04/2026 05:30:00,Other,Class 5,,,3yo+,None,1m½f,8.5,1709,1870,Good To Firm,Turf,4934594,Go Go Go NZ,88634,Karis Teetan,28673,W Y So,7,tb,13,11,8-10,138,7/1,8,25,50,,28,-01530,"£46,711",46711,257353,Bricks Lovers Syndicate,Charm Spirit,IRE,Guessed,False,False,,,,False,,NZ
930191,Chai Wan Kok Handicap (Class 5) (All Weather Track),416,Sha Tin,10/04/2026 05:30:00,Other,Class 5,,,3yo+,None,1m½f,8.5,1709,1870,Good To Firm,Turf,5474573,Happydearhappydeer AUS,103216,Britney Wong (7),12767,A S Cruz,6,tv,14,1,8-8,136,7/1,8,23,51,,95,900555,"£46,711",46711,338351,"Hong Yiu, Lynn Fu Lam Wu Et Al",No Nay Never,USA,Planet's Princess,False,False,,,7,True,,AUS
930192,Kwok Shui Handicap (Class 4) (B Course) (Turf),416,Sha Tin,10/04/2026 06:00:00,Other,Class 4,,,3yo+,None,6f,6,1206,1320,Good To Firm,Turf,9359843,Ten Loves IRE,83554,Richard Kingscote,36353,Douglas Whyte,4,t,1,7,9-9,153,20/1,21,57,58,,21,1-0090,"£62,459",62459,373701,Dr Francis Li Wai Kin,Camelot,GB,Somebody To Love,False,False,,,,False,,IRE
930192,Kwok Shui Handicap (Class 4) (B Course) (Turf),416,Sha Tin,10/04/2026 06:00:00,Other,Class 4,,,3yo+,None,6f,6,1206,1320,Good To Firm,Turf,6278726,Wolf Coming IRE,95383,Lyle Hewitson,16058,C S Shum,4,t,2,6,9-7,151,7/1,8,55,71,,186,70-396,"£62,459",62459,357929,Adrian Lee Ting Hong,Starspangledbanner,AUS,My Call,False,False,,,,True,,IRE
930192,Kwok Shui Handicap (Class 4) (B Course) (Turf),416,Sha Tin,10/04/2026 06:00:00,Other,Class 4,,,3yo+,None,6f,6,1206,1320,Good To Firm,Turf,9467322,Copartner A I AUS,90687,C Y Ho,12762,K W Lui,4,tb,3,11,9-4,148,10/1,11,52,64,,99,3,"£62,459",62459,276911,Kelvin Lau Sik Suen,Written Tycoon,AUS,Fuhryk,False,False,,,,True,,AUS
930192,Kwok Shui Handicap (Class 4) (B Course) (Turf),416,Sha Tin,10/04/2026 06:00:00,Other,Class 4,,,3yo+,None,6f,6,1206,1320,Good To Firm,Turf,9359842,Faithful Warrior AUS,95637,H T Mo (2),17998,Y S Tsui,4,h,4,5,9-4,148,33/1,34,52,,,,,"£62,459",62459,373699,"Cheuk Hon Kit, Roland Leung Wing Cheung Et Al",D'Argento,AUS,Sarzana,False,False,,,2,True,,AUS
930192,Kwok Shui Handicap (Class 4) (B Course) (Turf),416,Sha Tin,10/04/2026 06:00:00,Other,Class 4,,,3yo+,None,6f,6,1206,1320,Good To Firm,Turf,9499099,Lean Era AUS,99123,Jerry Chau (2),41761,David Eustace,4,,5,13,9-4,148,12/1,13,52,63,,92,4,"£62,459",62459,368358,"Cheng Wan Wai, Sheena Cheng Tsz Yan & Selina Cheng Tsz Ching",Toronado,IRE,We'll Never Know,False,False,,,2,False,,AUS
930192,Kwok Shui Handicap (Class 4) (B Course) (Turf),416,Sha Tin,10/04/2026 06:00:00,Other,Class 4,,,3yo+,None,6f,6,1206,1320,Good To Firm,Turf,9424802,Happy Special AUS,87349,Andrea Atzeni,39762,P C Ng,4,p,6,12,9-3,147,16/1,17,51,47,,105,0,"£62,459",62459,300707,Huang Junming,Toronado,IRE,Miss Dominican,False,False,,,,False,,AUS
930192,Kwok Shui Handicap (Class 4) (B Course) (Turf),416,Sha Tin,10/04/2026 06:00:00,Other,Class 4,,,3yo+,None,6f,6,1206,1320,Good To Firm,Turf,5749190,Silver Spurs NZ,102829,Nichola Yuen (7),16095,C Fownes,6,t,7,10,9-3,147,10/1,11,51,67,,11,201080,"£62,459",62459,275127,Andrea Tien & Arthur Cheng,Charm Spirit,IRE,The Pearler,False,False,,,7,True,,NZ
930192,Kwok Shui Handicap (Class 4) (B Course) (Turf),416,Sha Tin,10/04/2026 06:00:00,Other,Class 4,,,3yo+,None,6f,6,1206,1320,Good To Firm,Turf,9499101,Smiling Sky IRE,88300,M L Yeung,35035,Jimmy Ting,4,,8,9,9-3,147,50/1,51,51,59,,92,0,"£62,459",62459,242355,Fung Kok Po,Invincible Spirit,IRE,Jakonda,False,False,,,,True,,IRE
930192,Kwok Shui Handicap (Class 4) (B Course) (Turf),416,Sha Tin,10/04/2026 06:00:00,Other,Class 4,,,3yo+,None,6f,6,1206,1320,Good To Firm,Turf,9485582,Good Power AUS,88536,K C Leung,20011,C W Chang,4,h,9,14,9-1,145,50/1,51,49,64,,21,90,"£62,459",62459,337582,"Cheung Tin Chai, Cheung Shu Yan & Cheung Shu Tak",Pierata,AUS,Written Treaty,False,False,,,,True,,AUS
930192,Kwok Shui Handicap (Class 4) (B Course) (Turf),416,Sha Tin,10/04/2026 06:00:00,Other,Class 4,,,3yo+,None,6f,6,1206,1320,Good To Firm,Turf,8858057,Shandong Spirit AUS,95725,Matthew Poon,13936,P F Yiu,4,t,10,4,9-0,144,25/1,26,48,62,,196,80,"£62,459",62459,298812,"Dr C Fuk To, Maria Chang Lee Ming Shum & J Chang Tien Yin",All Too Hard,AUS,The Bride,False,False,,,,True,,AUS
930192,Kwok Shui Handicap (Class 4) (B Course) (Turf),416,Sha Tin,10/04/2026 06:00:00,Other,Class 4,,,3yo+,None,6f,6,1206,1320,Good To Firm,Turf,8968430,Trendy Rush AUS,88939,Brenton Avdulla,35043,Jamie Richards,4,p,11,1,9-0,144,6/1,7,48,67,,95,80782,"£62,459",62459,369425,Shiu Shing,Star Turn,AUS,Lots Of Dosh,False,False,,,,False,,AUS
930192,Kwok Shui Handicap (Class 4) (B Course) (Turf),416,Sha Tin,10/04/2026 06:00:00,Other,Class 4,,,3yo+,None,6f,6,1206,1320,Good To Firm,Turf,9024442,E Hopeful AUS,88632,Harry Bentley,28673,W Y So,4,t,12,3,8-10,138,25/1,26,44,70,,84,09400,"£62,459",62459,275518,Jeffrey Yim Tsz Yu,Shalaa,IRE,Heavenly Mum,False,False,,,,True,,AUS
930192,Kwok Shui Handicap (Class 4) (B Course) (Turf),416,Sha Tin,10/04/2026 06:00:00,Other,Class 4,,,3yo+,None,6f,6,1206,1320,Good To Firm,Turf,9046142,Kol AUS,82339,Zac Purton,3550,David A Hayes,4,,13,2,8-10,138,11/4,3.75,44,65,,21,00974,"£62,459",62459,319567,Leung Shek On,Deep Field,AUS,Gossip Queen,False,False,,,,True,,AUS
930192,Kwok Shui Handicap (Class 4) (B Course) (Turf),416,Sha Tin,10/04/2026 06:00:00,Other,Class 4,,,3yo+,None,6f,6,1206,1320,Good To Firm,Turf,5077352,Same To You AUS,85541,Alexis Badel,32247,Mark Newnham,8,het,14,8,8-9,137,3/1,4,43,72,,18,503203,"£62,459",62459,331141,"Colin Cheung Kwok Lam, Amos Cheung Sai Keung & Gary H K Yau",Mikki Isle,JPN,Redan Lane,False,False,,,,False,,AUS
930193,Muk Min Ha Handicap (Class 2) (All Weather Track),416,Sha Tin,10/04/2026 06:30:00,Other,Class 2,,,3yo+,None,1m½f,8.5,1709,1870,Good To Firm,Turf,5050142,Chancheng Glory USA,99123,Jerry Chau (2),12762,K W Lui,6,v,1,2,9-9,153,10/1,11,99,113,,105,756880,"£166,559",166559,289449,Chancheng Racing Syndicate,Mor Spirit,USA,Solid Scam,False,False,,,2,False,,USA
930193,Muk Min Ha Handicap (Class 2) (All Weather Track),416,Sha Tin,10/04/2026 06:30:00,Other,Class 2,,,3yo+,None,1m½f,8.5,1709,1870,Good To Firm,Turf,5655603,Talents Ambition AUS,82339,Zac Purton,32247,Mark Newnham,6,b,2,4,9-2,146,3/1,4,92,107,,99,374291,"£166,559",166559,325570,Talentogether Syndicate,Into Mischief,USA,Spirit Of Ecstasy,False,False,,,,False,,AUS
930193,Muk Min Ha Handicap (Class 2) (All Weather Track),416,Sha Tin,10/04/2026 06:30:00,Other,Class 2,,,3yo+,None,1m½f,8.5,1709,1870,Good To Firm,Turf,4310782,Sing Dragon AUS,88434,Matthew Chadwick,28673,W Y So,7,t,3,8,9-1,145,4/1,5,91,110,,28,2-8701,"£166,559",166559,340634,The Rotary Club Of Gd-HK-MA-GBA Syndicate,Written Tycoon,AUS,Secret Doubt,False,False,,,,False,,AUS
930193,Muk Min Ha Handicap (Class 2) (All Weather Track),416,Sha Tin,10/04/2026 06:30:00,Other,Class 2,,,3yo+,None,1m½f,8.5,1709,1870,Good To Firm,Turf,5445563,Gorgeous Win AUS,83554,Richard Kingscote,16058,C S Shum,6,et,4,5,8-10,138,14/1,15,86,108,,95,800085,"£166,559",166559,284490,Yip Kong Wah,Press Statement,AUS,Hollywell,False,False,,,,False,,AUS
930193,Muk Min Ha Handicap (Class 2) (All Weather Track),416,Sha Tin,10/04/2026 06:30:00,Other,Class 2,,,3yo+,None,1m½f,8.5,1709,1870,Good To Firm,Turf,4263141,Awesome Fluke AUS,102829,Nichola Yuen (7),13936,P F Yiu,7,tb,5,3,8-8,136,8/1,9,84,109,,18,456900,"£166,559",166559,296450,Alan Kiang Ping Fai,Awesome Rock,AUS,Jayquin Star,False,False,,,7,True,,AUS
930193,Muk Min Ha Handicap (Class 2) (All Weather Track),416,Sha Tin,10/04/2026 06:30:00,Other,Class 2,,,3yo+,None,1m½f,8.5,1709,1870,Good To Firm,Turf,5087205,Definitive NZ,88634,Karis Teetan,41761,David Eustace,6,tb,6,7,8-3,131,5/1,6,79,104,,25,-75317,"£166,559",166559,363547,Mr & Mrs Kirk Wong King Wai,War Decree,USA,Fascinate Me,False,False,,,,False,,NZ
930193,Muk Min Ha Handicap (Class 2) (All Weather Track),416,Sha Tin,10/04/2026 06:30:00,Other,Class 2,,,3yo+,None,1m½f,8.5,1709,1870,Good To Firm,Turf,6737352,Sky Vino AUS,85541,Alexis Badel,16095,C Fownes,5,t,7,1,8-3,131,6/1,7,79,109,,84,621645,"£166,559",166559,259248,Bryan Kwan Hon Ming,Vino Rosso,USA,Sombre Sea,False,False,,,,True,,AUS
930193,Muk Min Ha Handicap (Class 2) (All Weather Track),416,Sha Tin,10/04/2026 06:30:00,Other,Class 2,,,3yo+,None,1m½f,8.5,1709,1870,Good To Firm,Turf,6037322,Loch Tay GB,88632,Harry Bentley,41761,David Eustace,4,,8,6,8-3,131,5/1,6,78,104,,105,-90146,"£166,559",166559,298014,Seven Heroes Syndicate,Bated Breath,GB,Presiding Officer,False,False,,,,True,,GB
930194,Lo Wai Handicap (Class 5) (B Course) (Turf),416,Sha Tin,10/04/2026 07:00:00,Other,Class 5,,,3yo+,None,7f,7,1407,1540,Good,Turf,9024441,Turbo Jefferies AUS,88632,Harry Bentley,3550,David A Hayes,4,p,1,3,9-9,153,8/1,9,40,50,,25,790588,"£46,711",46711,370595,"Simmy Leung, Jan Lai et al",Tassort,AUS,Usena,False,False,,,,False,,AUS
930194,Lo Wai Handicap (Class 5) (B Course) (Turf),416,Sha Tin,10/04/2026 07:00:00,Other,Class 5,,,3yo+,None,7f,7,1407,1540,Good,Turf,8807018,Lightning Ace NZ,88434,Matthew Chadwick,40731,W K Mo,4,ht,2,8,9-8,152,14/1,15,39,52,,21,067478,"£46,711",46711,278181,Yoo Yoo Syndicate,Ace High,AUS,Smokin' Valentina,False,False,,,,False,,NZ
930194,Lo Wai Handicap (Class 5) (B Course) (Turf),416,Sha Tin,10/04/2026 07:00:00,Other,Class 5,,,3yo+,None,7f,7,1407,1540,Good,Turf,8660921,Sea Diamond AUS,102829,Nichola Yuen (7),16058,C S Shum,5,t,3,13,9-8,152,10/1,11,39,53,,21,080696,"£46,711",46711,242846,HK Golf Club Racing Syndicate,Zousain,AUS,Lucy Mae,False,False,,,7,True,,AUS
930194,Lo Wai Handicap (Class 5) (B Course) (Turf),416,Sha Tin,10/04/2026 07:00:00,Other,Class 5,,,3yo+,None,7f,7,1407,1540,Good,Turf,7338975,Rattan Galaxy NZ,98196,L J Ferraris,12787,K L Man,5,tv,4,10,9-7,151,6/1,7,38,54,,21,590621,"£46,711",46711,246732,Wong Ting Bor,Exceed And Excel,AUS,Barbadine,False,False,,,,False,,NZ
930194,Lo Wai Handicap (Class 5) (B Course) (Turf),416,Sha Tin,10/04/2026 07:00:00,Other,Class 5,,,3yo+,None,7f,7,1407,1540,Good,Turf,8432129,Made For Life AUS,83554,Richard Kingscote,32247,Mark Newnham,5,tb,5,5,9-5,149,12/1,13,36,52,,21,006846,"£46,711",46711,200657,Eric Ng Wing Kwong,Pierata,AUS,Nova Rocha,False,False,,,,False,,AUS
930194,Lo Wai Handicap (Class 5) (B Course) (Turf),416,Sha Tin,10/04/2026 07:00:00,Other,Class 5,,,3yo+,None,7f,7,1407,1540,Good,Turf,7677594,Peridot NZ,94434,James Orman,23445,D J Hall,5,t,6,7,9-5,149,6/1,7,36,54,,21,035064,"£46,711",46711,313835,Zeng Shuida,Ribchester,IRE,Midnight Story,False,False,,,,False,,NZ
930194,Lo Wai Handicap (Class 5) (B Course) (Turf),416,Sha Tin,10/04/2026 07:00:00,Other,Class 5,,,3yo+,None,7f,7,1407,1540,Good,Turf,7242703,Speedy Trident AUS,88634,Karis Teetan,17998,Y S Tsui,6,,7,6,8-8,136,10/1,11,25,52,,21,095230,"£46,711",46711,355742,Chill Racing Syndicate,Prized Icon,AUS,Miss Cacciatore,False,False,,,,False,,AUS
930194,Lo Wai Handicap (Class 5) (B Course) (Turf),416,Sha Tin,10/04/2026 07:00:00,Other,Class 5,,,3yo+,None,7f,7,1407,1540,Good,Turf,7657403,The All Rounder AUS,90687,C Y Ho,39762,P C Ng,5,e/s,8,4,9-4,148,5/1,6,35,56,,21,639542,"£46,711",46711,281651,Chung Chun Wing,Per Incanto,USA,I Got A Rock,False,False,,,,False,,AUS
930194,Lo Wai Handicap (Class 5) (B Course) (Turf),416,Sha Tin,10/04/2026 07:00:00,Other,Class 5,,,3yo+,None,7f,7,1407,1540,Good,Turf,6010446,Colourful Winner AUS,88300,M L Yeung,28673,W Y So,6,t,9,9,9-0,144,14/1,15,31,53,,21,42-994,"£46,711",46711,249862,Gigi Wong Fook Chi,Frosted,USA,Highchap Dancer,False,False,,,,False,,AUS
930194,Lo Wai Handicap (Class 5) (B Course) (Turf),416,Sha Tin,10/04/2026 07:00:00,Other,Class 5,,,3yo+,None,7f,7,1407,1540,Good,Turf,5158347,Smart City AUS,88939,Brenton Avdulla,13936,P F Yiu,7,b,10,14,8-13,141,66/1,67,30,54,,18,600700,"£46,711",46711,343364,Howard Tang Ho Wai,Lonhro,AUS,Words Are Weapons,False,False,,,,True,,AUS
930194,Lo Wai Handicap (Class 5) (B Course) (Turf),416,Sha Tin,10/04/2026 07:00:00,Other,Class 5,,,3yo+,None,7f,7,1407,1540,Good,Turf,5111602,My Flying Angel AUS,99123,Jerry Chau (2),33689,F C Lor,6,b,11,12,8-12,140,33/1,34,29,56,,189,4-5469,"£46,711",46711,341600,Annie Cheung King Wai & Gavin Cheung King Chi,Zoustar,AUS,Summer Girlfriend,False,False,,,2,True,,AUS
930194,Lo Wai Handicap (Class 5) (B Course) (Turf),416,Sha Tin,10/04/2026 07:00:00,Other,Class 5,,,3yo+,None,7f,7,1407,1540,Good,Turf,5722048,Team Happy AUS,95725,Matthew Poon,20011,C W Chang,6,b,12,1,8-12,140,10/1,11,29,52,,25,042361,"£46,711",46711,243108,Chinese Accountants Syndicate,Deep Field,AUS,Alberton Park,False,False,,,,False,,AUS
930194,Lo Wai Handicap (Class 5) (B Course) (Turf),416,Sha Tin,10/04/2026 07:00:00,Other,Class 5,,,3yo+,None,7f,7,1407,1540,Good,Turf,7771317,Superb Guy AUS,82339,Zac Purton,12762,K W Lui,5,v,13,11,8-11,139,5/1,6,28,57,,21,824703,"£46,711",46711,359795,Mak Kai Chung,Magna Grecia,IRE,Cat's Wish,False,False,,,,False,,AUS
930194,Lo Wai Handicap (Class 5) (B Course) (Turf),416,Sha Tin,10/04/2026 07:00:00,Other,Class 5,,,3yo+,None,7f,7,1407,1540,Good,Turf,5829409,Supreme Winner AUS,85541,Alexis Badel,36353,Douglas Whyte,5,tp,14,2,8-8,136,25/1,26,25,52,,21,150379,"£46,711",46711,301057,Six Lucky Boys Syndicate,Epaulette,AUS,Our Lonnie,False,False,,,,False,,AUS
930195,Sha Tsui Handicap (Class 4) (All Weather Track),416,Sha Tin,10/04/2026 07:30:00,Other,Class 4,,,3yo+,None,1m½f,8.5,1709,1870,Good To Firm,Turf,8594135,General Redwood NZ,88939,Brenton Avdulla,16058,C S Shum,5,tp,1,6,9-9,153,14/1,15,60,67,,25,810139,"£62,459",62459,248609,Kam Hing Yuen,Redwood,GB,Ceebeel,False,False,,,,True,,NZ
930195,Sha Tsui Handicap (Class 4) (All Weather Track),416,Sha Tin,10/04/2026 07:30:00,Other,Class 4,,,3yo+,None,1m½f,8.5,1709,1870,Good To Firm,Turf,6737364,Happy Universe NZ,88536,K C Leung,35035,Jimmy Ting,7,e/s,2,7,9-9,153,14/1,15,60,74,,99,261020,"£62,459",62459,273418,Happy Mission Syndicate,Zacinto,GB,Kovka,False,False,,,,False,,NZ
930195,Sha Tsui Handicap (Class 4) (All Weather Track),416,Sha Tin,10/04/2026 07:30:00,Other,Class 4,,,3yo+,None,1m½f,8.5,1709,1870,Good To Firm,Turf,6675575,Another World AUS,90687,C Y Ho,15856,C H Yip,6,p,3,11,9-6,150,14/1,15,57,70,,28,000906,"£62,459",62459,172865,Jackson So Hoi Wing,Kermadec,NZ,Our Squeezer,False,False,,,,False,,AUS
930195,Sha Tsui Handicap (Class 4) (All Weather Track),416,Sha Tin,10/04/2026 07:30:00,Other,Class 4,,,3yo+,None,1m½f,8.5,1709,1870,Good To Firm,Turf,7597280,Vivacious Win AUS,82339,Zac Purton,41761,David Eustace,5,tb,4,4,9-6,150,4/1,5,57,76,,84,425136,"£62,459",62459,358677,Vivacious Syndicate,The Autumn Sun,AUS,Prana,False,False,,,,False,,AUS
930195,Sha Tsui Handicap (Class 4) (All Weather Track),416,Sha Tin,10/04/2026 07:30:00,Other,Class 4,,,3yo+,None,1m½f,8.5,1709,1870,Good To Firm,Turf,5237900,Supreme Agility BRZ,94434,James Orman,39762,P C Ng,6,t,5,8,9-5,149,14/1,15,56,73,,99,-24095,"£62,459",62459,153781,Rotary Club of Sha Tin Syndicate,Setembro Chove,BRZ,Margaery,False,False,,,,False,,BRZ
930195,Sha Tsui Handicap (Class 4) (All Weather Track),416,Sha Tin,10/04/2026 07:30:00,Other,Class 4,,,3yo+,None,1m½f,8.5,1709,1870,Good To Firm,Turf,6537145,Night Purosangue IRE,85541,Alexis Badel,17998,Y S Tsui,5,e/s,6,3,9-4,148,4/1,5,55,69,,99,369191,"£62,459",62459,247965,The Smartest Syndicate,Night Of Thunder,IRE,Braided,False,False,,,,False,,IRE
930195,Sha Tsui Handicap (Class 4) (All Weather Track),416,Sha Tin,10/04/2026 07:30:00,Other,Class 4,,,3yo+,None,1m½f,8.5,1709,1870,Good To Firm,Turf,6889452,Chill Kaka AUS,83554,Richard Kingscote,13936,P F Yiu,6,t,7,2,9-3,147,4/1,5,54,77,,99,700233,"£62,459",62459,234586,Kathleen Shi Pui Ka,Shooting To Win,AUS,Attracted,False,False,,,,False,,AUS
930195,Sha Tsui Handicap (Class 4) (All Weather Track),416,Sha Tin,10/04/2026 07:30:00,Other,Class 4,,,3yo+,None,1m½f,8.5,1709,1870,Good To Firm,Turf,5702814,Firefoot AUS,88634,Karis Teetan,28673,W Y So,6,tb,8,5,8-11,139,5/1,6,48,67,,25,221252,"£62,459",62459,247245,Timon Tai,Shooting To Win,AUS,High Class,False,False,,,,False,,AUS
930195,Sha Tsui Handicap (Class 4) (All Weather Track),416,Sha Tin,10/04/2026 07:30:00,Other,Class 4,,,3yo+,None,1m½f,8.5,1709,1870,Good To Firm,Turf,6350093,Leaping Star IRE,88632,Harry Bentley,3550,David A Hayes,4,p,9,1,8-11,139,14/1,15,48,71,,92,009610,"£62,459",62459,366396,"Maurice Lai Tai Hei, John Lo Et Al",Starspangledbanner,AUS,Margarita,False,False,,,,False,,IRE
930195,Sha Tsui Handicap (Class 4) (All Weather Track),416,Sha Tin,10/04/2026 07:30:00,Other,Class 4,,,3yo+,None,1m½f,8.5,1709,1870,Good To Firm,Turf,4019290,Perfect Team AUS,98196,L J Ferraris,16095,C Fownes,8,et,10,12,8-11,139,33/1,34,48,73,,99,005656,"£62,459",62459,327060,Ringo Ng Yiu Kwok & Lisa Ng Chan Choi Wan,Deep Impact,JPN,Amanee,False,False,,,,False,,AUS
930195,Sha Tsui Handicap (Class 4) (All Weather Track),416,Sha Tin,10/04/2026 07:30:00,Other,Class 4,,,3yo+,None,1m½f,8.5,1709,1870,Good To Firm,Turf,5676534,Never Peter Out AUS,87349,Andrea Atzeni,33689,F C Lor,6,tv,11,9,8-9,137,25/1,26,46,72,,99,655500,"£62,459",62459,243109,Herbert Cheung Po Lun,Grunt,NZ,Hateel,False,False,,,,True,,AUS
930195,Sha Tsui Handicap (Class 4) (All Weather Track),416,Sha Tin,10/04/2026 07:30:00,Other,Class 4,,,3yo+,None,1m½f,8.5,1709,1870,Good To Firm,Turf,7378503,Bull Attitude AUS,95383,Lyle Hewitson,32247,Mark Newnham,5,b,12,13,8-7,135,10/1,11,44,72,,99,442402,"£62,459",62459,260352,Hiso Group HK Syndicate,The Autumn Sun,AUS,Walk With Attitude,False,False,,,,False,,AUS
930195,Sha Tsui Handicap (Class 4) (All Weather Track),416,Sha Tin,10/04/2026 07:30:00,Other,Class 4,,,3yo+,None,1m½f,8.5,1709,1870,Good To Firm,Turf,7757764,Joltin IRE,95725,Matthew Poon,3550,David A Hayes,3,tb,13,10,8-7,135,50/1,51,44,74,,7,000007,"£62,459",62459,368057,"Jack Chan Hoi, Brian Pong Chung Bon & Xin Yi",Elzaam,AUS,Live Stream,False,False,,,,True,,IRE
930196,The Yan Chai Trophy (Handicap) (Class 4) (B Course) (Turf),416,Sha Tin,10/04/2026 08:00:00,Other,Class 4,,,3yo+,None,7f,7,1407,1540,Good,Turf,8214850,Sugar Goodson IRE,88536,K C Leung,16058,C S Shum,3,tb,1,3,9-9,153,12/1,13,60,70,,28,1-800,"£62,459",62459,116730,Robert Ng,Sea The Moon,GER,A Touch Of Luck,False,False,,,,True,,IRE
930196,The Yan Chai Trophy (Handicap) (Class 4) (B Course) (Turf),416,Sha Tin,10/04/2026 08:00:00,Other,Class 4,,,3yo+,None,7f,7,1407,1540,Good,Turf,9162095,Grand Patch AUS,90687,C Y Ho,12787,K L Man,4,p,2,5,9-4,148,4/1,5,55,66,,28,70314,"£62,459",62459,263370,Roger Yeung Chun Kwong,Hellbent,AUS,Champalou,False,False,,,,False,,AUS
930196,The Yan Chai Trophy (Handicap) (Class 4) (B Course) (Turf),416,Sha Tin,10/04/2026 08:00:00,Other,Class 4,,,3yo+,None,7f,7,1407,1540,Good,Turf,5184144,Positive Smile NZ,82339,Zac Purton,3550,David A Hayes,6,t,3,7,9-4,148,10/1,11,55,75,,28,673079,"£62,459",62459,244164,Lee Lit Lung,Per Incanto,USA,Eva Godiva,False,False,,,,False,,NZ
930196,The Yan Chai Trophy (Handicap) (Class 4) (B Course) (Turf),416,Sha Tin,10/04/2026 08:00:00,Other,Class 4,,,3yo+,None,7f,7,1407,1540,Good,Turf,7597277,Copartner Fleet AUS,99123,Jerry Chau (2),12762,K W Lui,5,v,4,13,9-3,147,12/1,13,54,74,,25,805050,"£62,459",62459,276911,Kelvin Lau Sik Suen,Nicconi,AUS,Bedizened,False,False,,,2,True,,AUS
930196,The Yan Chai Trophy (Handicap) (Class 4) (B Course) (Turf),416,Sha Tin,10/04/2026 08:00:00,Other,Class 4,,,3yo+,None,7f,7,1407,1540,Good,Turf,9933920,Pegasus Elite AUS,98196,L J Ferraris,32247,Mark Newnham,4,tb,5,11,9-1,145,20/1,21,52,,,,,"£62,459",62459,313345,Daniel Kwan & Kwan Chan Sau King,Cool Aza Beel,NZ,Jacquetta,False,False,,,,False,,AUS
930196,The Yan Chai Trophy (Handicap) (Class 4) (B Course) (Turf),416,Sha Tin,10/04/2026 08:00:00,Other,Class 4,,,3yo+,None,7f,7,1407,1540,Good,Turf,7263100,Mr Cool AUS,88634,Karis Teetan,33689,F C Lor,5,tp,6,2,9-0,144,8/1,9,51,76,,92,433348,"£62,459",62459,245765,Maurice Koo Win Chong,Maurice,JPN,Niello,False,False,,,,False,,AUS
930196,The Yan Chai Trophy (Handicap) (Class 4) (B Course) (Turf),416,Sha Tin,10/04/2026 08:00:00,Other,Class 4,,,3yo+,None,7f,7,1407,1540,Good,Turf,4045810,Leslie AUS,83554,Richard Kingscote,20011,C W Chang,8,b,7,12,8-13,141,12/1,13,50,65,,99,470108,"£62,459",62459,261902,Apple Of My Eyes Syndicate,Shooting To Win,AUS,We Can Dance,False,False,,,,False,,AUS
930196,The Yan Chai Trophy (Handicap) (Class 4) (B Course) (Turf),416,Sha Tin,10/04/2026 08:00:00,Other,Class 4,,,3yo+,None,7f,7,1407,1540,Good,Turf,9263789,Hero Rising AUS,95383,Lyle Hewitson,26238,Brett Crawford,4,,8,4,8-12,140,5/1,6,49,68,,21,574,"£62,459",62459,284139,"Mr & Mrs Wong Kwun Keong, Wong Men Chu & Wong Bo Chu",King's Legacy,AUS,Hidden Talent,False,False,,,,False,,AUS
930196,The Yan Chai Trophy (Handicap) (Class 4) (B Course) (Turf),416,Sha Tin,10/04/2026 08:00:00,Other,Class 4,,,3yo+,None,7f,7,1407,1540,Good,Turf,6945306,Shotgun NZ,95725,Matthew Poon,23445,D J Hall,5,b,9,8,8-12,140,10/1,11,49,71,,81,214307,"£62,459",62459,353435,Galactic Empire Syndicate,Charm Spirit,IRE,Shama De Oro,False,False,,,,False,,NZ
930196,The Yan Chai Trophy (Handicap) (Class 4) (B Course) (Turf),416,Sha Tin,10/04/2026 08:00:00,Other,Class 4,,,3yo+,None,7f,7,1407,1540,Good,Turf,4682914,Superb Kid AUS,103216,Britney Wong (7),17998,Y S Tsui,7,p,10,1,8-10,138,12/1,13,47,70,,21,707770,"£62,459",62459,287324,Mr & Mrs Mak Yiu Hay,Sebring,AUS,Snitzel's Jewel,False,False,,,7,True,,AUS
930196,The Yan Chai Trophy (Handicap) (Class 4) (B Course) (Turf),416,Sha Tin,10/04/2026 08:00:00,Other,Class 4,,,3yo+,None,7f,7,1407,1540,Good,Turf,7582987,Top To Sky NZ,102829,Nichola Yuen (7),15856,C H Yip,5,tb,11,14,8-8,136,10/1,11,45,69,,21,807110,"£62,459",62459,285063,Equine Passion Syndicate,El Roca,AUS,Daly River,False,False,,,7,False,,NZ
930196,The Yan Chai Trophy (Handicap) (Class 4) (B Course) (Turf),416,Sha Tin,10/04/2026 08:00:00,Other,Class 4,,,3yo+,None,7f,7,1407,1540,Good,Turf,6706335,Goldentronicmighty AUS,88300,M L Yeung,35043,Jamie Richards,6,tv,12,6,8-7,135,14/1,15,44,71,,28,977750,"£62,459",62459,191303,Jason Chow Wang Yuen,Harry Angel,IRE,Dubrovnik,False,False,,,,False,,AUS
930196,The Yan Chai Trophy (Handicap) (Class 4) (B Course) (Turf),416,Sha Tin,10/04/2026 08:00:00,Other,Class 4,,,3yo+,None,7f,7,1407,1540,Good,Turf,5730978,Apolar Fighter AUS,85541,Alexis Badel,41761,David Eustace,6,b,13,10,8-5,133,16/1,17,42,72,,165,1-0987,"£62,459",62459,283327,Friends Of Shine Tak Syndicate,Not A Single Doubt,AUS,Courtesan,False,False,,,,True,,AUS
930196,The Yan Chai Trophy (Handicap) (Class 4) (B Course) (Turf),416,Sha Tin,10/04/2026 08:00:00,Other,Class 4,,,3yo+,None,7f,7,1407,1540,Good,Turf,6945307,View All Things AUS,88434,Matthew Chadwick,40731,W K Mo,6,t,14,9,8-3,131,14/1,15,40,73,,21,190077,"£62,459",62459,242833,Cheng Ying Yim,Pride Of Dubai,AUS,Storm Siren,False,False,,,,False,,AUS
930198,Sham Tseng Handicap (Class 4) (B Course) (Turf),416,Sha Tin,10/04/2026 08:35:00,Other,Class 4,,,3yo+,None,7f,7,1407,1540,Good To Firm,Turf,6807902,Well Enough IRE,88300,M L Yeung,35043,Jamie Richards,4,t,1,11,9-9,153,10/1,11,58,67,,21,87-000,"£62,459",62459,262639,Sammy Hon Kit Ma,Cotai Glory,GB,Well Done Me,False,False,,,,False,,IRE
930198,Sham Tseng Handicap (Class 4) (B Course) (Turf),416,Sha Tin,10/04/2026 08:35:00,Other,Class 4,,,3yo+,None,7f,7,1407,1540,Good To Firm,Turf,6798238,California Waves AUS,88939,Brenton Avdulla,40731,W K Mo,5,tv,2,10,9-4,148,8/1,9,53,71,,21,375585,"£62,459",62459,254829,Chloe Liang Shun Yin,Too Darn Hot,GB,River Jewel,False,False,,,,False,,AUS
930198,Sham Tseng Handicap (Class 4) (B Course) (Turf),416,Sha Tin,10/04/2026 08:35:00,Other,Class 4,,,3yo+,None,7f,7,1407,1540,Good To Firm,Turf,8858069,Lady's Love AUS,82339,Zac Purton,20011,C W Chang,4,,3,1,9-3,147,4/1,5,52,67,,21,006093,"£62,459",62459,255604,HK Association Of Lady Horse Lovers Syndicate,Pariah,AUS,Vergisson,False,False,,,,True,,AUS
930198,Sham Tseng Handicap (Class 4) (B Course) (Turf),416,Sha Tin,10/04/2026 08:35:00,Other,Class 4,,,3yo+,None,7f,7,1407,1540,Good To Firm,Turf,9485589,Steadfast Fort AUS,94434,James Orman,28673,W Y So,4,,4,13,9-2,146,25/1,26,51,53,,95,0,"£62,459",62459,116730,Robert Ng,All Too Hard,AUS,Florida Girl,False,False,,,,False,,AUS
930198,Sham Tseng Handicap (Class 4) (B Course) (Turf),416,Sha Tin,10/04/2026 08:35:00,Other,Class 4,,,3yo+,None,7f,7,1407,1540,Good To Firm,Turf,9828425,Kingman Reef AUS,88434,Matthew Chadwick,12739,J Size,4,,5,4,9-1,145,33/1,34,50,45,,7,00,"£62,459",62459,338353,Lee Lit Lung & Vicky Tang,Kingman,GB,Sidona,False,False,,,,True,,AUS
930198,Sham Tseng Handicap (Class 4) (B Course) (Turf),416,Sha Tin,10/04/2026 08:35:00,Other,Class 4,,,3yo+,None,7f,7,1407,1540,Good To Firm,Turf,9549248,Jolly Bonus AUS,88634,Karis Teetan,33689,F C Lor,4,ht,6,2,9-0,144,33/1,34,49,51,,18,00,"£62,459",62459,261274,Crown Glory Syndicate,Star Witness,AUS,Impulsive Dream,False,False,,,,True,,AUS
930198,Sham Tseng Handicap (Class 4) (B Course) (Turf),416,Sha Tin,10/04/2026 08:35:00,Other,Class 4,,,3yo+,None,7f,7,1407,1540,Good To Firm,Turf,6010454,Genius Baby AUS,95383,Lyle Hewitson,26238,Brett Crawford,5,tv,7,8,8-13,141,12/1,13,48,75,,18,644439,"£62,459",62459,356379,"Mr & Mrs Pang Wai Hak, Frankie Pang Ka Yeung & A Pang Ka Wai",Too Darn Hot,GB,Planet Rock,False,False,,,,False,,AUS
930198,Sham Tseng Handicap (Class 4) (B Course) (Turf),416,Sha Tin,10/04/2026 08:35:00,Other,Class 4,,,3yo+,None,7f,7,1407,1540,Good To Firm,Turf,8725452,Golden Win AUS,88536,K C Leung,12787,K L Man,4,v,8,6,8-11,139,8/1,9,46,71,,28,089925,"£62,459",62459,367255,"Gibson Lau Wai Chi, Wu Kai Char Et Al",King's Legacy,AUS,I Like Toucans,False,False,,,,False,,AUS
930198,Sham Tseng Handicap (Class 4) (B Course) (Turf),416,Sha Tin,10/04/2026 08:35:00,Other,Class 4,,,3yo+,None,7f,7,1407,1540,Good To Firm,Turf,9024445,Mighty Fighter AUS,83554,Richard Kingscote,13936,P F Yiu,4,t,9,5,8-11,139,8/1,9,46,67,,21,05386,"£62,459",62459,242319,Chung Fong Kit Yee,Street Boss,USA,Dance Card,False,False,,,,True,,AUS
930198,Sham Tseng Handicap (Class 4) (B Course) (Turf),416,Sha Tin,10/04/2026 08:35:00,Other,Class 4,,,3yo+,None,7f,7,1407,1540,Good To Firm,Turf,8858062,Next Fortune AUS,90687,C Y Ho,12762,K W Lui,4,t,10,14,8-11,139,14/1,15,46,73,,28,890258,"£62,459",62459,368359,Dr Ho Lig Kang,Churchill,IRE,Latest Plan,False,False,,,,False,,AUS
930198,Sham Tseng Handicap (Class 4) (B Course) (Turf),416,Sha Tin,10/04/2026 08:35:00,Other,Class 4,,,3yo+,None,7f,7,1407,1540,Good To Firm,Turf,9162098,Happy Promise AUS,87349,Andrea Atzeni,3550,David A Hayes,4,t,11,7,8-9,137,7/1,8,44,70,,84,4405,"£62,459",62459,222792,Huang Kai Wen,Zoustar,AUS,Atlantic Emerald,False,False,,,,False,,AUS
930198,Sham Tseng Handicap (Class 4) (B Course) (Turf),416,Sha Tin,10/04/2026 08:35:00,Other,Class 4,,,3yo+,None,7f,7,1407,1540,Good To Firm,Turf,8949267,Polar Patch AUS,99123,Jerry Chau (2),32247,Mark Newnham,4,tb,12,9,8-9,137,8/1,9,44,73,,84,003349,"£62,459",62459,272655,Angela Yeung Kit Ming,Tagaloa,AUS,Miss Stunning,False,False,,,2,False,,AUS
930198,Sham Tseng Handicap (Class 4) (B Course) (Turf),416,Sha Tin,10/04/2026 08:35:00,Other,Class 4,,,3yo+,None,7f,7,1407,1540,Good To Firm,Turf,8530015,Forza Leader AUS,85541,Alexis Badel,17998,Y S Tsui,5,t,13,12,8-8,136,12/1,13,43,70,,18,446234,"£62,459",62459,365563,Louisa Tse & Tse Ming Yee,Trapeze Artist,AUS,Miss Strikepower,False,False,,,,True,,AUS
930198,Sham Tseng Handicap (Class 4) (B Course) (Turf),416,Sha Tin,10/04/2026 08:35:00,Other,Class 4,,,3yo+,None,7f,7,1407,1540,Good To Firm,Turf,6945308,Quick Contribution NZ,95725,Matthew Poon,23445,D J Hall,5,,14,3,8-7,135,8/1,9,42,78,,92,4-7223,"£62,459",62459,113335,Noble Syndicate,Contributer,IRE,Dresden Park,False,False,,,,False,,NZ
930199,The Chinese Recreation Club Challenge Cup (Handicap) (Class 3) (B Course) (Turf),416,Sha Tin,10/04/2026 09:05:00,Other,Class 3,,,3yo+,None,1m1f,9,1809,1980,Good To Firm,Turf,7015842,Smart Avenue AUS,88632,Harry Bentley,15856,C H Yip,5,tv,1,5,9-9,153,7/1,8,79,86,,84,220159,"£109,438",109438,245567,Mr & Mrs Chan Chung Yin & Mr & Mrs Clevin Got Chong Key,Shamus Award,AUS,Notebook,False,False,,,,True,,AUS
930199,The Chinese Recreation Club Challenge Cup (Handicap) (Class 3) (B Course) (Turf),416,Sha Tin,10/04/2026 09:05:00,Other,Class 3,,,3yo+,None,1m1f,9,1809,1980,Good To Firm,Turf,6949206,Pocketing AUS,88939,Brenton Avdulla,3550,David A Hayes,5,,2,10,9-4,148,8/1,9,74,90,,28,790748,"£109,438",109438,205339,Zhang Yuesheng,Grunt,NZ,Pickpocket,False,False,,,,False,,AUS
930199,The Chinese Recreation Club Challenge Cup (Handicap) (Class 3) (B Course) (Turf),416,Sha Tin,10/04/2026 09:05:00,Other,Class 3,,,3yo+,None,1m1f,9,1809,1980,Good To Firm,Turf,7347868,Call Me Magnifique AUS,95725,Matthew Poon,16058,C S Shum,5,t,3,2,9-2,146,4/1,5,72,84,,105,51-001,"£109,438",109438,372376,25/26 Danny Shum Chap Shing Trainer Syndicate (2),The Autumn Sun,AUS,Rainbow Song,False,False,,,,True,,AUS
930199,The Chinese Recreation Club Challenge Cup (Handicap) (Class 3) (B Course) (Turf),416,Sha Tin,10/04/2026 09:05:00,Other,Class 3,,,3yo+,None,1m1f,9,1809,1980,Good To Firm,Turf,58956158,Glittering Legend GB,99123,Jerry Chau (2),41761,David Eustace,4,b,4,8,9-2,146,7/1,8,72,91,,88,929303,"£109,438",109438,230828,K K Ho,Too Darn Hot,GB,Eastern Belle,False,False,,,2,False,,GB
930199,The Chinese Recreation Club Challenge Cup (Handicap) (Class 3) (B Course) (Turf),416,Sha Tin,10/04/2026 09:05:00,Other,Class 3,,,3yo+,None,1m1f,9,1809,1980,Good To Firm,Turf,8357753,Flow Water Flow NZ,82339,Zac Purton,12739,J Size,5,b,5,7,9-0,144,5/1,6,70,87,,21,-21154,"£109,438",109438,327444,Dr & Mrs Henry H L Chan,Proisir,AUS,Mavorna,False,False,,,,True,,NZ
930199,The Chinese Recreation Club Challenge Cup (Handicap) (Class 3) (B Course) (Turf),416,Sha Tin,10/04/2026 09:05:00,Other,Class 3,,,3yo+,None,1m1f,9,1809,1980,Good To Firm,Turf,5867557,Mighty Strength NZ,95637,H T Mo (2),13936,P F Yiu,6,b,6,9,9-0,144,12/1,13,70,90,,105,640517,"£109,438",109438,324603,"Mr & Mrs Li Ming On, Joyce Li Lok Yan & Henry Li Lok Him",Time Test,GB,L'Accord,False,False,,,2,False,,NZ
930199,The Chinese Recreation Club Challenge Cup (Handicap) (Class 3) (B Course) (Turf),416,Sha Tin,10/04/2026 09:05:00,Other,Class 3,,,3yo+,None,1m1f,9,1809,1980,Good To Firm,Turf,6442151,King Equine AUS,83554,Richard Kingscote,16058,C S Shum,4,tb,7,6,8-10,138,14/1,15,66,87,,105,11-037,"£109,438",109438,328760,Thomas Leung Wai Kin,Snitzel,AUS,Negotiate,False,False,,,,True,,AUS
930199,The Chinese Recreation Club Challenge Cup (Handicap) (Class 3) (B Course) (Turf),416,Sha Tin,10/04/2026 09:05:00,Other,Class 3,,,3yo+,None,1m1f,9,1809,1980,Good To Firm,Turf,7409351,Big Return AUS,85541,Alexis Badel,35043,Jamie Richards,5,ht,8,1,8-8,136,12/1,13,64,90,,7,112375,"£109,438",109438,346884,Toast Sports Trust Syndicate,Divine Prophet,AUS,Special Miss,False,False,,,,False,,AUS
930199,The Chinese Recreation Club Challenge Cup (Handicap) (Class 3) (B Course) (Turf),416,Sha Tin,10/04/2026 09:05:00,Other,Class 3,,,3yo+,None,1m1f,9,1809,1980,Good To Firm,Turf,6692989,Hymnbook IRE,90687,C Y Ho,16095,C Fownes,4,,9,11,8-7,135,10/1,11,63,89,,18,056383,"£109,438",109438,261590,"Mr & Mrs Stephen Ho Wai Man, F Ho Ka Chun & D Ho Ka Chung",Acclamation,GB,Heavenly Note,False,False,,,,False,2,IRE
930199,The Chinese Recreation Club Challenge Cup (Handicap) (Class 3) (B Course) (Turf),416,Sha Tin,10/04/2026 09:05:00,Other,Class 3,,,3yo+,None,1m1f,9,1809,1980,Good To Firm,Turf,4755599,Forever Folks AUS,88536,K C Leung,16058,C S Shum,8,tb,10,3,8-6,134,7/1,8,62,86,,113,-17081,"£109,438",109438,243710,So Wing Keung,Tavistock,NZ,Tempting Delight,False,False,,,,False,,AUS
930199,The Chinese Recreation Club Challenge Cup (Handicap) (Class 3) (B Course) (Turf),416,Sha Tin,10/04/2026 09:05:00,Other,Class 3,,,3yo+,None,1m1f,9,1809,1980,Good To Firm,Turf,6260955,Dreaming Together AUS,88634,Karis Teetan,26238,Brett Crawford,5,p,11,4,8-4,132,14/1,15,60,9,,25,007600,"£109,438",109438,353058,Happy Birthday Syndicate,Toronado,IRE,Elle Gagne,False,False,,,,False,,AUS
930200,Shek Wai Kok Handicap (Class 3) (All Weather Track),416,Sha Tin,10/04/2026 09:35:00,Other,Class 3,,,3yo+,None,1m½f,8.5,1709,1870,Fast,Dirt,6107011,Dragon Air Force NZ,88434,Matthew Chadwick,13936,P F Yiu,6,tb,1,7,9-9,153,6/1,7,75,90,,21,208800,"£109,438",109438,246956,Au Kai Kwong & Michelle Jessica Au,Swiss Ace,AUS,Best Of British,False,False,,,,False,,NZ
930200,Shek Wai Kok Handicap (Class 3) (All Weather Track),416,Sha Tin,10/04/2026 09:35:00,Other,Class 3,,,3yo+,None,1m½f,8.5,1709,1870,Fast,Dirt,6582535,Corleone AUS,98196,L J Ferraris,16095,C Fownes,6,et,2,12,9-8,152,12/1,13,74,81,,158,1-2189,"£109,438",109438,209112,Martin Siu Kim Sun,Dundeel,NZ,Whispering Brook,False,False,,,,True,,AUS
930200,Shek Wai Kok Handicap (Class 3) (All Weather Track),416,Sha Tin,10/04/2026 09:35:00,Other,Class 3,,,3yo+,None,1m½f,8.5,1709,1870,Fast,Dirt,5431174,Thriving Brothers IRE,88634,Karis Teetan,15856,C H Yip,5,t,4,9,9-1,145,11/2,6.5,67,83,,11,226013,"£109,438",109438,345348,"Yeung Chun Wang, Yeung Ho Wang & Yeung Chung Wang",U S Navy Flag,USA,Blossom Deary,False,False,,,,False,,IRE
930200,Shek Wai Kok Handicap (Class 3) (All Weather Track),416,Sha Tin,10/04/2026 09:35:00,Other,Class 3,,,3yo+,None,1m½f,8.5,1709,1870,Fast,Dirt,7739736,Nezha NZ,94434,James Orman,23445,D J Hall,5,b,5,8,8-11,139,8/1,9,63,86,,99,-17759,"£109,438",109438,369268,24/25 David Hall Trainer Syndicate (T1),Belardo,IRE,Colleraine,False,False,,,,False,,NZ
930200,Shek Wai Kok Handicap (Class 3) (All Weather Track),416,Sha Tin,10/04/2026 09:35:00,Other,Class 3,,,3yo+,None,1m½f,8.5,1709,1870,Fast,Dirt,5092876,Stormi IRE,99123,Jerry Chau (2),40731,W K Mo,5,tp,6,6,8-11,139,12/1,13,63,87,,102,648726,"£109,438",109438,353062,Chan Kiu Sum,Cappella Sansevero,GB,Passified Lady,False,False,,,2,False,,IRE
930200,Shek Wai Kok Handicap (Class 3) (All Weather Track),416,Sha Tin,10/04/2026 09:35:00,Other,Class 3,,,3yo+,None,1m½f,8.5,1709,1870,Fast,Dirt,3402614,Keefy AUS,102829,Nichola Yuen (7),33689,F C Lor,8,b,7,3,8-10,138,33/1,34,62,84,,11,580889,"£109,438",109438,316916,Chong Min Onn,All Too Hard,AUS,Urban Rocker,False,False,,,7,True,,AUS
930200,Shek Wai Kok Handicap (Class 3) (All Weather Track),416,Sha Tin,10/04/2026 09:35:00,Other,Class 3,,,3yo+,None,1m½f,8.5,1709,1870,Fast,Dirt,8693204,Blossomy AUS,87349,Andrea Atzeni,12787,K L Man,5,b,8,11,8-9,137,7/2,4.5,61,82,,102,709161,"£109,438",109438,245339,Bruce Tsoi Mau Tang,Love Conquers All,AUS,Credit Card Miss,False,False,,,,False,,AUS
930200,Shek Wai Kok Handicap (Class 3) (All Weather Track),416,Sha Tin,10/04/2026 09:35:00,Other,Class 3,,,3yo+,None,1m½f,8.5,1709,1870,Fast,Dirt,7597271,King Dance USA,90687,C Y Ho,12762,K W Lui,4,b,9,5,8-9,137,7/1,8,61,80,,99,16110,"£109,438",109438,151081,Peter Chu Ka Lok,Nyquist,USA,Do The Dance,False,False,,,,False,,USA
930200,Shek Wai Kok Handicap (Class 3) (All Weather Track),416,Sha Tin,10/04/2026 09:35:00,Other,Class 3,,,3yo+,None,1m½f,8.5,1709,1870,Fast,Dirt,7440979,All Round Winner AUS,88632,Harry Bentley,3550,David A Hayes,5,b,10,4,8-8,136,14/1,15,60,88,,18,137867,"£109,438",109438,357395,"Clement Chan Kam Wing, Maggie Ho Sze Nga Et Al",Divine Prophet,AUS,Granada,False,False,,,,False,,AUS
930200,Shek Wai Kok Handicap (Class 3) (All Weather Track),416,Sha Tin,10/04/2026 09:35:00,Other,Class 3,,,3yo+,None,1m½f,8.5,1709,1870,Fast,Dirt,4843485,Turin Mascot IRE,88300,M L Yeung,35035,Jimmy Ting,7,e/s,11,2,8-8,136,6/1,7,60,91,,99,0-8963,"£109,438",109438,329492,"Dr Sheldon Tse Hiu Tung, Ken Huang Jian Hua & Tsoi Huk Yam",Caravaggio,USA,Longing,False,False,,,,False,,IRE
930200,Shek Wai Kok Handicap (Class 3) (All Weather Track),416,Sha Tin,10/04/2026 09:35:00,Other,Class 3,,,3yo+,None,1m½f,8.5,1709,1870,Fast,Dirt,9092803,Quantum Legend AUS,82339,Zac Purton,32247,Mark Newnham,4,,12,1,8-7,135,10/1,11,59,83,,7,1-9686,"£109,438",109438,370790,Thundering Ten Syndicate,Castelvecchio,AUS,First Tier,False,False,,,,False,,AUS
930201,Shing Mun Handicap (Class 3) (B Course) (Turf),416,Sha Tin,10/04/2026 10:10:00,Other,Class 3,,,3yo+,None,5f,5,1005,1100,Good To Firm,Turf,4851579,Horsepower AUS,87349,Andrea Atzeni,33689,F C Lor,6,t,1,8,9-9,153,7/1,8,77,89,,18,922284,"£99,295",99295,354966,"Michael T H Lee, Vanessa Lee & Amelia Lee",Harry Angel,IRE,Romneya,False,False,,,,False,,AUS
930201,Shing Mun Handicap (Class 3) (B Course) (Turf),416,Sha Tin,10/04/2026 10:10:00,Other,Class 3,,,3yo+,None,5f,5,1005,1100,Good To Firm,Turf,8309217,Alpha Strike AUS,94434,James Orman,16095,C Fownes,5,t,2,2,9-5,149,4/1,5,73,85,,21,-04401,"£99,295",99295,237137,Eddie Junior Yau,I Am Immortal,AUS,Mutual Admiration,False,False,,,,True,,AUS
930201,Shing Mun Handicap (Class 3) (B Course) (Turf),416,Sha Tin,10/04/2026 10:10:00,Other,Class 3,,,3yo+,None,5f,5,1005,1100,Good To Firm,Turf,7597282,Metro Power AUS,95383,Lyle Hewitson,3550,David A Hayes,5,p,3,10,9-2,146,8/1,9,70,87,,21,065444,"£99,295",99295,242598,Metro Express Syndicate,Overshare,AUS,Vegeta,False,False,,,,False,,AUS
930201,Shing Mun Handicap (Class 3) (B Course) (Turf),416,Sha Tin,10/04/2026 10:10:00,Other,Class 3,,,3yo+,None,5f,5,1005,1100,Good To Firm,Turf,5613824,Celestial Hero AUS,82339,Zac Purton,36353,Douglas Whyte,5,b,4,5,9-0,144,8/1,9,68,95,,21,486300,"£99,295",99295,358678,"Dr David Chain Chi Woo, Bernard Chain S Chiang & C C S Liang",Deep Field,AUS,Granny Red Shoes,False,False,,,,True,,AUS
930201,Shing Mun Handicap (Class 3) (B Course) (Turf),416,Sha Tin,10/04/2026 10:10:00,Other,Class 3,,,3yo+,None,5f,5,1005,1100,Good To Firm,Turf,5061635,Eternal Fortune GB,103216,Britney Wong (7),16058,C S Shum,5,tb,5,14,8-13,141,25/1,26,67,89,,18,5-3299,"£99,295",99295,281419,Mightier Sword Racing Syndicate,Oasis Dream,GB,Clematis,False,False,,,7,True,,GB
930201,Shing Mun Handicap (Class 3) (B Course) (Turf),416,Sha Tin,10/04/2026 10:10:00,Other,Class 3,,,3yo+,None,5f,5,1005,1100,Good To Firm,Turf,9933922,Smart Oink AUS,102829,Nichola Yuen (7),13936,P F Yiu,4,t,6,12,8-13,141,33/1,34,67,,,,4-521,"£99,295",99295,378648,Eric Sun Hei,Blue Point,IRE,Girl Guide,False,False,,,7,False,,AUS
930201,Shing Mun Handicap (Class 3) (B Course) (Turf),416,Sha Tin,10/04/2026 10:10:00,Other,Class 3,,,3yo+,None,5f,5,1005,1100,Good To Firm,Turf,7395131,Casa Of Honor AUS,95725,Matthew Poon,20011,C W Chang,6,,7,11,8-12,140,20/1,21,66,89,,18,601807,"£99,295",99295,144384,Wu Wei Lam,Mikki Isle,JPN,Rose Campion,False,False,,,,False,,AUS
930201,Shing Mun Handicap (Class 3) (B Course) (Turf),416,Sha Tin,10/04/2026 10:10:00,Other,Class 3,,,3yo+,None,5f,5,1005,1100,Good To Firm,Turf,5048099,Mickley IRE,88536,K C Leung,12739,J Size,5,tb,8,4,8-12,140,50/1,51,66,87,,21,770600,"£99,295",99295,191644,Edmond Siu Kim Ping,Soldier's Call,GB,Parle Moi,False,False,,,,True,,IRE
930201,Shing Mun Handicap (Class 3) (B Course) (Turf),416,Sha Tin,10/04/2026 10:10:00,Other,Class 3,,,3yo+,None,5f,5,1005,1100,Good To Firm,Turf,8137330,Conghua Galaxy AUS,98196,L J Ferraris,26238,Brett Crawford,4,,9,13,8-11,139,3/1,4,65,86,,21,451-3,"£99,295",99295,377667,Chen Qing,I Am Invincible,AUS,Jalan Jalan,False,False,,,,False,2,AUS
930201,Shing Mun Handicap (Class 3) (B Course) (Turf),416,Sha Tin,10/04/2026 10:10:00,Other,Class 3,,,3yo+,None,5f,5,1005,1100,Good To Firm,Turf,7374098,Invincible Steed AUS,90687,C Y Ho,17998,Y S Tsui,4,,10,7,8-11,139,8/1,9,65,86,,21,41-355,"£99,295",99295,345741,Alan Ho Yuk Lun,Capitalist,AUS,Medic,False,False,,,,False,,AUS
930201,Shing Mun Handicap (Class 3) (B Course) (Turf),416,Sha Tin,10/04/2026 10:10:00,Other,Class 3,,,3yo+,None,5f,5,1005,1100,Good To Firm,Turf,6130372,Notthesillyone AUS,83554,Richard Kingscote,32247,Mark Newnham,6,t,11,9,8-11,139,66/1,67,65,86,,7,191988,"£99,295",99295,346589,Danny Law Man To,Super One,AUS,Silly Sally,False,False,,,,False,,AUS
930201,Shing Mun Handicap (Class 3) (B Course) (Turf),416,Sha Tin,10/04/2026 10:10:00,Other,Class 3,,,3yo+,None,5f,5,1005,1100,Good To Firm,Turf,9424810,Jin Sheng AUS,99123,Jerry Chau (2),12787,K L Man,4,t,12,1,8-10,138,50/1,51,64,64,,105,21-0,"£99,295",99295,378647,Xiao Qi Mei & Su Zhen Sheng,Snitzel,AUS,Bonny O'Reilly,False,False,,,2,False,,AUS
930201,Shing Mun Handicap (Class 3) (B Course) (Turf),416,Sha Tin,10/04/2026 10:10:00,Other,Class 3,,,3yo+,None,5f,5,1005,1100,Good To Firm,Turf,8615751,Lucky Candy NZ,88634,Karis Teetan,40731,W K Mo,5,tp,13,6,8-10,138,10/1,11,64,86,,21,332226,"£99,295",99295,366173,Yeung Wai Kwong & Lee Sheung Ping,Prince Of Brooklyn,AUS,Perfect Jazz,False,False,,,,False,,NZ
930201,Shing Mun Handicap (Class 3) (B Course) (Turf),416,Sha Tin,10/04/2026 10:10:00,Other,Class 3,,,3yo+,None,5f,5,1005,1100,Good To Firm,Turf,7409343,Lahore AUS,85541,Alexis Badel,35043,Jamie Richards,5,tv,14,3,8-7,135,8/1,9,61,87,,95,0-2411,"£99,295",99295,357122,Syed Asim Hussain,Hellbent,AUS,Angasi,False,False,,,,False,,AUS
930202,Yau Kom Tau Handicap (Class 3) (B Course) (Turf),416,Sha Tin,10/04/2026 10:45:00,Other,Class 3,,,3yo+,None,6f,6,1206,1320,Good To Firm,Turf,6618140,Helene Supafeeling IRE,99123,Jerry Chau (2),41761,David Eustace,4,t,1,4,9-9,153,12/1,13,79,86,,126,-44624,"£99,295",99295,328510,Helene Syndicate,City Light,FR,Adana,False,False,,,2,False,,IRE
930202,Yau Kom Tau Handicap (Class 3) (B Course) (Turf),416,Sha Tin,10/04/2026 10:45:00,Other,Class 3,,,3yo+,None,6f,6,1206,1320,Good To Firm,Turf,6657488,Solid State AUS,82339,Zac Purton,33689,F C Lor,4,t,2,7,9-9,153,4/5,1.8,79,98,,21,044-12,"£99,295",99295,309235,Adam Bin Hassan,Snitzel,AUS,Warranty,False,False,,,,True,,AUS
930202,Yau Kom Tau Handicap (Class 3) (B Course) (Turf),416,Sha Tin,10/04/2026 10:45:00,Other,Class 3,,,3yo+,None,6f,6,1206,1320,Good To Firm,Turf,5787786,Lucy In The Sky AUS,103216,Britney Wong (7),17998,Y S Tsui,6,t,3,12,9-8,152,10/1,11,78,89,,21,-97841,"£99,295",99295,297909,Athy Ngai Sze Yin,No Nay Never,USA,Spiced,False,False,,,7,True,,AUS
930202,Yau Kom Tau Handicap (Class 3) (B Course) (Turf),416,Sha Tin,10/04/2026 10:45:00,Other,Class 3,,,3yo+,None,6f,6,1206,1320,Good To Firm,Turf,8725444,Gold Patch NZ,90687,C Y Ho,12762,K W Lui,4,b,4,9,9-4,148,12/1,13,74,87,,28,311379,"£99,295",99295,297650,Patch Syndicate,Ardrossan,AUS,La Donna,False,False,,,,False,,NZ
930202,Yau Kom Tau Handicap (Class 3) (B Course) (Turf),416,Sha Tin,10/04/2026 10:45:00,Other,Class 3,,,3yo+,None,6f,6,1206,1320,Good To Firm,Turf,6644990,Bunta Baby AUS,98196,L J Ferraris,12787,K L Man,6,tv,5,2,9-1,145,8/1,9,71,89,,18,116335,"£99,295",99295,350926,"Chu Tak Wing, Casey Chu Yin Ling & Ronald Chu Tak Wah",Cable Bay,IRE,Ahhhh,False,False,,,,False,,AUS
930202,Yau Kom Tau Handicap (Class 3) (B Course) (Turf),416,Sha Tin,10/04/2026 10:45:00,Other,Class 3,,,3yo+,None,6f,6,1206,1320,Good To Firm,Turf,7653211,Radiant Path AUS,88434,Matthew Chadwick,40731,W K Mo,4,t,6,6,9-1,145,50/1,51,71,,,400,31458-,"£99,295",99295,378649,"Li Jianliang & He Fang, Hu Peifeng & Liu Ning Lareina",Ole Kirk,AUS,Cheyenne Sue,False,False,,,,True,1,AUS
930202,Yau Kom Tau Handicap (Class 3) (B Course) (Turf),416,Sha Tin,10/04/2026 10:45:00,Other,Class 3,,,3yo+,None,6f,6,1206,1320,Good To Firm,Turf,7227170,Grand Eagle AUS,87349,Andrea Atzeni,31153,James Cummings,4,t,7,3,9-0,144,66/1,67,70,88,,92,453-07,"£99,295",99295,373983,Go Racing Syndicate,Farnan,AUS,Sauvignon,False,False,,,,True,1,AUS
930202,Yau Kom Tau Handicap (Class 3) (B Course) (Turf),416,Sha Tin,10/04/2026 10:45:00,Other,Class 3,,,3yo+,None,6f,6,1206,1320,Good To Firm,Turf,7152118,City Gold Banner AUS,94434,James Orman,35043,Jamie Richards,5,t,8,1,8-11,139,33/1,34,67,97,,81,779040,"£99,295",99295,366909,25/26 Jamie Richards Trainer Syndicate,Starspangledbanner,AUS,Red Pixie,False,False,,,,False,,AUS
930202,Yau Kom Tau Handicap (Class 3) (B Course) (Turf),416,Sha Tin,10/04/2026 10:45:00,Other,Class 3,,,3yo+,None,6f,6,1206,1320,Good To Firm,Turf,8858058,Almighty Lightning AUS,88536,K C Leung,12787,K L Man,4,tb,9,11,9-0,144,12/1,13,70,87,,84,120216,"£99,295",99295,242347,Mr & Mrs Chan Hou Bo,Dirty Work,AUS,Morton,False,False,,,,True,,AUS
930202,Yau Kom Tau Handicap (Class 3) (B Course) (Turf),416,Sha Tin,10/04/2026 10:45:00,Other,Class 3,,,3yo+,None,6f,6,1206,1320,Good To Firm,Turf,8463766,Packing Glory NZ,102829,Nichola Yuen (7),13936,P F Yiu,5,b,10,13,8-10,138,16/1,17,66,92,,105,335421,"£99,295",99295,234936,Lee Wan Keung & Lee Wong Wai Kuen,Harry Angel,IRE,Monrecour,False,False,,,7,False,,NZ
930202,Yau Kom Tau Handicap (Class 3) (B Course) (Turf),416,Sha Tin,10/04/2026 10:45:00,Other,Class 3,,,3yo+,None,6f,6,1206,1320,Good To Firm,Turf,9359844,Shanghai Warrior AUS,95383,Lyle Hewitson,16058,C S Shum,4,,11,14,8-8,136,100/1,101,64,77,,116,10,"£99,295",99295,286173,Shanghai Club Syndicate,Zousain,AUS,Sumptuous,False,False,,,,True,,AUS
930202,Yau Kom Tau Handicap (Class 3) (B Course) (Turf),416,Sha Tin,10/04/2026 10:45:00,Other,Class 3,,,3yo+,None,6f,6,1206,1320,Good To Firm,Turf,5692556,Vulcanus AUS,95637,H T Mo (2),17998,Y S Tsui,6,b,12,8,8-8,136,100/1,101,64,86,,7,471800,"£99,295",99295,341279,Dr Alan Lee Wai Kin,Lean Mean Machine,AUS,Fair Choice,False,False,,,2,False,,AUS
930202,Yau Kom Tau Handicap (Class 3) (B Course) (Turf),416,Sha Tin,10/04/2026 10:45:00,Other,Class 3,,,3yo+,None,6f,6,1206,1320,Good To Firm,Turf,5539588,Lifeline Express AUS,88632,Harry Bentley,12739,J Size,6,,13,5,8-7,135,25/1,26,63,97,,99,260579,"£99,295",99295,303281,Dr Eddy & Nellie Fong,Shooting To Win,AUS,La Comedienne,False,False,,,,True,,AUS
930202,Yau Kom Tau Handicap (Class 3) (B Course) (Turf),416,Sha Tin,10/04/2026 10:45:00,Other,Class 3,,,3yo+,None,6f,6,1206,1320,Good To Firm,Turf,9125029,Master Payment AUS,85541,Alexis Badel,15856,C H Yip,4,t,14,10,8-7,135,8/1,9,63,90,,28,2210,"£99,295",99295,371182,Andrew Lo Chun Kit,Hanseatic,AUS,Ragazze,False,False,,,,True,,AUS
929954,Qatar Prix Marcel Boussac - Criterium des Pouliches (Group 1) (2yo Fillies) (Grande Course) (Turf),211,Longchamp,10/04/2026 12:31:00,Other,,(Group 1),,2yo,Fillies,1m,8,1608,1760,Good,Turf,9317889,Spirit Tango IRE,92728,Oisin Murphy,13917,Ralph Beckett,2,,1,2,8-11,139,14/1,15,,99,,26,511,"£198,748",198748,46148,Lady Bamford,Sioux Nation,USA,Jolie Chanson,False,False,,67,,False,,IRE
929954,Qatar Prix Marcel Boussac - Criterium des Pouliches (Group 1) (2yo Fillies) (Grande Course) (Turf),211,Longchamp,10/04/2026 12:31:00,Other,,(Group 1),,2yo,Fillies,1m,8,1608,1760,Good,Turf,9300207,So Lovely USA,89959,Colin Keane,7978,A P O'Brien,2,,2,8,8-11,139,14/1,15,,100,,36,2216,"£198,748",198748,145061,Derrick Smith & Mrs John Magnier & Michael Tabor,Wootton Bassett,GB,Love,False,False,,57,,True,,USA
929954,Qatar Prix Marcel Boussac - Criterium des Pouliches (Group 1) (2yo Fillies) (Grande Course) (Turf),211,Longchamp,10/04/2026 12:31:00,Other,,(Group 1),,2yo,Fillies,1m,8,1608,1760,Good,Turf,9688527,Malikat Al Remal IRE,93579,Clement Lecoeuvre,31369,Hedi Ghabri,2,,3,9,8-11,139,25/1,26,,106,,28,14,"£198,748",198748,335537,M Eldubeba,Ten Sovereigns,IRE,Invaluable,False,False,,,,False,,IRE
929954,Qatar Prix Marcel Boussac - Criterium des Pouliches (Group 1) (2yo Fillies) (Grande Course) (Turf),211,Longchamp,10/04/2026 12:31:00,Other,,(Group 1),,2yo,Fillies,1m,8,1608,1760,Good,Turf,9645590,Miss Miniver IRE,85793,William Buick,24890,Roger Varian,2,,4,11,8-11,139,10/1,11,,115,,9,214,"£198,748",198748,49845,Godolphin,Wootton Bassett,GB,Jawlaat,False,False,,58,,False,,IRE
929954,Qatar Prix Marcel Boussac - Criterium des Pouliches (Group 1) (2yo Fillies) (Grande Course) (Turf),211,Longchamp,10/04/2026 12:31:00,Other,,(Group 1),,2yo,Fillies,1m,8,1608,1760,Good,Turf,9344874,Queen Of The Day IRE,87600,Mickael Barzalona,26118,F-H Graffard,2,,5,1,8-11,139,9/1,10,,109,,63,122,"£198,748",198748,52942,Haras De La Perelle,No Nay Never,USA,Quamoclit,False,False,,100,,False,,IRE
929954,Qatar Prix Marcel Boussac - Criterium des Pouliches (Group 1) (2yo Fillies) (Grande Course) (Turf),211,Longchamp,10/04/2026 12:31:00,Other,,(Group 1),,2yo,Fillies,1m,8,1608,1760,Good,Turf,9051031,Nevermindtherain IRE,93947,Tom Marquand,7978,A P O'Brien,2,p,6,4,8-11,139,40/1,41,,108,,15,553382,"£198,748",198748,143821,Mrs John Magnier & Michael Tabor & Derrick Smith,No Nay Never,USA,April Showers,False,False,,57,,True,,IRE
929954,Qatar Prix Marcel Boussac - Criterium des Pouliches (Group 1) (2yo Fillies) (Grande Course) (Turf),211,Longchamp,10/04/2026 12:31:00,Other,,(Group 1),,2yo,Fillies,1m,8,1608,1760,Good,Turf,9300204,Ibelieveicanfly USA,79202,Ryan Moore,7978,A P O'Brien,2,,7,12,8-11,139,10/1,11,,119,,22,424144,"£198,748",198748,241688,M Tabor & D Smith & Mrs J Magnier & Flaxman Stables,Frankel,GB,That Which Is Not,False,False,,57,,False,,USA
929954,Qatar Prix Marcel Boussac - Criterium des Pouliches (Group 1) (2yo Fillies) (Grande Course) (Turf),211,Longchamp,10/04/2026 12:31:00,Other,,(Group 1),,2yo,Fillies,1m,8,1608,1760,Good,Turf,9286489,Green Empress IRE,75796,Christophe Soumillon,32145,Joseph Patrick O'Brien,2,,8,10,8-11,139,9/4,3.25,,120,,21,2212,"£198,748",198748,317647,The Thoroughbred Racing Corporation Ltd,Saxon Warrior,JPN,Sea Empress,False,False,,47,,True,,IRE
929954,Qatar Prix Marcel Boussac - Criterium des Pouliches (Group 1) (2yo Fillies) (Grande Course) (Turf),211,Longchamp,10/04/2026 12:31:00,Other,,(Group 1),,2yo,Fillies,1m,8,1608,1760,Good,Turf,9179727,Tall Trees GB,95388,David Egan,7221,Brian Meehan,2,,9,3,8-11,139,66/1,67,,102,,24,582316,"£198,748",198748,371733,Valda Burke & Partners,Showcasing,GB,Surcingle,False,False,,33,,True,,GB
929954,Qatar Prix Marcel Boussac - Criterium des Pouliches (Group 1) (2yo Fillies) (Grande Course) (Turf),211,Longchamp,10/04/2026 12:31:00,Other,,(Group 1),,2yo,Fillies,1m,8,1608,1760,Good,Turf,9734707,Allela IRE,84879,Maxime Guyon,20391,C Ferland,2,,10,6,8-11,139,7/2,4.5,,95,,20,11,"£198,748",198748,59934,Wertheimer & Frere,Night Of Thunder,IRE,Romanciere,False,False,,67,,False,,IRE
929954,Qatar Prix Marcel Boussac - Criterium des Pouliches (Group 1) (2yo Fillies) (Grande Course) (Turf),211,Longchamp,10/04/2026 12:31:00,Other,,(Group 1),,2yo,Fillies,1m,8,1608,1760,Good,Turf,9387215,Data GB,88520,Pierre-Charles Boudot,35411,Christopher Head,2,,11,5,8-11,139,11/2,6.5,,113,,28,2113,"£198,748",198748,59934,Wertheimer & Frere,Lope De Vega,IRE,Matematica,False,False,,100,,False,,GB
929954,Qatar Prix Marcel Boussac - Criterium des Pouliches (Group 1) (2yo Fillies) (Grande Course) (Turf),211,Longchamp,10/04/2026 12:31:00,Other,,(Group 1),,2yo,Fillies,1m,8,1608,1760,Good,Turf,9678304,Comedy Cen USA,84951,Aurelien Lemaitre,35284,Patrik Olave Valdivielso,2,,12,7,8-11,139,50/1,51,,95,,22,1,"£198,748",198748,280071,Yeguada Centurion Slu,Practical Joke,USA,Overprepared,False,False,,,,False,,USA
927475,F Ball Stick With It Chasing Excellence Beginners' Chase (GBB Race),84,Uttoxeter,10/04/2026 12:51:00,SteepleChase,Class 3,,,4yo+,None,2m,16,3217,3520,Good,Turf,5488223,Country Mile IRE,85218,Harry Skelton,16270,Dan Skelton,7,ht,1,,11-5,181,8/15,1.5333333333333332,137,151,131,345,15/23-,"£7,922",7922,314269,Stephen Bough,Ocovango,GB,Uncatchable,True,False,,44,,False,,IRE
927475,F Ball Stick With It Chasing Excellence Beginners' Chase (GBB Race),84,Uttoxeter,10/04/2026 12:51:00,SteepleChase,Class 3,,,4yo+,None,2m,16,3217,3520,Good,Turf,3879050,O'Moore Park IRE,103518,Freddie Keighley (5),15642,Martin Keighley,9,,2,,11-5,181,5/2,3.5,137,149,139,148,5067-9,"£7,922",7922,378411,"Clink, Fishwick, Maughan & Salters",Walk In The Park,IRE,Glor Na Gaoithe,False,False,,50,5,True,1,IRE
927475,F Ball Stick With It Chasing Excellence Beginners' Chase (GBB Race),84,Uttoxeter,10/04/2026 12:51:00,SteepleChase,Class 3,,,4yo+,None,2m,16,3217,3520,Good,Turf,5881692,The Gray Ghost IRE,95646,Charlie Price,34512,Robbie Llewellyn,7,t,3,,11-5,181,5/1,6,120,,,170,44144-,"£7,922",7922,350020,The Menzies Family,Doyen,IRE,La Reine Chic,False,False,,,,False,,IRE
929955,Qatar Prix Jean-Luc Lagardere (Group 1) (2yo No Geldings) (New Course) (Turf),211,Longchamp,10/04/2026 13:09:00,Other,,(Group 1),,2yo,None,7f,7,1407,1540,Good,Turf,8881154,Folsom Blues IRE,87600,Mickael Barzalona,32145,Joseph Patrick O'Brien,2,,1,10,9-0,144,13/8,2.625,,128,,21,31221,"£198,748",198748,317708,Al Shira'aa Racing Limited,Blue Point,IRE,Liwa Palace,False,False,,47,,True,,IRE
929955,Qatar Prix Jean-Luc Lagardere (Group 1) (2yo No Geldings) (New Course) (Turf),211,Longchamp,10/04/2026 13:09:00,Other,,(Group 1),,2yo,None,7f,7,1407,1540,Good,Turf,9419825,Big Money Man IRE,84879,Maxime Guyon,35411,Christopher Head,2,,2,6,9-0,144,33/1,34,,110,,22,9124,"£198,748",198748,291929,Bond Thoroughbred Limited,No Nay Never,USA,Nazuna,False,False,,100,,False,,IRE
929955,Qatar Prix Jean-Luc Lagardere (Group 1) (2yo No Geldings) (New Course) (Turf),211,Longchamp,10/04/2026 13:09:00,Other,,(Group 1),,2yo,None,7f,7,1407,1540,Good,Turf,9535724,Imperial Strike IRE,6901,James Doyle,43260,A & L Fabre,2,,3,7,9-0,144,8/1,9,,111,,28,112,"£198,748",198748,373862,Ace Stud,Lucky Vega,IRE,Smart Dorie,False,False,,60,,True,,IRE
929955,Qatar Prix Jean-Luc Lagardere (Group 1) (2yo No Geldings) (New Course) (Turf),211,Longchamp,10/04/2026 13:09:00,Other,,(Group 1),,2yo,None,7f,7,1407,1540,Good,Turf,9153306,Florida Bay IRE,85793,William Buick,7978,A P O'Brien,2,,4,3,9-0,144,20/1,21,,119,,21,314123,"£198,748",198748,316546,"Magnier,Tabor,Smith,Westerberg,Brant",Mehmas,IRE,Ripponette,False,False,,57,,True,,IRE
929955,Qatar Prix Jean-Luc Lagardere (Group 1) (2yo No Geldings) (New Course) (Turf),211,Longchamp,10/04/2026 13:09:00,Other,,(Group 1),,2yo,None,7f,7,1407,1540,Good,Turf,9106009,Crusherman IRE,95388,David Egan,7221,Brian Meehan,2,,5,1,9-0,144,50/1,51,,98,,39,51,"£198,748",198748,370942,"McGoff, Fowles, Meehan, Herity",Acclamation,GB,Dialina,False,False,,33,,False,,IRE
929955,Qatar Prix Jean-Luc Lagardere (Group 1) (2yo No Geldings) (New Course) (Turf),211,Longchamp,10/04/2026 13:09:00,Other,,(Group 1),,2yo,None,7f,7,1407,1540,Good,Turf,9340134,Avec Toi USA,88520,Pierre-Charles Boudot,35411,Christopher Head,2,,6,8,9-0,144,7/2,4.5,,120,,28,1111,"£198,748",198748,306645,"Mrs J Magnier,M Tabor,D Smith,Westerberg",No Nay Never,USA,La Joconde,False,False,,100,,False,,USA
929955,Qatar Prix Jean-Luc Lagardere (Group 1) (2yo No Geldings) (New Course) (Turf),211,Longchamp,10/04/2026 13:09:00,Other,,(Group 1),,2yo,None,7f,7,1407,1540,Good,Turf,9212568,Alfred Wallace GB,93237,Kieran Shoemark,23926,Ed Walker,2,,7,2,9-0,144,20/1,21,,119,,36,105141,"£198,748",198748,183753,Rockcliffe Stud,Dubawi,IRE,Snow Lantern,False,False,,48,,False,,GB
929955,Qatar Prix Jean-Luc Lagardere (Group 1) (2yo No Geldings) (New Course) (Turf),211,Longchamp,10/04/2026 13:09:00,Other,,(Group 1),,2yo,None,7f,7,1407,1540,Good,Turf,9326706,Aix La Chapelle USA,93947,Tom Marquand,7978,A P O'Brien,2,,8,4,9-0,144,25/1,26,,105,,73,14,"£198,748",198748,374056,Smith/Magnier/Tabor/Merriebelle,Justify,USA,Immortal Verse,False,False,,57,,True,,USA
929955,Qatar Prix Jean-Luc Lagardere (Group 1) (2yo No Geldings) (New Course) (Turf),211,Longchamp,10/04/2026 13:09:00,Other,,(Group 1),,2yo,None,7f,7,1407,1540,Good,Turf,9217597,Man's Best Friend IRE,79202,Ryan Moore,7978,A P O'Brien,2,,9,5,9-0,144,8/1,9,,120,,42,4114,"£198,748",198748,294590,M Tabor & D Smith & Mrs J Magnier & Westerberg,No Nay Never,USA,Pandora,False,False,,57,,False,,IRE
929955,Qatar Prix Jean-Luc Lagardere (Group 1) (2yo No Geldings) (New Course) (Turf),211,Longchamp,10/04/2026 13:09:00,Other,,(Group 1),,2yo,None,7f,7,1407,1540,Good,Turf,9796067,Amusingly GB,89959,Colin Keane,26118,F-H Graffard,2,t,10,9,8-10,138,4/1,5,,117,,28,12,"£198,748",198748,301671,Juddmonte,No Nay Never,USA,Joyeuse,False,False,,100,,False,,GB
929998,Final Furlong Podcast With 1xBet.ie Irish EBF Fillies Maiden,178,Curragh,10/04/2026 13:20:00,Other,,,,2yo,Fillies,7f,7,1407,1540,Soft,Turf,9920302,Bayside Girl,100975,Robert Whearty,17836,Gavin Cromwell,2,,1,1,9-2,146,16/1,17,,,,,,"€12,958",12958,18698,N A Crahan,Bayside Boy,IRE,Caroline Herschel,False,False,,17,,False,,IRE
929998,Final Furlong Podcast With 1xBet.ie Irish EBF Fillies Maiden,178,Curragh,10/04/2026 13:20:00,Other,,,,2yo,Fillies,7f,7,1407,1540,Soft,Turf,9424758,Belle Vision,75609,Robbie Colgan,27516,Ms Sheila Lavery,2,,2,6,9-2,146,50/1,51,,35,28,21,0,"€12,958",12958,224131,John Lavery,Dark Angel,IRE,Belle Image,False,False,,80,,True,,IRE
929998,Final Furlong Podcast With 1xBet.ie Irish EBF Fillies Maiden,178,Curragh,10/04/2026 13:20:00,Other,,,,2yo,Fillies,7f,7,1407,1540,Soft,Turf,9490331,Darlene,93716,Donagh O'Connor,42639,Robson De Aguiar,2,,4,4,9-2,146,100/1,101,,65,39,17,06,"€12,958",12958,326661,Giselle De Aguiar,King Of Change,GB,Ascot Dreamer,False,False,,63,,False,,IRE
929998,Final Furlong Podcast With 1xBet.ie Irish EBF Fillies Maiden,178,Curragh,10/04/2026 13:20:00,Other,,,,2yo,Fillies,7f,7,1407,1540,Soft,Turf,9920303,Golden Gift GB,86848,Gary Carroll,17836,Gavin Cromwell,2,,5,5,9-2,146,14/1,15,,,,,,"€12,958",12958,378483,Golden Gift Partnership,Golden Horn,GB,Ensaya,False,False,,17,,False,,GB
929998,Final Furlong Podcast With 1xBet.ie Irish EBF Fillies Maiden,178,Curragh,10/04/2026 13:20:00,Other,,,,2yo,Fillies,7f,7,1407,1540,Soft,Turf,9698428,Little Darling,97031,Ben Coen,28180,J P Murtagh,2,,6,8,9-2,146,5/1,6,,84,70,45,5,"€12,958",12958,374012,Barnane Stud & Hollywood Stud Ireland Limited,Night Of Thunder,IRE,Adorable,False,False,,50,,False,,IRE
929998,Final Furlong Podcast With 1xBet.ie Irish EBF Fillies Maiden,178,Curragh,10/04/2026 13:20:00,Other,,,,2yo,Fillies,7f,7,1407,1540,Soft,Turf,9920305,Petticoat Bay USA,100369,Jack Cleary (5),7978,A P O'Brien,2,,7,2,9-2,146,13/2,7.5,,,,,,"€12,958",12958,297832,Mrs John Magnier/Michael Tabor/Derrick Smith/Westerberg,Frankel,GB,I Can Fly,False,False,,57,5,False,,USA
929998,Final Furlong Podcast With 1xBet.ie Irish EBF Fillies Maiden,178,Curragh,10/04/2026 13:20:00,Other,,,,2yo,Fillies,7f,7,1407,1540,Soft,Turf,9828490,Pirate Anne Bonny,81425,W J Lee,26547,P Twomey,2,,8,3,9-2,146,7/4,2.75,,87,81,17,2,"€12,958",12958,251456,Robert J W Moran,Blackbeard,IRE,Fiorellina,False,False,,79,,False,,IRE
929998,Final Furlong Podcast With 1xBet.ie Irish EBF Fillies Maiden,178,Curragh,10/04/2026 13:20:00,Other,,,,2yo,Fillies,7f,7,1407,1540,Soft,Turf,9920306,Sweetly USA,76602,Wayne Lordan,7978,A P O'Brien,2,,9,7,9-2,146,11/4,3.75,,,,,,"€12,958",12958,320210,"Tabor,Smith,Magnier,Westerberg,Brant",Frankel,GB,Newspaperofrecord,False,False,,57,,False,,USA
927477,Chloe Mediumship Novices' Hurdle (GBB Race),84,Uttoxeter,10/04/2026 13:26:00,Hurdle,Class 4,,,4yo+,None,2m7½f,23.5,4725,5170,Good,Turf,8620480,Gentle Ocean IRE,88023,Sam Twiston-Davies,42340,Nigel & Willy Twiston-Davies,5,,2,,11-3,179,5/2,3.5,,,,,2-,"£5,281",5281,151530,J Fyffe,Crystal Ocean,GB,Nouvelle Ami,False,False,,91,,True,,IRE
927477,Chloe Mediumship Novices' Hurdle (GBB Race),84,Uttoxeter,10/04/2026 13:26:00,Hurdle,Class 4,,,4yo+,None,2m7½f,23.5,4725,5170,Good,Turf,8418735,Captain Connor FR,90406,Brendan Powell,31068,Clare Ellam,4,,3,,10-13,173,40/1,41,79,95,92,3,782734,"£5,281",5281,346155,Robert Clarke And Clare Ellam,Brave Mansonnien,FR,Darling Point,False,False,,50,,False,,FR
927477,Chloe Mediumship Novices' Hurdle (GBB Race),84,Uttoxeter,10/04/2026 13:26:00,Hurdle,Class 4,,,4yo+,None,2m7½f,23.5,4725,5170,Good,Turf,7231807,A Chara,98673,Jack Tudor,39482,Oliver Greenall & Josh Guerriero,5,,4,,10-10,170,2/1,3,110,124,86,294,31/42-,"£5,281",5281,314741,"Cottrell, Conway & Cottrell",Gentlewave,IRE,Cara's Way,False,False,,70,,True,,GB
927477,Chloe Mediumship Novices' Hurdle (GBB Race),84,Uttoxeter,10/04/2026 13:26:00,Hurdle,Class 4,,,4yo+,None,2m7½f,23.5,4725,5170,Good,Turf,5113813,Letmeseethecolts,86357,Nathan Moscrop,4431,Brian Ellison,5,,5,,10-10,170,8/1,9,95,116,92,40,233,"£5,281",5281,168527,Dan Gilbert,Ulysses,IRE,Full Day,False,False,,38,,False,,GB
927477,Chloe Mediumship Novices' Hurdle (GBB Race),84,Uttoxeter,10/04/2026 13:26:00,Hurdle,Class 4,,,4yo+,None,2m7½f,23.5,4725,5170,Good,Turf,7200360,Stavanger Rose IRE,91902,Tabitha Worsley,39501,Harriet Dickin,6,t,6,,10-10,170,66/1,67,80,105,71,77,F-6405,"£5,281",5281,370290,Firepool Racing I,Ocovango,GB,Lenten Rose,False,False,,50,,False,,IRE
927477,Chloe Mediumship Novices' Hurdle (GBB Race),84,Uttoxeter,10/04/2026 13:26:00,Hurdle,Class 4,,,4yo+,None,2m7½f,23.5,4725,5170,Good,Turf,5746473,Time In A Bottle,85218,Harry Skelton,16270,Dan Skelton,6,ht,7,,10-10,170,6/1,7,107,123,61,19,42-216,"£5,281",5281,189542,Dan Skelton,Castle Du Berlais,FR,Adriana Des Mottes,False,False,,44,,False,2,GB
930006,Irish Stallion Farms EBF Mares Maiden Hurdle,185,Killarney,10/04/2026 13:35:00,Hurdle,,,,4yo+,None,2m1f,17,3418,3740,Good,Turf,5343992,Cerulean Summer,101238,John Aherne (7),9591,Lawrence Walshe,5,h,1,,11-7,183,20/1,21,,,,,,"€9,424",9424,148157,Ms Frances Sexton,Eqtidaar,IRE,Maayaat,True,False,,,7,True,1,IRE
930006,Irish Stallion Farms EBF Mares Maiden Hurdle,185,Killarney,10/04/2026 13:35:00,Hurdle,,,,4yo+,None,2m1f,17,3418,3740,Good,Turf,8620486,Unquite Dreams,96391,Darragh O'Keeffe,41963,Sean Joseph Allen,6,t,2,,11-7,183,11/4,3.75,,108,80,10,64-14,"€9,424",9424,366249,Forever Five Syndicate,Yeats,IRE,Nowhere Fast,False,False,,67,,False,,IRE
930006,Irish Stallion Farms EBF Mares Maiden Hurdle,185,Killarney,10/04/2026 13:35:00,Hurdle,,,,4yo+,None,2m1f,17,3418,3740,Good,Turf,3862918,Astelia,100365,Sam Ewing,22959,Peter Fahey,7,,3,,10-13,173,13/8,2.625,102,122,110,,-222P2,"€9,424",9424,360627,Mickey D's Bus Racing Club,Sea The Stars,IRE,Agapantha,False,False,,50,,False,,IRE
930006,Irish Stallion Farms EBF Mares Maiden Hurdle,185,Killarney,10/04/2026 13:35:00,Hurdle,,,,4yo+,None,2m1f,17,3418,3740,Good,Turf,7935088,Katie Can't Count,83964,Brian Hayes,1475,W P Mullins,6,,4,,10-13,173,10/1,11,,103,65,16,4F6,"€9,424",9424,327666,Auld Man Syndicate,Order Of St George,IRE,Reste Ren Or,False,False,,59,,False,,IRE
930006,Irish Stallion Farms EBF Mares Maiden Hurdle,185,Killarney,10/04/2026 13:35:00,Hurdle,,,,4yo+,None,2m1f,17,3418,3740,Good,Turf,7648526,Messonghi,99225,Ross Sugrue (7),13570,P J Rothwell,5,,5,,10-13,173,100/1,101,,74,33,10,F90,"€9,424",9424,208007,Mrs Philomena Shanahan,Kingston Hill,GB,Hurricane Jojo,False,False,,29,7,False,,IRE
930006,Irish Stallion Farms EBF Mares Maiden Hurdle,185,Killarney,10/04/2026 13:35:00,Hurdle,,,,4yo+,None,2m1f,17,3418,3740,Good,Turf,8084426,Run For Power,99187,Tom Kelly (7),8910,C Byrnes,6,p,6,,10-13,173,5/1,6,98,116,102,41,04-66,"€9,424",9424,361724,Alice Power,Ocovango,GB,Run For Sol,True,False,,58,7,True,,IRE
930006,Irish Stallion Farms EBF Mares Maiden Hurdle,185,Killarney,10/04/2026 13:35:00,Hurdle,,,,4yo+,None,2m1f,17,3418,3740,Good,Turf,9920312,Jimjohn Kittkath,97528,Mike O'Connor,42717,Conor Houlihan,4,h,7,,10-12,172,14/1,15,,,,,,"€9,424",9424,378484,Pierce Whyte & Michael Organ,Workforce,GB,Accordion Glory,True,False,,,,False,,IRE
930006,Irish Stallion Farms EBF Mares Maiden Hurdle,185,Killarney,10/04/2026 13:35:00,Hurdle,,,,4yo+,None,2m1f,17,3418,3740,Good,Turf,9024531,Mastertown Miss,99484,Cian Quirke,26764,David Harry Kelly,4,h,8,,10-12,172,4/1,5,,119,107,23,28-44,"€9,424",9424,370035,John L Fitzgerald,Yeats,IRE,Mac Idol,True,False,,58,,False,,IRE
930006,Irish Stallion Farms EBF Mares Maiden Hurdle,185,Killarney,10/04/2026 13:35:00,Hurdle,,,,4yo+,None,2m1f,17,3418,3740,Good,Turf,9254431,Velvet Ash,90704,Kevin Sexton,17836,Gavin Cromwell,4,,9,,10-12,172,12/1,13,,,,31,47,"€9,424",9424,279843,P Giles,Sholokhov,IRE,Moe Joe,False,False,,17,,True,,IRE
927471,Welcome To Family Day Novices' Hurdle (GBB Race),27,Kelso,10/04/2026 13:45:00,Hurdle,Class 4,,,4yo+,None,2m5f,21,4222,4620,Good,Turf,7404531,Fine Thing,101323,Harry Atkins (5),16270,Dan Skelton,5,p,1,,11-5,181,10/11,1.9090909090909092,117,126,106,16,-23114,"£5,446",5446,200290,Bill Hawkins,Soldier Of Fortune,IRE,Presenteea,True,False,,44,5,True,,GB
927471,Welcome To Family Day Novices' Hurdle (GBB Race),27,Kelso,10/04/2026 13:45:00,Hurdle,Class 4,,,4yo+,None,2m5f,21,4222,4620,Good,Turf,7365378,Jentobello,81409,Brian Hughes,21516,Iain Jardine,6,b,2,,11-0,176,Evs,2,110,123,88,19,223-42,"£5,446",5446,199331,Paul & Clare Rooney,My Dream Boat,IRE,Hester Flemen,True,False,,52,,False,,GB
927471,Welcome To Family Day Novices' Hurdle (GBB Race),27,Kelso,10/04/2026 13:45:00,Hurdle,Class 4,,,4yo+,None,2m5f,21,4222,4620,Good,Turf,7046575,Mr Ramoon IRE,99321,Conor Rabbitt (3),10806,Susan Corbett,6,,3,,11-0,176,16/1,17,,98,81,113,64/9-7,"£5,446",5446,337734,Samantha Toomes,Sea Moon,GB,Lady Ramona,False,False,,44,3,False,,IRE
929956,Prix de l'Abbaye de Longchamp Longines (Group 1) (2yo+) (Sprint Course) (Turf),211,Longchamp,10/04/2026 13:47:00,Other,,(Group 1),,2yo+,None,5f,5,1005,1100,Good,Turf,7639523,Afjan,92867,Faleh Bughenaim,28083,H-F Devin,3,t,1,2,9-11,155,20/1,21,,111,,5,32439,"£173,904",173904,217366,Al Shaqab Racing,Mehmas,IRE,Al Johrah,False,False,,,,True,,FR
929956,Prix de l'Abbaye de Longchamp Longines (Group 1) (2yo+) (Sprint Course) (Turf),211,Longchamp,10/04/2026 13:47:00,Other,,(Group 1),,2yo+,None,5f,5,1005,1100,Good,Turf,6582477,Corolla Point IRE,82231,Daniel Tudhope,38073,Edward Bethell,4,,2,7,9-11,155,14/1,15,,111,,46,-33212,"£173,904",173904,362527,All The Ridings,Blue Point,IRE,Platinum Coast,False,False,,45,,True,,IRE
929956,Prix de l'Abbaye de Longchamp Longines (Group 1) (2yo+) (Sprint Course) (Turf),211,Longchamp,10/04/2026 13:47:00,Other,,(Group 1),,2yo+,None,5f,5,1005,1100,Good,Turf,5900662,Redorange GB,95744,Rossa Ryan,5863,Clive Cox,4,t,3,15,9-11,155,20/1,21,,113,,15,814106,"£173,904",173904,248466,Al Mohamediya Racing,Mehmas,IRE,Ring For Baileys,False,False,,62,,False,,GB
929956,Prix de l'Abbaye de Longchamp Longines (Group 1) (2yo+) (Sprint Course) (Turf),211,Longchamp,10/04/2026 13:47:00,Other,,(Group 1),,2yo+,None,5f,5,1005,1100,Good,Turf,3249734,Ponntos IRE,93947,Tom Marquand,33722,Miroslav Nieslanik,8,t,4,1,9-11,155,20/1,21,,114,,21,82448,"£173,904",173904,246777,Dr Eva Nieslanikova,Power,GB,Blessing Box,False,False,,,,True,,IRE
929956,Prix de l'Abbaye de Longchamp Longines (Group 1) (2yo+) (Sprint Course) (Turf),211,Longchamp,10/04/2026 13:47:00,Other,,(Group 1),,2yo+,None,5f,5,1005,1100,Good,Turf,58956260,Jawwal,88520,Pierre-Charles Boudot,19694,Vaclav Luka Jr,4,t,5,11,9-11,155,25/1,26,,118,,30,77207,"£173,904",173904,334189,Jiri Odchazel-Joly,Wooded,IRE,Al Johrah,False,False,,,,False,,FR
929956,Prix de l'Abbaye de Longchamp Longines (Group 1) (2yo+) (Sprint Course) (Turf),211,Longchamp,10/04/2026 13:47:00,Other,,(Group 1),,2yo+,None,5f,5,1005,1100,Good,Turf,5160468,Cover Up IRE,85793,William Buick,37478,Simon & Ed Crisford,6,t,6,9,9-11,155,20/1,21,,114,,21,380199,"£173,904",173904,263730,Khalifa Saeed Sulaiman,Exceed And Excel,AUS,Hushing,False,False,,67,,False,,IRE
929956,Prix de l'Abbaye de Longchamp Longines (Group 1) (2yo+) (Sprint Course) (Turf),211,Longchamp,10/04/2026 13:47:00,Other,,(Group 1),,2yo+,None,5f,5,1005,1100,Good,Turf,7395234,Mission Central IRE,79202,Ryan Moore,7978,A P O'Brien,3,,7,5,9-11,155,7/1,8,,120,,21,111700,"£173,904",173904,320210,"Tabor,Smith,Magnier,Westerberg,Brant",No Nay Never,USA,Thar She Blows,False,False,,57,,False,,IRE
929956,Prix de l'Abbaye de Longchamp Longines (Group 1) (2yo+) (Sprint Course) (Turf),211,Longchamp,10/04/2026 13:47:00,Other,,(Group 1),,2yo+,None,5f,5,1005,1100,Good,Turf,4272415,Rumstar GB,92774,Rob Hornby,12601,Jonathan Portman,6,,8,13,9-11,155,6/1,7,,120,,21,201233,"£173,904",173904,333236,Vincent And Russell Ward,Havana Grey,GB,Stellarta,False,False,,53,,False,,GB
929956,Prix de l'Abbaye de Longchamp Longines (Group 1) (2yo+) (Sprint Course) (Turf),211,Longchamp,10/04/2026 13:47:00,Other,,(Group 1),,2yo+,None,5f,5,1005,1100,Good,Turf,7583055,Miss Yechance IRE,102773,Jack Nicholls,5019,K R Burke,3,,9,8,9-7,151,11/2,6.5,,115,,15,427311,"£173,904",173904,359478,Al Leith Racing Club,Cotai Glory,GB,Rosie Bassett,False,False,,52,,False,,IRE
929956,Prix de l'Abbaye de Longchamp Longines (Group 1) (2yo+) (Sprint Course) (Turf),211,Longchamp,10/04/2026 13:47:00,Other,,(Group 1),,2yo+,None,5f,5,1005,1100,Good,Turf,5137724,Monteille GB,88850,Cristian Demuro,36990,Mario Baratti,5,,10,6,9-7,151,40/1,41,,112,,21,75006,"£173,904",173904,160393,Gerard Augustin-Normand,Cable Bay,IRE,Montviette,False,False,,,,False,,GB
929956,Prix de l'Abbaye de Longchamp Longines (Group 1) (2yo+) (Sprint Course) (Turf),211,Longchamp,10/04/2026 13:47:00,Other,,(Group 1),,2yo+,None,5f,5,1005,1100,Good,Turf,7409478,Argentine Tango GB,78223,David Allan,10152,Tim Easterby,3,b,11,3,9-7,151,12/1,13,,110,,21,661026,"£173,904",173904,225450,Bearstone Stud Limited,Mattmu,GB,Showdanse,False,False,,36,,False,,GB
929956,Prix de l'Abbaye de Longchamp Longines (Group 1) (2yo+) (Sprint Course) (Turf),211,Longchamp,10/04/2026 13:47:00,Other,,(Group 1),,2yo+,None,5f,5,1005,1100,Good,Turf,7631396,Shiri,87600,Mickael Barzalona,26118,F-H Graffard,3,,12,4,9-7,151,9/2,5.5,,117,,21,5-1412,"£173,904",173904,221428,Chauvigny Global Equine Sasu,Mehmas,IRE,Tiffilia,False,False,,100,,False,,FR
929956,Prix de l'Abbaye de Longchamp Longines (Group 1) (2yo+) (Sprint Course) (Turf),211,Longchamp,10/04/2026 13:47:00,Other,,(Group 1),,2yo+,None,5f,5,1005,1100,Good,Turf,5708680,Time For Sandals IRE,93237,Kieran Shoemark,38304,Harry Eustace,4,,13,10,9-7,151,6/1,7,,124,,21,800340,"£173,904",173904,328139,D Bevan And Mrs D Bevan,Sands Of Mali,FR,Days Of Summer,False,False,,45,,False,,IRE
929956,Prix de l'Abbaye de Longchamp Longines (Group 1) (2yo+) (Sprint Course) (Turf),211,Longchamp,10/04/2026 13:47:00,Other,,(Group 1),,2yo+,None,5f,5,1005,1100,Good,Turf,6429648,Luna A Inbhir Nis GB,88798,Ray Dawson,19056,Katie Scott,4,,14,12,9-7,151,50/1,51,,114,,16,-03626,"£173,904",173904,306424,Summerstorm Bloodstock Ltd,Rajasinghe,IRE,Abonos,False,False,,29,,False,,GB
929956,Prix de l'Abbaye de Longchamp Longines (Group 1) (2yo+) (Sprint Course) (Turf),211,Longchamp,10/04/2026 13:47:00,Other,,(Group 1),,2yo+,None,5f,5,1005,1100,Good,Turf,7395261,Naana's Shadow IRE,92728,Oisin Murphy,19056,Katie Scott,3,,15,14,9-7,151,11/2,6.5,,124,,21,119131,"£173,904",173904,306424,Summerstorm Bloodstock Ltd,Havana Grey,GB,Beauty Pageant,False,False,,29,,False,,IRE
929999,Bermingham Cameras Irish EBF (C &amp; G) Maiden,178,Curragh,10/04/2026 13:55:00,Other,,,,2yo,None,7f,7,1407,1540,Soft,Turf,9920307,A Lovely Manoeuvre,3572,N G McCullagh,15775,Ms Margaret Mullins,2,,1,6,9-5,149,100/1,101,,,,,,"€12,958",12958,220817,A D Mullins,Elzaam,AUS,Fondly,False,False,,43,,False,,IRE
929999,Bermingham Cameras Irish EBF (C &amp; G) Maiden,178,Curragh,10/04/2026 13:55:00,Other,,,,2yo,None,7f,7,1407,1540,Soft,Turf,9828504,Boxwood Hill,101185,Jack Kearney (3),17836,Gavin Cromwell,2,,2,1,9-5,149,200/1,201,,10,,17,0,"€12,958",12958,273136,Daragh O'Driscoll,The Gurkha,IRE,Hidden Sapphire,False,False,,17,3,True,,IRE
929999,Bermingham Cameras Irish EBF (C &amp; G) Maiden,178,Curragh,10/04/2026 13:55:00,Other,,,,2yo,None,7f,7,1407,1540,Soft,Turf,9721418,Heralds March,86848,Gary Carroll,8567,G M Lyons,2,,4,5,9-5,149,14/1,15,,83,81,8,74,"€12,958",12958,45302,Abdulla Al Khalifa,Mehmas,IRE,Clarion,False,False,,63,,True,,IRE
929999,Bermingham Cameras Irish EBF (C &amp; G) Maiden,178,Curragh,10/04/2026 13:55:00,Other,,,,2yo,None,7f,7,1407,1540,Soft,Turf,9326709,Hmas Perth USA,76602,Wayne Lordan,7978,A P O'Brien,2,t,5,8,9-5,149,8/11,1.7272727272727273,,99,71,22,32,"€12,958",12958,297832,Mrs John Magnier/Michael Tabor/Derrick Smith/Westerberg,Justify,USA,Stars At Night,False,False,,57,,False,,USA
929999,Bermingham Cameras Irish EBF (C &amp; G) Maiden,178,Curragh,10/04/2026 13:55:00,Other,,,,2yo,None,7f,7,1407,1540,Soft,Turf,9472112,Invincible Mind GB,99171,J M Sheridan,32145,Joseph Patrick O'Brien,2,,6,11,9-5,149,6/1,7,,68,57,33,6,"€12,958",12958,367717,Middle Cow Unlimited & Patrick Cooney,Study Of Man,IRE,Vincitomnia,False,False,,47,,False,,GB
929999,Bermingham Cameras Irish EBF (C &amp; G) Maiden,178,Curragh,10/04/2026 13:55:00,Other,,,,2yo,None,7f,7,1407,1540,Soft,Turf,9796166,Johntom GB,100975,Robert Whearty,17836,Gavin Cromwell,2,,7,7,9-5,149,200/1,201,,52,17,7,80,"€12,958",12958,377352,Mrs Mary Furlong & John Somers,Cracksman,GB,Caprella,False,False,,17,,True,,GB
929999,Bermingham Cameras Irish EBF (C &amp; G) Maiden,178,Curragh,10/04/2026 13:55:00,Other,,,,2yo,None,7f,7,1407,1540,Soft,Turf,9564207,Muscogee Nation CAN,7605,Seamie Heffernan,26727,M D O'Callaghan,2,,8,10,9-5,149,14/1,15,,71,68,74,7,"€12,958",12958,375344,Muscogee Nation Partnership,Golden Pal,USA,Tulsa,False,False,,30,,True,,CAN
929999,Bermingham Cameras Irish EBF (C &amp; G) Maiden,178,Curragh,10/04/2026 13:55:00,Other,,,,2yo,None,7f,7,1407,1540,Soft,Turf,9920310,Nonsense GB,92565,Rowan Scott,39079,John S O'Donoghue,2,,9,3,9-5,149,16/1,17,,,,,,"€12,958",12958,252234,Amo Racing Limited,Zarak,FR,Chachamaidee,False,False,,100,,False,,GB
929999,Bermingham Cameras Irish EBF (C &amp; G) Maiden,178,Curragh,10/04/2026 13:55:00,Other,,,,2yo,None,7f,7,1407,1540,Soft,Turf,9734729,Paraguay USA,100369,Jack Cleary (5),7978,A P O'Brien,2,,10,13,9-5,149,9/2,5.5,,,,,,"€12,958",12958,145061,Derrick Smith & Mrs John Magnier & Michael Tabor,Frankel,GB,So Wonderful,False,False,,57,5,False,,USA
929999,Bermingham Cameras Irish EBF (C &amp; G) Maiden,178,Curragh,10/04/2026 13:55:00,Other,,,,2yo,None,7f,7,1407,1540,Soft,Turf,9920311,Scrap The Lot,81425,W J Lee,28193,Mark Fahey,2,,11,9,9-5,149,33/1,34,,,,,,"€12,958",12958,295620,Swords Bloodstock Limited,Cotai Glory,GB,Hanalei Memories,False,False,,33,,False,,IRE
929999,Bermingham Cameras Irish EBF (C &amp; G) Maiden,178,Curragh,10/04/2026 13:55:00,Other,,,,2yo,None,7f,7,1407,1540,Soft,Turf,9636444,The Windhover,97030,Andrew Slattery,10588,Andrew Slattery,2,,12,2,9-5,149,12/1,13,,74,66,21,4,"€12,958",12958,358133,Ms Laura Flood & Nicola Dwyer,Persian Force,IRE,Rohesia,False,False,,50,,False,,IRE
929999,Bermingham Cameras Irish EBF (C &amp; G) Maiden,178,Curragh,10/04/2026 13:55:00,Other,,,,2yo,None,7f,7,1407,1540,Soft,Turf,8881187,Wo Wo Never,13203,Declan McDonogh,32145,Joseph Patrick O'Brien,2,,13,4,9-5,149,10/1,11,,98,36,92,36,"€12,958",12958,372566,Rectory Road Holdings Limited & Mrs A M O'Brien,Wootton Bassett,GB,Emphatic Answer,False,False,,47,,False,,IRE
927478,F Ball 140th Anniversary Maiden Hurdle (GBB Race) (Div I),84,Uttoxeter,10/04/2026 14:01:00,Hurdle,Class 4,,,4yo+,None,2m,16,3217,3520,Good,Turf,7704058,Dontcontradictme IRE,93186,Sean Bowen,28905,Mickey Bowen,6,h,1,,11-4,180,40/1,41,,,,16,38P-6,"£5,446",5446,359465,Cian Fenelon,Watar,IRE,Three Blessings,False,False,,77,,True,,IRE
927478,F Ball 140th Anniversary Maiden Hurdle (GBB Race) (Div I),84,Uttoxeter,10/04/2026 14:01:00,Hurdle,Class 4,,,4yo+,None,2m,16,3217,3520,Good,Turf,7757786,Governors Rock IRE,96830,James Bowen,22011,Warren Greatrex,5,,2,,11-4,180,6/5,2.2,,,,176,81100-,"£5,446",5446,367625,"Gummerson, Martin, W T Walsh & Williams",Joshua Tree,IRE,Tipping On,False,False,,54,,False,,IRE
927478,F Ball 140th Anniversary Maiden Hurdle (GBB Race) (Div I),84,Uttoxeter,10/04/2026 14:01:00,Hurdle,Class 4,,,4yo+,None,2m,16,3217,3520,Good,Turf,6509785,Analogical,94129,Sean Houlihan,40315,Philip Hobbs & Johnson White,4,,5,,11-3,179,11/10,2.1,,,,,,"£5,446",5446,26349,Mrs R J Skan,Ulysses,IRE,Muqantara,False,False,,100,,True,1,GB
927478,F Ball 140th Anniversary Maiden Hurdle (GBB Race) (Div I),84,Uttoxeter,10/04/2026 14:01:00,Hurdle,Class 4,,,4yo+,None,2m,16,3217,3520,Good,Turf,7355922,Rose Warrior,76880,Ian Power,15552,Jennie Candlish,4,p,6,,11-3,179,40/1,41,,83,50,26,84,"£5,446",5446,315782,A C O'Keeffe,Invincible Spirit,IRE,Penny Rose,False,False,,76,,False,,GB
927478,F Ball 140th Anniversary Maiden Hurdle (GBB Race) (Div I),84,Uttoxeter,10/04/2026 14:01:00,Hurdle,Class 4,,,4yo+,None,2m,16,3217,3520,Good,Turf,6233868,Troy Story,83292,Lee Edwards,25303,Dave Roberts,4,ht,7,,11-3,179,40/1,41,,77,48,24,0,"£5,446",5446,362762,Friends Of The Ballygarry,Ulysses,IRE,Dainty's Daughter,True,False,,,,False,2,GB
927478,F Ball 140th Anniversary Maiden Hurdle (GBB Race) (Div I),84,Uttoxeter,10/04/2026 14:01:00,Hurdle,Class 4,,,4yo+,None,2m,16,3217,3520,Good,Turf,6555382,Venezuelan IRE,79663,James Davies,6109,Gary Hanmer,4,p,8,,11-3,179,7/1,8,,,,,,"£5,446",5446,321354,Le Soleil Racing,Churchill,IRE,Santa Teresa,False,False,,25,,True,,IRE
927478,F Ball 140th Anniversary Maiden Hurdle (GBB Race) (Div I),84,Uttoxeter,10/04/2026 14:01:00,Hurdle,Class 4,,,4yo+,None,2m,16,3217,3520,Good,Turf,9227216,Lara K IRE,88667,Conor Ring,16278,Mrs C Williams,5,,9,,10-11,171,40/1,41,,72,,8,76,"£5,446",5446,25023,Mrs C Williams,Make Believe,GB,Shanjia,False,False,,80,,False,,IRE
927478,F Ball 140th Anniversary Maiden Hurdle (GBB Race) (Div I),84,Uttoxeter,10/04/2026 14:01:00,Hurdle,Class 4,,,4yo+,None,2m,16,3217,3520,Good,Turf,9743848,Mighty Dink,85218,Harry Skelton,16270,Dan Skelton,4,,10,,10-10,170,14/1,15,,67,,8,68,"£5,446",5446,120112,Equine America (UK) Ltd,Dink,FR,Sopat,False,False,,44,,False,,GB
930007,Seamus Weldon John Deere Dealer Handicap Hurdle,185,Killarney,10/04/2026 14:10:00,Hurdle,,,0-100,3yo+,None,2m1f,17,3418,3740,Good,Turf,5313321,Big Dee,88732,Keith Donoghue,26124,Eoin Christopher McCarthy,7,h,1,,11-12,188,14/1,15,97,99,75,9,03P-P7,"€5,900",5900,50439,Sean Maguire,Vadamos,FR,Yashila,False,False,,46,,True,,IRE
930007,Seamus Weldon John Deere Dealer Handicap Hurdle,185,Killarney,10/04/2026 14:10:00,Hurdle,,,0-100,3yo+,None,2m1f,17,3418,3740,Good,Turf,5845764,Regards To Rose,93137,Simon Torrens,26124,Eoin Christopher McCarthy,7,t,2,,11-12,188,12/1,13,97,101,36,14,1-8987,"€5,900",5900,371973,Exors of the Late M Mortell,Fuisse,FR,Westfest,False,False,,46,,True,,IRE
930007,Seamus Weldon John Deere Dealer Handicap Hurdle,185,Killarney,10/04/2026 14:10:00,Hurdle,,,0-100,3yo+,None,2m1f,17,3418,3740,Good,Turf,5713776,Bryson,99256,Jordan Gainford,14088,Adrian McGuinness,6,h,3,,11-8,184,20/1,21,93,101,96,39,-U2670,"€5,900",5900,378159,Nigel O'Hare & Mark Devlin & Philip Smith & Shane Fleville,Order Of St George,IRE,Coolharbour Breeze,False,False,,38,,True,1,IRE
930007,Seamus Weldon John Deere Dealer Handicap Hurdle,185,Killarney,10/04/2026 14:10:00,Hurdle,,,0-100,3yo+,None,2m1f,17,3418,3740,Good,Turf,7298725,Colin's Friend,96391,Darragh O'Keeffe,1249,Henry De Bromhead,5,,4,,11-8,184,3/1,4,93,102,92,27,/760-4,"€5,900",5900,356184,Mrs Marie Foley,Poet's Word,IRE,Muzhil,False,False,,51,,False,2,IRE
930007,Seamus Weldon John Deere Dealer Handicap Hurdle,185,Killarney,10/04/2026 14:10:00,Hurdle,,,0-100,3yo+,None,2m1f,17,3418,3740,Good,Turf,5251944,Alentejo,82680,Phillip Enright,19629,Mark Michael McNiff,5,t,6,,11-6,182,25/1,26,91,100,74,46,890P9,"€5,900",5900,376484,Where Life Stands Still Partnership,Waldgeist,GB,Alors Quoi,False,False,,40,,False,,IRE
930007,Seamus Weldon John Deere Dealer Handicap Hurdle,185,Killarney,10/04/2026 14:10:00,Hurdle,,,0-100,3yo+,None,2m1f,17,3418,3740,Good,Turf,7648525,Footstepstoglory,101060,Daniel King,26764,David Harry Kelly,5,t,7,,11-4,180,8/1,9,89,94,53,86,7852-0,"€5,900",5900,359071,Ray Grehan & John Donohue,Footstepsinthesand,GB,Blue Eyed Lucy,True,False,,58,,True,,IRE
930007,Seamus Weldon John Deere Dealer Handicap Hurdle,185,Killarney,10/04/2026 14:10:00,Hurdle,,,0-100,3yo+,None,2m1f,17,3418,3740,Good,Turf,5840009,Kingdom Calling FR,94503,Jack Kennedy,26124,Eoin Christopher McCarthy,6,t,8,,11-0,176,7/1,8,85,101,82,9,-60415,"€5,900",5900,328907,Killarney Racing Syndicate,Buck's Boum,FR,Rina D'Airy,False,False,,46,,True,,FR
930007,Seamus Weldon John Deere Dealer Handicap Hurdle,185,Killarney,10/04/2026 14:10:00,Hurdle,,,0-100,3yo+,None,2m1f,17,3418,3740,Good,Turf,2378893,Romella,100370,Alan O'Sullivan (5),39980,Brendan Maurice Walsh,12,tp,9,,10-13,173,16/1,17,84,100,78,311,18770-,"€5,900",5900,123567,Anthony Byrne,Milan,GB,The Keane Edge,False,False,,,5,True,,IRE
930007,Seamus Weldon John Deere Dealer Handicap Hurdle,185,Killarney,10/04/2026 14:10:00,Hurdle,,,0-100,3yo+,None,2m1f,17,3418,3740,Good,Turf,8656392,Granlahan,101620,Danny Gilligan,14088,Adrian McGuinness,4,,10,,10-12,172,11/4,3.75,84,101,85,11,362422,"€5,900",5900,241692,Hem Syndicate,Equiano,FR,Fiuntach,False,False,,38,,False,,IRE
930007,Seamus Weldon John Deere Dealer Handicap Hurdle,185,Killarney,10/04/2026 14:10:00,Hurdle,,,0-100,3yo+,None,2m1f,17,3418,3740,Good,Turf,5942581,St Anthonys Corner,102333,Evan Nugent (7),26123,Norman Lee,6,p,11,,10-12,172,25/1,26,83,100,56,23,0900-P,"€5,900",5900,245739,Thomas O'Donnell,Soldier Of Fortune,IRE,Mexican Sky,False,False,,75,7,True,,IRE
930007,Seamus Weldon John Deere Dealer Handicap Hurdle,185,Killarney,10/04/2026 14:10:00,Hurdle,,,0-100,3yo+,None,2m1f,17,3418,3740,Good,Turf,4027284,Mr Macphisto,103298,Michael Kenneally (5),8096,Eoin Griffin,10,tp,12,,10-5,165,33/1,34,76,101,29,39,73F/P0,"€5,900",5900,306829,Eanna Griffin,Sageburg,IRE,Oscar Orthez,True,False,,40,5,True,,IRE
930007,Seamus Weldon John Deere Dealer Handicap Hurdle,185,Killarney,10/04/2026 14:10:00,Hurdle,,,0-100,3yo+,None,2m1f,17,3418,3740,Good,Turf,3866967,Sidiriya,100841,Conor Clarke (7),13570,P J Rothwell,7,,13,,10-4,164,10/1,11,75,101,84,55,6-325F,"€5,900",5900,41189,Oliver Barden,Nathaniel,IRE,Sidra,False,False,,29,7,True,,IRE
930007,Seamus Weldon John Deere Dealer Handicap Hurdle,185,Killarney,10/04/2026 14:10:00,Hurdle,,,0-100,3yo+,None,2m1f,17,3418,3740,Good,Turf,6635756,Inches Away,102354,Josh Williamson (3),5000,Paul Cashman,7,,14,,10-3,163,16/1,17,74,98,42,37,00/040,"€5,900",5900,231721,Miss Jane Foley,Arcadio,GER,The Spirit Changer,False,False,,,3,True,,IRE
930007,Seamus Weldon John Deere Dealer Handicap Hurdle,185,Killarney,10/04/2026 14:10:00,Hurdle,,,0-100,3yo+,None,2m1f,17,3418,3740,Good,Turf,4251499,Mount Hotham,101087,Harry Sexton (7),18845,John Joseph Hanlon,7,,15,,10-3,163,33/1,34,74,103,83,56,0-9069,"€5,900",5900,142172,Mrs Joanne McCall,Australia,GB,Marsh Daisy,False,False,,43,7,False,,IRE
930007,Seamus Weldon John Deere Dealer Handicap Hurdle,185,Killarney,10/04/2026 14:10:00,Hurdle,,,0-100,3yo+,None,2m1f,17,3418,3740,Good,Turf,4409352,The Border Boy,103483,Danny Power (7),9657,Sean Aherne,9,p,16,,10-1,161,10/1,11,72,105,94,43,8-04P5,"€5,900",5900,55330,Sean Aherne,Shirocco,GER,The Clew Bay Fox,False,False,,,7,False,,IRE
927473,Percy's Racing Dream Handicap Hurdle (Go North Cab On Target Series Qualifier),27,Kelso,10/04/2026 14:20:00,Hurdle,Class 4,,0-120,4yo+,None,2m5f,21,4222,4620,Good,Turf,4330798,Klitschko,81409,Brian Hughes,41053,Lucinda Hughes,8,t,1,,12-0,192,9/2,5.5,117,114,105,199,335U1-,"£4,753",4753,340395,Mrs L Hughes,Blue Bresil,FR,Arctic Actress,False,False,,,,False,,GB
927473,Percy's Racing Dream Handicap Hurdle (Go North Cab On Target Series Qualifier),27,Kelso,10/04/2026 14:20:00,Hurdle,Class 4,,0-120,4yo+,None,2m5f,21,4222,4620,Good,Turf,2951769,Evaluation,86359,Ryan Mania,37984,Adam Nicol,8,,2,,11-12,188,12/1,13,115,119,97,,2/324-,"£4,753",4753,344963,Lady I & Ms Catriona Good,Dubawi,IRE,Estimate,False,False,,50,,True,,GB
927473,Percy's Racing Dream Handicap Hurdle (Go North Cab On Target Series Qualifier),27,Kelso,10/04/2026 14:20:00,Hurdle,Class 4,,0-120,4yo+,None,2m5f,21,4222,4620,Good,Turf,3023386,Do No Wrong IRE,90710,Callum Bewley,31635,Justin Landy,10,,3,,11-12,188,11/2,6.5,115,120,71,339,51P21-,"£4,753",4753,274723,Mrs Pauline Southerington,Sageburg,IRE,Uncommited,False,False,,,,False,,IRE
927473,Percy's Racing Dream Handicap Hurdle (Go North Cab On Target Series Qualifier),27,Kelso,10/04/2026 14:20:00,Hurdle,Class 4,,0-120,4yo+,None,2m5f,21,4222,4620,Good,Turf,3499228,Bold Light IRE,101694,Gregor Walkingshaw (10),42490,Lucinda Russell & Michael Scudamore,9,p,4,,11-9,185,13/2,7.5,112,123,89,11,34-355,"£4,753",4753,353327,T Carruthers,Leading Light,IRE,Turmoss,False,False,,46,10,False,,IRE
927473,Percy's Racing Dream Handicap Hurdle (Go North Cab On Target Series Qualifier),27,Kelso,10/04/2026 14:20:00,Hurdle,Class 4,,0-120,4yo+,None,2m5f,21,4222,4620,Good,Turf,4597378,Heart Above,79499,Peter Kavanagh,10678,Dianne Sayer,8,,5,,11-1,177,6/1,7,104,123,91,18,7-1P95,"£4,753",4753,241636,Margaret Coppola & Dianne Sayer,Shirocco,GER,Cool Baranca,False,False,,100,,False,,GB
927473,Percy's Racing Dream Handicap Hurdle (Go North Cab On Target Series Qualifier),27,Kelso,10/04/2026 14:20:00,Hurdle,Class 4,,0-120,4yo+,None,2m5f,21,4222,4620,Good,Turf,6692975,Kool Raoul FR,88471,Derek Fox,42490,Lucinda Russell & Michael Scudamore,6,,7,,10-12,172,8/1,9,101,118,107,174,35785-,"£4,753",4753,56707,The County Set,Great Pretender,IRE,Douma Desbois,False,False,,46,,False,,FR
927473,Percy's Racing Dream Handicap Hurdle (Go North Cab On Target Series Qualifier),27,Kelso,10/04/2026 14:20:00,Hurdle,Class 4,,0-120,4yo+,None,2m5f,21,4222,4620,Good,Turf,1266525,Dalileo IRE,102985,Dominic Hislop (7),14973,Lisa Harrison,11,,8,,10-8,168,28/1,29,97,121,114,10,311789,"£4,753",4753,334060,Thp Racing & D A Harrison Racing,Galileo,IRE,Snow Queen,False,False,,17,7,True,,IRE
927473,Percy's Racing Dream Handicap Hurdle (Go North Cab On Target Series Qualifier),27,Kelso,10/04/2026 14:20:00,Hurdle,Class 4,,0-120,4yo+,None,2m5f,21,4222,4620,Good,Turf,3293710,Starlyte IRE,100439,Patrick Wadge,42490,Lucinda Russell & Michael Scudamore,9,tp,9,,10-7,167,10/1,11,96,122,113,18,44-344,"£4,753",4753,358558,Wee Dude Partnership,Sir Percy,GB,Virevolle,False,False,,46,,False,,IRE
927473,Percy's Racing Dream Handicap Hurdle (Go North Cab On Target Series Qualifier),27,Kelso,10/04/2026 14:20:00,Hurdle,Class 4,,0-120,4yo+,None,2m5f,21,4222,4620,Good,Turf,5299441,Interchangeable,91342,Mr John Dixon (7),651,John Dixon,6,h,10,,10-2,162,33/1,34,91,117,84,76,03-656,"£4,753",4753,23035,Mrs S F Dixon,Jack Hobbs,GB,Alletrix,False,False,,,7,False,,GB
930050,Qatar Arabian World Cup (Pure-bred Arabians) (Group 1),1382,Longchamp (FR) (ARAB),10/04/2026 14:25:00,Other,,(Group 1),,4yo+,None,1m2f,10,2010,2200,Good,Turf,9809403,Shayeg (Fr),105439,Augustin Madamet,39674,Jean De Mieulle (fr),5,b,1,2,9-2,146,33/1,34,,,,,175-43,"£434,783",434783,252819,Al Shaqab Racing,Al Mamun Monlau (fr),ARO,Al Haffanah (FR),False,False,,,,False,,ARO
930050,Qatar Arabian World Cup (Pure-bred Arabians) (Group 1),1382,Longchamp (FR) (ARAB),10/04/2026 14:25:00,Other,,(Group 1),,4yo+,None,1m2f,10,2010,2200,Good,Turf,9920231,Tabarus (Qa),94761,Jean-Bernard Eyquem,39676,Thomas Fourcy (FR),5,p,2,4,9-2,146,66/1,67,,,,,7-2251,"£434,783",434783,251668,H.H. Sheikh Abdullah Bin K Al Thani,Tm Fred Texas (usa),ARO,Raqiyah (gb),False,False,,,,False,,ARO
930050,Qatar Arabian World Cup (Pure-bred Arabians) (Group 1),1382,Longchamp (FR) (ARAB),10/04/2026 14:25:00,Other,,(Group 1),,4yo+,None,1m2f,10,2010,2200,Good,Turf,8205539,HM Alchahine (Fr),95710,Cristian Demuro,32220,Mme J F Bernard (fr),6,,3,10,9-2,146,9/4,3.25,,,,364,-33311,"£434,783",434783,295633,Mr Helal Alalawi,Al Mourtajez (fr),ARO,Al Chyhanah (Fr),False,False,,,,False,,ARO
930050,Qatar Arabian World Cup (Pure-bred Arabians) (Group 1),1382,Longchamp (FR) (ARAB),10/04/2026 14:25:00,Other,,(Group 1),,4yo+,None,1m2f,10,2010,2200,Good,Turf,5776240,Rb Kingmaker (Usa),95836,Christophe Soumillon,32220,Mme J F Bernard (fr),7,,4,6,9-2,146,9/2,5.5,,,,67,3-1511,"£434,783",434783,295633,Mr Helal Alalawi,Baseq Al Khalediah (ksa),ARO,Rb Royale Madame (Usa),False,False,,,,False,2,ARO
930050,Qatar Arabian World Cup (Pure-bred Arabians) (Group 1),1382,Longchamp (FR) (ARAB),10/04/2026 14:25:00,Other,,(Group 1),,4yo+,None,1m2f,10,2010,2200,Good,Turf,9924412,Rumz (Fr),105440,Hamed Saif Hamed Mohammed Al-Busaidi,43507,L D Racco,5,b,5,11,9-2,146,100/1,101,,,,,5-2321,"£434,783",434783,295633,Mr Helal Alalawi,Azadi (fr),ARO,Manella (Gb),False,False,,,,False,,ARO
930050,Qatar Arabian World Cup (Pure-bred Arabians) (Group 1),1382,Longchamp (FR) (ARAB),10/04/2026 14:25:00,Other,,(Group 1),,4yo+,None,1m2f,10,2010,2200,Good,Turf,9120013,Rb Yas Sir (Usa),100505,Dougie Costello,31982,Mr Philip Collington,8,,6,8,9-2,146,50/1,51,,,,33,121,"£434,783",434783,357703,K S Racing,Sir Bani Yas (fr),ARO,Rich Kinkga (usa),False,False,,,,False,,ARO
930050,Qatar Arabian World Cup (Pure-bred Arabians) (Group 1),1382,Longchamp (FR) (ARAB),10/04/2026 14:25:00,Other,,(Group 1),,4yo+,None,1m2f,10,2010,2200,Good,Turf,8120440,Lippo De Carrere (Fr),99150,Mickael Barzalona,31097,A De Mieulle (fr),5,,7,9,9-2,146,7/2,4.5,,,,67,1-1122,"£434,783",434783,328790,Wathnan Racing,Al Mourtajez (fr),ARO,Elmanara De Carrere (Fr),False,False,,,,False,,ARO
930050,Qatar Arabian World Cup (Pure-bred Arabians) (Group 1),1382,Longchamp (FR) (ARAB),10/04/2026 14:25:00,Other,,(Group 1),,4yo+,None,1m2f,10,2010,2200,Good,Turf,6327843,Molfit (Fr),95712,Faleh Bughenaim,31088,Francois Rohaut (Fr),6,,8,13,9-2,146,40/1,41,,,,778,883-14,"£434,783",434783,328790,Wathnan Racing,Al Mourtajez (fr),ARO,Djezabelle Des Forges (Fr),False,False,,,,True,,ARO
930050,Qatar Arabian World Cup (Pure-bred Arabians) (Group 1),1382,Longchamp (FR) (ARAB),10/04/2026 14:25:00,Other,,(Group 1),,4yo+,None,1m2f,10,2010,2200,Good,Turf,9924413,Maqbool (FR),105438,Marvin Grandin,35160,Xavier Thomas-Demeaulte (FR),5,p,9,12,9-2,146,28/1,29,,,,,567123,"£434,783",434783,252818,Yas Horse Racing Management,Af Albahar (ae),ARO,Ghaleba (Fr),False,False,,,,False,,ARO
930050,Qatar Arabian World Cup (Pure-bred Arabians) (Group 1),1382,Longchamp (FR) (ARAB),10/04/2026 14:25:00,Other,,(Group 1),,4yo+,None,1m2f,10,2010,2200,Good,Turf,9613693,Hajmah (Fr),95711,Pierre-Charles Boudot,39676,Thomas Fourcy (FR),5,,10,7,8-11,139,12/1,13,,,,67,11-264,"£434,783",434783,252819,Al Shaqab Racing,Al Mourtajez (fr),ARO,Easter De Faust (Fr),False,False,,,,True,,ARO
930050,Qatar Arabian World Cup (Pure-bred Arabians) (Group 1),1382,Longchamp (FR) (ARAB),10/04/2026 14:25:00,Other,,(Group 1),,4yo+,None,1m2f,10,2010,2200,Good,Turf,9809393,Geneva (Fr),94703,Tom Marquand,31088,Francois Rohaut (Fr),5,b,11,1,8-11,139,16/1,17,,,,,31-522,"£434,783",434783,320137,Abdullah Bin Fahad A H Al Attiyah,Azadi (fr),ARO,Theeba (gb),False,False,,,,False,,ARO
930050,Qatar Arabian World Cup (Pure-bred Arabians) (Group 1),1382,Longchamp (FR) (ARAB),10/04/2026 14:25:00,Other,,(Group 1),,4yo+,None,1m2f,10,2010,2200,Good,Turf,9613695,Lacaro Du Croate (Fr),105441,Guilaume Guedj-Gay,35160,Xavier Thomas-Demeaulte (FR),5,p,12,3,8-11,139,10/1,11,,,,67,4-2313,"£434,783",434783,375675,Mr Mansoor Khalil M. Al Shahwani,No Risk Al Maury (fr),ARO,Beanie Du Croate (Fr),False,False,,,,True,,ARO
930050,Qatar Arabian World Cup (Pure-bred Arabians) (Group 1),1382,Longchamp (FR) (ARAB),10/04/2026 14:25:00,Other,,(Group 1),,4yo+,None,1m2f,10,2010,2200,Good,Turf,9920235,Chdia (Fr),95860,James Doyle,31097,A De Mieulle (fr),5,,13,5,8-11,139,4/1,5,,,,,1-1111,"£434,783",434783,328790,Wathnan Racing,Al Mourtajez (fr),ARO,Rkaya (Fr),False,False,,,,False,,ARO
930000,Coolmore Sioux Nation Concorde Stakes (Listed Race),178,Curragh,10/04/2026 14:30:00,Other,,Listed,,3yo+,None,7f,7,1407,1540,Soft,Turf,2869386,Big Gossey,100975,Robert Whearty,7660,Charles O'Brien,9,t,1,1,9-10,154,7/2,4.5,104,115,99,7,125902,"€29,450",29450,282090,Allegro Syndicate,Gutaifan,IRE,Toy Show,False,False,,100,,False,,IRE
930000,Coolmore Sioux Nation Concorde Stakes (Listed Race),178,Curragh,10/04/2026 14:30:00,Other,,Listed,,3yo+,None,7f,7,1407,1540,Soft,Turf,6358961,Dmaniac GB,83482,Chris Hayes,25272,Martin Hassett,4,,2,2,9-7,151,25/1,26,85,101,90,8,-15204,"€29,450",29450,208724,Rebecca May,Washington DC,IRE,Mania,False,False,,13,,True,,GB
930000,Coolmore Sioux Nation Concorde Stakes (Listed Race),178,Curragh,10/04/2026 14:30:00,Other,,Listed,,3yo+,None,7f,7,1407,1540,Soft,Turf,5063752,King Cuan GB,81425,W J Lee,26547,P Twomey,5,,3,7,9-7,151,4/1,5,105,114,91,160,320-34,"€29,450",29450,330868,Red Lily Racing Syndicate,Tasleet,GB,Rutherford,False,False,,79,,False,,GB
930000,Coolmore Sioux Nation Concorde Stakes (Listed Race),178,Curragh,10/04/2026 14:30:00,Other,,Listed,,3yo+,None,7f,7,1407,1540,Soft,Turf,8179300,Loughrea,97030,Andrew Slattery,10588,Andrew Slattery,4,,4,5,9-7,151,7/2,4.5,103,115,90,36,5-2111,"€29,450",29450,150130,Mrs C Holohan,Elzaam,AUS,Sweethill,False,False,,50,,False,,IRE
930000,Coolmore Sioux Nation Concorde Stakes (Listed Race),178,Curragh,10/04/2026 14:30:00,Other,,Listed,,3yo+,None,7f,7,1407,1540,Soft,Turf,6838450,Wannabe Royal,88563,Ronan Whelan,1249,Henry De Bromhead,4,,5,8,9-7,151,10/1,11,100,112,104,21,581740,"€29,450",29450,363695,Coolmara Stables Limited,Wootton Bassett,GB,Lady Wannabe,False,False,,51,,False,,IRE
930000,Coolmore Sioux Nation Concorde Stakes (Listed Race),178,Curragh,10/04/2026 14:30:00,Other,,Listed,,3yo+,None,7f,7,1407,1540,Soft,Turf,7627161,Lewis Carroll,76602,Wayne Lordan,7978,A P O'Brien,3,,6,3,9-5,149,16/1,17,85,96,76,8,9-14,"€29,450",29450,145061,Derrick Smith & Mrs John Magnier & Michael Tabor,Siyouni,FR,More Beautiful,False,False,,57,,False,,IRE
930000,Coolmore Sioux Nation Concorde Stakes (Listed Race),178,Curragh,10/04/2026 14:30:00,Other,,Listed,,3yo+,None,7f,7,1407,1540,Soft,Turf,8120563,Sindagan,97031,Ben Coen,28180,J P Murtagh,3,,7,4,9-5,149,10/1,11,95,106,97,22,232163,"€29,450",29450,355319,Exors Of The Late H H Aga Khan,Mehmas,IRE,Sindhia,False,False,,50,,False,,IRE
930000,Coolmore Sioux Nation Concorde Stakes (Listed Race),178,Curragh,10/04/2026 14:30:00,Other,,Listed,,3yo+,None,7f,7,1407,1540,Soft,Turf,7566111,Unauthorized,104676,Reese Holohan,41541,Aidan Melia,3,h,8,10,9-5,149,25/1,26,86,100,82,8,1-7182,"€29,450",29450,342291,Ms M Connolly,Starspangledbanner,AUS,Hergame,False,False,,57,,False,,IRE
930000,Coolmore Sioux Nation Concorde Stakes (Listed Race),178,Curragh,10/04/2026 14:30:00,Other,,Listed,,3yo+,None,7f,7,1407,1540,Soft,Turf,6111563,Carolina Jetstream GB,93716,Donagh O'Connor,42639,Robson De Aguiar,4,,9,6,9-4,148,5/1,6,103,117,98,22,026828,"€29,450",29450,315224,AMO Racing Limited & Giselle De Aguiar,Pinatubo,IRE,Queen Of The Stars,False,False,,63,,False,,GB
930000,Coolmore Sioux Nation Concorde Stakes (Listed Race),178,Curragh,10/04/2026 14:30:00,Other,,Listed,,3yo+,None,7f,7,1407,1540,Soft,Turf,5042453,Princess Child FR,99171,J M Sheridan,32145,Joseph Patrick O'Brien,5,t,10,9,9-4,148,8/1,9,99,114,107,22,250066,"€29,450",29450,346047,Janine Byrne,Dariyan,FR,Princesse Li,False,False,,47,,False,,FR
930190,F Ball 140th Anniversary Maiden Hurdle (GBB Race) (Div II),84,Uttoxeter,10/04/2026 14:36:00,Hurdle,Class 4,,,4yo+,None,2m,16,3217,3520,Good,Turf,7436471,Current Edition IRE,88023,Sam Twiston-Davies,42340,Nigel & Willy Twiston-Davies,5,,1,,11-4,180,3/1,4,,118,99,188,F/532-,"£5,446",5446,364701,Galloping Together,Vadamos,FR,Kaletto,False,False,2,91,,False,,IRE
930190,F Ball 140th Anniversary Maiden Hurdle (GBB Race) (Div II),84,Uttoxeter,10/04/2026 14:36:00,Hurdle,Class 4,,,4yo+,None,2m,16,3217,3520,Good,Turf,6550820,Larzac FR,94230,Harry Cobden,42228,Faye Bramley,5,t,3,,11-4,180,15/8,2.875,124,131,116,159,/684-0,"£5,446",5446,20887,John P McManus,No Risk At All,FR,Oxyna,False,False,,50,,False,1,FR
930190,F Ball 140th Anniversary Maiden Hurdle (GBB Race) (Div II),84,Uttoxeter,10/04/2026 14:36:00,Hurdle,Class 4,,,4yo+,None,2m,16,3217,3520,Good,Turf,8565925,Tazman Dan IRE,93541,Charlie Hammond,30177,Stuart Edmunds,5,h,4,,11-4,180,40/1,41,,92,17,29,657-4,"£5,446",5446,377187,David John Ranson,Dansant,GB,Sunnydale High,True,False,,75,,False,2,IRE
930190,F Ball 140th Anniversary Maiden Hurdle (GBB Race) (Div II),84,Uttoxeter,10/04/2026 14:36:00,Hurdle,Class 4,,,4yo+,None,2m,16,3217,3520,Good,Turf,6233860,Akrramm,96830,James Bowen,28905,Mickey Bowen,4,,5,,11-3,179,25/1,26,,,,14,P,"£5,446",5446,208562,Mickey Bowen,Too Darn Hot,GB,Sahayeb,False,False,,77,,True,2,GB
930190,F Ball 140th Anniversary Maiden Hurdle (GBB Race) (Div II),84,Uttoxeter,10/04/2026 14:36:00,Hurdle,Class 4,,,4yo+,None,2m,16,3217,3520,Good,Turf,9715969,Pedro's Moon,93186,Sean Bowen,33553,Olly Murphy,4,,6,,11-3,179,12/1,13,,,,42,8,"£5,446",5446,166043,Mrs June Watts,Dartmouth,GB,Getaway Mag,False,False,,64,,False,,GB
930190,F Ball 140th Anniversary Maiden Hurdle (GBB Race) (Div II),84,Uttoxeter,10/04/2026 14:36:00,Hurdle,Class 4,,,4yo+,None,2m,16,3217,3520,Good,Turf,9715967,Sytadel FR,85218,Harry Skelton,16270,Dan Skelton,4,t,7,,11-3,179,15/8,2.875,,124,104,24,2,"£5,446",5446,247765,John J Reilly,City Light,FR,Giralda,False,False,,44,,False,2,FR
930190,F Ball 140th Anniversary Maiden Hurdle (GBB Race) (Div II),84,Uttoxeter,10/04/2026 14:36:00,Hurdle,Class 4,,,4yo+,None,2m,16,3217,3520,Good,Turf,9777161,Midnight Lexi,98445,Liam Harrison,16270,Dan Skelton,4,,9,,10-10,170,12/1,13,,,,30,3,"£5,446",5446,189542,Dan Skelton,Nathaniel,IRE,Lex Eleven,False,False,,44,,True,,GB
930008,Gleneagle Arena Killarney Rated Novice Hurdle,185,Killarney,10/04/2026 14:45:00,Hurdle,,,,4yo+,None,2m1f,17,3418,3740,Good,Turf,8520792,Belladaball,88732,Keith Donoghue,17836,Gavin Cromwell,5,t,1,,12-0,192,6/1,7,,115,74,46,10-4F1,"€8,835",8835,365490,B Walsh & Galloping Gallivanters,Elusive Pimpernel,USA,Maisy Daisy,False,False,,17,,False,,IRE
930008,Gleneagle Arena Killarney Rated Novice Hurdle,185,Killarney,10/04/2026 14:45:00,Hurdle,,,,4yo+,None,2m1f,17,3418,3740,Good,Turf,4699484,Lips Freedom GER,92335,Donagh Meyler,37654,Andrew Kinirons,6,t,2,,11-12,188,7/2,4.5,118,123,118,15,01-102,"€8,835",8835,338785,Tinnahinch Construction Limited,Free Eagle,IRE,Lips Arrow,False,False,,20,,False,,GER
930008,Gleneagle Arena Killarney Rated Novice Hurdle,185,Killarney,10/04/2026 14:45:00,Hurdle,,,,4yo+,None,2m1f,17,3418,3740,Good,Turf,8455156,Cocofred,96391,Darragh O'Keeffe,1249,Henry De Bromhead,5,,3,,11-11,187,5/1,6,117,119,109,30,57-419,"€8,835",8835,352171,J Allday,Vadamos,FR,Debut,False,False,,51,,False,,IRE
930008,Gleneagle Arena Killarney Rated Novice Hurdle,185,Killarney,10/04/2026 14:45:00,Hurdle,,,,4yo+,None,2m1f,17,3418,3740,Good,Turf,5405222,Firebrand GER,100370,Alan O'Sullivan (5),10076,John J Nallen,6,b,5,,11-9,185,5/2,3.5,115,127,98,27,2-2541,"€8,835",8835,21963,John J Nallen,Siyouni,FR,Firedance,False,False,,20,5,False,,GER
930008,Gleneagle Arena Killarney Rated Novice Hurdle,185,Killarney,10/04/2026 14:45:00,Hurdle,,,,4yo+,None,2m1f,17,3418,3740,Good,Turf,8816904,Celtic Alliance,94503,Jack Kennedy,18145,Gordon Elliott,4,,6,,11-3,179,11/2,6.5,,119,55,164,13-,"€8,835",8835,370037,Mrs Judith Matthews & Mrs Sheila O'Ryan,Order Of St George,IRE,Colleen Donnoige,False,False,,48,,True,,IRE
930008,Gleneagle Arena Killarney Rated Novice Hurdle,185,Killarney,10/04/2026 14:45:00,Hurdle,,,,4yo+,None,2m1f,17,3418,3740,Good,Turf,8366480,Rosenborg FR,99225,Ross Sugrue (7),13570,P J Rothwell,5,,7,,11-3,179,8/1,9,109,124,95,30,-70216,"€8,835",8835,344208,Kathy's Crew Syndicate,Muhtathir,GB,Stellarmor,False,False,,29,7,False,,FR
930008,Gleneagle Arena Killarney Rated Novice Hurdle,185,Killarney,10/04/2026 14:45:00,Hurdle,,,,4yo+,None,2m1f,17,3418,3740,Good,Turf,9157314,No Mon No Fun,101231,Carl Millar (5),40513,Darren Collins,5,,8,,10-13,173,12/1,13,104,120,84,44,F-P418,"€8,835",8835,36793,M O Cullinane,Sholokhov,IRE,Pecunia,False,False,,,5,True,1,IRE
927472,Justin &amp; Susan Greig Novices' Hurdle (Go North Night Nurse Series Qualifier) (GBB Race),27,Kelso,10/04/2026 14:55:00,Hurdle,Class 4,,,4yo+,None,2m,16,3217,3520,Good,Turf,5301550,Brosna Town IRE,99321,Conor Rabbitt (3),34491,Jessica Bedi,5,tp,1,,11-2,178,4/1,5,104,116,107,50,47-255,"£5,446",5446,360463,NoHopersJokers & Rogues,Awtaad,IRE,Jamm,False,False,,17,3,False,,IRE
927472,Justin &amp; Susan Greig Novices' Hurdle (Go North Night Nurse Series Qualifier) (GBB Race),27,Kelso,10/04/2026 14:55:00,Hurdle,Class 4,,,4yo+,None,2m,16,3217,3520,Good,Turf,6790225,Tuppence FR,104587,Mr Lucas Murphy (7),42490,Lucinda Russell & Michael Scudamore,6,h,2,,11-2,178,8/13,1.6153846153846154,112,127,113,170,8/241-,"£5,446",5446,843,Raymond Anderson Green,Ivanhowe,GER,Pina,False,False,,46,7,False,,FR
927472,Justin &amp; Susan Greig Novices' Hurdle (Go North Night Nurse Series Qualifier) (GBB Race),27,Kelso,10/04/2026 14:55:00,Hurdle,Class 4,,,4yo+,None,2m,16,3217,3520,Good,Turf,4652542,Miss Arabella,100439,Patrick Wadge,4471,Sandy Thomson,8,,3,,10-9,169,16/1,17,88,104,,877,623/7/,"£5,446",5446,203205,Mrs A M Thomson,Nathaniel,IRE,Helter Helter,False,False,,67,,True,,GB
927472,Justin &amp; Susan Greig Novices' Hurdle (Go North Night Nurse Series Qualifier) (GBB Race),27,Kelso,10/04/2026 14:55:00,Hurdle,Class 4,,,4yo+,None,2m,16,3217,3520,Good,Turf,8240996,Luna Grace,88471,Derek Fox,42490,Lucinda Russell & Michael Scudamore,4,t,4,,10-8,168,3/1,4,96,113,53,27,333-33,"£5,446",5446,172016,The Ormello Way,Kameko,USA,Lysanda,False,False,,46,,False,,GB
921493,Qatar Prix de l'Arc de Triomphe (Group 1) (3yo+ No Geldings) (Grande Course) (Turf),211,Longchamp,10/04/2026 15:05:00,Other,,(Group 1),,3yo+,None,1m4f,12,2412,2640,Good,Turf,7382696,Daryz,87600,Mickael Barzalona,26118,F-H Graffard,4,,1,5,9-5,149,7/4,2.75,,138,,28,1-1131,"£2,484,348",2484348,358092,Aga Khan Studs SCEA,Sea The Stars,IRE,Daryakana,False,False,,100,,False,,FR
921493,Qatar Prix de l'Arc de Triomphe (Group 1) (3yo+ No Geldings) (Grande Course) (Turf),211,Longchamp,10/04/2026 15:05:00,Other,,(Group 1),,3yo+,None,1m4f,12,2412,2640,Good,Turf,6528827,Saddadd IRE,88798,Ray Dawson,24890,Roger Varian,4,,2,9,9-5,149,33/1,34,,128,,28,3-1341,"£2,484,348",2484348,378236,ARM Racing,Pinatubo,IRE,Talmada,False,False,,58,,False,,IRE
921493,Qatar Prix de l'Arc de Triomphe (Group 1) (3yo+ No Geldings) (Grande Course) (Turf),211,Longchamp,10/04/2026 15:05:00,Other,,(Group 1),,3yo+,None,1m4f,12,2412,2640,Good,Turf,8188008,Chestnut Rocket,94132,Marvin Grandin,37548,Alicja Karkosa,4,tp,3,2,9-5,149,150/1,151,,125,,35,-26512,"£2,484,348",2484348,365223,G P Grzegorowski,Intello,GER,Rocaille,False,False,,,,False,,FR
921493,Qatar Prix de l'Arc de Triomphe (Group 1) (3yo+ No Geldings) (Grande Course) (Turf),211,Longchamp,10/04/2026 15:05:00,Other,,(Group 1),,3yo+,None,1m4f,12,2412,2640,Good,Turf,5894795,Admire Terra JPN,88850,Cristian Demuro,18299,Yasuo Tomomichi,5,t,4,12,9-5,149,66/1,67,,129,,49,P0-139,"£2,484,348",2484348,285406,Junko Kondo,Rey De Oro,JPN,Admire Miyabi,False,False,,,,True,,JPN
921493,Qatar Prix de l'Arc de Triomphe (Group 1) (3yo+ No Geldings) (Grande Course) (Turf),211,Longchamp,10/04/2026 15:05:00,Other,,(Group 1),,3yo+,None,1m4f,12,2412,2640,Good,Turf,5776245,Meisho Tabaru JPN,10407,Yutaka Take,18258,Mamoru Ishibashi,5,h,5,13,9-5,149,33/1,34,,133,,112,160-21,"£2,484,348",2484348,188784,Yoshitaka Matsumoto,Gold Ship,JPN,Meisho Tsubakuro,False,False,,,,False,,JPN
921493,Qatar Prix de l'Arc de Triomphe (Group 1) (3yo+ No Geldings) (Grande Course) (Turf),211,Longchamp,10/04/2026 15:05:00,Other,,(Group 1),,3yo+,None,1m4f,12,2412,2640,Good,Turf,5845685,Arrow Eagle,75539,Ioritz Mendizabal,8358,J-C Rouget,5,,6,14,9-5,149,100/1,101,,128,,35,61-473,"£2,484,348",2484348,343886,Mrs Waltraut Spanner,Gleneagles,IRE,Absolutly Me,False,False,,,,False,,FR
921493,Qatar Prix de l'Arc de Triomphe (Group 1) (3yo+ No Geldings) (Grande Course) (Turf),211,Longchamp,10/04/2026 15:05:00,Other,,(Group 1),,3yo+,None,1m4f,12,2412,2640,Good,Turf,5826747,Bay City Roller IRE,92728,Oisin Murphy,31461,George Scott,4,,7,15,9-5,149,33/1,34,,134,,28,1-2212,"£2,484,348",2484348,361251,Victorious Forever,New Bay,GB,Bloomfield,False,False,,67,,False,,IRE
921493,Qatar Prix de l'Arc de Triomphe (Group 1) (3yo+ No Geldings) (Grande Course) (Turf),211,Longchamp,10/04/2026 15:05:00,Other,,(Group 1),,3yo+,None,1m4f,12,2412,2640,Good,Turf,6238183,Minnie Hauk IRE,85793,William Buick,7978,A P O'Brien,4,,8,10,9-2,146,20/1,21,,136,,45,-15283,"£2,484,348",2484348,145061,Derrick Smith & Mrs John Magnier & Michael Tabor,Frankel,GB,Multilingual,False,False,,57,,True,,IRE
921493,Qatar Prix de l'Arc de Triomphe (Group 1) (3yo+ No Geldings) (Grande Course) (Turf),211,Longchamp,10/04/2026 15:05:00,Other,,(Group 1),,3yo+,None,1m4f,12,2412,2640,Good,Turf,5507022,Kalpana GB,89959,Colin Keane,15605,Andrew Balding,5,p,9,6,9-2,146,4/1,5,,136,,45,1-1211,"£2,484,348",2484348,301671,Juddmonte,Study Of Man,IRE,Zero Gravity,False,False,,52,,False,,GB
921493,Qatar Prix de l'Arc de Triomphe (Group 1) (3yo+ No Geldings) (Grande Course) (Turf),211,Longchamp,10/04/2026 15:05:00,Other,,(Group 1),,3yo+,None,1m4f,12,2412,2640,Good,Turf,5476939,Friendly Soul GB,6901,James Doyle,38291,John & Thady Gosden,5,,10,7,9-2,146,22/1,23,,130,,28,1/P321,"£2,484,348",2484348,11855,George Strawbridge,Kingman,GB,In Clover,False,False,,57,,False,,GB
921493,Qatar Prix de l'Arc de Triomphe (Group 1) (3yo+ No Geldings) (Grande Course) (Turf),211,Longchamp,10/04/2026 15:05:00,Other,,(Group 1),,3yo+,None,1m4f,12,2412,2640,Good,Turf,9065287,Varandir,93579,Clement Lecoeuvre,26118,F-H Graffard,3,,11,4,8-13,141,9/1,10,,128,,28,11141,"£2,484,348",2484348,358092,Aga Khan Studs SCEA,Zarak,FR,Varkesha,False,False,,100,,True,,FR
921493,Qatar Prix de l'Arc de Triomphe (Group 1) (3yo+ No Geldings) (Grande Course) (Turf),211,Longchamp,10/04/2026 15:05:00,Other,,(Group 1),,3yo+,None,1m4f,12,2412,2640,Good,Turf,7643439,Benvenuto Cellini IRE,79202,Ryan Moore,7978,A P O'Brien,3,,12,1,8-13,141,16/1,17,,132,,28,-1V135,"£2,484,348",2484348,318234,"Brant,Magnier,Tabor,Smith,Westerberg",Frankel,GB,Newspaperofrecord,False,False,,57,,False,,IRE
921493,Qatar Prix de l'Arc de Triomphe (Group 1) (3yo+ No Geldings) (Grande Course) (Turf),211,Longchamp,10/04/2026 15:05:00,Other,,(Group 1),,3yo+,None,1m4f,12,2412,2640,Good,Turf,9254345,Bright Light,97465,Benjamin Marie,33092,Andreas Suborics,3,,13,8,8-13,141,100/1,101,,121,,28,124523,"£2,484,348",2484348,373862,Ace Stud,City Light,FR,Brighton Blues,False,False,,67,,False,,FR
921493,Qatar Prix de l'Arc de Triomphe (Group 1) (3yo+ No Geldings) (Grande Course) (Turf),211,Longchamp,10/04/2026 15:05:00,Other,,(Group 1),,3yo+,None,1m4f,12,2412,2640,Good,Turf,8062544,Maltese Cross,93947,Tom Marquand,3415,William Haggas,3,,14,11,8-13,141,13/2,7.5,,133,,46,-11211,"£2,484,348",2484348,332275,George Waud,Sea The Stars,IRE,Nabatea,False,False,,39,,False,,FR
921493,Qatar Prix de l'Arc de Triomphe (Group 1) (3yo+ No Geldings) (Grande Course) (Turf),211,Longchamp,10/04/2026 15:05:00,Other,,(Group 1),,3yo+,None,1m4f,12,2412,2640,Good,Turf,8188004,Thundering On GB,88520,Pierre-Charles Boudot,32145,Joseph Patrick O'Brien,3,,15,3,8-9,137,8/1,9,,132,,21,-21141,"£2,484,348",2484348,184685,Shapoor Mistry,Frankel,GB,Thundering Nights,False,False,,47,,True,,GB
921493,Qatar Prix de l'Arc de Triomphe (Group 1) (3yo+ No Geldings) (Grande Course) (Turf),211,Longchamp,10/04/2026 15:05:00,Other,,(Group 1),,3yo+,None,1m4f,12,2412,2640,Good,Turf,7601609,Diamond Necklace IRE,75796,Christophe Soumillon,7978,A P O'Brien,3,,16,16,8-9,137,16/1,17,,136,,42,1-1112,"£2,484,348",2484348,294590,M Tabor & D Smith & Mrs J Magnier & Westerberg,St Mark's Basilica,FR,Prudenzia,False,False,,57,,False,,IRE
930001,1xBet.ie Proud Supporters Of Irish Racing Handicap,178,Curragh,10/04/2026 15:05:00,Other,,,,3yo+,None,1m1f,9,1809,1980,Yielding,Turf,6514076,Eastwatch,103881,Sam Coen (5),10588,Andrew Slattery,4,p,1,7,10-0,160,20/1,21,98,103,83,21,5-2780,"€20,615",20615,358927,Damien Moore & C Comerford,Make Believe,GB,Lady Stormborn,False,False,,50,5,False,,IRE
930001,1xBet.ie Proud Supporters Of Irish Racing Handicap,178,Curragh,10/04/2026 15:05:00,Other,,,,3yo+,None,1m1f,9,1809,1980,Yielding,Turf,5879000,Benevento,93716,Donagh O'Connor,42639,Robson De Aguiar,4,,2,8,9-13,157,12/1,13,97,104,95,22,-73120,"€20,615",20615,315224,AMO Racing Limited & Giselle De Aguiar,Wootton Bassett,GB,Pollyana,False,False,,63,,False,,IRE
930001,1xBet.ie Proud Supporters Of Irish Racing Handicap,178,Curragh,10/04/2026 15:05:00,Other,,,,3yo+,None,1m1f,9,1809,1980,Yielding,Turf,2951965,Cristal Clere,103884,Jimmy Dalton (7),10076,John J Nallen,8,,3,11,9-12,156,12/1,13,96,101,79,12,51-965,"€20,615",20615,21963,John J Nallen,Harzand,IRE,Lady Catherine,False,False,,20,7,True,,IRE
930001,1xBet.ie Proud Supporters Of Irish Racing Handicap,178,Curragh,10/04/2026 15:05:00,Other,,,,3yo+,None,1m1f,9,1809,1980,Yielding,Turf,3096999,Final Voyage,104593,Ross Fagan (10),28180,J P Murtagh,8,,5,5,9-4,148,25/1,26,88,102,89,36,717028,"€20,615",20615,224811,JP Murtagh Racing,Camacho,GB,Shamayel,False,False,,50,10,True,,IRE
930001,1xBet.ie Proud Supporters Of Irish Racing Handicap,178,Curragh,10/04/2026 15:05:00,Other,,,,3yo+,None,1m1f,9,1809,1980,Yielding,Turf,8120549,Johnny Soda,100877,Adam Caffrey,14088,Adrian McGuinness,3,,6,4,9-2,146,11/4,3.75,90,98,87,21,711203,"€20,615",20615,315413,Go Nutz Racing Syndicate,Cotai Glory,GB,Maghzaa,False,False,,38,,False,,IRE
930001,1xBet.ie Proud Supporters Of Irish Racing Handicap,178,Curragh,10/04/2026 15:05:00,Other,,,,3yo+,None,1m1f,9,1809,1980,Yielding,Turf,7073234,Lady Lilac,86848,Gary Carroll,4572,Joseph G Murphy,4,b,7,10,9-1,145,14/1,15,85,98,93,68,355730,"€20,615",20615,354377,B Quinn,Inns Of Court,IRE,Lilac Mist,False,False,,50,,False,,IRE
930001,1xBet.ie Proud Supporters Of Irish Racing Handicap,178,Curragh,10/04/2026 15:05:00,Other,,,,3yo+,None,1m1f,9,1809,1980,Yielding,Turf,7966368,Iamimmaculate,13203,Declan McDonogh,10702,Gerard O'Leary,3,t,9,3,8-11,139,5/1,6,85,98,92,13,2-4262,"€20,615",20615,185761,Lance Bloodstock Limited,Coulsty,IRE,Alphabetique,False,False,,43,,True,,IRE
930001,1xBet.ie Proud Supporters Of Irish Racing Handicap,178,Curragh,10/04/2026 15:05:00,Other,,,,3yo+,None,1m1f,9,1809,1980,Yielding,Turf,8144072,Noble Honour,103045,Keithen Kennedy (5),1285,Mrs John Harrington,3,,10,1,8-10,138,15/2,8.5,84,100,88,18,2-3261,"€20,615",20615,373862,Ace Stud,Siyouni,FR,Let's Misbehave,False,False,,57,5,True,,IRE
930001,1xBet.ie Proud Supporters Of Irish Racing Handicap,178,Curragh,10/04/2026 15:05:00,Other,,,,3yo+,None,1m1f,9,1809,1980,Yielding,Turf,7520194,Majestic King,83482,Chris Hayes,21879,Denis Gerard Hogan,5,,11,12,8-8,136,8/1,9,78,99,91,13,200421,"€20,615",20615,358022,Chomping At The Bit Syndicate,Kingman,GB,Majestic Silver,False,False,,32,,True,,IRE
930001,1xBet.ie Proud Supporters Of Irish Racing Handicap,178,Curragh,10/04/2026 15:05:00,Other,,,,3yo+,None,1m1f,9,1809,1980,Yielding,Turf,8418723,Galileo Noir,104676,Reese Holohan (5),4446,Noel Meade,3,,12,2,8-7,135,7/1,8,81,94,77,12,7-3155,"€20,615",20615,364746,Patrick Sexton,Saxon Warrior,JPN,Sundiata,False,False,,45,5,True,,IRE
927476,F Ball Established 1886 Handicap Hurdle,84,Uttoxeter,10/04/2026 15:15:00,Hurdle,Class 3,,0-135,4yo+,None,2m7½f,23.5,4725,5170,Good,Turf,5295439,Divilabother IRE,93277,Harry Reed,22401,Tristan Davidson,8,t,1,,12-0,192,11/2,6.5,127,127,125,10,111215,"£6,337",6337,48350,R Nichol,Markaz,IRE,Rockabout,False,False,,31,,False,,IRE
927476,F Ball Established 1886 Handicap Hurdle,84,Uttoxeter,10/04/2026 15:15:00,Hurdle,Class 3,,0-135,4yo+,None,2m7½f,23.5,4725,5170,Good,Turf,3417365,Ernest Gray IRE,87503,Tom Cannon,13928,Alan King,9,p,2,,11-13,189,5/2,3.5,126,126,105,30,66-421,"£6,337",6337,86047,Andy Peake,Walk In The Park,IRE,Emily Gray,False,False,,45,,False,,IRE
927476,F Ball Established 1886 Handicap Hurdle,84,Uttoxeter,10/04/2026 15:15:00,Hurdle,Class 3,,0-135,4yo+,None,2m7½f,23.5,4725,5170,Good,Turf,4288002,Roger Pol IRE,101293,Isabelle Ryder (5),20814,Jamie Snowden,8,tb,3,,11-8,184,100/30,4.333333333333334,121,132,93,30,7-6982,"£6,337",6337,323153,Cobbold Allen Ogilvy Shaw Morley,Shantou,USA,Laren,False,False,,17,5,False,,IRE
927476,F Ball Established 1886 Handicap Hurdle,84,Uttoxeter,10/04/2026 15:15:00,Hurdle,Class 3,,0-135,4yo+,None,2m7½f,23.5,4725,5170,Good,Turf,5472229,Jubilant FR,91759,Jonathan Burke,40072,James Owen,7,,4,,11-7,183,4/1,5,120,128,110,131,516P-1,"£6,337",6337,251548,Mr & Mrs R Sage,Doctor Dino,FR,A Merveille,False,False,,60,,False,,FR
927476,F Ball Established 1886 Handicap Hurdle,84,Uttoxeter,10/04/2026 15:15:00,Hurdle,Class 3,,0-135,4yo+,None,2m7½f,23.5,4725,5170,Good,Turf,4857648,Miss Goldfire IRE,102058,Ciaran O'Shea (7),27170,Harry Fry,7,t,5,,11-6,182,3/1,4,119,127,124,98,P-1U12,"£6,337",6337,341735,Harry Fry Racing Syndicate Miss Goldfire,Yeats,IRE,Miss McGoldrick,False,False,,,7,False,,IRE
927476,F Ball Established 1886 Handicap Hurdle,84,Uttoxeter,10/04/2026 15:15:00,Hurdle,Class 3,,0-135,4yo+,None,2m7½f,23.5,4725,5170,Good,Turf,5633082,Pike Road,103518,Freddie Keighley (5),15642,Martin Keighley,7,p,6,,10-11,171,14/1,15,110,131,126,19,-42778,"£6,337",6337,346156,Roger Harrison,Yeats,IRE,Ile De See,False,False,,50,5,False,,GB
930009,Quinnbet Handicap Hurdle,185,Killarney,10/04/2026 15:20:00,Hurdle,,,0-100,4yo+,None,2m7f,23,4624,5060,Good,Turf,3187253,Good World,101447,Peter Smithers (5),8096,Eoin Griffin,11,p,1,,12-0,192,12/1,13,100,105,90,30,1P-047,"€5,900",5900,294892,Good World Partnership,Morozov,USA,Moyas Charm,False,False,,40,5,True,,IRE
930009,Quinnbet Handicap Hurdle,185,Killarney,10/04/2026 15:20:00,Hurdle,,,0-100,4yo+,None,2m7f,23,4624,5060,Good,Turf,7784963,It's Not His Fault,84936,Sean Flanagan,10680,E McNamara,5,,2,,11-11,187,20/1,21,97,106,69,61,3800-0,"€5,900",5900,359904,Forksindebag Syndicate,Soldier Of Fortune,IRE,Highland Flower,False,False,,39,,True,,IRE
930009,Quinnbet Handicap Hurdle,185,Killarney,10/04/2026 15:20:00,Hurdle,,,0-100,4yo+,None,2m7f,23,4624,5060,Good,Turf,5826644,James The Brave,103298,Michael Kenneally (5),38263,Padraig Butler,6,,3,,11-11,187,11/4,3.75,97,105,93,177,P13U1-,"€5,900",5900,302125,Red Strand Syndicate,Dansant,GB,Last Edition,False,False,,,5,False,,IRE
930009,Quinnbet Handicap Hurdle,185,Killarney,10/04/2026 15:20:00,Hurdle,,,0-100,4yo+,None,2m7f,23,4624,5060,Good,Turf,7272324,Coolboy Christy,99225,Ross Sugrue (7),13570,P J Rothwell,5,p,4,,11-9,185,10/1,11,95,107,86,46,484505,"€5,900",5900,342177,Geesala Racing Group Syndicate,Feel Like Dancing,GB,Carleys Hollow,False,False,,29,7,True,,IRE
930009,Quinnbet Handicap Hurdle,185,Killarney,10/04/2026 15:20:00,Hurdle,,,0-100,4yo+,None,2m7f,23,4624,5060,Good,Turf,5942427,Lakewood Rose,95576,Miss N C Hennessy (7),40467,Miss Niamh Carol Hennessy,8,,5,,11-9,185,12/1,13,95,105,101,9,-4377U,"€5,900",5900,303482,Miss Niamh Carol Hennessy,Mahler,GB,The Blarney Rose,False,False,,,7,False,,IRE
930009,Quinnbet Handicap Hurdle,185,Killarney,10/04/2026 15:20:00,Hurdle,,,0-100,4yo+,None,2m7f,23,4624,5060,Good,Turf,3283333,Inchidaly Copper,101818,Luke Burke Ott (7),40582,Alexander Ott,10,b,7,,11-4,180,8/1,9,90,104,77,9,-83P07,"€5,900",5900,272923,Owen M O'Flynn,Doyen,IRE,Arctic Aunt,False,False,,,7,False,,IRE
930009,Quinnbet Handicap Hurdle,185,Killarney,10/04/2026 15:20:00,Hurdle,,,0-100,4yo+,None,2m7f,23,4624,5060,Good,Turf,7404523,King's Son FR,92157,Philip Donovan,7832,Seamus Neville,6,,8,,11-3,179,12/1,13,89,101,,34,-36675,"€5,900",5900,32137,Mrs S Neville,Clovis Du Berlais,FR,Ugoline,False,False,,,,False,,FR
930009,Quinnbet Handicap Hurdle,185,Killarney,10/04/2026 15:20:00,Hurdle,,,0-100,4yo+,None,2m7f,23,4624,5060,Good,Turf,7534576,Political Stance,99187,Tom Kelly (7),8910,C Byrnes,6,tp,9,,11-3,179,6/1,7,89,102,81,23,72P-00,"€5,900",5900,258275,Byrnes Bloodstock Limited,Libertarian,GB,Miss Melanie,True,False,,58,7,False,,IRE
930009,Quinnbet Handicap Hurdle,185,Killarney,10/04/2026 15:20:00,Hurdle,,,0-100,4yo+,None,2m7f,23,4624,5060,Good,Turf,7529856,Prophetess Miriam,101620,Danny Gilligan,39540,Cian Collins,6,h,10,,11-2,178,13/2,7.5,88,102,77,15,4-8998,"€5,900",5900,361725,A Collins,Workforce,GB,Victory Anthem,False,False,,50,,False,,IRE
930009,Quinnbet Handicap Hurdle,185,Killarney,10/04/2026 15:20:00,Hurdle,,,0-100,4yo+,None,2m7f,23,4624,5060,Good,Turf,8908773,Ballyminnion Boy,101060,Daniel King,26124,Eoin Christopher McCarthy,6,h,11,,11-0,176,14/1,15,86,100,86,41,-00806,"€5,900",5900,373104,Mrs H Kiernan,Urban Poet,USA,Lady Beneficial,False,False,,46,,False,,IRE
930009,Quinnbet Handicap Hurdle,185,Killarney,10/04/2026 15:20:00,Hurdle,,,0-100,4yo+,None,2m7f,23,4624,5060,Good,Turf,4247973,Blackwater Soldier,96391,Darragh O'Keeffe,22821,David Richard Barry,9,t,12,,10-10,170,14/1,15,82,98,84,41,6009/8,"€5,900",5900,298779,P Culloty,Soldier Of Fortune,IRE,Blackwater Bride,True,False,,100,,False,,IRE
930009,Quinnbet Handicap Hurdle,185,Killarney,10/04/2026 15:20:00,Hurdle,,,0-100,4yo+,None,2m7f,23,4624,5060,Good,Turf,7238136,Mane Attraction,82680,Phillip Enright,26123,Norman Lee,6,,13,,10-10,170,20/1,21,82,101,67,391,/8060-,"€5,900",5900,278210,Stephen Moran,El Salvador,IRE,Mrs Flemming,False,False,,75,,True,,IRE
930009,Quinnbet Handicap Hurdle,185,Killarney,10/04/2026 15:20:00,Hurdle,,,0-100,4yo+,None,2m7f,23,4624,5060,Good,Turf,5942582,Tedworth,98613,John Shinnick,9503,Michael Barry,6,p,14,,10-9,169,7/1,8,81,103,91,3,4U74P4,"€5,900",5900,54058,Michael Barry,Sholokhov,IRE,Culmore Girl,False,False,,50,,False,,IRE
927469,NSPCC School Service Handicap Chase (Registered As The Simply Ned) (GBB Race),27,Kelso,10/04/2026 15:30:00,SteepleChase,Class 2,,,4yo+,None,2m1f,17,3418,3740,Good,Turf,2536683,Tommy's Oscar IRE,97855,Danny McMenamin,821,Ann Hamilton,11,p,1,,12-0,192,7/1,8,144,150,142,164,42142-,"£20,812",20812,22533,Ian Hamilton,Oscar,IRE,Glibin,False,False,,,,False,,IRE
927469,NSPCC School Service Handicap Chase (Registered As The Simply Ned) (GBB Race),27,Kelso,10/04/2026 15:30:00,SteepleChase,Class 2,,,4yo+,None,2m1f,17,3418,3740,Good,Turf,4129104,Breaking Cover IRE,102459,Chad Bament (5),18639,Anthony Honeyball,8,t,2,,11-9,185,4/1,5,139,149,130,29,6-4411,"£20,812",20812,359728,"Cartwright, Langford And Saunders",Getaway,GER,Peace And The City,False,False,,33,5,False,,IRE
927469,NSPCC School Service Handicap Chase (Registered As The Simply Ned) (GBB Race),27,Kelso,10/04/2026 15:30:00,SteepleChase,Class 2,,,4yo+,None,2m1f,17,3418,3740,Good,Turf,3855481,Traprain Law FR,100439,Patrick Wadge,42490,Lucinda Russell & Michael Scudamore,8,t,3,,11-3,179,4/1,5,133,149,144,169,42133-,"£20,812",20812,843,Raymond Anderson Green,Martaline,GB,Pina,False,False,,46,,False,,FR
927469,NSPCC School Service Handicap Chase (Registered As The Simply Ned) (GBB Race),27,Kelso,10/04/2026 15:30:00,SteepleChase,Class 2,,,4yo+,None,2m1f,17,3418,3740,Good,Turf,4965721,Primoz IRE,88471,Derek Fox,42490,Lucinda Russell & Michael Scudamore,8,t,4,,11-1,177,9/2,5.5,131,147,138,177,5631B-,"£20,812",20812,337110,Aim Equestrian Ltd & Russell,Westerner,GB,Be Mine Tonight,False,False,,46,,False,,IRE
927469,NSPCC School Service Handicap Chase (Registered As The Simply Ned) (GBB Race),27,Kelso,10/04/2026 15:30:00,SteepleChase,Class 2,,,4yo+,None,2m1f,17,3418,3740,Good,Turf,4942572,Aeros Luck IRE,104587,Mr Lucas Murphy (7),4471,Sandy Thomson,7,t,5,,10-7,167,11/2,6.5,123,150,142,165,62233-,"£20,812",20812,843,Raymond Anderson Green,My Dream Boat,IRE,Sapere Aude,False,False,1,67,7,True,,IRE
927469,NSPCC School Service Handicap Chase (Registered As The Simply Ned) (GBB Race),27,Kelso,10/04/2026 15:30:00,SteepleChase,Class 2,,,4yo+,None,2m1f,17,3418,3740,Good,Turf,6362961,Ice Jet IRE,97216,Charlie Todd,16270,Dan Skelton,4,t,6,,10-2,162,2/1,3,127,154,124,19,112V21,"£20,812",20812,348632,Chris & May Mullin,Phoenix Of Spain,IRE,Star Jet,False,False,,44,,True,,IRE
930003,Hailey Equine Irish EBF Brigid's Pastures Stakes (Listed Race) (Fillies &amp; Mares),178,Curragh,10/04/2026 15:40:00,Other,,Listed,,3yo+,Fillies,6f,6,1206,1320,Soft,Turf,6350080,Likedbymike,81425,W J Lee,1070,M J Byrne,4,,1,2,9-6,150,8/1,9,94,112,84,35,293011,"€32,395",32395,356747,Mrs Michael J Byrne & Jerry P Murphy,Inns Of Court,IRE,Trisara,False,False,,,,False,,IRE
930003,Hailey Equine Irish EBF Brigid's Pastures Stakes (Listed Race) (Fillies &amp; Mares),178,Curragh,10/04/2026 15:40:00,Other,,Listed,,3yo+,Fillies,6f,6,1206,1320,Soft,Turf,7780571,Pivotal Attack GB,86848,Gary Carroll,4572,Joseph G Murphy,3,,2,4,9-5,149,9/2,5.5,102,114,105,22,384189,"€32,395",32395,251456,Robert J W Moran,Pinatubo,IRE,Romp,False,False,,50,,False,,GB
930003,Hailey Equine Irish EBF Brigid's Pastures Stakes (Listed Race) (Fillies &amp; Mares),178,Curragh,10/04/2026 15:40:00,Other,,Listed,,3yo+,Fillies,6f,6,1206,1320,Soft,Turf,7427002,Royal Bay Cen,97031,Ben Coen,28180,J P Murtagh,3,,3,11,9-5,149,11/2,6.5,100,116,95,7,45-144,"€32,395",32395,336080,David A Skelly,New Bay,GB,Royal Razalma,False,False,,50,,False,,IRE
930003,Hailey Equine Irish EBF Brigid's Pastures Stakes (Listed Race) (Fillies &amp; Mares),178,Curragh,10/04/2026 15:40:00,Other,,Listed,,3yo+,Fillies,6f,6,1206,1320,Soft,Turf,6287953,Carla Ridge,83482,Chris Hayes,38507,Eddie & Patrick Harty,4,,4,14,9-3,147,5/2,3.5,109,113,111,147,2301-6,"€32,395",32395,371196,Dan & Linda Kiely,New Bay,GB,Almira Wells,False,False,,20,,False,,IRE
930003,Hailey Equine Irish EBF Brigid's Pastures Stakes (Listed Race) (Fillies &amp; Mares),178,Curragh,10/04/2026 15:40:00,Other,,Listed,,3yo+,Fillies,6f,6,1206,1320,Soft,Turf,6111566,Fregada,88563,Ronan Whelan,28792,John James Feane,4,,5,9,9-3,147,14/1,15,90,108,101,74,-96643,"€32,395",32395,95327,Ms Charlotte Musgrave,Kodiac,GB,Violet's Gift,False,False,,,,False,,IRE
930003,Hailey Equine Irish EBF Brigid's Pastures Stakes (Listed Race) (Fillies &amp; Mares),178,Curragh,10/04/2026 15:40:00,Other,,Listed,,3yo+,Fillies,6f,6,1206,1320,Soft,Turf,6224706,Greydreambeliever,13203,Declan McDonogh,32145,Joseph Patrick O'Brien,4,,7,10,9-3,147,12/1,13,94,106,97,15,294581,"€32,395",32395,344898,K Blake/Mrs E Palmer/M Wilson/N Luck,Dark Angel,IRE,Dione,False,False,,47,,False,,IRE
930003,Hailey Equine Irish EBF Brigid's Pastures Stakes (Listed Race) (Fillies &amp; Mares),178,Curragh,10/04/2026 15:40:00,Other,,Listed,,3yo+,Fillies,6f,6,1206,1320,Soft,Turf,5063755,Staysound Susie,97030,Andrew Slattery,10588,Andrew Slattery,5,,8,7,9-3,147,33/1,34,82,99,97,5,531607,"€32,395",32395,330869,Dreamers & Believers Syndicate,U S Navy Flag,USA,Eucharist,False,False,,50,,False,,IRE
930003,Hailey Equine Irish EBF Brigid's Pastures Stakes (Listed Race) (Fillies &amp; Mares),178,Curragh,10/04/2026 15:40:00,Other,,Listed,,3yo+,Fillies,6f,6,1206,1320,Soft,Turf,7280728,Treasure Rose,3572,N G McCullagh,28180,J P Murtagh,4,p,9,16,9-3,147,33/1,34,81,101,90,13,115885,"€32,395",32395,20397,Anthony Paul Smurfit,Inns Of Court,IRE,Wild Mix,False,False,,50,,True,,IRE
930003,Hailey Equine Irish EBF Brigid's Pastures Stakes (Listed Race) (Fillies &amp; Mares),178,Curragh,10/04/2026 15:40:00,Other,,Listed,,3yo+,Fillies,6f,6,1206,1320,Soft,Turf,7436439,Dancing Saxon,99171,J M Sheridan,32145,Joseph Patrick O'Brien,3,,10,1,9-2,146,15/2,8.5,99,113,109,35,112132,"€32,395",32395,217266,Fishdance Limited,Saxon Warrior,JPN,Lady Adelaide,False,False,,47,,False,,IRE
930003,Hailey Equine Irish EBF Brigid's Pastures Stakes (Listed Race) (Fillies &amp; Mares),178,Curragh,10/04/2026 15:40:00,Other,,Listed,,3yo+,Fillies,6f,6,1206,1320,Soft,Turf,7801976,Do For Love,93716,Donagh O'Connor,15240,K J Condon,3,b,11,3,9-2,146,40/1,41,85,91,72,44,5-1667,"€32,395",32395,294268,David K Kelly & Mrs Pauline Condon,Sioux Nation,USA,Dutch Light,True,False,,,,True,2,IRE
930003,Hailey Equine Irish EBF Brigid's Pastures Stakes (Listed Race) (Fillies &amp; Mares),178,Curragh,10/04/2026 15:40:00,Other,,Listed,,3yo+,Fillies,6f,6,1206,1320,Soft,Turf,9009940,Focaccia,7605,Seamie Heffernan,33059,J A Stack,3,,12,6,9-2,146,25/1,26,88,101,88,16,828630,"€32,395",32395,173415,J A Stack,Kodiac,GB,Taste The Salt,False,False,,78,,False,,IRE
930003,Hailey Equine Irish EBF Brigid's Pastures Stakes (Listed Race) (Fillies &amp; Mares),178,Curragh,10/04/2026 15:40:00,Other,,Listed,,3yo+,Fillies,6f,6,1206,1320,Soft,Turf,7780515,Institute,76602,Wayne Lordan,7978,A P O'Brien,3,,13,5,9-2,146,25/1,26,77,93,55,50,2-8641,"€32,395",32395,145061,Derrick Smith & Mrs John Magnier & Michael Tabor,Frankel,GB,Acapulco,False,False,,57,,False,,IRE
930003,Hailey Equine Irish EBF Brigid's Pastures Stakes (Listed Race) (Fillies &amp; Mares),178,Curragh,10/04/2026 15:40:00,Other,,Listed,,3yo+,Fillies,6f,6,1206,1320,Soft,Turf,7588062,Luna Mia GB,100805,Wesley Joyce,1249,Henry De Bromhead,3,,14,8,9-2,146,50/1,51,78,93,79,114,182-47,"€32,395",32395,330493,Shane M Power,Ardad,IRE,Poesy,False,False,,51,,True,1,GB
930003,Hailey Equine Irish EBF Brigid's Pastures Stakes (Listed Race) (Fillies &amp; Mares),178,Curragh,10/04/2026 15:40:00,Other,,Listed,,3yo+,Fillies,6f,6,1206,1320,Soft,Turf,7793630,Space Bear,96222,Jason Watson,10363,Michael Appleby,3,,15,15,9-2,146,25/1,26,85,102,83,19,230211,"€32,395",32395,369448,Foster Bloodstock,Space Blues,IRE,Embraceable You,False,False,,60,,False,,IRE
930003,Hailey Equine Irish EBF Brigid's Pastures Stakes (Listed Race) (Fillies &amp; Mares),178,Curragh,10/04/2026 15:40:00,Other,,Listed,,3yo+,Fillies,6f,6,1206,1320,Soft,Turf,7551793,Spinning Around,96343,Gavin Ryan,36806,Donnacha Aidan O'Brien,3,t,16,12,9-2,146,8/1,9,99,112,108,35,418523,"€32,395",32395,374116,"Mrs M V Magnier,Mrs O'Loughlin,Mrs Byrne",Australia,GB,Perfect Angel,False,False,,43,,False,,IRE
930003,Hailey Equine Irish EBF Brigid's Pastures Stakes (Listed Race) (Fillies &amp; Mares),178,Curragh,10/04/2026 15:40:00,Other,,Listed,,3yo+,Fillies,6f,6,1206,1320,Soft,Turf,7627179,Thenandnow,96266,Nathan Crosse,1285,Mrs John Harrington,3,p,17,13,9-2,146,50/1,51,72,98,74,13,503530,"€32,395",32395,211003,Flaxman Stables Ireland Ltd,Dubawi,IRE,Albigna,True,False,,57,,False,,IRE
927481,F Ball Yellow Bucket Handicap Hurdle,84,Uttoxeter,10/04/2026 15:45:00,Hurdle,Class 5,,0-100,3yo+,None,2m,16,3217,3520,Good,Turf,3586970,Zucayan FR,88451,Nick Slatter (3),13986,Fergal O'Brien,9,t,1,,12-0,192,33/1,34,98,100,78,19,2-2F78,"£3,697",3697,203447,Ian Slatter,Lucayan,FR,John Quatz,False,False,,50,3,False,,FR
927481,F Ball Yellow Bucket Handicap Hurdle,84,Uttoxeter,10/04/2026 15:45:00,Hurdle,Class 5,,0-100,3yo+,None,2m,16,3217,3520,Good,Turf,6728396,Prettylady FR,98673,Jack Tudor,39482,Oliver Greenall & Josh Guerriero,4,tp,2,,11-9,185,6/1,7,94,100,70,30,-11491,"£3,697",3697,365379,The Pretty Lady Syndicate,The Grey Gatsby,IRE,Polarized,False,False,2,70,,False,,FR
927481,F Ball Yellow Bucket Handicap Hurdle,84,Uttoxeter,10/04/2026 15:45:00,Hurdle,Class 5,,0-100,3yo+,None,2m,16,3217,3520,Good,Turf,5343976,Promethean FR,87958,Jonathan England,31667,Sam England,5,t,3,,11-9,185,8/1,9,93,98,36,19,783-F5,"£3,697",3697,353457,Lpd Demolition Ltd,Intello,GER,Vezina,False,False,,71,,False,,FR
927481,F Ball Yellow Bucket Handicap Hurdle,84,Uttoxeter,10/04/2026 15:45:00,Hurdle,Class 5,,0-100,3yo+,None,2m,16,3217,3520,Good,Turf,5557984,Raging Al IRE,91533,David Noonan,43499,Mitchell Hunt & Tim Vaughan,5,ht,4,,11-8,184,20/1,21,92,98,78,194,70527-,"£3,697",3697,244050,The Pant Wilkin Partnership,Sea The Moon,GER,Mountain Bell,True,False,,,,True,1,IRE
927481,F Ball Yellow Bucket Handicap Hurdle,84,Uttoxeter,10/04/2026 15:45:00,Hurdle,Class 5,,0-100,3yo+,None,2m,16,3217,3520,Good,Turf,5262480,Arcon GER,98714,Luke Scott (3),15552,Jennie Candlish,6,p,5,,11-7,183,9/1,10,91,89,82,74,3-667,"£3,697",3697,145301,Mrs Judith Ratcliff,Soldier Hollow,GB,Alisar,False,False,,76,3,False,,GER
927481,F Ball Yellow Bucket Handicap Hurdle,84,Uttoxeter,10/04/2026 15:45:00,Hurdle,Class 5,,0-100,3yo+,None,2m,16,3217,3520,Good,Turf,6759094,Uncle Remus,90406,Brendan Powell,4415,Henrietta C Knight,5,,6,,11-5,181,6/1,7,89,95,62,19,-98P51,"£3,697",3697,222948,Mel Mathias,Frontiersman,GB,Sahalin,False,False,,75,,False,,GB
927481,F Ball Yellow Bucket Handicap Hurdle,84,Uttoxeter,10/04/2026 15:45:00,Hurdle,Class 5,,0-100,3yo+,None,2m,16,3217,3520,Good,Turf,7771198,Chico Magnifica IRE,93186,Sean Bowen,33553,Olly Murphy,4,,7,,11-5,181,9/2,5.5,90,94,92,146,6899-2,"£3,697",3697,367139,The Marca Syndicate,Belardo,IRE,Magnifica,False,False,,64,,False,,IRE
927481,F Ball Yellow Bucket Handicap Hurdle,84,Uttoxeter,10/04/2026 15:45:00,Hurdle,Class 5,,0-100,3yo+,None,2m,16,3217,3520,Good,Turf,3232317,Berry Edge IRE,85218,Harry Skelton,16270,Dan Skelton,8,t,8,,11-3,179,100/30,4.333333333333334,87,99,92,24,5313-2,"£3,697",3697,189542,Dan Skelton,Mukhadram,GB,Amaany,False,False,2,44,,False,2,IRE
927481,F Ball Yellow Bucket Handicap Hurdle,84,Uttoxeter,10/04/2026 15:45:00,Hurdle,Class 5,,0-100,3yo+,None,2m,16,3217,3520,Good,Turf,8688353,Lucky Sevens,91759,Jonathan Burke,40072,James Owen,3,p,9,,10-13,173,7/1,8,100,98,72,,21,"£3,697",3697,207508,Four Winds Racing Partnership,A'Ali,IRE,Fairy Slipper,False,False,,60,,False,,GB
927481,F Ball Yellow Bucket Handicap Hurdle,84,Uttoxeter,10/04/2026 15:45:00,Hurdle,Class 5,,0-100,3yo+,None,2m,16,3217,3520,Good,Turf,7395251,Bowling Shane IRE,83698,Richie McLernon,38093,Clive Boultbee-Brooks,4,tp,10,,10-11,171,12/1,13,82,95,90,19,0-3542,"£3,697",3697,313879,C & C Boultbee Brooks,Australia,GB,Ultra Appeal,False,False,,100,,False,,IRE
927481,F Ball Yellow Bucket Handicap Hurdle,84,Uttoxeter,10/04/2026 15:45:00,Hurdle,Class 5,,0-100,3yo+,None,2m,16,3217,3520,Good,Turf,4277871,Northern Rose IRE,79663,James Davies,6109,Gary Hanmer,6,tp,11,,10-11,171,16/1,17,81,99,82,19,221734,"£3,697",3697,334677,F W Dronzek & C Chell,Footstepsinthesand,GB,Becuille,False,False,,25,,False,,IRE
929957,Prix de l'Opera Longines (Group 1) (3yo+ Fillies &amp; Mares) (Grande Course) (Turf),211,Longchamp,10/04/2026 15:50:00,Other,,(Group 1),,3yo+,Fillies,1m2f,10,2010,2200,Good,Turf,6719079,Cankoura,87600,Mickael Barzalona,26118,F-H Graffard,4,t,1,9,9-2,146,14/1,15,,128,,42,7-4215,"£248,435",248435,358092,Aga Khan Studs SCEA,Persian King,IRE,Candarliya,False,False,,100,,False,,FR
929957,Prix de l'Opera Longines (Group 1) (3yo+ Fillies &amp; Mares) (Grande Course) (Turf),211,Longchamp,10/04/2026 15:50:00,Other,,(Group 1),,3yo+,Fillies,1m2f,10,2010,2200,Good,Turf,5327053,Aventure IRE,84879,Maxime Guyon,20391,C Ferland,5,,2,7,9-2,146,5/4,2.25,,130,,42,0-3141,"£248,435",248435,59934,Wertheimer & Frere,Sea The Stars,IRE,Balladeuse,False,False,,67,,False,,IRE
929957,Prix de l'Opera Longines (Group 1) (3yo+ Fillies &amp; Mares) (Grande Course) (Turf),211,Longchamp,10/04/2026 15:50:00,Other,,(Group 1),,3yo+,Fillies,1m2f,10,2010,2200,Good,Turf,8665676,Pink Panthera,88520,Pierre-Charles Boudot,24210,P Cottier,3,,3,8,8-11,139,4/1,5,,129,,28,31222,"£248,435",248435,372021,Alain Jathiere & Jean-Pierre-Joseph Dubois,Chachnak,FR,Peinture Rose,False,False,,100,,False,,FR
929957,Prix de l'Opera Longines (Group 1) (3yo+ Fillies &amp; Mares) (Grande Course) (Turf),211,Longchamp,10/04/2026 15:50:00,Other,,(Group 1),,3yo+,Fillies,1m2f,10,2010,2200,Good,Turf,7648484,Timeforshowcasing GB,84416,Jack Mitchell,40131,Charlie Johnston,3,,4,6,8-11,139,25/1,26,,125,,21,017234,"£248,435",248435,2791,Jaber Abdullah,Showcasing,GB,Gloryette,False,False,,50,,False,,GB
929957,Prix de l'Opera Longines (Group 1) (3yo+ Fillies &amp; Mares) (Grande Course) (Turf),211,Longchamp,10/04/2026 15:50:00,Other,,(Group 1),,3yo+,Fillies,1m2f,10,2010,2200,Good,Turf,7566150,Venetian Lace IRE,6901,James Doyle,40131,Charlie Johnston,3,,5,1,8-11,139,25/1,26,,123,,22,-39734,"£248,435",248435,59472,Sheikh Hamdan bin Mohammed Al Maktoum,Masar,IRE,Nash Nasha,False,False,,50,,True,,IRE
929957,Prix de l'Opera Longines (Group 1) (3yo+ Fillies &amp; Mares) (Grande Course) (Turf),211,Longchamp,10/04/2026 15:50:00,Other,,(Group 1),,3yo+,Fillies,1m2f,10,2010,2200,Good,Turf,7588057,Beautify IRE,85793,William Buick,7978,A P O'Brien,3,,6,5,8-11,139,33/1,34,,125,,28,866785,"£248,435",248435,145061,Derrick Smith & Mrs John Magnier & Michael Tabor,Wootton Bassett,GB,Words,False,False,,57,,True,,IRE
929957,Prix de l'Opera Longines (Group 1) (3yo+ Fillies &amp; Mares) (Grande Course) (Turf),211,Longchamp,10/04/2026 15:50:00,Other,,(Group 1),,3yo+,Fillies,1m2f,10,2010,2200,Good,Turf,7566156,Jennifer Jane IRE,83746,Silvestre De Sousa,40131,Charlie Johnston,3,,7,2,8-11,139,50/1,51,,122,,21,7-1915,"£248,435",248435,358445,Russell Trew & Townbraccan,New Bay,GB,Enlace,False,False,,50,,False,,IRE
929957,Prix de l'Opera Longines (Group 1) (3yo+ Fillies &amp; Mares) (Grande Course) (Turf),211,Longchamp,10/04/2026 15:50:00,Other,,(Group 1),,3yo+,Fillies,1m2f,10,2010,2200,Good,Turf,7601611,Precise IRE,79202,Ryan Moore,7978,A P O'Brien,3,,8,4,8-11,139,7/2,4.5,,130,,22,112235,"£248,435",248435,296815,Derrick Smith/Mrs John Magnier/Michael Tabor/Westerberg,Starspangledbanner,AUS,Way To My Heart,False,False,,57,,False,,IRE
929957,Prix de l'Opera Longines (Group 1) (3yo+ Fillies &amp; Mares) (Grande Course) (Turf),211,Longchamp,10/04/2026 15:50:00,Other,,(Group 1),,3yo+,Fillies,1m2f,10,2010,2200,Good,Turf,8144053,Miss Scott IRE,75796,Christophe Soumillon,38291,John & Thady Gosden,3,,9,3,8-11,139,6/1,7,,127,,36,1-2121,"£248,435",248435,317647,The Thoroughbred Racing Corporation Ltd,Night Of Thunder,IRE,Queen Guenevere,False,False,,57,,False,,IRE
930010,Carry Out Handicap Chase,185,Killarney,10/04/2026 15:55:00,SteepleChase,,,,4yo+,None,2m1f,17,3418,3740,Good,Turf,1774345,Bythesametoken,101620,Danny Gilligan,25225,Ross O'Sullivan,12,tp,1,,11-12,188,8/1,9,118,126,72,14,359-4U,"€8,835",8835,88893,Downtown Syndicate,Fame And Glory,GB,Moscow Mo Chuisle,False,False,,23,,False,,IRE
930010,Carry Out Handicap Chase,185,Killarney,10/04/2026 15:55:00,SteepleChase,,,,4yo+,None,2m1f,17,3418,3740,Good,Turf,5050189,Beauforts Storm,101618,Mr D Doyle (5),12068,Timothy Doyle,7,p,2,,11-4,180,33/1,34,110,127,112,6,2U744P,"€8,835",8835,145039,Mrs Claire Doyle,Gale Force Ten,GB,Travel Treat,False,False,,29,5,False,,IRE
930010,Carry Out Handicap Chase,185,Killarney,10/04/2026 15:55:00,SteepleChase,,,,4yo+,None,2m1f,17,3418,3740,Good,Turf,5003639,Kilbrin Rocco,94503,Jack Kennedy,26124,Eoin Christopher McCarthy,7,t,3,,10-13,173,9/4,3.25,105,120,93,10,51-292,"€8,835",8835,329577,Jim Curtin,Shirocco,GER,Kashmir Lady,False,False,,46,,True,,IRE
930010,Carry Out Handicap Chase,185,Killarney,10/04/2026 15:55:00,SteepleChase,,,,4yo+,None,2m1f,17,3418,3740,Good,Turf,4910533,Ballybrittas,99225,Ross Sugrue (7),13570,P J Rothwell,7,p,4,,10-12,172,8/1,9,104,122,111,23,4-5138,"€8,835",8835,40820,Laurence Byrne,Champs Elysees,GB,Tchouina,True,False,,29,7,False,,IRE
930010,Carry Out Handicap Chase,185,Killarney,10/04/2026 15:55:00,SteepleChase,,,,4yo+,None,2m1f,17,3418,3740,Good,Turf,2663657,Cahirdown Boy,84936,Sean Flanagan,10680,E McNamara,11,t,5,,10-12,172,14/1,15,104,127,,9,4U5-BU,"€8,835",8835,92299,Sean Curran,Yeats,IRE,Lucy's Legend,False,False,,39,,False,,IRE
930010,Carry Out Handicap Chase,185,Killarney,10/04/2026 15:55:00,SteepleChase,,,,4yo+,None,2m1f,17,3418,3740,Good,Turf,7525359,Claude,101447,Peter Smithers (5),41115,Sarah Joanna Connell,5,tb,6,,10-10,170,6/1,7,102,117,54,23,-03044,"€8,835",8835,35007,M A Ryan,Caravaggio,USA,An Cailin Orga,False,False,,,5,False,,IRE
930010,Carry Out Handicap Chase,185,Killarney,10/04/2026 15:55:00,SteepleChase,,,,4yo+,None,2m1f,17,3418,3740,Good,Turf,3290531,Presenting Lad,82680,Phillip Enright,19629,Mark Michael McNiff,10,tb,7,,10-10,170,5/1,6,102,127,109,34,920P22,"€8,835",8835,318639,Presenting The Lads Syndicate,Califet,FR,Painted Lady,False,False,,40,,False,,IRE
930010,Carry Out Handicap Chase,185,Killarney,10/04/2026 15:55:00,SteepleChase,,,,4yo+,None,2m1f,17,3418,3740,Good,Turf,3404048,Chosen Shant,88288,J J Slevin,15084,Aengus King,10,p,8,,10-8,168,5/1,6,100,121,109,6,125163,"€8,835",8835,150083,Aengus King,Shantou,USA,Ratheniska,False,False,,33,,False,,IRE
930010,Carry Out Handicap Chase,185,Killarney,10/04/2026 15:55:00,SteepleChase,,,,4yo+,None,2m1f,17,3418,3740,Good,Turf,5864702,Party President,8992,Alex Harvey,15696,David O'Sullivan,6,,9,,10-8,168,40/1,41,100,125,101,63,P26600,"€8,835",8835,91724,David O'Sullivan,Berkshire,IRE,Chosen Destiny,False,False,,50,,True,1,IRE
930010,Carry Out Handicap Chase,185,Killarney,10/04/2026 15:55:00,SteepleChase,,,,4yo+,None,2m1f,17,3418,3740,Good,Turf,5521391,Stoneyford Lady,96391,Darragh O'Keeffe,1249,Henry De Bromhead,7,tp,10,,10-8,168,7/1,8,100,126,112,23,7-534F,"€8,835",8835,119222,Declan Landy,Valirann,FR,Presenting D'Azy,False,False,,51,,False,,IRE
927470,Scottish Racing Academy Handicap Chase (Go North Red Rum Series Qualifier) (GBB Race),27,Kelso,10/04/2026 16:05:00,SteepleChase,Class 4,,0-120,4yo+,None,3m2f,26,5228,5720,Good,Turf,5315413,Golden Point FR,88471,Derek Fox,42490,Lucinda Russell & Michael Scudamore,7,,1,,12-0,192,7/2,4.5,117,122,101,204,/511P-,"£5,281",5281,219907,Julian And Karenina Morrison-Bell,Bathyrhon,GER,Diteou,False,False,,46,,False,,FR
927470,Scottish Racing Academy Handicap Chase (Go North Red Rum Series Qualifier) (GBB Race),27,Kelso,10/04/2026 16:05:00,SteepleChase,Class 4,,0-120,4yo+,None,3m2f,26,5228,5720,Good,Turf,5465313,Upfordebate IRE,81409,Brian Hughes,19966,Patrick Neville,7,tp,3,,11-8,184,13/8,2.625,111,120,109,10,5538-1,"£5,281",5281,286423,Eamon McElligott,Mount Nelson,GB,Mrs Peachey,False,False,,63,,False,,IRE
927470,Scottish Racing Academy Handicap Chase (Go North Red Rum Series Qualifier) (GBB Race),27,Kelso,10/04/2026 16:05:00,SteepleChase,Class 4,,0-120,4yo+,None,3m2f,26,5228,5720,Good,Turf,3999621,Inis Oirr IRE,101694,Gregor Walkingshaw (10),42490,Lucinda Russell & Michael Scudamore,9,p,4,,11-3,179,3/1,4,106,122,73,10,1-2234,"£5,281",5281,194502,Gerry McGladery,Ocovango,GB,Peace Time Beauty,False,False,,46,10,False,,IRE
927470,Scottish Racing Academy Handicap Chase (Go North Red Rum Series Qualifier) (GBB Race),27,Kelso,10/04/2026 16:05:00,SteepleChase,Class 4,,0-120,4yo+,None,3m2f,26,5228,5720,Good,Turf,6166356,Sir Carnegie IRE,99195,Shane Fenelon (5),28905,Mickey Bowen,6,b,5,,11-1,177,3/1,4,104,123,114,10,116513,"£5,281",5281,208562,Mickey Bowen,Elusive Pimpernel,USA,Sainte Careigne,False,False,,77,5,False,,IRE
930002,Business Plus Handicap,178,Curragh,10/04/2026 16:15:00,Other,,,,3yo+,None,6f,6,1206,1320,Soft,Turf,7400088,Nakamura,103866,Patrick McGettigan (5),28180,J P Murtagh,3,b,1,16,10-0,160,16/1,17,79,83,75,12,878207,"€12,369",12369,167244,Brunabonne Syndicate,Kodi Bear,IRE,Ahab,False,False,,50,5,False,,IRE
930002,Business Plus Handicap,178,Curragh,10/04/2026 16:15:00,Other,,,,3yo+,None,6f,6,1206,1320,Soft,Turf,2617653,Real Force GB,103881,Sam Coen (5),10702,Gerard O'Leary,9,,2,21,10-0,160,25/1,26,78,81,72,168,/50-40,"€12,369",12369,185761,Lance Bloodstock Limited,Lethal Force,IRE,Real Me,False,False,,43,5,False,,GB
930002,Business Plus Handicap,178,Curragh,10/04/2026 16:15:00,Other,,,,3yo+,None,6f,6,1206,1320,Soft,Turf,7583032,Cool Azul,81425,W J Lee,15929,A Oliver,3,,3,17,9-13,157,12/1,13,78,85,72,47,223712,"€12,369",12369,371167,P G McManus & Neil Connor,Blue Point,IRE,Spanish Fly,False,False,,50,,False,,IRE
930002,Business Plus Handicap,178,Curragh,10/04/2026 16:15:00,Other,,,,3yo+,None,6f,6,1206,1320,Soft,Turf,4826997,Sommelier GB,96266,Nathan Crosse,9803,Kieran P Cotter,5,tv,4,22,9-13,157,8/1,9,77,85,74,8,500004,"€12,369",12369,355892,Rob Egan,Due Diligence,USA,Champagne Queen,True,False,,25,,False,,GB
930002,Business Plus Handicap,178,Curragh,10/04/2026 16:15:00,Other,,,,3yo+,None,6f,6,1206,1320,Soft,Turf,5412908,I Bid You Ajou FR,104676,Reese Holohan (5),28193,Mark Fahey,5,,5,15,9-12,156,20/1,21,76,87,83,21,442260,"€12,369",12369,302199,Pabiroco Syndicate,Shalaa,IRE,Ajou,False,False,,33,5,False,,FR
930002,Business Plus Handicap,178,Curragh,10/04/2026 16:15:00,Other,,,,3yo+,None,6f,6,1206,1320,Soft,Turf,5937872,Tolebi FR,105228,Danny O'Leary (10),10702,Gerard O'Leary,4,,6,18,9-12,156,20/1,21,76,84,67,12,940455,"€12,369",12369,185761,Lance Bloodstock Limited,Golden Horde,IRE,Tomyris,False,False,,43,10,False,,FR
930002,Business Plus Handicap,178,Curragh,10/04/2026 16:15:00,Other,,,,3yo+,None,6f,6,1206,1320,Soft,Turf,7856865,Contrary To Law,97031,Ben Coen,28180,J P Murtagh,3,,7,2,9-10,154,12/1,13,75,77,73,47,-67146,"€12,369",12369,329318,Ballygallon Stud (Ireland) Limited,Night Of Thunder,IRE,Contrary,False,False,,50,,False,,IRE
930002,Business Plus Handicap,178,Curragh,10/04/2026 16:15:00,Other,,,,3yo+,None,6f,6,1206,1320,Soft,Turf,6032296,Smoke Them Out,103558,Terry Casey (7),4244,T G McCourt,4,,8,19,9-10,154,12/1,13,74,84,69,4,030771,"€12,369",12369,346817,Mrs Pauline McCourt & Stephen Sweeney,Sands Of Mali,FR,Night Secret,False,False,,44,7,True,,IRE
930002,Business Plus Handicap,178,Curragh,10/04/2026 16:15:00,Other,,,,3yo+,None,6f,6,1206,1320,Soft,Turf,3095248,Go Athletico FR,88563,Ronan Whelan,14088,Adrian McGuinness,8,t,9,13,9-9,153,28/1,29,73,84,71,12,625600,"€12,369",12369,355896,J Fairhurst & Cyril McMullan,Goken,FR,Byburg,False,False,,38,,False,,FR
930002,Business Plus Handicap,178,Curragh,10/04/2026 16:15:00,Other,,,,3yo+,None,6f,6,1206,1320,Soft,Turf,8236314,Michael's Well,13203,Declan McDonogh,38507,Eddie & Patrick Harty,3,tb,10,20,9-9,153,25/1,26,74,89,76,62,21-685,"€12,369",12369,321781,Dan Kiely,Havana Grey,GB,Mandaza,True,False,,20,,True,,IRE
930002,Business Plus Handicap,178,Curragh,10/04/2026 16:15:00,Other,,,,3yo+,None,6f,6,1206,1320,Soft,Turf,3509924,Jon Riggens,101012,James Ryan,3238,Edward Lynam,8,tv,12,1,9-8,152,16/1,17,72,87,76,25,076713,"€12,369",12369,306795,DWPJ Investments Ltd,Requinto,IRE,Hi Empress,False,False,,33,,False,,IRE
930002,Business Plus Handicap,178,Curragh,10/04/2026 16:15:00,Other,,,,3yo+,None,6f,6,1206,1320,Soft,Turf,5381938,Gerrit's Gem,100369,Jack Cleary (5),4078,J G Coogan,6,b,13,10,9-6,150,18/1,19,70,83,67,25,007034,"€12,369",12369,318787,Gerrit O'Reilly,Belardo,IRE,Oonagh,False,False,,,5,False,,IRE
930002,Business Plus Handicap,178,Curragh,10/04/2026 16:15:00,Other,,,,3yo+,None,6f,6,1206,1320,Soft,Turf,5287721,Nouvel Espoir,103916,Julian Pietropaolo (7),28247,James M Barcoe,6,,14,6,9-6,150,7/1,8,70,82,73,4,443222,"€12,369",12369,342126,Ms Yvonne Hennessy & Ms S O'Neill,Harry Angel,IRE,Hope Lake,False,False,,40,7,False,,IRE
930002,Business Plus Handicap,178,Curragh,10/04/2026 16:15:00,Other,,,,3yo+,None,6f,6,1206,1320,Soft,Turf,7856875,Therewillbeglory,97030,Andrew Slattery,10588,Andrew Slattery,4,,15,12,9-6,150,16/1,17,70,88,73,18,4-3022,"€12,369",12369,372439,Pleasant Star Syndicate,Cotai Glory,GB,Selva Real,False,False,,50,,False,,IRE
930002,Business Plus Handicap,178,Curragh,10/04/2026 16:15:00,Other,,,,3yo+,None,6f,6,1206,1320,Soft,Turf,4303386,Apache Outlaw,100877,Adam Caffrey,14088,Adrian McGuinness,6,tp,16,3,9-4,148,14/1,15,68,87,83,12,350323,"€12,369",12369,357517,Dooley Thoroughbreds & J Fairhurst,Churchill,IRE,Focus Of Attention,False,False,,38,,False,,IRE
930002,Business Plus Handicap,178,Curragh,10/04/2026 16:15:00,Other,,,,3yo+,None,6f,6,1206,1320,Soft,Turf,8058121,Apothic Red,103817,Sadhbh Tormey (7),4244,T G McCourt,3,v,17,14,9-4,148,15/2,8.5,69,81,73,36,865721,"€12,369",12369,361564,Mrs Pauline McCourt/Donal O'Leary/Don't Ask The Wife Synd,Saxon Warrior,JPN,Cherry Wine,False,False,,44,7,False,,IRE
930002,Business Plus Handicap,178,Curragh,10/04/2026 16:15:00,Other,,,,3yo+,None,6f,6,1206,1320,Soft,Turf,5118311,Irish Rumour,104407,Orla Tynan (7),38347,Miss Jennifer Anne Lynch,6,t,18,4,9-3,147,14/1,15,67,77,71,13,050315,"€12,369",12369,331904,Jerry Fennell & Pat Phibbs,Footstepsinthesand,GB,Selfless,False,False,,33,7,False,,IRE
930002,Business Plus Handicap,178,Curragh,10/04/2026 16:15:00,Other,,,,3yo+,None,6f,6,1206,1320,Soft,Turf,5746545,Noble Nation,86848,Gary Carroll,10702,Gerard O'Leary,5,t,20,8,9-2,146,10/1,11,66,85,51,168,000-13,"€12,369",12369,185761,Lance Bloodstock Limited,Sioux Nation,USA,Mooching Along,True,False,,43,,True,,IRE
930002,Business Plus Handicap,178,Curragh,10/04/2026 16:15:00,Other,,,,3yo+,None,6f,6,1206,1320,Soft,Turf,7400091,Venetian Star,96569,Luke McAteer,38220,Patrick T Foley,3,tb,21,7,8-13,141,25/1,26,64,85,87,6,200505,"€12,369",12369,333880,Tony Branagan Meats Limited,Starman,GB,Mistress Of Venice,False,False,,50,,False,,IRE
930002,Business Plus Handicap,178,Curragh,10/04/2026 16:15:00,Other,,,,3yo+,None,6f,6,1206,1320,Soft,Turf,7627167,Green Kite,104356,Conor Cusack (7),34668,Kevin Thomas Coleman,4,,22,23,8-11,139,33/1,34,61,87,78,12,420458,"€12,369",12369,159882,Anthony Calnan,Profitable,IRE,Valentine Hill,False,False,,23,7,True,,IRE
930002,Business Plus Handicap,178,Curragh,10/04/2026 16:15:00,Other,,,,3yo+,None,6f,6,1206,1320,Soft,Turf,7183158,Go Out FR,99788,Jamie Powell,40747,Daniel James Murphy,4,,23,5,8-10,138,28/1,29,60,83,78,13,903460,"€12,369",12369,366739,Mrs John Murphy & John Pearson & Karl Kirwan,Hello Youmzain,FR,Gracefully,False,False,,17,,False,,FR
930002,Business Plus Handicap,178,Curragh,10/04/2026 16:15:00,Other,,,,3yo+,None,6f,6,1206,1320,Soft,Turf,3701271,Tawaazon,103045,Keithen Kennedy (5),33577,John Andrew Kinsella,8,tb,24,24,8-7,135,25/1,26,57,85,66,15,594556,"€12,369",12369,226292,J O Mythen,Invincible Spirit,IRE,Tamadhor,False,False,,100,5,False,,IRE
927480,F Ball Centre Of Excellence Handicap Chase,84,Uttoxeter,10/04/2026 16:20:00,SteepleChase,Class 5,,0-105,4yo+,None,2m,16,3217,3520,Good,Turf,7169720,Inedit d'Amour FR,93874,Theo Gillard,15674,Donald McCain,5,,2,,12-0,192,16/1,17,105,,,183,01540-,"£3,697",3697,282269,Four Counties,Beaumec De Houelle,FR,Sweet Love,False,False,,33,,False,,FR
927480,F Ball Centre Of Excellence Handicap Chase,84,Uttoxeter,10/04/2026 16:20:00,SteepleChase,Class 5,,0-105,4yo+,None,2m,16,3217,3520,Good,Turf,7191405,Ask A Sainte,93186,Sean Bowen,33553,Olly Murphy,6,,3,,12-0,192,6/1,7,105,107,97,28,-412P4,"£3,697",3697,124362,Fools And Horses,Ask,GB,Sainte Fortuna,False,False,,64,,False,,GB
927480,F Ball Centre Of Excellence Handicap Chase,84,Uttoxeter,10/04/2026 16:20:00,SteepleChase,Class 5,,0-105,4yo+,None,2m,16,3217,3520,Good,Turf,4241620,Bertie B,83698,Richie McLernon,38093,Clive Boultbee-Brooks,8,,4,,11-13,189,33/1,34,104,,,109,P09/P5,"£3,697",3697,313879,C & C Boultbee Brooks,Kayf Tara,GB,Toubeera,False,False,,100,,False,,GB
927480,F Ball Centre Of Excellence Handicap Chase,84,Uttoxeter,10/04/2026 16:20:00,SteepleChase,Class 5,,0-105,4yo+,None,2m,16,3217,3520,Good,Turf,4977912,Holy Legend,91230,James Best,27500,Alexandra Dunn,7,h,5,,11-11,187,100/30,4.333333333333334,102,108,85,30,6-1211,"£3,697",3697,257759,The Profile Partnership 2,Passing Glance,GB,Holy Veil,False,False,,,,False,,GB
927480,F Ball Centre Of Excellence Handicap Chase,84,Uttoxeter,10/04/2026 16:20:00,SteepleChase,Class 5,,0-105,4yo+,None,2m,16,3217,3520,Good,Turf,3678078,Ghasham IRE,87958,Jonathan England,31667,Sam England,7,t,6,,11-11,187,7/1,8,102,112,106,34,213V32,"£3,697",3697,112878,Worcester Racing Club,Churchill,IRE,Shamarbelle,False,False,,71,,False,,IRE
927480,F Ball Centre Of Excellence Handicap Chase,84,Uttoxeter,10/04/2026 16:20:00,SteepleChase,Class 5,,0-105,4yo+,None,2m,16,3217,3520,Good,Turf,8205601,Playful Fox FR,85218,Harry Skelton,16270,Dan Skelton,4,t,7,,11-4,180,4/1,5,104,,,26,241215,"£3,697",3697,227257,Babbitt Racing,Hunter's Light,IRE,Reform Act,False,False,,44,,False,,FR
927480,F Ball Centre Of Excellence Handicap Chase,84,Uttoxeter,10/04/2026 16:20:00,SteepleChase,Class 5,,0-105,4yo+,None,2m,16,3217,3520,Good,Turf,2838196,Dexter FR,100082,Toby Wynne,39482,Oliver Greenall & Josh Guerriero,9,tb,8,,11-0,176,8/1,9,91,112,100,25,-46433,"£3,697",3697,358310,Barry And The Chuckles,Canford Cliffs,IRE,Hideaway,False,False,,70,,False,,FR
927480,F Ball Centre Of Excellence Handicap Chase,84,Uttoxeter,10/04/2026 16:20:00,SteepleChase,Class 5,,0-105,4yo+,None,2m,16,3217,3520,Good,Turf,4268573,Prospect House IRE,101507,William Maggs (3),15449,Peter Niven,8,v,9,,10-12,172,10/1,11,89,108,104,78,31-433,"£3,697",3697,303519,Hard Held Partnership And Angus Racing,Retirement Plan,GB,Niffyrann,False,False,,100,3,False,,IRE
927480,F Ball Centre Of Excellence Handicap Chase,84,Uttoxeter,10/04/2026 16:20:00,SteepleChase,Class 5,,0-105,4yo+,None,2m,16,3217,3520,Good,Turf,3820097,Tropical Talent,98673,Jack Tudor,39482,Oliver Greenall & Josh Guerriero,7,tp,10,,10-3,163,13/2,7.5,80,111,95,25,2/52-2,"£3,697",3697,308919,The Oldcastle Racing Syndicate,Nathaniel,IRE,Tropical Rock,False,False,,70,,False,,GB
929958,Qatar Prix de la Foret (Group 1) (3yo+) (New Course) (Turf),211,Longchamp,10/04/2026 16:25:00,Other,,(Group 1),,3yo+,None,7f,7,1407,1540,Good,Turf,6064586,Marvelman IRE,76872,P J McDonald,15605,Andrew Balding,4,t,1,4,9-2,146,11/1,12,,130,,29,-92638,"£173,904",173904,291929,Bond Thoroughbred Limited,Invincible Spirit,IRE,Varamini,True,False,,52,,False,,IRE
929958,Qatar Prix de la Foret (Group 1) (3yo+) (New Course) (Turf),211,Longchamp,10/04/2026 16:25:00,Other,,(Group 1),,3yo+,None,7f,7,1407,1540,Good,Turf,7870243,Samangan IRE,87600,Mickael Barzalona,26118,F-H Graffard,3,p,2,7,9-0,144,15/8,2.875,,129,,56,24641,"£173,904",173904,374714,His Highness The Aga Khans Studs S C,Blue Point,IRE,Samadrisa,False,False,,100,,False,,IRE
929958,Qatar Prix de la Foret (Group 1) (3yo+) (New Course) (Turf),211,Longchamp,10/04/2026 16:25:00,Other,,(Group 1),,3yo+,None,7f,7,1407,1540,Good,Turf,7627162,Puerto Rico IRE,85793,William Buick,7978,A P O'Brien,3,,3,8,9-0,144,12/1,13,,129,,43,1-4606,"£173,904",173904,143821,Mrs John Magnier & Michael Tabor & Derrick Smith,Wootton Bassett,GB,April Showers,False,False,,57,,True,,IRE
929958,Qatar Prix de la Foret (Group 1) (3yo+) (New Course) (Turf),211,Longchamp,10/04/2026 16:25:00,Other,,(Group 1),,3yo+,None,7f,7,1407,1540,Good,Turf,7551797,Thesecretadversary IRE,75796,Christophe Soumillon,33059,J A Stack,3,,4,5,9-0,144,5/2,3.5,,128,,49,156116,"£173,904",173904,262821,Cayton Park Stud & Mrs John Magnier,St Mark's Basilica,FR,Too Soon To Panic,False,False,,78,,False,,IRE
929958,Qatar Prix de la Foret (Group 1) (3yo+) (New Course) (Turf),211,Longchamp,10/04/2026 16:25:00,Other,,(Group 1),,3yo+,None,7f,7,1407,1540,Good,Turf,7588001,Nighttime,84879,Maxime Guyon,35411,Christopher Head,3,b,5,1,9-0,144,7/1,8,,125,,28,26135,"£173,904",173904,59934,Wertheimer & Frere,Wootton Bassett,GB,Daytime,False,False,,100,,False,,FR
929958,Qatar Prix de la Foret (Group 1) (3yo+) (New Course) (Turf),211,Longchamp,10/04/2026 16:25:00,Other,,(Group 1),,3yo+,None,7f,7,1407,1540,Good,Turf,8922406,My Calyx Cen IRE,84951,Aurelien Lemaitre,35284,Patrik Olave Valdivielso,3,,6,6,9-0,144,66/1,67,,121,,35,11108,"£173,904",173904,280071,Yeguada Centurion Slu,Calyx,GB,My Gi Gi,False,False,,,,False,,IRE
929958,Qatar Prix de la Foret (Group 1) (3yo+) (New Course) (Turf),211,Longchamp,10/04/2026 16:25:00,Other,,(Group 1),,3yo+,None,7f,7,1407,1540,Good,Turf,8009398,Showna,94132,Marvin Grandin,21768,S Kobayashi,3,,7,2,8-10,138,40/1,41,,125,,21,18154,"£173,904",173904,348631,Guy Pariente Holding & S Kobayashi,Kendargent,FR,Show Gorb,False,False,,,,False,,FR
929958,Qatar Prix de la Foret (Group 1) (3yo+) (New Course) (Turf),211,Longchamp,10/04/2026 16:25:00,Other,,(Group 1),,3yo+,None,7f,7,1407,1540,Good,Turf,7466846,True Love IRE,79202,Ryan Moore,7978,A P O'Brien,3,,8,3,8-10,138,9/2,5.5,,131,,22,123256,"£173,904",173904,143761,Michael Tabor & Derrick Smith & Mrs John Magnier,No Nay Never,USA,Alluringly,False,False,,57,,False,,IRE
930011,O'Donoghue Ring Collection Beginners Chase,185,Killarney,10/04/2026 16:30:00,SteepleChase,,,,4yo+,None,2m5f,21,4222,4620,Good,Turf,6979143,Mister Loolah,101818,Luke Burke Ott (7),40582,Alexander Ott,6,,2,,11-12,188,66/1,67,,74,,,476PB-,"€8,835",8835,301773,Alexander Ott,Sageburg,IRE,Miss Maiden Over,False,False,,,7,False,,IRE
930011,O'Donoghue Ring Collection Beginners Chase,185,Killarney,10/04/2026 16:30:00,SteepleChase,,,,4yo+,None,2m5f,21,4222,4620,Good,Turf,7534577,Stede Bonnet,94503,Jack Kennedy,18145,Gordon Elliott,5,,3,,11-12,188,7/2,4.5,,,,64,30-230,"€8,835",8835,358209,Agardsley Investments Limited,Walk In The Park,IRE,Shannon Rose,False,False,,48,,False,,IRE
930011,O'Donoghue Ring Collection Beginners Chase,185,Killarney,10/04/2026 16:30:00,SteepleChase,,,,4yo+,None,2m5f,21,4222,4620,Good,Turf,5689556,Time Is A Thief,96391,Darragh O'Keeffe,1249,Henry De Bromhead,6,h,4,,11-12,188,5/2,3.5,,,,130,2/F1-2,"€8,835",8835,348127,Syders & Burkes Partnership,Doyen,IRE,Carrigeen Aspen,False,False,,51,,False,,IRE
930011,O'Donoghue Ring Collection Beginners Chase,185,Killarney,10/04/2026 16:30:00,SteepleChase,,,,4yo+,None,2m5f,21,4222,4620,Good,Turf,3507919,Woodstream Lad,8992,Alex Harvey,15696,David O'Sullivan,9,p,5,,11-12,188,25/1,26,99,106,,9,P-2506,"€8,835",8835,352943,Eleven Grumpy Men Syndicate,Soldier Of Fortune,IRE,Alfa Belle,False,False,,50,,True,,IRE
927474,Join Racing TV Now Conditional Jockeys' Handicap Hurdle,27,Kelso,10/04/2026 16:40:00,Hurdle,Class 5,,0-100,3yo+,None,2m5f,21,4222,4620,Good,Turf,5412821,Helsgetaway IRE,101694,Gregor Walkingshaw (10),42490,Lucinda Russell & Michael Scudamore,7,p,1,,12-0,192,3/1,4,92,94,65,133,F40-33,"£4,225",4225,312883,The Red Shoes,Getaway,GER,Heltornic,False,False,,46,10,False,,IRE
927474,Join Racing TV Now Conditional Jockeys' Handicap Hurdle,27,Kelso,10/04/2026 16:40:00,Hurdle,Class 5,,0-100,3yo+,None,2m5f,21,4222,4620,Good,Turf,4795997,Theirshegoes IRE,101916,Leah Noreci (5),4471,Sandy Thomson,9,,2,,11-12,188,9/1,10,90,94,60,27,5-7827,"£4,225",4225,338776,Cakemuir Racing,Court Cave,IRE,Betty Scott,False,False,,67,5,True,,IRE
927474,Join Racing TV Now Conditional Jockeys' Handicap Hurdle,27,Kelso,10/04/2026 16:40:00,Hurdle,Class 5,,0-100,3yo+,None,2m5f,21,4222,4620,Good,Turf,4084641,Lone Star,98858,Oscar Palmer (3),18875,Philip Kirby,9,t,3,,11-10,186,8/1,9,88,101,81,20,543746,"£4,225",4225,318562,John Cornforth And Peter Rawcliffe,Kayf Tara,GB,Supreme Gem,False,False,,19,3,True,,GB
927474,Join Racing TV Now Conditional Jockeys' Handicap Hurdle,27,Kelso,10/04/2026 16:40:00,Hurdle,Class 5,,0-100,3yo+,None,2m5f,21,4222,4620,Good,Turf,7529898,Valtteri Its James IRE,101951,Jack Power,42490,Lucinda Russell & Michael Scudamore,5,,4,,11-7,183,5/1,6,85,92,70,155,6674-P,"£4,225",4225,366619,The 1892 Partnership,Poet's Word,IRE,Bruens Folly,False,False,,46,,False,,IRE
927474,Join Racing TV Now Conditional Jockeys' Handicap Hurdle,27,Kelso,10/04/2026 16:40:00,Hurdle,Class 5,,0-100,3yo+,None,2m5f,21,4222,4620,Good,Turf,6555398,My My My Delilah,100178,Murray Dodd,9181,Stuart Coltherd,6,t,5,,11-3,179,9/2,5.5,81,99,77,120,94-P64,"£4,225",4225,49791,S Coltherd,Blue Bresil,FR,Dilys Thomas,False,False,,,,True,,GB
927474,Join Racing TV Now Conditional Jockeys' Handicap Hurdle,27,Kelso,10/04/2026 16:40:00,Hurdle,Class 5,,0-100,3yo+,None,2m5f,21,4222,4620,Good,Turf,7648524,Boston Queen IRE,99321,Conor Rabbitt,27397,William Young Jnr,5,,6,,11-1,177,25/1,26,79,84,51,10,60-BP6,"£4,225",4225,349855,W G Young Jnr,Rajj,IRE,Age Of Diplomacy,False,False,,50,,False,2,IRE
927474,Join Racing TV Now Conditional Jockeys' Handicap Hurdle,27,Kelso,10/04/2026 16:40:00,Hurdle,Class 5,,0-100,3yo+,None,2m5f,21,4222,4620,Good,Turf,4578066,Luminaries IRE,101500,Charlie Maggs,38714,Ewan Whillans,9,tb,7,,10-12,172,11/4,3.75,76,94,88,25,9-0772,"£4,225",4225,359821,Ewan Whillans Racing Club,Leading Light,IRE,Pas De Chapeau,False,False,,60,,True,,IRE
927474,Join Racing TV Now Conditional Jockeys' Handicap Hurdle,27,Kelso,10/04/2026 16:40:00,Hurdle,Class 5,,0-100,3yo+,None,2m5f,21,4222,4620,Good,Turf,2067379,Malangen IRE,102985,Dominic Hislop (5),14973,Lisa Harrison,11,,8,,10-11,171,10/1,11,75,99,82,10,U28448,"£4,225",4225,251252,T Hunter & D A Harrison Racing,Born To Sea,IRE,Lady's Locket,False,False,,17,5,False,,IRE
930004,Holden Plant Rentals Lady Riders Classic (Q.R.) Handicap,178,Curragh,10/04/2026 16:50:00,Other,,,,3yo+,None,1m4f,12,2412,2640,Yielding,Turf,1560796,Ben Vrackie GB,84729,Miss Hazel Anne Smith (7),35538,James Andrew Fahey,11,p,1,2,11-7,183,66/1,67,80,52,-16,9,/4/0-0,"€12,369",12369,346447,Patrick Dempsey,Frankel,GB,Kinnaird,False,False,,33,7,False,2,GB
930004,Holden Plant Rentals Lady Riders Classic (Q.R.) Handicap,178,Curragh,10/04/2026 16:50:00,Other,,,,3yo+,None,1m4f,12,2412,2640,Yielding,Turf,3417374,The Mediator,104634,Ms C E O'Ryan (7),18145,Gordon Elliott,9,,2,3,11-3,179,12/1,13,76,57,49,32,3-3455,"€12,369",12369,361785,Mrs Sheila O'Ryan & John F Doyle & Grant Leon,Maxios,GB,All About Love,False,False,,48,7,False,,IRE
930004,Holden Plant Rentals Lady Riders Classic (Q.R.) Handicap,178,Curragh,10/04/2026 16:50:00,Other,,,,3yo+,None,1m4f,12,2412,2640,Yielding,Turf,3609055,Satono Chevalier,101976,Ms E C Costello (7),41583,M K Flannery,8,b,3,8,11-2,178,7/1,8,75,60,32,13,130067,"€12,369",12369,361758,M K Flannery,Invincible Spirit,IRE,Albisola,False,False,,,7,True,,IRE
930004,Holden Plant Rentals Lady Riders Classic (Q.R.) Handicap,178,Curragh,10/04/2026 16:50:00,Other,,,,3yo+,None,1m4f,12,2412,2640,Yielding,Turf,5283739,Sinbad My Dad,99364,Miss Georgie Benson (7),5354,Seamus Fahey,5,b,4,1,11-2,178,11/2,6.5,75,62,50,18,649281,"€12,369",12369,359067,Mrs Helen Butler & John A Griffin & Mrs Bernadette Fahey,Smooth Daddy,USA,Mossy's Lodge,False,False,,,7,True,,IRE
930004,Holden Plant Rentals Lady Riders Classic (Q.R.) Handicap,178,Curragh,10/04/2026 16:50:00,Other,,,,3yo+,None,1m4f,12,2412,2640,Yielding,Turf,3916396,Whimsy GB,104184,Ms A M Connolly (7),29816,Anthony McCann,7,p,5,7,11-2,178,9/1,10,75,67,46,32,/3-320,"€12,369",12369,18284,Miss Rita Shah,Charming Thought,GB,Cape Victoria,False,False,,50,7,True,,GB
930004,Holden Plant Rentals Lady Riders Classic (Q.R.) Handicap,178,Curragh,10/04/2026 16:50:00,Other,,,,3yo+,None,1m4f,12,2412,2640,Yielding,Turf,2651857,A Wave Of The Sea,99880,Miss L Costello (7),14344,J P Broderick,10,,6,11,11-1,177,8/1,9,74,65,,,6/4/9/,"€12,369",12369,20887,John P McManus,Born To Sea,IRE,Je T'Adore,False,False,,,7,True,,IRE
930004,Holden Plant Rentals Lady Riders Classic (Q.R.) Handicap,178,Curragh,10/04/2026 16:50:00,Other,,,,3yo+,None,1m4f,12,2412,2640,Yielding,Turf,6064590,Prophet's Path GB,105418,Ms S Joubert (7),16261,Liam P Cusack,5,,7,5,11-1,177,25/1,26,74,66,,738,32222/,"€12,369",12369,270484,John T Murray,Masar,IRE,Khobaraa,False,False,,,7,True,1,GB
930004,Holden Plant Rentals Lady Riders Classic (Q.R.) Handicap,178,Curragh,10/04/2026 16:50:00,Other,,,,3yo+,None,1m4f,12,2412,2640,Yielding,Turf,7856885,Rest Your Mind,101105,Miss O M Queally (7),41410,Gerard Edmund O'Leary,4,,8,14,10-13,173,5/1,6,72,67,44,19,506-14,"€12,369",12369,182295,Mrs Claire Gleeson,Wootton Bassett,GB,Hikari,False,False,,50,7,True,,IRE
930004,Holden Plant Rentals Lady Riders Classic (Q.R.) Handicap,178,Curragh,10/04/2026 16:50:00,Other,,,,3yo+,None,1m4f,12,2412,2640,Yielding,Turf,5453403,Beyond Your Dreams,97414,Miss A B O'Connor,34143,Padraig Roche,5,p,9,12,10-10,170,10/1,11,69,60,,,612/7-,"€12,369",12369,20887,John P McManus,Fastnet Rock,AUS,It's My Pleasure,False,False,,33,,False,,IRE
930004,Holden Plant Rentals Lady Riders Classic (Q.R.) Handicap,178,Curragh,10/04/2026 16:50:00,Other,,,,3yo+,None,1m4f,12,2412,2640,Yielding,Turf,4455655,High Honour GB,100433,Miss M Walsh (7),8859,Donal Kinsella,6,tp,11,4,10-7,167,20/1,21,66,62,49,,0/0400,"€12,369",12369,22238,Donal Kinsella,Frankel,GB,As Good As Gold,False,False,,,7,True,,GB
930004,Holden Plant Rentals Lady Riders Classic (Q.R.) Handicap,178,Curragh,10/04/2026 16:50:00,Other,,,,3yo+,None,1m4f,12,2412,2640,Yielding,Turf,3730964,Alfalfa,103073,Ms J I Stokes (7),12068,Timothy Doyle,8,,12,10,10-6,166,11/2,6.5,65,63,51,7,5410-6,"€12,369",12369,145039,Mrs Claire Doyle,Sir Prancealot,IRE,Mrs Popple,False,False,,29,7,False,,IRE
930004,Holden Plant Rentals Lady Riders Classic (Q.R.) Handicap,178,Curragh,10/04/2026 16:50:00,Other,,,,3yo+,None,1m4f,12,2412,2640,Yielding,Turf,5270606,Mapa CAN,100427,Miss R Hogan (7),27516,Ms Sheila Lavery,5,ht,14,6,10-0,160,33/1,34,59,59,46,30,300060,"€12,369",12369,308093,Sue Chadwick,Mitole,USA,Two Timing Girl,False,False,,80,7,False,,CAN
927479,QuinnBet Handicap Chase,84,Uttoxeter,10/04/2026 16:56:00,SteepleChase,Class 5,,0-100,4yo+,None,3m,24,4825,5280,Good,Turf,4979974,Better Off Alone IRE,103518,Freddie Keighley (5),15642,Martin Keighley,7,v,1,,12-0,192,2/1,3,98,107,94,30,P34P-3,"£3,697",3697,187609,David Maughan,Ocovango,GB,Tina's Truffles,True,False,,50,5,False,,IRE
927479,QuinnBet Handicap Chase,84,Uttoxeter,10/04/2026 16:56:00,SteepleChase,Class 5,,0-100,4yo+,None,3m,24,4825,5280,Good,Turf,4057201,A Dublin Job IRE,91230,James Best,27290,Sarah-Jayne Davies,9,,2,,11-4,180,20/1,21,88,104,94,19,5565U6,"£3,697",3697,268537,Moorland Racing And Mark Hammond,Ask,GB,Coppervega,False,False,,33,,False,,IRE
927479,QuinnBet Handicap Chase,84,Uttoxeter,10/04/2026 16:56:00,SteepleChase,Class 5,,0-100,4yo+,None,3m,24,4825,5280,Good,Turf,3900247,Bravethewaves,100082,Toby Wynne,39482,Oliver Greenall & Josh Guerriero,9,tp,3,,11-1,177,14/1,15,85,106,86,36,7175-0,"£3,697",3697,309770,The Brave Bunch,Gentlewave,IRE,Miss Lucky Penny,False,False,,70,,False,,GB
927479,QuinnBet Handicap Chase,84,Uttoxeter,10/04/2026 16:56:00,SteepleChase,Class 5,,0-100,4yo+,None,3m,24,4825,5280,Good,Turf,3499325,Another Mystery,91902,Tabitha Worsley,16208,Sarah Humphrey,9,tb,4,,10-12,172,9/1,10,82,105,98,117,3PU1-5,"£3,697",3697,126243,Mrs S J Humphrey,Norse Dancer,IRE,Misstree Pitcher,False,False,,,,False,,GB
927479,QuinnBet Handicap Chase,84,Uttoxeter,10/04/2026 16:56:00,SteepleChase,Class 5,,0-100,4yo+,None,3m,24,4825,5280,Good,Turf,5214259,Izzy's Grey IRE,83292,Lee Edwards,20456,Belinda Clarke,7,tp,5,,10-11,171,10/1,11,81,106,100,24,-44206,"£3,697",3697,337816,Shininmoon,Jukebox Jury,IRE,Shamble Street,False,False,,,,False,,IRE
927479,QuinnBet Handicap Chase,84,Uttoxeter,10/04/2026 16:56:00,SteepleChase,Class 5,,0-100,4yo+,None,3m,24,4825,5280,Good,Turf,4950332,Jo Arengeot Bey AA FR,88907,Gavin Sheehan,15674,Donald McCain,7,tv,6,,10-11,171,9/4,3.25,81,107,96,24,-1P233,"£3,697",3697,256325,N Hartley,Polarix,GB,Totoche Bey,False,False,,33,,False,,FR
927479,QuinnBet Handicap Chase,84,Uttoxeter,10/04/2026 16:56:00,SteepleChase,Class 5,,0-100,4yo+,None,3m,24,4825,5280,Good,Turf,4994527,Fane Court IRE,93122,Lewis Stones (3),35958,D J Jeffreys,8,p,7,,10-5,165,3/1,4,75,,,26,P-4323,"£3,697",3697,226652,Mark E Smith,Court Cave,IRE,Fane Princess,True,False,,67,3,True,,IRE
930204,Qatar Grand Handicap des Flyers Presente Par RMC (Turf),211,Longchamp,10/04/2026 17:00:00,Other,,,,3yo+,None,7f,7,1407,1540,Good,Turf,5718989,Blue Brother,87600,Mickael Barzalona,25988,Hamad Al Jehani,5,,1,13,9-8,152,8/1,9,104,115,,21,0-4851,"£31,304",31304,325088,Wathnan Racing,Intello,GER,Audacious Girl,False,False,,40,,True,,FR
930204,Qatar Grand Handicap des Flyers Presente Par RMC (Turf),211,Longchamp,10/04/2026 17:00:00,Other,,,,3yo+,None,7f,7,1407,1540,Good,Turf,5733280,La Mandala,75796,Christophe Soumillon,11961,R Chotard,5,t,2,14,9-4,148,6/1,7,99,113,,,13138,"£31,304",31304,372641,"Bernard Giraudon, Mme Solange Galewski & Jean-Francois Font",City Light,FR,Galanaa,False,False,,,,False,,FR
930204,Qatar Grand Handicap des Flyers Presente Par RMC (Turf),211,Longchamp,10/04/2026 17:00:00,Other,,,,3yo+,None,7f,7,1407,1540,Good,Turf,3921742,Siam Paragon,84951,Aurelien Lemaitre,5042,G Doleuze,7,,3,11,9-4,148,10/1,11,99,113,,,86-632,"£31,304",31304,45859,Mme Claire Stephenson,Shalaa,IRE,Cracker,False,False,,,,False,,FR
930204,Qatar Grand Handicap des Flyers Presente Par RMC (Turf),211,Longchamp,10/04/2026 17:00:00,Other,,,,3yo+,None,7f,7,1407,1540,Good,Turf,5507009,Tortisambert,88850,Cristian Demuro,10210,F Chappet,5,,4,4,9-0,144,9/1,10,95,114,,,52200,"£31,304",31304,160393,Gerard Augustin-Normand,Sioux Nation,USA,Top Chain,False,False,,,,False,,FR
930204,Qatar Grand Handicap des Flyers Presente Par RMC (Turf),211,Longchamp,10/04/2026 17:00:00,Other,,,,3yo+,None,7f,7,1407,1540,Good,Turf,5038608,Colombier GB,6901,James Doyle,25988,Hamad Al Jehani,6,t,5,16,9-0,144,12/1,13,95,117,,67,-01056,"£31,304",31304,325088,Wathnan Racing,Kingman,GB,Ventoux,False,False,,40,,False,,GB
930204,Qatar Grand Handicap des Flyers Presente Par RMC (Turf),211,Longchamp,10/04/2026 17:00:00,Other,,,,3yo+,None,7f,7,1407,1540,Good,Turf,5251937,Skylight Brochard HOL,88520,Pierre-Charles Boudot,38882,Tim Donworth,5,p,6,3,9-0,144,8/1,9,95,113,,,91244,"£31,304",31304,310136,Tim Donworth,Mehmas,IRE,Fonseca,False,False,,,,False,,HOL
930204,Qatar Grand Handicap des Flyers Presente Par RMC (Turf),211,Longchamp,10/04/2026 17:00:00,Other,,,,3yo+,None,7f,7,1407,1540,Good,Turf,6106959,Purple Lion IRE,95509,Hugo Boutin,26118,F-H Graffard,4,t,7,2,8-13,141,8/1,9,94,112,,,1-14d5,"£31,304",31304,233165,Ecurie Mathieu Offenstadt,Le Havre,IRE,My Gi Gi,False,False,,100,,False,,IRE
930204,Qatar Grand Handicap des Flyers Presente Par RMC (Turf),211,Longchamp,10/04/2026 17:00:00,Other,,,,3yo+,None,7f,7,1407,1540,Good,Turf,5146156,Ten Horns,95774,Alexis Pouchin,24210,P Cottier,5,p,8,1,8-11,139,10/1,11,93,118,,,05233,"£31,304",31304,333984,"Ecurie Gribomont, Ecurie Du Sud & G Augustin-Normand",Ten Sovereigns,IRE,Rivalba,False,False,,100,,False,,FR
930204,Qatar Grand Handicap des Flyers Presente Par RMC (Turf),211,Longchamp,10/04/2026 17:00:00,Other,,,,3yo+,None,7f,7,1407,1540,Good,Turf,6433746,Felix Aux Ormes,94366,Hugo Journiac,20943,Y Barberot,4,,9,7,8-10,138,16/1,17,91,116,,,15720,"£31,304",31304,349017,Yves Lenoir & Jean-Noel Bocahut,Kodiac,GB,Ma Cherie,False,False,,,,False,,FR
930204,Qatar Grand Handicap des Flyers Presente Par RMC (Turf),211,Longchamp,10/04/2026 17:00:00,Other,,,,3yo+,None,7f,7,1407,1540,Good,Turf,7152098,Profumo Di Iena,98301,Marco Ghiani,8059,Maurizio Guarnieri,4,,10,5,8-10,138,20/1,21,91,117,,,44585,"£31,304",31304,326223,Luca Alberto Morari & Maurizio Guarnieri,The Grey Gatsby,IRE,Endeavor,False,False,,,,True,,FR
930204,Qatar Grand Handicap des Flyers Presente Par RMC (Turf),211,Longchamp,10/04/2026 17:00:00,Other,,,,3yo+,None,7f,7,1407,1540,Good,Turf,5311149,Talentuoso USA,94132,Marvin Grandin,42488,Pierre-Etienne Dubois,5,,11,9,8-9,137,10/1,11,90,118,,,93461,"£31,304",31304,335069,"Blu Racing, Ecurie Elag Et Al",Omaha Beach,USA,Two Sugars,False,False,,100,,False,,USA
930204,Qatar Grand Handicap des Flyers Presente Par RMC (Turf),211,Longchamp,10/04/2026 17:00:00,Other,,,,3yo+,None,7f,7,1407,1540,Good,Turf,6688046,Marcus Aurelius,84764,Tony Piccone,11363,H-A Pantall,6,,12,6,8-9,137,12/1,13,90,107,,,14176,"£31,304",31304,284237,Marc Dherment,Lawman,FR,Shendaya,False,False,,100,,False,,FR
930204,Qatar Grand Handicap des Flyers Presente Par RMC (Turf),211,Longchamp,10/04/2026 17:00:00,Other,,,,3yo+,None,7f,7,1407,1540,Good,Turf,3239161,Fast Raaj,101867,Dorian Provost,20943,Y Barberot,8,t,13,12,8-8,136,33/1,34,89,107,,,63060,"£31,304",31304,217717,Alain Jathiere,Iffraaj,GB,Interesting,False,False,,,,True,,FR
930204,Qatar Grand Handicap des Flyers Presente Par RMC (Turf),211,Longchamp,10/04/2026 17:00:00,Other,,,,3yo+,None,7f,7,1407,1540,Good,Turf,7631392,Agiota,98386,Augustin Madamet,9781,M Delcher Sanchez,3,,14,10,8-8,136,14/1,15,91,117,,,45190,"£31,304",31304,324827,Luis Carlos Oliveira Fernandes,Birchwood,IRE,Clameur,False,False,,,,False,,FR
930204,Qatar Grand Handicap des Flyers Presente Par RMC (Turf),211,Longchamp,10/04/2026 17:00:00,Other,,,,3yo+,None,7f,7,1407,1540,Good,Turf,3730943,Ivory Spring,88642,Antoine Hamelin,34841,Elias Mikhalides,7,b,15,8,8-7,135,25/1,26,88,111,,,10316,"£31,304",31304,44030,Bernard Giraudon,Camacho,GB,Ivory Pearl,False,False,,,,False,,FR
930204,Qatar Grand Handicap des Flyers Presente Par RMC (Turf),211,Longchamp,10/04/2026 17:00:00,Other,,,,3yo+,None,7f,7,1407,1540,Good,Turf,4973512,Reve De Vallarsa,76125,Delphine Santiago,34831,Mme S Gavilan,6,tp,16,15,8-5,133,10/1,11,86,110,,,60618,"£31,304",31304,371786,"Andre Levoir, Bernard Santiago & Jose Gavilan",Dariyan,FR,Salar Livius,False,False,,,,False,,FR
930012,Quills Menswear Handicap Chase,185,Killarney,10/04/2026 17:05:00,SteepleChase,,,0-100,4yo+,None,2m7½f,23.5,4725,5170,Good,Turf,7082570,Keep Em Quite,101620,Danny Gilligan,39540,Cian Collins,5,,1,,12-0,192,10/1,11,100,,,30,5-5240,"€5,900",5900,120987,William Devereux,Jet Away,GB,Wall Of Silence,False,False,,50,,False,,IRE
930012,Quills Menswear Handicap Chase,185,Killarney,10/04/2026 17:05:00,SteepleChase,,,0-100,4yo+,None,2m7½f,23.5,4725,5170,Good,Turf,6979146,Nolans Rocco,103298,Michael Kenneally (5),38263,Padraig Butler,7,t,2,,11-10,186,10/1,11,96,102,74,27,P21P-7,"€5,900",5900,357379,We'll Have One More Syndicate,Shirocco,GER,Nolans Legacy,False,False,,,5,False,,IRE
930012,Quills Menswear Handicap Chase,185,Killarney,10/04/2026 17:05:00,SteepleChase,,,0-100,4yo+,None,2m7½f,23.5,4725,5170,Good,Turf,4952193,Kilkee Bay,99189,Mr J Dunne (7),10680,E McNamara,7,b,3,,11-8,184,8/1,9,94,105,89,45,U8125U,"€5,900",5900,340690,Aiden Larkin & John Larkin & Paudie Dowling & Kenneth Fox,Ocovango,GB,Fly Bid,False,False,,39,7,False,,IRE
930012,Quills Menswear Handicap Chase,185,Killarney,10/04/2026 17:05:00,SteepleChase,,,0-100,4yo+,None,2m7½f,23.5,4725,5170,Good,Turf,3282261,King Ferdinand,81204,E Walsh,4181,Eugene M O'Sullivan,10,tb,4,,11-5,181,33/1,34,91,101,56,8,/P0PP0,"€5,900",5900,321488,Gortroe Racing Club,Milan,GB,Nobody's Darling,True,False,,50,,False,,IRE
930012,Quills Menswear Handicap Chase,185,Killarney,10/04/2026 17:05:00,SteepleChase,,,0-100,4yo+,None,2m7½f,23.5,4725,5170,Good,Turf,4922443,Barryroe Madam FR,99225,Ross Sugrue (7),5716,Terence O'Brien,7,h,5,,11-0,176,14/1,15,86,,,8,004050,"€5,900",5900,370828,Zero Zero Syndicate,Kapgarde,FR,Avenue Murillo,False,False,,25,7,False,,FR
930012,Quills Menswear Handicap Chase,185,Killarney,10/04/2026 17:05:00,SteepleChase,,,0-100,4yo+,None,2m7½f,23.5,4725,5170,Good,Turf,4352783,Cullenwaine,8992,Alex Harvey,15696,David O'Sullivan,8,b,6,,11-0,176,3/1,4,86,106,97,37,254127,"€5,900",5900,364908,Larrys Dreamers Syndicate,Golden Lariat,USA,Stability Treaty,False,False,,50,,True,,IRE
930012,Quills Menswear Handicap Chase,185,Killarney,10/04/2026 17:05:00,SteepleChase,,,0-100,4yo+,None,2m7½f,23.5,4725,5170,Good,Turf,6700464,Ellens Pride,82680,Phillip Enright,22421,S Curling,6,tb,7,,11-0,176,20/1,21,86,102,67,10,4P7640,"€5,900",5900,351400,Finns Racing Syndicate,Berkshire,IRE,Mystical,False,False,,45,,False,,IRE
930012,Quills Menswear Handicap Chase,185,Killarney,10/04/2026 17:05:00,SteepleChase,,,0-100,4yo+,None,2m7½f,23.5,4725,5170,Good,Turf,4893390,Zolpharine,101060,Daniel King,8256,John Patrick Ryan,8,t,8,,11-0,176,12/1,13,86,105,96,4,114005,"€5,900",5900,46477,John Patrick Ryan,Yeats,IRE,Flite,False,False,,24,,False,,IRE
930012,Quills Menswear Handicap Chase,185,Killarney,10/04/2026 17:05:00,SteepleChase,,,0-100,4yo+,None,2m7½f,23.5,4725,5170,Good,Turf,1581026,Avec Espoir GB,92157,Philip Donovan,1390,V T O'Brien,13,,9,,10-13,173,50/1,51,85,101,,39,P00-PP,"€5,900",5900,30180,Sean O'Brien,Flying Legend,USA,Still Runs Deep,False,False,,,,True,,GB
930012,Quills Menswear Handicap Chase,185,Killarney,10/04/2026 17:05:00,SteepleChase,,,0-100,4yo+,None,2m7½f,23.5,4725,5170,Good,Turf,3461256,It's Time Again,99256,Jordan Gainford,22821,David Richard Barry,10,p,10,,10-13,173,25/1,26,85,,,41,0PF89P,"€5,900",5900,356989,It's Time Syndicate,Shirocco,GER,Regents Dancer,False,False,,100,,True,,IRE
930012,Quills Menswear Handicap Chase,185,Killarney,10/04/2026 17:05:00,SteepleChase,,,0-100,4yo+,None,2m7½f,23.5,4725,5170,Good,Turf,3499240,Joe's Turn,92335,Donagh Meyler,19629,Mark Michael McNiff,10,t,11,,10-13,173,9/2,5.5,85,99,77,44,2F-866,"€5,900",5900,248894,Miss F M Carton,Jet Away,GB,Mileshouge Queen,False,False,,40,,True,,IRE
930012,Quills Menswear Handicap Chase,185,Killarney,10/04/2026 17:05:00,SteepleChase,,,0-100,4yo+,None,2m7½f,23.5,4725,5170,Good,Turf,5884277,True Harmony,88288,J J Slevin,7832,Seamus Neville,6,,12,,10-10,170,6/1,7,82,101,82,37,-92665,"€5,900",5900,32137,Mrs S Neville,Mahler,GB,Molorita,False,False,,,,False,,IRE
930012,Quills Menswear Handicap Chase,185,Killarney,10/04/2026 17:05:00,SteepleChase,,,0-100,4yo+,None,2m7½f,23.5,4725,5170,Good,Turf,2871728,Kilashee,102961,Kevin Healy (7),8256,John Patrick Ryan,11,,13,,10-6,166,25/1,26,78,103,70,6,7-PP7P,"€5,900",5900,245913,Bitview Partnership,Oscar,IRE,Echo Queen,False,False,,24,7,False,,IRE
930012,Quills Menswear Handicap Chase,185,Killarney,10/04/2026 17:05:00,SteepleChase,,,0-100,4yo+,None,2m7½f,23.5,4725,5170,Good,Turf,5009831,Backinabit,102354,Josh Williamson (3),21879,Denis Gerard Hogan,7,p,14,,10-4,164,10/1,11,76,,,15,P18957,"€5,900",5900,293835,Frances Dunne,Notnowcato,GB,Matinee Time,False,False,,32,3,False,,IRE
930012,Quills Menswear Handicap Chase,185,Killarney,10/04/2026 17:05:00,SteepleChase,,,0-100,4yo+,None,2m7½f,23.5,4725,5170,Good,Turf,8423293,Urbs Intacta Manet,94023,Jordan Canavan (7),38089,J P Flavin,5,p,15,,10-4,164,33/1,34,76,98,67,37,06-088,"€5,900",5900,286616,Havin'-A-Mare Syndicate,Lucky Speed,IRE,Keen Blade,False,False,,100,7,False,,IRE
930005,1xBet.ie Proud Partners Of Irish Sport Apprentice Handicap,178,Curragh,10/04/2026 17:25:00,Other,,,,3yo+,None,1m,8,1608,1760,Soft,Turf,7204878,Flanker Jet GB,104059,Adam Browne-Souza (4),42639,Robson De Aguiar,3,,1,2,10-1,161,12/1,13,84,84,65,196,312415,"€12,369",12369,326661,Giselle De Aguiar,Oasis Dream,GB,Critical Time,False,False,,63,4,True,,GB
930005,1xBet.ie Proud Partners Of Irish Sport Apprentice Handicap,178,Curragh,10/04/2026 17:25:00,Other,,,,3yo+,None,1m,8,1608,1760,Soft,Turf,7657468,Pretty Omagh Girl,103916,Julian Pietropaolo (2),15929,A Oliver,4,,2,6,9-13,157,8/1,9,79,85,67,53,24-107,"€12,369",12369,234380,Brian Mellon & P McBride,Shaman,IRE,Streetlady,False,False,,50,2,True,,IRE
930005,1xBet.ie Proud Partners Of Irish Sport Apprentice Handicap,178,Curragh,10/04/2026 17:25:00,Other,,,,3yo+,None,1m,8,1608,1760,Soft,Turf,7441086,Spacebound GB,103866,Patrick McGettigan,41273,Daniel McLoughlin,4,,3,7,9-13,157,15/2,8.5,79,90,75,100,2245,"€12,369",12369,317068,J A O'Mahony,Harry Angel,IRE,Lost Comet,False,False,,56,,True,,GB
930005,1xBet.ie Proud Partners Of Irish Sport Apprentice Handicap,178,Curragh,10/04/2026 17:25:00,Other,,,,3yo+,None,1m,8,1608,1760,Soft,Turf,5353693,Terre De Vega GB,103558,Terry Casey (7),33577,John Andrew Kinsella,5,ht,4,3,9-12,156,14/1,15,78,84,47,68,20-840,"€12,369",12369,363310,Mount White Contracts Syndicate,Lope De Vega,IRE,Terre,False,False,,100,7,True,,GB
930005,1xBet.ie Proud Partners Of Irish Sport Apprentice Handicap,178,Curragh,10/04/2026 17:25:00,Other,,,,3yo+,None,1m,8,1608,1760,Soft,Turf,7780573,Blue Blue Moon,102050,Rory Mulligan,28180,J P Murtagh,3,,5,8,9-11,155,10/1,11,80,82,81,22,5-7510,"€12,369",12369,18339,Moyglare Stud Farm,Space Blues,IRE,Acqua Di Gioia,False,False,,50,,True,,IRE
930005,1xBet.ie Proud Partners Of Irish Sport Apprentice Handicap,178,Curragh,10/04/2026 17:25:00,Other,,,,3yo+,None,1m,8,1608,1760,Soft,Turf,7816051,Cherry Hill Girl,103884,Jimmy Dalton (7),10588,Andrew Slattery,3,,6,5,9-10,154,10/1,11,79,82,77,125,3-7743,"€12,369",12369,21124,W J Ryan,Belardo,IRE,Gleeful,False,False,,50,7,True,,IRE
930005,1xBet.ie Proud Partners Of Irish Sport Apprentice Handicap,178,Curragh,10/04/2026 17:25:00,Other,,,,3yo+,None,1m,8,1608,1760,Soft,Turf,5968954,Highbury See See,103881,Sam Coen,10588,Andrew Slattery,4,,7,4,9-8,152,11/2,6.5,74,87,66,12,030922,"€12,369",12369,316427,Hugo McDermott,Belardo,IRE,Heart's Desire,False,False,,50,,False,,IRE
930005,1xBet.ie Proud Partners Of Irish Sport Apprentice Handicap,178,Curragh,10/04/2026 17:25:00,Other,,,,3yo+,None,1m,8,1608,1760,Soft,Turf,3705543,Lady Arwen GB,103045,Keithen Kennedy,19576,Conor O'Dwyer,7,,8,13,9-7,151,12/1,13,73,82,68,19,601128,"€12,369",12369,323998,Hugo & Anne Kane,Postponed,IRE,Royale Danehill,False,False,,100,,True,,GB
930005,1xBet.ie Proud Partners Of Irish Sport Apprentice Handicap,178,Curragh,10/04/2026 17:25:00,Other,,,,3yo+,None,1m,8,1608,1760,Soft,Turf,4127355,Titanium FR,103817,Sadhbh Tormey (7),38077,Ciaran Murphy,7,b,9,9,9-7,151,12/1,13,73,83,62,13,-06500,"€12,369",12369,372573,D C Nolan & D P Kilmurray & Mrs S Gavin & K Clarke,Zarak,FR,Kyurem,False,False,,43,7,True,,FR
930005,1xBet.ie Proud Partners Of Irish Sport Apprentice Handicap,178,Curragh,10/04/2026 17:25:00,Other,,,,3yo+,None,1m,8,1608,1760,Soft,Turf,5942406,Local Lad,103948,Nicola Burns,10702,Gerard O'Leary,4,p,10,1,9-2,146,9/1,10,68,85,55,13,383-00,"€12,369",12369,185761,Lance Bloodstock Limited,Sea The Moon,GER,Local Time,False,False,,43,,False,,IRE
930005,1xBet.ie Proud Partners Of Irish Sport Apprentice Handicap,178,Curragh,10/04/2026 17:25:00,Other,,,,3yo+,None,1m,8,1608,1760,Soft,Turf,4540816,Rhythm King,104676,Reese Holohan,28193,Mark Fahey,6,,11,14,8-13,141,8/1,9,65,77,62,66,500-60,"€12,369",12369,307779,Mrs C Lennon,Elzaam,AUS,Queen Of Rap,False,False,,33,,False,,IRE
930005,1xBet.ie Proud Partners Of Irish Sport Apprentice Handicap,178,Curragh,10/04/2026 17:25:00,Other,,,,3yo+,None,1m,8,1608,1760,Soft,Turf,8370930,Stellar View,104356,Conor Cusack (4),1249,Henry De Bromhead,3,,12,10,8-12,140,16/1,17,67,77,51,13,5-500,"€12,369",12369,11234,R S Brookhouse,Starman,GB,Romantic View,False,False,,51,4,False,,IRE
930005,1xBet.ie Proud Partners Of Irish Sport Apprentice Handicap,178,Curragh,10/04/2026 17:25:00,Other,,,,3yo+,None,1m,8,1608,1760,Soft,Turf,6042413,Whiskey And Beer,101884,Robyn Donaghue-Leahy (2),11585,Charles Coakley,4,,13,12,8-12,140,20/1,21,64,83,62,13,580/00,"€12,369",12369,87651,Woodlands Racing Syndicate,No Nay Never,USA,Cloth Of Cloud,False,False,,,2,True,,IRE
930005,1xBet.ie Proud Partners Of Irish Sport Apprentice Handicap,178,Curragh,10/04/2026 17:25:00,Other,,,,3yo+,None,1m,8,1608,1760,Soft,Turf,7267909,Lady Mary Heath,100369,Jack Cleary,17890,Aidan Anthony Howard,4,,14,16,8-11,139,10/1,11,63,83,60,123,0-4739,"€12,369",12369,275413,Claire Berry,Dragon Pulse,IRE,Lastdanceforme,False,False,,83,,False,,IRE
930005,1xBet.ie Proud Partners Of Irish Sport Apprentice Handicap,178,Curragh,10/04/2026 17:25:00,Other,,,,3yo+,None,1m,8,1608,1760,Soft,Turf,2885156,Loingseoir,103655,Shay Wallace (7),27681,M C Grassick,10,t,15,11,8-11,139,16/1,17,63,85,86,13,464380,"€12,369",12369,355900,W Keeling & M C Grassick & Mrs M J Grassick,Henrythenavigator,USA,Only Exception,False,False,,44,7,False,,IRE
930005,1xBet.ie Proud Partners Of Irish Sport Apprentice Handicap,178,Curragh,10/04/2026 17:25:00,Other,,,,3yo+,None,1m,8,1608,1760,Soft,Turf,7784902,Montevetro,104505,Mel Sheridan (7),21879,Denis Gerard Hogan,3,,16,15,8-7,135,16/1,17,62,85,60,13,2390,"€12,369",12369,227899,Sunnyhill Racing Syndicate,Mehmas,IRE,Halla Na Saoire,False,False,,32,7,True,,IRE
930205,Qatar Prix du Festival des Nations (Handicap) (Turf),211,Longchamp,10/04/2026 17:35:00,Other,,,,3yo+,None,7f,7,1407,1540,Good,Turf,6134930,Heybetli IRE,97465,Benjamin Marie,37548,Alicja Karkosa,4,tp,1,4,9-6,150,25/1,26,86,101,,,93683,"£14,609",14609,129412,Fedai Kahraman,Showcasing,GB,Al Mayhola,False,False,,,,False,,IRE
930205,Qatar Prix du Festival des Nations (Handicap) (Turf),211,Longchamp,10/04/2026 17:35:00,Other,,,,3yo+,None,7f,7,1407,1540,Good,Turf,5878976,Prince Aubois,75499,Stephane Pasquier,34153,Mme Stephanie Penot,4,p,2,8,9-6,150,12/1,13,86,99,,,08441,"£14,609",14609,343991,"Claude Penot, Mme Stephanie Penot Et Al",Motivator,GB,Dax Otea,False,False,,,,False,,FR
930205,Qatar Prix du Festival des Nations (Handicap) (Turf),211,Longchamp,10/04/2026 17:35:00,Other,,,,3yo+,None,7f,7,1407,1540,Good,Turf,4407187,Chaldero,89262,Theo Bachelot,33722,Miroslav Nieslanik,6,,3,10,9-6,150,33/1,34,86,96,,,09150,"£14,609",14609,246777,Dr Eva Nieslanikova,Morandi,FR,Charmey,False,False,,,,False,,FR
930205,Qatar Prix du Festival des Nations (Handicap) (Turf),211,Longchamp,10/04/2026 17:35:00,Other,,,,3yo+,None,7f,7,1407,1540,Good,Turf,5289435,Chiricco,98386,Augustin Madamet,34102,M Brasme,5,b,4,9,9-4,148,20/1,21,84,96,,,30130,"£14,609",14609,220959,Ecurie Melanie,Caravaggio,USA,Princess Bianca,False,False,,,,False,,FR
930205,Qatar Prix du Festival des Nations (Handicap) (Turf),211,Longchamp,10/04/2026 17:35:00,Other,,,,3yo+,None,7f,7,1407,1540,Good,Turf,6005930,Laith,95340,Antonio Orani,23847,J Reynier,4,b,5,6,9-4,148,7/2,4.5,84,101,,,6-2041,"£14,609",14609,359478,Al Leith Racing Club,Zelzal,FR,Lucky Lycra,False,False,,,,False,,FR
930205,Qatar Prix du Festival des Nations (Handicap) (Turf),211,Longchamp,10/04/2026 17:35:00,Other,,,,3yo+,None,7f,7,1407,1540,Good,Turf,5662991,Piemont IRE,84764,Tony Piccone,19694,Vaclav Luka Jr,5,h,6,3,9-4,148,14/1,15,84,96,,,18-316,"£14,609",14609,261299,Leram S R O,Profitable,IRE,Isle Of Avalon,False,False,,,,False,,IRE
930205,Qatar Prix du Festival des Nations (Handicap) (Turf),211,Longchamp,10/04/2026 17:35:00,Other,,,,3yo+,None,7f,7,1407,1540,Good,Turf,7272448,Zakosha,95774,Alexis Pouchin,41805,Gerald Mosse,4,p,7,12,9-3,147,5/1,6,83,103,,,62473,"£14,609",14609,365682,Pierre Van Belle & Daniel Lynch,Goken,FR,Zaula,False,False,,,,True,,FR
930205,Qatar Prix du Festival des Nations (Handicap) (Turf),211,Longchamp,10/04/2026 17:35:00,Other,,,,3yo+,None,7f,7,1407,1540,Good,Turf,5179824,Yoken,75796,Christophe Soumillon,26840,Mme Jessica Dupont-Fahn,5,,8,15,9-3,147,10/1,11,83,102,,,15160,"£14,609",14609,354283,Brian Cooper & Jerome Billard,Goken,FR,Yachtclubgenoa,False,False,,,,True,,FR
930205,Qatar Prix du Festival des Nations (Handicap) (Turf),211,Longchamp,10/04/2026 17:35:00,Other,,,,3yo+,None,7f,7,1407,1540,Good,Turf,8089240,Canena,91404,Antoine Werle,37475,Kevin Tavares,3,tp,9,13,9-3,147,14/1,15,85,95,,,17135,"£14,609",14609,341806,Le Haras Des Sens & Jean-Louis Fabre,Ulysses,IRE,Next Life,False,False,,,,False,2,FR
930205,Qatar Prix du Festival des Nations (Handicap) (Turf),211,Longchamp,10/04/2026 17:35:00,Other,,,,3yo+,None,7f,7,1407,1540,Good,Turf,4175263,Freja,84951,Aurelien Lemaitre,10210,F Chappet,7,,10,5,9-2,146,25/1,26,82,99,,,59180,"£14,609",14609,81360,Antoine Gilibert,Toronado,IRE,No Wind No Rain,False,False,,,,False,,FR
930205,Qatar Prix du Festival des Nations (Handicap) (Turf),211,Longchamp,10/04/2026 17:35:00,Other,,,,3yo+,None,7f,7,1407,1540,Good,Turf,4438561,Galord,88709,Eddy Hardouin,30879,Carina Fey,7,ht,11,11,9-0,144,14/1,15,79,97,,,40004,"£14,609",14609,319560,Edouard Decoster,Galiway,GB,Revedargent,False,False,,,,False,,FR
930205,Qatar Prix du Festival des Nations (Handicap) (Turf),211,Longchamp,10/04/2026 17:35:00,Other,,,,3yo+,None,7f,7,1407,1540,Good,Turf,7507796,Rozarion,88520,Pierre-Charles Boudot,14668,M Delzangles,3,t,12,7,8-13,141,7/1,8,80,98,,,22833,"£14,609",14609,318414,Bryant Family,Victor Ludorum,GB,Roziyna,False,False,,,,False,,FR
930205,Qatar Prix du Festival des Nations (Handicap) (Turf),211,Longchamp,10/04/2026 17:35:00,Other,,,,3yo+,None,7f,7,1407,1540,Good,Turf,6820516,Premonition,94132,Marvin Grandin,34841,Elias Mikhalides,4,ht,13,14,8-13,141,14/1,15,78,97,,,41416,"£14,609",14609,376411,Mme Susanne L Born & Mme Manuela Groll-Flynn,Lord Of England,GER,Romantic Dreams,False,False,,,,False,2,FR
930205,Qatar Prix du Festival des Nations (Handicap) (Turf),211,Longchamp,10/04/2026 17:35:00,Other,,,,3yo+,None,7f,7,1407,1540,Good,Turf,8236289,Nadir,88850,Cristian Demuro,9781,M Delcher Sanchez,3,,14,1,8-8,136,5/1,6,76,103,,,44142,"£14,609",14609,111633,Mme Christiane Head,Siyouni,FR,Nausha,False,False,,,,False,,FR
930205,Qatar Prix du Festival des Nations (Handicap) (Turf),211,Longchamp,10/04/2026 17:35:00,Other,,,,3yo+,None,7f,7,1407,1540,Good,Turf,3244599,Drogo,95077,Rosario Mangione,11159,Mme V Dissaux,8,ht,15,2,8-4,132,20/1,21,69,100,,,05805,"£14,609",14609,355242,Mme Nadine Giovannelli & Mme Valerie Dissaux,Lethal Force,IRE,Rex Regina,False,False,,,,False,,FR
930206,Qatar Prix de la Place de l'Etoile (Handicap) (Turf),211,Longchamp,10/04/2026 18:05:00,Other,,,,3yo+,None,1m2f,10,2010,2200,Good,Turf,3184401,Orandi,75796,Christophe Soumillon,7293,A J Martin,8,t,1,4,9-6,150,12/1,13,101,109,,21,078101,"£31,304",31304,324506,C J Murtagh & B Hourihane,Morandi,FR,Elusive Feeling,False,False,,36,,True,,FR
930206,Qatar Prix de la Place de l'Etoile (Handicap) (Turf),211,Longchamp,10/04/2026 18:05:00,Other,,,,3yo+,None,1m2f,10,2010,2200,Good,Turf,4391157,Caramelito,89262,Theo Bachelot,11681,F Rohaut,7,p,2,12,9-5,149,9/1,10,100,108,,,76221,"£31,304",31304,95436,Patrick Sabban,Zarak,FR,Pretty Panther,False,False,,,,False,,FR
930206,Qatar Prix de la Place de l'Etoile (Handicap) (Turf),211,Longchamp,10/04/2026 18:05:00,Other,,,,3yo+,None,1m2f,10,2010,2200,Good,Turf,7538907,Gerard Ter Borch,88642,Antoine Hamelin,14668,M Delzangles,4,ht,3,16,8-13,141,8/1,9,94,114,,,72162,"£31,304",31304,344137,"Pierre-Yves Lefevre, Antoine Fontaine Et Al",Ectot,GB,Uryale,False,False,,,,False,,FR
930206,Qatar Prix de la Place de l'Etoile (Handicap) (Turf),211,Longchamp,10/04/2026 18:05:00,Other,,,,3yo+,None,1m2f,10,2010,2200,Good,Turf,4884905,Kovrov,95340,Antonio Orani,23847,J Reynier,6,,4,11,8-13,141,12/1,13,94,112,,,39012,"£31,304",31304,378654,Moez Miladi & Mohamed Fathi Ali Assed,Toronado,IRE,Victhur,False,False,,,,False,,FR
930206,Qatar Prix de la Place de l'Etoile (Handicap) (Turf),211,Longchamp,10/04/2026 18:05:00,Other,,,,3yo+,None,1m2f,10,2010,2200,Good,Turf,7378500,Dioptase IRE,88850,Cristian Demuro,26273,Leonardo D Racco,4,,5,8,8-13,141,16/1,17,94,124,,,05226,"£31,304",31304,373449,Helal Alalawi,New Bay,GB,Gouville,False,False,,,,False,,IRE
930206,Qatar Prix de la Place de l'Etoile (Handicap) (Turf),211,Longchamp,10/04/2026 18:05:00,Other,,,,3yo+,None,1m2f,10,2010,2200,Good,Turf,6582548,Johnny Hammer,94683,Olivier D'Andigne,17733,Alain Couetil,5,,6,13,8-10,138,8/1,9,91,123,,,68634,"£31,304",31304,301596,C J Edwards & Richard Venn,Johnny Barnes,IRE,Lily The Pink,False,False,,,,False,,FR
930206,Qatar Prix de la Place de l'Etoile (Handicap) (Turf),211,Longchamp,10/04/2026 18:05:00,Other,,,,3yo+,None,1m2f,10,2010,2200,Good,Turf,5218342,Human Evolution IRE,84764,Tony Piccone,11363,H-A Pantall,5,,7,18,8-9,137,25/1,26,90,105,,,14108,"£31,304",31304,353039,Mme Ingrid Pantall,Study Of Man,IRE,Astroglia,False,False,,100,,False,,IRE
930206,Qatar Prix de la Place de l'Etoile (Handicap) (Turf),211,Longchamp,10/04/2026 18:05:00,Other,,,,3yo+,None,1m2f,10,2010,2200,Good,Turf,6487536,Prince Des Villes,84879,Maxime Guyon,38083,Francois Monfort,5,,8,3,8-9,137,7/1,8,90,113,,,29981,"£31,304",31304,150294,Mme Isabelle Corbani,City Light,FR,Pink Anemone,False,False,,,,False,,FR
930206,Qatar Prix de la Place de l'Etoile (Handicap) (Turf),211,Longchamp,10/04/2026 18:05:00,Other,,,,3yo+,None,1m2f,10,2010,2200,Good,Turf,9382554,Silent Warning IRE,87600,Mickael Barzalona,26118,F-H Graffard,3,t,9,10,8-9,137,4/1,5,95,112,,,4112,"£31,304",31304,325088,Wathnan Racing,Dubawi,IRE,Anthem Alexander,False,False,,100,,False,,IRE
930206,Qatar Prix de la Place de l'Etoile (Handicap) (Turf),211,Longchamp,10/04/2026 18:05:00,Other,,,,3yo+,None,1m2f,10,2010,2200,Good,Turf,4737852,Big Log,83746,Silvestre De Sousa,33228,D & P Prod'homme,6,,10,2,8-5,133,9/1,10,86,113,,,33022,"£31,304",31304,96565,Bryan Lynam,Ultra,IRE,Log Off,False,False,,,,True,,FR
930206,Qatar Prix de la Place de l'Etoile (Handicap) (Turf),211,Longchamp,10/04/2026 18:05:00,Other,,,,3yo+,None,1m2f,10,2010,2200,Good,Turf,8437022,Vanta,101867,Dorian Provost,22725,M Seror,3,,11,1,8-5,133,25/1,26,90,117,,,34861,"£31,304",31304,373940,Dark Blue Racing,Goken,FR,Verbal Fencing,False,False,,50,,True,1,FR
930206,Qatar Prix de la Place de l'Etoile (Handicap) (Turf),211,Longchamp,10/04/2026 18:05:00,Other,,,,3yo+,None,1m2f,10,2010,2200,Good,Turf,8236271,Ymeeelih,98386,Augustin Madamet,12699,A Schutz,3,,12,9,8-4,132,9/1,10,89,117,,,04242,"£31,304",31304,354061,Jaber Abdullah & Rabbah Bloodstock Limited,Victor Ludorum,GB,Eleona,False,False,,,,True,,FR
930206,Qatar Prix de la Place de l'Etoile (Handicap) (Turf),211,Longchamp,10/04/2026 18:05:00,Other,,,,3yo+,None,1m2f,10,2010,2200,Good,Turf,6820528,Pacifiste,95077,Rosario Mangione,43246,Alessandro Botti,4,,13,7,8-3,131,33/1,34,84,73,,,12630,"£31,304",31304,344222,Ahmed Mohd HH Al-Sulaiti,Saxon Warrior,JPN,Lady Of Shamrock,False,False,,,,True,2,FR
930206,Qatar Prix de la Place de l'Etoile (Handicap) (Turf),211,Longchamp,10/04/2026 18:05:00,Other,,,,3yo+,None,1m2f,10,2010,2200,Good,Turf,6550803,Starnberg,88709,Eddy Hardouin,29574,C Escuder,4,t,14,5,8-3,131,33/1,34,84,115,,,06558,"£31,304",31304,44030,Bernard Giraudon,Lawman,FR,Nullemont,False,False,,,,True,,FR
930206,Qatar Prix de la Place de l'Etoile (Handicap) (Turf),211,Longchamp,10/04/2026 18:05:00,Other,,,,3yo+,None,1m2f,10,2010,2200,Good,Turf,6064616,American Glory,83720,Anthony Crastus,38235,N Perret,5,b,15,17,8-2,130,20/1,21,83,114,,,50283,"£31,304",31304,195647,Alain Ren,American Devil,FR,Glory Dream,False,False,,,,True,,FR
930206,Qatar Prix de la Place de l'Etoile (Handicap) (Turf),211,Longchamp,10/04/2026 18:05:00,Other,,,,3yo+,None,1m2f,10,2010,2200,Good,Turf,4542562,Mononof,95014,Mme Laura Grosso,21768,S Kobayashi,6,b,16,14,8-0,128,25/1,26,82,116,,,55434,"£31,304",31304,202392,Mme Sylvie Uzzan,Zelzal,FR,Andira,False,False,,,,True,,FR
930206,Qatar Prix de la Place de l'Etoile (Handicap) (Turf),211,Longchamp,10/04/2026 18:05:00,Other,,,,3yo+,None,1m2f,10,2010,2200,Good,Turf,9051062,Serenissimus,95747,Mme Marie Velon,26118,F-H Graffard,4,,17,15,8-0,128,12/1,13,82,117,,,42077,"£31,304",31304,662,B E Nielsen,Camelot,GB,Prudente,False,False,,100,,True,,FR
930206,Qatar Prix de la Place de l'Etoile (Handicap) (Turf),211,Longchamp,10/04/2026 18:05:00,Other,,,,3yo+,None,1m2f,10,2010,2200,Good,Turf,6064613,Lakota Beau,93111,Mme Lea Bails,35001,Gavin Hernon,4,t,18,6,8-0,128,33/1,34,82,122,,,73388,"£31,304",31304,124382,Vimal Khosla,Sioux Nation,USA,Notion Of Beauty,False,False,,,,True,,FR
930055,Indian Summer Stakes Presented By Keeneland Select (Grade 3) (Turf),301,Keeneland,10/04/2026 22:10:00,Other,,(Grade 3),,2yo,None,5½f,5.5,1105,1210,Good,Turf,9046199,Adonius IRE,10766,John R Velazquez,28511,Rebecca Menzies,2,,1,1,8-6,134,17/2,9.5,,122,,43,11122,"£155,555",155555,374578,Michael Hughes & Riverdee & West Paces,Soldier's Call,GB,Dubai Paradise,False,False,,28,,True,,IRE
930055,Indian Summer Stakes Presented By Keeneland Select (Grade 3) (Turf),301,Keeneland,10/04/2026 22:10:00,Other,,(Grade 3),,2yo,None,5½f,5.5,1105,1210,Good,Turf,9157455,Fanshell Beach,92018,Jose L Ortiz,9026,Wesley A Ward,2,b,2,2,8-5,133,9/2,5.5,,115,,64,151,"£155,555",155555,212773,Hat Creek Racing,Corniche,USA,Pacific Heat,False,False,,,,True,,USA
930055,Indian Summer Stakes Presented By Keeneland Select (Grade 3) (Turf),301,Keeneland,10/04/2026 22:10:00,Other,,(Grade 3),,2yo,None,5½f,5.5,1105,1210,Good,Turf,9581400,Cactus Closer,86688,Junior Alvarado,12007,Dale Romans,2,,3,3,8-6,134,15/2,8.5,,,,35,71,"£155,555",155555,196271,Bloom Racing Stable LLC,Practical Joke,USA,Star Cactus,False,False,,,,False,,USA
930055,Indian Summer Stakes Presented By Keeneland Select (Grade 3) (Turf),301,Keeneland,10/04/2026 22:10:00,Other,,(Grade 3),,2yo,None,5½f,5.5,1105,1210,Good,Turf,9512256,Crack On,95684,Danny Sheehy,18685,Jim Corrigan,2,b,4,4,8-3,131,15/2,8.5,,107,,64,312,"£155,555",155555,262422,Corrigan Racing Stable Inc,Maximus Mischief,USA,Resettling,False,False,,,,False,,USA
930055,Indian Summer Stakes Presented By Keeneland Select (Grade 3) (Turf),301,Keeneland,10/04/2026 22:10:00,Other,,(Grade 3),,2yo,None,5½f,5.5,1105,1210,Good,Turf,9581385,Love A Warrior,88814,Luis Saez,11876,Steven Asmussen,2,,5,5,8-6,134,16/1,17,,,,23,32,"£155,555",155555,111782,J Kirk & Judy Robison,Jackie's Warrior,USA,That's The Idea,False,False,,,,False,,USA
930055,Indian Summer Stakes Presented By Keeneland Select (Grade 3) (Turf),301,Keeneland,10/04/2026 22:10:00,Other,,(Grade 3),,2yo,None,5½f,5.5,1105,1210,Good,Turf,9715909,Ciarlatano,75755,Christopher A Emigh,36584,Brittany A Vanden Berg,2,b,6,6,8-7,135,12/1,13,,,,42,61,"£155,555",155555,376494,"Brittany A Vanden Berg, Carol A Fedor & Alice McEwen",Charlatan,USA,Just Life,False,False,,,,False,,USA
930055,Indian Summer Stakes Presented By Keeneland Select (Grade 3) (Turf),301,Keeneland,10/04/2026 22:10:00,Other,,(Grade 3),,2yo,None,5½f,5.5,1105,1210,Good,Turf,9743896,Wood Island,88273,Flavien Prat,15754,George Weaver,2,,7,7,8-8,136,9/4,3.25,,,,38,11,"£155,555",155555,183673,Smart Choice Stable,Jackie's Warrior,USA,Chilly Fashion,False,False,,,,False,,USA
930055,Indian Summer Stakes Presented By Keeneland Select (Grade 3) (Turf),301,Keeneland,10/04/2026 22:10:00,Other,,(Grade 3),,2yo,None,5½f,5.5,1105,1210,Good,Turf,9065268,Ruiva,91146,Irad Ortiz Jr,9026,Wesley A Ward,2,b,8,8,8-3,131,17/2,9.5,,127,,55,132,"£155,555",155555,166159,Three Chimneys Farm,Munnings,USA,Minha Paixao,False,False,,,,True,,USA
930055,Indian Summer Stakes Presented By Keeneland Select (Grade 3) (Turf),301,Keeneland,10/04/2026 22:10:00,Other,,(Grade 3),,2yo,None,5½f,5.5,1105,1210,Good,Turf,9276837,Bee Crazy,93961,Tyler Gaffalione,35099,Kelsey Danner,2,,9,9,8-3,131,12/1,13,,,,27,3412,"£155,555",155555,158591,Dede McGehee,Bee Jersey,USA,Crazy Cat Woman,False,False,,,,True,,USA
930057,Juddmonte Spinster Stakes (Grade 1) (Fillies &amp; Mares) (Dirt),301,Keeneland,10/04/2026 22:45:00,Other,,(Grade 1),,3yo+,Fillies,1m1f,9,1809,1980,Fast,Dirt,6161679,Regaled,93961,Tyler Gaffalione,39043,D Whitworth Beckman,5,b,1,1,8-13,141,15/1,16,,129,,99,4-2442,"£288,890",288890,378243,"Ribble Farms LLC, Hoolie Racing Stable  Et Al",Mohaymen,USA,Ascot Walk,False,False,,,,False,,USA
930057,Juddmonte Spinster Stakes (Grade 1) (Fillies &amp; Mares) (Dirt),301,Keeneland,10/04/2026 22:45:00,Other,,(Grade 1),,3yo+,Fillies,1m1f,9,1809,1980,Fast,Dirt,8157604,Counting Stars,91146,Irad Ortiz Jr,9011,Mark Casse,3,,2,2,8-9,137,9/4,3.25,,134,,43,213113,"£288,890",288890,116803,West Point Thoroughbreds Inc,Honor A. P.,USA,Paynterbynumbers,False,False,,,,False,,USA
930057,Juddmonte Spinster Stakes (Grade 1) (Fillies &amp; Mares) (Dirt),301,Keeneland,10/04/2026 22:45:00,Other,,(Grade 1),,3yo+,Fillies,1m1f,9,1809,1980,Fast,Dirt,6202517,Immersive,92018,Jose L Ortiz,18362,Brad H Cox,4,,3,3,8-13,141,6/4,2.5,,129,,22,1-2213,"£288,890",288890,97229,Godolphin Racing LLC,Nyquist,USA,Gap Year,False,False,,,,True,,USA
930057,Juddmonte Spinster Stakes (Grade 1) (Fillies &amp; Mares) (Dirt),301,Keeneland,10/04/2026 22:45:00,Other,,(Grade 1),,3yo+,Fillies,1m1f,9,1809,1980,Fast,Dirt,6582490,Fully Subscribed,88273,Flavien Prat,20681,Chad C Brown,4,,4,4,8-13,141,4/1,5,,137,,36,1-2211,"£288,890",288890,157174,Klaravich Stables Inc,Tiz The Law,USA,Sweetbaby,False,False,,,,False,,USA
930057,Juddmonte Spinster Stakes (Grade 1) (Fillies &amp; Mares) (Dirt),301,Keeneland,10/04/2026 22:45:00,Other,,(Grade 1),,3yo+,Fillies,1m1f,9,1809,1980,Fast,Dirt,6541682,Snowyte,88814,Luis Saez,28153,Danny Gargan,4,b,5,5,8-13,141,12/1,13,,120,,36,2-1234,"£288,890",288890,255382,Don Alberto Stable,Good Magic,USA,Snow Fall,False,False,,,,False,,USA
