TrainerId,TrainerNumberOfPriorRaces,TrainerWinPercentage,TrainerTop3Percentage,TrainerAvgRelFinishingPosition
13,141.0,0.09219858156028368,0.3475177304964539,0.5734412524619034
32,42.0,0.09523809523809523,0.38095238095238093,0.5344967862825006
35,83.0,0.024096385542168676,0.24096385542168675,0.6233606086015724
67,202.0,0.2079207920792079,0.5544554455445545,0.47855372964575066
78,117.0,0.042735042735042736,0.23931623931623933,0.6439010590137842
158,52.0,0.09615384615384616,0.2692307692307693,0.5777897316358854
208,15.0,0.13333333333333333,0.26666666666666666,0.5319872284578167
225,5.0,0.0,0.0,0.9583333333333333
268,11.0,0.09090909090909091,0.09090909090909091,0.6464391668937123
309,86.0,0.05813953488372093,0.27906976744186046,0.5965788173295012
311,143.0,0.20279720279720279,0.6083916083916084,0.346388995060592
336,99.0,0.1111111111111111,0.2727272727272727,0.5901624189502978
341,14.0,0.0,0.14285714285714285,0.7987193362193363
373,121.0,0.10743801652892562,0.33884297520661155,0.5286378209424647
435,22.0,0.0,0.13636363636363635,0.6201902895084713
474,51.0,0.13725490196078433,0.37254901960784315,0.4805509577568401
484,4.0,0.25,0.75,0.14806547619047616
486,62.0,0.11290322580645161,0.3548387096774194,0.54595380096229
499,20.0,0.1,0.4,0.5134254307783719
517,55.0,0.12727272727272726,0.2909090909090909,0.5509740259740259
528,39.0,0.10256410256410256,0.358974358974359,0.47607887754946576
606,24.0,0.0,0.125,0.6525689588189589
649,9.0,0.0,0.6666666666666666,0.2897842897842898
651,13.0,0.0,0.46153846153846156,0.47053224553224554
722,17.0,0.23529411764705882,0.4117647058823529,0.4841403694344871
774,13.0,0.23076923076923078,0.23076923076923078,0.64478266831208
821,13.0,0.07692307692307693,0.5384615384615384,0.4166167166167166
833,18.0,0.0,0.2777777777777778,0.6230542605542605
865,312.0,0.08012820512820513,0.2564102564102564,0.6201023786241087
870,86.0,0.10465116279069768,0.26744186046511625,0.5965399511569143
900,5.0,0.0,0.0,0.7398412698412699
981,17.0,0.0,0.29411764705882354,0.47146325896325897
995,95.0,0.07368421052631578,0.30526315789473685,0.49257634076062573
1010,147.0,0.11564625850340136,0.42857142857142855,0.45008813276962645
1070,22.0,0.09090909090909091,0.3181818181818182,0.5338474025974026
1093,189.0,0.1693121693121693,0.455026455026455,0.467731662565561
1104,13.0,0.07692307692307693,0.15384615384615385,0.6544242794242794
1118,1.0,0.0,1.0,0.0
1183,16.0,0.25,0.5625,0.3140783512905223
1249,550.0,0.14,0.4527272727272727,0.39362152301875564
1285,439.0,0.09339407744874716,0.3462414578587699,0.4848461286940768
1307,61.0,0.0,0.3770491803278688,0.47779812869012483
1335,18.0,0.0,0.16666666666666666,0.5908376345876346
1390,19.0,0.05263157894736842,0.47368421052631576,0.40485588972431086
1405,14.0,0.07142857142857142,0.21428571428571427,0.4921105680034251
1471,52.0,0.09615384615384616,0.4807692307692308,0.5238365800865801
1472,5.0,0.2,0.4,0.3633333333333334
1475,672.0,0.1800595238095238,0.5550595238095238,0.3308774802504171
1482,15.0,0.06666666666666667,0.4,0.46092592592592596
1548,3.0,0.0,0.3333333333333333,0.40087145969498916
1555,6.0,0.0,0.3333333333333333,0.32016317016317014
1701,13.0,0.07692307692307693,0.3076923076923077,0.6647435897435898
1729,33.0,0.030303030303030304,0.24242424242424243,0.5529319586137768
1741,42.0,0.0,0.14285714285714285,0.6898242669251072
1804,11.0,0.09090909090909091,0.2727272727272727,0.4687005507861123
1846,35.0,0.05714285714285714,0.3142857142857143,0.4830555516174135
2070,9.0,0.1111111111111111,0.3333333333333333,0.5692480359147025
2074,9.0,0.0,0.2222222222222222,0.7156244989578323
2128,16.0,0.0,0.1875,0.658494584459658
2245,2.0,0.0,1.0,0.0
2428,1.0,0.0,1.0,0.0
2465,8.0,0.0,0.5,0.384672619047619
2824,9.0,0.1111111111111111,0.5555555555555556,0.32473884140550807
2838,4.0,0.0,0.0,0.6691142191142192
2910,2.0,0.0,1.0,0.25
3168,9.0,0.0,0.5555555555555556,0.5084656084656084
3169,64.0,0.078125,0.296875,0.5097916457521238
3238,65.0,0.06153846153846154,0.2153846153846154,0.5500785919248649
3297,171.0,0.0935672514619883,0.3333333333333333,0.5572087327233707
3303,12.0,0.0,0.0,0.6602992037202563
3312,18.0,0.0,0.3888888888888889,0.5208180708180707
3316,4.0,0.0,0.25,0.5870535714285714
3383,3.0,0.0,0.3333333333333333,0.5254629629629629
3411,4.0,0.0,0.5,0.309375
3415,591.0,0.19796954314720813,0.494077834179357,0.4653509776767701
3447,8.0,0.0,0.0,0.7173971861471862
3550,325.0,0.07076923076923076,0.21846153846153846,0.5676325554787094
3673,1.0,0.0,0.0,0.8125
3842,1.0,0.0,0.0,0.5714285714285714
3846,229.0,0.11353711790393013,0.388646288209607,0.5456819342286849
3891,21.0,0.047619047619047616,0.47619047619047616,0.39044000995755385
3897,5.0,0.0,0.2,0.6436507936507937
3903,3.0,0.0,0.3333333333333333,0.38816738816738816
3995,3.0,0.0,0.6666666666666666,0.4702380952380952
4054,78.0,0.07692307692307693,0.3717948717948718,0.5604909335678567
4078,24.0,0.0,0.041666666666666664,0.7506492715374296
4082,6.0,0.0,0.16666666666666666,0.5038865546218488
4087,1.0,0.0,0.0,0.6
4113,266.0,0.10526315789473684,0.36466165413533835,0.5514014289129806
4128,69.0,0.07246376811594203,0.391304347826087,0.522831435874914
4153,3.0,0.0,0.6666666666666666,0.2857142857142857
4174,86.0,0.08139534883720931,0.22093023255813954,0.5831543450050003
4181,39.0,0.0,0.38461538461538464,0.3881969651766031
4203,1.0,0.0,0.0,0.9375
4241,6.0,0.0,0.16666666666666666,0.5187499999999999
4244,158.0,0.044303797468354424,0.21518987341772153,0.5273216872200115
4259,25.0,0.08,0.4,0.4247348762348762
4311,8.0,0.0,0.375,0.3392210144927536
4335,1.0,0.0,0.0,0.8
4366,1.0,0.0,1.0,0.0
4391,81.0,0.08641975308641975,0.5308641975308642,0.3599254060310705
4392,7.0,0.0,0.0,0.6506265664160401
4406,43.0,0.13953488372093023,0.3953488372093023,0.37679363290368406
4415,75.0,0.17333333333333334,0.5199999999999999,0.47441267338326165
4431,318.0,0.050314465408805034,0.2798742138364779,0.5638264316177016
4446,306.0,0.08169934640522875,0.28104575163398693,0.49655308522522723
4465,2.0,0.0,0.5,0.5625
4471,54.0,0.2222222222222222,0.5370370370370371,0.3859667081889303
4499,25.0,0.04,0.4,0.5767330447330448
4514,1.0,0.0,0.0,0.45454545454545453
4526,5.0,0.0,0.8,0.21698717948717947
4528,11.0,0.18181818181818182,0.45454545454545453,0.4898018648018648
4529,21.0,0.0,0.23809523809523808,0.5096371882086168
4533,31.0,0.0967741935483871,0.2903225806451613,0.5798029479481092
4534,6.0,0.0,0.3333333333333333,0.48547979797979796
4540,289.0,0.20069204152249134,0.5017301038062284,0.44532284905850733
4550,267.0,0.1198501872659176,0.3782771535580524,0.5171043162120491
4572,84.0,0.047619047619047616,0.23809523809523808,0.5514027998534301
4606,13.0,0.15384615384615385,0.23076923076923078,0.5816469854931394
4821,9.0,0.0,0.0,0.5611834072360389
4858,22.0,0.045454545454545456,0.22727272727272727,0.479863014126848
4969,13.0,0.0,0.23076923076923078,0.5069592925927767
4991,33.0,0.030303030303030304,0.06060606060606061,0.626523474050212
5000,4.0,0.0,0.0,0.5698529411764706
5007,14.0,0.14285714285714285,0.21428571428571427,0.47669780616209184
5019,598.0,0.19063545150501673,0.4498327759197324,0.4999221734444599
5020,197.0,0.1116751269035533,0.4619289340101523,0.5141368360911508
5033,21.0,0.09523809523809523,0.23809523809523808,0.5617063492063492
5042,18.0,0.0,0.1111111111111111,0.7272927689594356
5063,90.0,0.1111111111111111,0.3111111111111111,0.5590952157863923
5065,4.0,0.25,0.75,0.2281746031746032
5073,17.0,0.11764705882352941,0.5294117647058824,0.31979638009049777
5079,376.0,0.10372340425531915,0.3191489361702128,0.5592844744819565
5100,7.0,0.0,0.14285714285714285,0.791609977324263
5106,66.0,0.10606060606060606,0.42424242424242425,0.5086533416078871
5121,187.0,0.0855614973262032,0.32620320855614976,0.5789273679380631
5141,2.0,0.0,0.5,0.5
5212,31.0,0.12903225806451613,0.5483870967741935,0.3560960191478018
5298,10.0,0.1,0.1,0.6504163818637503
5333,51.0,0.058823529411764705,0.19607843137254902,0.6023524485894727
5354,14.0,0.07142857142857142,0.21428571428571427,0.4960470085470086
5372,5.0,0.2,0.2,0.6191919191919192
5404,11.0,0.09090909090909091,0.18181818181818182,0.6726813590449954
5474,4.0,0.0,0.25,0.5818181818181818
5554,23.0,0.13043478260869565,0.4782608695652174,0.3257628495328724
5571,22.0,0.045454545454545456,0.18181818181818182,0.5788328649959666
5590,5.0,0.0,0.0,0.8344792462439521
5611,3.0,0.0,0.0,1.0
5689,1.0,0.0,0.0,0.8461538461538461
5696,41.0,0.07317073170731707,0.12195121951219512,0.7609433249677152
5716,81.0,0.07407407407407407,0.35802469135802467,0.3942196750694355
5728,149.0,0.087248322147651,0.2751677852348993,0.6031831363355248
5729,11.0,0.0,0.09090909090909091,0.6217213342213342
5734,7.0,0.14285714285714285,0.5714285714285714,0.4651360544217687
5757,20.0,0.05,0.15,0.6598407148407148
5767,168.0,0.19047619047619047,0.6607142857142857,0.3711693766233789
5772,78.0,0.02564102564102564,0.28205128205128205,0.4748464885625518
5787,1.0,0.0,0.0,1.0
5789,3.0,0.0,0.0,0.7962962962962963
5802,59.0,0.3050847457627119,0.576271186440678,0.4537379287379287
5827,13.0,0.0,0.23076923076923078,0.6723748473748472
5837,43.0,0.0,0.16279069767441862,0.6482096714654854
5863,277.0,0.15162454873646208,0.35018050541516244,0.5014616653335442
5865,8.0,0.375,0.875,0.06272644927536232
5958,3.0,0.0,0.3333333333333333,0.5833333333333334
5992,7.0,0.14285714285714285,0.5714285714285714,0.32108843537414966
6029,42.0,0.07142857142857142,0.30952380952380953,0.5558351176523446
6040,2.0,0.0,1.0,0.0
6045,45.0,0.06666666666666667,0.3333333333333333,0.5456010656010656
6109,130.0,0.07692307692307693,0.4076923076923077,0.515811435924558
6173,46.0,0.08695652173913043,0.5434782608695652,0.3832308356605032
6226,10.0,0.2,0.5,0.4567857142857143
6304,84.0,0.03571428571428571,0.2261904761904762,0.6471856516499374
6336,15.0,0.0,0.4,0.42863226098520213
6349,14.0,0.07142857142857142,0.35714285714285715,0.43641517212945785
6351,52.0,0.038461538461538464,0.5384615384615384,0.37647251253020486
6377,5.0,0.2,0.4,0.3070961718020542
6453,10.0,0.2,0.6,0.46692918192918204
6505,51.0,0.058823529411764705,0.35294117647058826,0.5429291841056548
6530,2.0,0.0,1.0,0.1
6563,41.0,0.12195121951219512,0.4878048780487805,0.49217533379781514
6626,6.0,0.0,0.0,0.6499287749287749
6631,14.0,0.0,0.6428571428571429,0.4403628117913832
6636,12.0,0.08333333333333333,0.25,0.5570165945165945
6773,24.0,0.08333333333333333,0.16666666666666666,0.7542896917896919
6845,216.0,0.10185185185185185,0.3194444444444444,0.5624101498386628
6891,69.0,0.028985507246376812,0.2318840579710145,0.5024206755614078
6931,1.0,0.0,0.0,0.8461538461538461
6964,41.0,0.07317073170731707,0.3170731707317073,0.5570185911649327
7001,33.0,0.0,0.24242424242424243,0.6675676645596431
7005,32.0,0.09375,0.3125,0.520302483974359
7015,21.0,0.0,0.42857142857142855,0.4905375708947137
7040,8.0,0.0,0.25,0.5762648809523808
7083,120.0,0.125,0.38333333333333336,0.5695399325333538
7137,92.0,0.13043478260869565,0.5217391304347826,0.44698541193106406
7149,1.0,0.0,1.0,0.21428571428571427
7198,32.0,0.125,0.46875,0.312187859628117
7221,127.0,0.08661417322834646,0.33070866141732286,0.5597159625922942
7225,33.0,0.030303030303030304,0.3333333333333333,0.4709031709031709
7236,44.0,0.18181818181818182,0.4772727272727273,0.5010475004793187
7241,11.0,0.0,0.09090909090909091,0.622935397935398
7293,126.0,0.0873015873015873,0.29365079365079366,0.5138015063682013
7300,65.0,0.015384615384615385,0.13846153846153847,0.7577370492755109
7524,45.0,0.06666666666666667,0.37777777777777777,0.4539772521599371
7606,18.0,0.0,0.16666666666666666,0.5041866992847386
7660,42.0,0.047619047619047616,0.30952380952380953,0.5176087098234378
7722,39.0,0.10256410256410256,0.3333333333333333,0.5606796337565567
7743,37.0,0.10810810810810811,0.21621621621621623,0.5763717646070587
7753,8.0,0.0,0.25,0.6044642857142858
7795,543.0,0.10865561694290976,0.36095764272559855,0.5363597511635586
7811,71.0,0.1267605633802817,0.43661971830985913,0.40300385978585607
7819,12.0,0.16666666666666666,0.6666666666666666,0.3623677248677249
7832,30.0,0.06666666666666667,0.3,0.424938764938765
7852,53.0,0.11320754716981132,0.4339622641509434,0.5271288459967706
7873,74.0,0.02702702702702703,0.32432432432432434,0.5369868494868495
7878,8.0,0.0,0.375,0.28308239962651727
7893,9.0,0.0,0.1111111111111111,0.6685829602496268
7896,1.0,0.0,0.0,0.8333333333333334
7903,3.0,0.0,0.0,0.6780626780626781
7905,3.0,0.0,0.0,0.4615384615384615
7941,17.0,0.11764705882352941,0.23529411764705882,0.4482591034494149
7968,43.0,0.09302325581395349,0.32558139534883723,0.6129438391066298
7978,543.0,0.1878453038674033,0.4604051565377532,0.48285864841737164
7988,78.0,0.20512820512820512,0.4999999999999999,0.38425486418312094
8010,23.0,0.0,0.5217391304347826,0.5533361565970261
8025,1.0,0.0,0.0,1.0
8032,18.0,0.1111111111111111,0.2222222222222222,0.5144986186652853
8036,29.0,0.1724137931034483,0.6896551724137931,0.3850089565606806
8049,4.0,0.0,0.25,0.6324404761904762
8059,73.0,0.0136986301369863,0.0821917808219178,0.6562505226888788
8061,1.0,0.0,0.0,0.8888888888888888
8065,9.0,0.2222222222222222,0.4444444444444444,0.38166386083052756
8096,65.0,0.07692307692307693,0.35384615384615387,0.4598630129363637
8149,90.0,0.08888888888888889,0.2,0.5813242004908672
8154,6.0,0.0,0.5,0.31263227513227515
8162,6.0,0.0,0.16666666666666666,0.683068783068783
8203,11.0,0.09090909090909091,0.6363636363636364,0.38089006952643323
8254,44.0,0.045454545454545456,0.2727272727272727,0.5664807746745546
8256,241.0,0.07053941908713693,0.3941908713692946,0.43753492352916834
8258,42.0,0.09523809523809523,0.47619047619047616,0.33189896854550816
8273,11.0,0.09090909090909091,0.36363636363636365,0.5227272727272728
8358,56.0,0.03571428571428571,0.32142857142857145,0.54123698721913
8430,10.0,0.1,0.6,0.33051282051282055
8438,3.0,0.0,0.6666666666666666,0.3333333333333333
8505,19.0,0.0,0.2631578947368421,0.6218211612948454
8543,317.0,0.09779179810725554,0.2870662460567823,0.5941662648864698
8567,232.0,0.15948275862068967,0.41810344827586204,0.44985732508168325
8568,19.0,0.05263157894736842,0.2631578947368421,0.5541096330570014
8663,7.0,0.14285714285714285,0.14285714285714285,0.6056122448979593
8670,8.0,0.25,0.75,0.19983766233766234
8683,80.0,0.0375,0.1625,0.674022179963756
8758,31.0,0.22580645161290322,0.4838709677419355,0.4944106968300517
8776,6.0,0.16666666666666666,0.16666666666666666,0.7777777777777777
8845,4.0,0.0,0.0,0.5316239316239316
8859,24.0,0.041666666666666664,0.041666666666666664,0.6900301529897118
8863,11.0,0.18181818181818182,0.6363636363636364,0.4606421356421357
8867,23.0,0.08695652173913043,0.30434782608695654,0.6055586925152143
8874,10.0,0.1,0.2,0.4336659174159173
8882,1.0,0.0,0.0,0.6
8890,4.0,0.0,0.5,0.5845238095238094
8899,4.0,0.25,0.5,0.41035353535353525
8909,5.0,0.0,0.4,0.5704365079365079
8910,121.0,0.14049586776859505,0.4132231404958678,0.39377230814018355
8933,3.0,0.0,0.0,0.6603174603174603
8972,5.0,0.0,0.2,0.6805194805194805
8983,1.0,0.0,0.0,0.375
9003,223.0,0.18385650224215247,0.49327354260089684,0.47391049284547043
9011,106.0,0.16037735849056603,0.5,0.4896820422763819
9026,27.0,0.07407407407407407,0.37037037037037035,0.47602568898865194
9030,21.0,0.09523809523809523,0.19047619047619047,0.6308956916099774
9036,241.0,0.11203319502074689,0.31950207468879666,0.5920999920559933
9170,59.0,0.05084745762711865,0.13559322033898305,0.762225616413054
9181,37.0,0.02702702702702703,0.3783783783783784,0.4879228879228879
9230,5.0,0.0,0.6,0.3495970695970696
9338,3.0,0.0,0.0,0.7449494949494949
9409,10.0,0.0,0.1,0.5321392659627954
9440,52.0,0.019230769230769232,0.2884615384615385,0.6380417392436623
9458,19.0,0.21052631578947367,0.3684210526315789,0.5938425609478241
9460,1.0,0.0,0.0,1.0
9503,22.0,0.09090909090909091,0.2727272727272727,0.4383502230093139
9546,48.0,0.1875,0.4583333333333333,0.4891773099585599
9554,3.0,0.3333333333333333,0.3333333333333333,0.3565656565656566
9581,2.0,0.0,0.0,0.6083916083916083
9598,84.0,0.08333333333333333,0.3095238095238096,0.46258459324718726
9610,28.0,0.03571428571428571,0.2857142857142857,0.6384790804433662
9627,158.0,0.10126582278481013,0.24050632911392406,0.5568334262535678
9640,4.0,0.0,0.75,0.5611111111111111
9647,152.0,0.09868421052631579,0.45394736842105265,0.355026751417195
9657,37.0,0.02702702702702703,0.32432432432432434,0.4242680178438692
9665,1.0,0.0,0.0,0.5
9667,1.0,0.0,1.0,0.14285714285714285
9673,1.0,0.0,1.0,0.16666666666666666
9679,1.0,0.0,0.0,0.6666666666666666
9692,8.0,0.0,0.375,0.625
9693,47.0,0.06382978723404255,0.425531914893617,0.491189136965107
9703,3.0,0.0,0.0,0.7295751633986928
9714,664.0,0.13253012048192772,0.3704819277108434,0.5331670276235302
9725,15.0,0.06666666666666667,0.2,0.5771211196211197
9746,48.0,0.08333333333333333,0.5,0.465140645355639
9759,4.0,0.25,0.25,0.623015873015873
9781,107.0,0.14018691588785046,0.37383177570093457,0.4913496720399732
9796,91.0,0.054945054945054944,0.26373626373626374,0.6354632177418216
9801,55.0,0.16363636363636364,0.4727272727272727,0.47861340679522496
9803,66.0,0.015151515151515152,0.07575757575757576,0.6598662464673583
9876,37.0,0.08108108108108109,0.21621621621621623,0.5093963314551548
9983,4.0,0.0,0.75,0.50625
10007,31.0,0.03225806451612903,0.2903225806451613,0.6393701280798056
10030,1.0,0.0,0.0,0.875
10076,34.0,0.14705882352941177,0.4411764705882353,0.357101148082982
10122,9.0,0.2222222222222222,0.5555555555555556,0.3183862433862434
10132,6.0,0.0,0.3333333333333333,0.39351851851851843
10152,1127.0,0.09671694764862467,0.3398402839396628,0.5380247896900082
10157,150.0,0.12,0.4666666666666667,0.45029282617070343
10210,69.0,0.057971014492753624,0.17391304347826086,0.5653417708085227
10241,194.0,0.06701030927835051,0.28865979381443296,0.5654302455848849
10257,49.0,0.12244897959183673,0.4489795918367347,0.4922915070123953
10308,97.0,0.08247422680412371,0.27835051546391754,0.5854531365722359
10363,352.0,0.09375,0.31250000000000006,0.5667370939514419
10508,14.0,0.07142857142857142,0.5,0.4584522911728794
10578,29.0,0.0,0.2413793103448276,0.4973469815121358
10588,434.0,0.11981566820276497,0.3663594470046083,0.4606184960657183
10593,14.0,0.07142857142857142,0.5,0.32350823779395205
10594,3.0,0.0,1.0,0.43611111111111106
10630,15.0,0.06666666666666667,0.4666666666666667,0.5126738076738077
10641,8.0,0.125,0.375,0.44759615384615387
10656,1.0,0.0,0.0,0.8
10663,73.0,0.0547945205479452,0.2328767123287671,0.6140559352527629
10668,1.0,0.0,0.0,0.5
10678,50.0,0.06,0.34,0.5319420579420578
10680,133.0,0.045112781954887216,0.3609022556390977,0.36492747805736325
10688,29.0,0.06896551724137931,0.3103448275862069,0.5585062447131411
10697,54.0,0.12962962962962962,0.4074074074074074,0.587739164128053
10702,95.0,0.03157894736842105,0.22105263157894736,0.5845685473074759
10704,138.0,0.10144927536231885,0.2608695652173913,0.5885563898852011
10738,24.0,0.125,0.2916666666666667,0.5848939255189255
10749,73.0,0.0684931506849315,0.2465753424657534,0.5726331827269102
10806,71.0,0.11267605633802817,0.38028169014084506,0.5018728697379551
10850,2.0,0.5,0.5,0.44047619047619047
10903,1.0,0.0,1.0,0.0
10925,19.0,0.0,0.10526315789473684,0.5626417123422991
10977,3.0,0.0,0.3333333333333333,0.3975044563279857
11013,62.0,0.06451612903225806,0.1774193548387097,0.6522342274002616
11039,38.0,0.10526315789473684,0.42105263157894735,0.4928935099987731
11057,3.0,0.0,0.0,0.5863247863247864
11058,1.0,0.0,1.0,0.42857142857142855
11069,1.0,0.0,0.0,1.0
11107,1.0,0.0,0.0,0.8571428571428571
11130,1.0,0.0,0.0,0.5555555555555556
11146,1.0,0.0,0.0,0.375
11159,48.0,0.08333333333333333,0.22916666666666666,0.5629229855792356
11161,3.0,0.3333333333333333,0.6666666666666666,0.23313492063492067
11227,2.0,0.0,0.0,0.7215909090909092
11260,1.0,0.0,0.0,0.875
11275,30.0,0.03333333333333333,0.13333333333333333,0.6306648444148444
11280,1.0,0.0,0.0,0.8333333333333334
11283,3.0,0.0,0.0,0.8333333333333334
11290,21.0,0.0,0.38095238095238093,0.38982426303854883
11318,1.0,0.0,0.0,0.8666666666666667
11323,7.0,0.2857142857142857,0.42857142857142855,0.3150484436198721
11363,182.0,0.1043956043956044,0.2747252747252747,0.5477020778206436
11369,1.0,0.0,0.0,0.8
11398,1.0,0.0,1.0,0.25
11400,12.0,0.16666666666666666,0.5,0.30639430014430014
11422,2.0,0.5,1.0,0.25
11448,4.0,0.0,0.25,0.638014763014763
11472,31.0,0.1935483870967742,0.3870967741935484,0.42995051543438645
11477,4.0,0.0,0.25,0.48859994172494176
11481,34.0,0.058823529411764705,0.17647058823529413,0.48409556130144354
11484,57.0,0.08771929824561403,0.3508771929824561,0.548809329072487
11575,1.0,0.0,0.0,0.6666666666666666
11579,69.0,0.08695652173913043,0.2608695652173913,0.5213796563860502
11584,20.0,0.0,0.35,0.449894202160069
11585,9.0,0.0,0.2222222222222222,0.6356532356532356
11586,6.0,0.0,0.3333333333333333,0.425
11599,12.0,0.0,0.08333333333333333,0.5395230865625602
11681,5.0,0.2,0.4,0.4154212454212455
11699,1.0,0.0,0.0,0.5
11720,11.0,0.09090909090909091,0.2727272727272727,0.5146952720482132
11741,2.0,0.0,0.0,0.916083916083916
11752,1.0,0.0,1.0,0.0
11785,2.0,0.0,0.0,0.5904761904761905
11792,15.0,0.2,0.5333333333333333,0.5101827801827803
11817,20.0,0.15,0.45,0.4686165223665223
11825,5.0,0.0,0.0,0.9111111111111111
11876,69.0,0.15942028985507245,0.4492753623188406,0.5229405859840643
11899,1.0,0.0,0.0,0.7
11927,1.0,1.0,1.0,0.14285714285714285
11945,21.0,0.0,0.23809523809523808,0.43690476190476185
11961,18.0,0.1111111111111111,0.5,0.44738448280114945
11963,2.0,0.0,0.0,0.9166666666666667
11973,10.0,0.0,0.3,0.4601046176046176
12007,5.0,0.0,0.0,0.7744444444444445
12012,1.0,0.0,0.0,0.5714285714285714
12020,1.0,0.0,1.0,0.0
12052,50.0,0.06,0.24,0.4223880742580433
12057,150.0,0.12,0.32666666666666666,0.554284171552927
12068,52.0,0.038461538461538464,0.21153846153846154,0.5726639631222892
12069,1.0,0.0,0.0,1.0
12090,3.0,0.0,0.0,0.8888888888888888
12102,61.0,0.08196721311475409,0.2459016393442623,0.6650383153758274
12112,1.0,0.0,0.0,0.625
12117,2.0,0.0,0.5,0.3333333333333333
12125,107.0,0.07476635514018691,0.34579439252336447,0.5663225455748819
12127,12.0,0.16666666666666666,0.6666666666666666,0.3147359402293613
12157,41.0,0.07317073170731707,0.12195121951219512,0.5298869829357634
12158,6.0,0.0,0.16666666666666666,0.4293981481481482
12193,11.0,0.0,0.09090909090909091,0.8321731299004026
12194,3.0,0.3333333333333333,0.6666666666666666,0.2989417989417989
12195,14.0,0.0,0.21428571428571427,0.6000261643118786
12210,5.0,0.0,0.2,0.6244444444444444
12225,252.0,0.07936507936507936,0.3134920634920635,0.5554323419803937
12252,6.0,0.16666666666666666,0.5,0.48507395382395385
12305,8.0,0.25,0.625,0.5205357142857143
12314,14.0,0.0,0.42857142857142855,0.4202817024245596
12317,22.0,0.09090909090909091,0.45454545454545453,0.5324675324675325
12379,1.0,0.0,0.0,0.7857142857142857
12425,12.0,0.0,0.3333333333333333,0.6100829725829725
12465,464.0,0.09913793103448276,0.34051724137931033,0.5683095506234185
12536,3.0,0.3333333333333333,0.3333333333333333,0.5863247863247864
12538,10.0,0.0,0.2,0.6475793650793651
12601,208.0,0.11057692307692307,0.41346153846153844,0.5284717334245496
12641,14.0,0.07142857142857142,0.2857142857142857,0.5846189524760953
12681,165.0,0.05454545454545454,0.19393939393939394,0.576089121316394
12699,26.0,0.07692307692307693,0.34615384615384615,0.5030545843045844
12712,8.0,0.0,0.5,0.3592948717948718
12739,251.0,0.10756972111553785,0.3904382470119522,0.45588418885231635
12762,287.0,0.0975609756097561,0.3344947735191638,0.49733936214772456
12767,318.0,0.08176100628930817,0.22012578616352202,0.5584948419854081
12772,16.0,0.1875,0.25,0.5118317446442446
12776,4.0,0.0,0.75,0.26785714285714285
12787,248.0,0.08870967741935484,0.22983870967741934,0.5511890774995614
12791,2.0,0.0,0.0,0.7589285714285714
12807,14.0,0.0,0.21428571428571427,0.6444607971393684
12816,37.0,0.05405405405405406,0.32432432432432434,0.6024262899262899
12846,101.0,0.09900990099009901,0.42574257425742573,0.36348359664526636
12847,71.0,0.07042253521126761,0.2535211267605634,0.5545921501716643
12850,15.0,0.13333333333333333,0.13333333333333333,0.6554579353108765
12871,1.0,0.0,0.0,0.7777777777777778
12872,29.0,0.2413793103448276,0.5172413793103449,0.5175498830671245
12900,31.0,0.06451612903225806,0.3225806451612903,0.4034244534718919
12904,66.0,0.030303030303030304,0.09090909090909091,0.7846896369623643
12906,39.0,0.10256410256410256,0.41025641025641024,0.3900065516015742
12938,2.0,0.0,0.0,0.788888888888889
12947,58.0,0.08620689655172414,0.29310344827586204,0.5260469176417453
12955,18.0,0.0,0.05555555555555555,0.7989631510464844
12957,2.0,0.0,0.5,0.3541666666666667
12960,2.0,0.0,0.5,0.49603174603174605
12967,7.0,0.14285714285714285,0.14285714285714285,0.8191609977324263
13003,56.0,0.16071428571428573,0.5535714285714285,0.3918564570350284
13008,6.0,0.0,0.16666666666666666,0.48620388326270686
13010,14.0,0.0,0.14285714285714285,0.6119189342403628
13067,10.0,0.1,0.3,0.6562992889463478
13077,1.0,0.0,0.0,0.5333333333333333
13082,7.0,0.0,0.2857142857142857,0.6215213358070502
13084,106.0,0.04716981132075472,0.3867924528301887,0.40284541451921263
13116,148.0,0.1554054054054054,0.5608108108108109,0.44405413445375075
13126,50.0,0.039999999999999994,0.15999999999999998,0.7139333999334001
13130,60.0,0.08333333333333333,0.36666666666666664,0.45560665032372183
13164,20.0,0.05,0.55,0.3229227267830209
13176,101.0,0.25742574257425743,0.6534653465346535,0.3432160135858447
13180,5.0,0.0,0.0,0.6444444444444445
13181,2.0,0.0,1.0,0.0
13185,4.0,0.0,0.75,0.2857142857142857
13210,3.0,0.3333333333333333,0.3333333333333333,0.3946275946275946
13221,2.0,0.0,0.0,0.8333333333333333
13224,1.0,0.0,0.0,1.0
13243,28.0,0.03571428571428571,0.5714285714285714,0.4906462585034013
13289,2.0,0.0,0.5,0.5
13362,2.0,0.0,0.5,0.4358974358974359
13372,2.0,0.0,0.0,0.8116883116883117
13421,1.0,0.0,0.0,0.6666666666666666
13433,39.0,0.05128205128205128,0.48717948717948717,0.3643713012134065
13450,18.0,0.1111111111111111,0.3888888888888889,0.5253626003626004
13451,7.0,0.14285714285714285,0.42857142857142855,0.6705215419501133
13477,13.0,0.07692307692307693,0.23076923076923078,0.5858474858474859
13478,77.0,0.09090909090909091,0.3246753246753247,0.5658355713550519
13495,262.0,0.12213740458015267,0.3435114503816794,0.48988890294458326
13528,2.0,0.0,0.0,0.7222222222222222
13529,2.0,0.0,0.0,0.6303030303030304
13540,6.0,0.0,0.16666666666666666,0.5621001683501684
13542,2.0,0.0,0.5,0.4920634920634921
13546,1.0,0.0,0.0,1.0
13562,19.0,0.0,0.05263157894736842,0.6841974846618808
13565,104.0,0.04807692307692308,0.4326923076923077,0.36467555665802265
13566,1.0,0.0,0.0,0.8125
13568,2.0,0.0,0.0,0.6473214285714286
13570,364.0,0.057692307692307696,0.3956043956043956,0.41602808353217263
13584,2.0,0.5,0.5,0.2318181818181818
13601,58.0,0.08620689655172414,0.15517241379310345,0.6255709807433946
13649,2.0,0.0,0.0,0.71875
13670,12.0,0.08333333333333333,0.4166666666666667,0.3995739214489214
13701,5.0,0.0,0.0,0.6041666666666666
13702,2.0,0.0,0.0,0.9166666666666667
13706,10.0,0.0,0.1,0.6671092143150966
13707,4.0,0.0,0.25,0.7256410256410257
13709,23.0,0.17391304347826086,0.2608695652173913,0.46579616036137766
13735,4.0,0.0,0.0,0.6875
13743,3.0,0.3333333333333333,0.6666666666666666,0.27499999999999997
13777,4.0,0.25,0.5,0.49999999999999994
13820,96.0,0.020833333333333332,0.15625,0.6267532414821019
13831,2.0,0.0,0.5,0.4583333333333333
13842,5.0,0.0,0.8,0.13999999999999999
13857,23.0,0.0,0.043478260869565216,0.7703655040611563
13867,16.0,0.0625,0.3125,0.5707124472749473
13870,13.0,0.07692307692307693,0.23076923076923078,0.6298786908098648
13880,6.0,0.0,0.0,0.6764652014652014
13888,63.0,0.15873015873015872,0.49206349206349204,0.5055699150937246
13898,37.0,0.02702702702702703,0.1891891891891892,0.5835464460464461
13917,519.0,0.17341040462427745,0.45472061657032753,0.5016292483241157
13924,2.0,0.0,0.5,0.775
13928,209.0,0.16267942583732056,0.5215311004784688,0.41167318962843874
13936,230.0,0.08260869565217391,0.32608695652173914,0.4845307832264354
13945,2.0,0.0,0.5,0.25
13955,192.0,0.11458333333333333,0.34375,0.5541908003998607
13964,35.0,0.02857142857142857,0.34285714285714286,0.483482549196835
13974,5.0,0.0,0.2,0.4184523809523809
13986,274.0,0.13503649635036497,0.5072992700729927,0.4717933188822449
13987,58.0,0.1896551724137931,0.5689655172413793,0.38976686627548696
13989,7.0,0.0,0.14285714285714285,0.668460111317254
14006,24.0,0.041666666666666664,0.5,0.47083333333333327
14013,51.0,0.21568627450980393,0.39215686274509803,0.5464215250979957
14014,3.0,0.0,0.6666666666666666,0.25
14024,35.0,0.17142857142857143,0.3142857142857143,0.5547904476475906
14027,5.0,0.2,0.6,0.3582417582417582
14051,33.0,0.18181818181818182,0.45454545454545453,0.4831091467455104
14074,1.0,0.0,0.0,0.7142857142857143
14075,49.0,0.0,0.16326530612244897,0.4990764620866661
14077,17.0,0.11764705882352941,0.29411764705882354,0.5099695239401122
14088,380.0,0.0868421052631579,0.3105263157894737,0.4801474866486627
14109,13.0,0.0,0.0,0.8136384040795807
14147,32.0,0.0625,0.34375,0.37028808201602315
14168,1.0,0.0,1.0,0.3333333333333333
14219,3.0,0.0,0.0,0.8125
14220,2.0,0.0,0.0,0.9166666666666667
14230,3.0,0.0,0.0,0.6296296296296297
14263,3.0,0.0,0.0,0.9777777777777779
14276,1.0,0.0,0.0,0.5714285714285714
14287,6.0,0.0,0.3333333333333333,0.6176767676767677
14293,145.0,0.04827586206896552,0.3310344827586207,0.5819007429352258
14297,14.0,0.0,0.35714285714285715,0.3743184394970109
14313,1.0,0.0,0.0,0.5714285714285714
14335,68.0,0.14705882352941177,0.36764705882352944,0.5668905440964265
14344,11.0,0.09090909090909091,0.18181818181818182,0.44270816902395854
14357,3.0,0.0,0.3333333333333333,0.5638888888888889
14364,18.0,0.1111111111111111,0.3333333333333333,0.42029831766673875
14375,3.0,0.0,0.0,0.8690476190476191
14402,14.0,0.07142857142857142,0.2857142857142857,0.576524864024864
14416,4.0,0.0,0.25,0.4182449494949495
14444,1.0,0.0,0.0,1.0
14456,6.0,0.0,0.3333333333333333,0.5888047138047138
14457,4.0,0.0,0.0,0.7237103174603174
14467,52.0,0.11538461538461539,0.3076923076923077,0.5522803318476395
14471,11.0,0.09090909090909091,0.18181818181818182,0.6279778302505575
14480,7.0,0.14285714285714285,0.7142857142857143,0.40487528344671203
14487,1.0,1.0,1.0,0.16666666666666666
14524,2.0,0.0,0.0,0.9166666666666667
14527,1.0,0.0,0.0,1.0
14536,2.0,0.5,0.5,0.5
14543,4.0,0.0,0.25,0.6080357142857143
14546,2.0,0.0,0.5,0.382051282051282
14548,9.0,0.0,0.3333333333333333,0.5456790123456791
14559,5.0,0.0,0.2,0.47487468671679195
14567,4.0,0.0,0.5,0.5252976190476191
14571,3.0,0.3333333333333333,0.3333333333333333,0.5105820105820106
14573,8.0,0.0,0.0,0.8637612387612388
14575,42.0,0.07142857142857142,0.35714285714285715,0.4206594051353007
14581,69.0,0.028985507246376812,0.391304347826087,0.5221359345400266
14620,1.0,0.0,0.0,0.5
14621,68.0,0.1323529411764706,0.3235294117647059,0.497179400457492
14626,124.0,0.056451612903225805,0.2903225806451613,0.5852005086943417
14649,9.0,0.1111111111111111,0.5555555555555556,0.4038961038961039
14666,22.0,0.18181818181818182,0.2727272727272727,0.4671737984237984
14668,96.0,0.125,0.40625,0.4814176504663637
14693,1.0,0.0,1.0,0.0
14726,4.0,0.0,0.0,0.8125
14733,76.0,0.02631578947368421,0.23684210526315788,0.614343145244848
14734,10.0,0.0,0.2,0.5769444444444445
14751,348.0,0.05459770114942529,0.3103448275862069,0.5088013640696393
14783,76.0,0.02631578947368421,0.18421052631578946,0.6482954910586489
14804,1.0,0.0,1.0,0.5
14812,3.0,0.0,0.6666666666666666,0.3878787878787879
14833,3.0,0.0,0.0,0.5879120879120879
14839,57.0,0.05263157894736842,0.3333333333333333,0.4240831010099383
14841,2.0,0.0,0.5,0.3333333333333333
14851,6.0,0.0,0.3333333333333333,0.513095238095238
14872,1.0,0.0,0.0,1.0
14874,3.0,0.0,0.3333333333333333,0.5301587301587302
14894,1.0,0.0,1.0,0.0
14906,1.0,0.0,1.0,0.75
14931,47.0,0.0425531914893617,0.2765957446808511,0.585258358662614
14932,1.0,0.0,0.0,0.9090909090909091
14934,3.0,0.0,0.3333333333333333,0.7111111111111111
14935,12.0,0.0,0.16666666666666666,0.6419903013653013
14941,21.0,0.047619047619047616,0.3333333333333333,0.5200369249241429
14957,3.0,0.3333333333333333,1.0,0.2738095238095238
14973,32.0,0.0625,0.4375,0.46738808066933063
14980,8.0,0.0,0.25,0.6720238095238096
14981,38.0,0.02631578947368421,0.23684210526315788,0.5060800310800311
14985,49.0,0.10204081632653061,0.3877551020408163,0.47352593551573147
14994,28.0,0.14285714285714285,0.35714285714285715,0.48208037002679854
15014,16.0,0.1875,0.375,0.5847808441558441
15024,1.0,0.0,0.0,0.7142857142857143
15029,3.0,0.0,0.3333333333333333,0.6666666666666666
15035,1.0,0.0,0.0,0.8571428571428571
15060,1.0,0.0,0.0,0.8571428571428571
15084,23.0,0.08695652173913043,0.34782608695652173,0.4737070296852906
15086,1.0,0.0,0.0,0.4375
15091,7.0,0.14285714285714285,0.42857142857142855,0.5016539016539017
15098,12.0,0.16666666666666666,0.5,0.3805135836385836
15100,13.0,0.0,0.3076923076923077,0.42360556110556113
15107,64.0,0.03125,0.15625,0.6669395708458209
15108,158.0,0.08227848101265822,0.2848101265822785,0.587267953565422
15109,1.0,0.0,1.0,0.0
15110,3.0,0.0,0.0,0.7566137566137566
15149,1.0,1.0,1.0,0.25
15153,2.0,0.0,0.0,0.5993589743589745
15157,18.0,0.05555555555555555,0.3888888888888889,0.49889693639693633
15158,157.0,0.1337579617834395,0.32484076433121023,0.5179655357938969
15164,11.0,0.0,0.09090909090909091,0.7306102231102231
15165,3.0,0.0,0.0,0.5731060606060606
15185,28.0,0.03571428571428571,0.39285714285714285,0.5156372892980036
15197,1.0,0.0,1.0,0.2857142857142857
15209,1.0,0.0,0.0,0.7142857142857143
15210,2.0,0.0,0.0,0.8434343434343434
15216,35.0,0.0,0.17142857142857143,0.5688265306122449
15239,14.0,0.07142857142857142,0.42857142857142855,0.407957798504017
15240,104.0,0.10576923076923077,0.28846153846153844,0.5134875695466758
15241,10.0,0.0,0.0,0.5719624819624819
15248,30.0,0.06666666666666667,0.2,0.5701839826839827
15288,14.0,0.07142857142857142,0.2857142857142857,0.4983560090702948
15297,41.0,0.04878048780487805,0.0975609756097561,0.6995975145911207
15330,1.0,0.0,0.0,0.5
15346,4.0,0.0,0.25,0.580316742081448
15356,1.0,0.0,0.0,0.7857142857142857
15370,1.0,0.0,0.0,0.5
15373,9.0,0.0,0.0,0.6302910052910052
15385,3.0,0.0,0.0,0.9333333333333332
15386,3.0,0.0,0.3333333333333333,0.6458333333333334
15401,1.0,0.0,0.0,0.875
15412,4.0,0.0,0.5,0.4852941176470588
15413,3.0,0.0,0.6666666666666666,0.4896825396825397
15423,11.0,0.09090909090909091,0.18181818181818182,0.5475883238670961
15427,49.0,0.10204081632653061,0.22448979591836735,0.585147109126701
15429,230.0,0.043478260869565216,0.23478260869565218,0.6189442916754803
15431,36.0,0.08333333333333333,0.3611111111111111,0.6186768478435146
15449,53.0,0.09433962264150944,0.22641509433962265,0.5732778135663817
15455,4.0,0.0,0.5,0.45568181818181813
15460,1.0,0.0,0.0,0.6875
15465,1.0,0.0,0.0,0.625
15472,5.0,0.2,0.2,0.5722843822843823
15480,8.0,0.0,0.375,0.55430506993007
15484,9.0,0.0,0.1111111111111111,0.5762566137566137
15485,5.0,0.0,0.2,0.5591608391608391
15488,7.0,0.0,0.42857142857142855,0.3213358070500928
15492,24.0,0.041666666666666664,0.625,0.31133241758241753
15503,5.0,0.0,0.2,0.5612870789341378
15504,14.0,0.14285714285714285,0.2857142857142857,0.4605921855921857
15532,6.0,0.0,0.5,0.5244047619047619
15536,11.0,0.0,0.18181818181818182,0.6241883116883117
15538,4.0,0.5,0.5,0.4178571428571428
15540,3.0,0.0,0.3333333333333333,0.45476190476190476
15543,1.0,0.0,0.0,0.5714285714285714
15552,324.0,0.16666666666666666,0.45987654320987653,0.5104662848363398
15566,5.0,0.2,0.6,0.5947619047619047
15578,3.0,0.0,0.0,0.8522875816993464
15581,34.0,0.14705882352941177,0.35294117647058826,0.4531586877175112
15592,1.0,0.0,0.0,0.4444444444444444
15595,38.0,0.05263157894736842,0.3157894736842105,0.4166070298810237
15597,1.0,0.0,1.0,0.0
15602,9.0,0.1111111111111111,0.5555555555555556,0.3207127295362589
15603,105.0,0.09523809523809523,0.3904761904761905,0.5101669230240659
15605,816.0,0.1801470588235294,0.47549019607843135,0.48752088226789253
15615,64.0,0.09375,0.625,0.3362943429119899
15633,13.0,0.07692307692307693,0.5384615384615384,0.3813020313020313
15642,85.0,0.1411764705882353,0.49411764705882355,0.4745956004779534
15674,240.0,0.11666666666666667,0.4708333333333333,0.4908430308797955
15696,32.0,0.0625,0.3125,0.448243754815446
15699,6.0,0.0,0.3333333333333333,0.38878066378066384
15703,1.0,0.0,0.0,0.5333333333333333
15717,8.0,0.0,0.0,0.7666666666666667
15725,16.0,0.0,0.125,0.5482039661727163
15737,8.0,0.0,0.75,0.3114177489177489
15751,1.0,0.0,0.0,0.7142857142857143
15754,16.0,0.125,0.3125,0.6466187169312171
15755,1.0,0.0,0.0,0.9090909090909091
15765,3.0,0.0,0.0,0.7199074074074074
15766,1.0,0.0,0.0,1.0
15775,45.0,0.13333333333333333,0.37777777777777777,0.43083144437162474
15796,17.0,0.0,0.11764705882352941,0.6901071967248437
15810,30.0,0.0,0.23333333333333334,0.628900962871551
15820,7.0,0.0,0.2857142857142857,0.5366577866577866
15838,95.0,0.2,0.47368421052631576,0.44710311464466584
15856,234.0,0.04700854700854701,0.13675213675213677,0.6277024732152938
15863,10.0,0.1,0.5,0.34188186813186816
15867,6.0,0.16666666666666666,0.5,0.34568355119825706
15868,1.0,0.0,0.0,0.6153846153846154
15884,1.0,0.0,0.0,0.6428571428571429
15898,7.0,0.0,0.0,0.8576138147566719
15910,32.0,0.09375,0.40625,0.445577418394514
15914,59.0,0.11864406779661017,0.2711864406779661,0.56578064120437
15929,168.0,0.08333333333333333,0.23214285714285715,0.5131326341165197
15948,226.0,0.07964601769911504,0.2831858407079646,0.5288454820952734
15955,1.0,0.0,0.0,1.0
15960,3.0,0.3333333333333333,0.3333333333333333,0.52008547008547
15963,60.0,0.11666666666666667,0.25,0.6212980537980538
15971,1.0,0.0,0.0,0.8333333333333334
15994,4.0,0.0,0.25,0.4708333333333333
15999,40.0,0.025,0.2,0.592496445547916
16004,2.0,0.0,0.0,0.47916666666666663
16006,1.0,0.0,0.0,0.85
16017,3.0,0.0,0.0,0.3954365079365079
16018,9.0,0.1111111111111111,0.2222222222222222,0.6212121212121212
16025,4.0,0.0,0.0,0.609375
16038,18.0,0.1111111111111111,0.2777777777777778,0.5360830527497193
16041,6.0,0.0,0.3333333333333333,0.5362193362193363
16049,36.0,0.1111111111111111,0.3888888888888889,0.48473524931858264
16052,9.0,0.0,0.4444444444444444,0.528615520282187
16058,269.0,0.13011152416356878,0.2899628252788104,0.531237876126352
16060,13.0,0.0,0.3076923076923077,0.5473359973359974
16061,1.0,0.0,0.0,0.4
16067,2.0,0.0,0.5,0.59375
16068,13.0,0.07692307692307693,0.3076923076923077,0.4583333333333333
16086,24.0,0.041666666666666664,0.08333333333333333,0.7154476310726311
16087,3.0,0.0,0.6666666666666666,0.2857142857142857
16094,4.0,0.0,0.0,0.592948717948718
16095,298.0,0.12080536912751678,0.2751677852348993,0.5099277959177289
16096,4.0,0.0,0.0,0.5305555555555556
16104,10.0,0.0,0.0,0.8278434065934066
16112,32.0,0.1875,0.28125,0.5263891694498313
16119,4.0,0.0,0.25,0.574050949050949
16125,29.0,0.0,0.27586206896551724,0.6055082848186296
16139,13.0,0.0,0.07692307692307693,0.6770389866543713
16143,142.0,0.08450704225352113,0.31690140845070425,0.6090614278476747
16170,7.0,0.0,0.14285714285714285,0.8121561668145519
16180,51.0,0.1568627450980392,0.5098039215686274,0.4915794989324402
16200,1.0,0.0,0.0,0.9375
16202,3.0,0.3333333333333333,1.0,0.30158730158730157
16208,26.0,0.11538461538461539,0.6153846153846154,0.4316391941391941
16226,5.0,0.0,0.0,0.9227106227106227
16239,2.0,0.0,0.5,0.6607142857142857
16249,3.0,0.0,0.3333333333333333,0.6788766788766788
16261,37.0,0.0,0.24324324324324326,0.5101643035466565
16265,1.0,0.0,0.0,1.0
16266,8.0,0.0,0.0,0.9189133986928104
16270,495.0,0.2585858585858586,0.6262626262626263,0.3923364505431984
16277,51.0,0.0392156862745098,0.3137254901960784,0.4427490633805513
16278,128.0,0.0859375,0.5234375,0.4401773752741823
16282,13.0,0.0,0.15384615384615385,0.47321219504477424
16288,74.0,0.17567567567567569,0.527027027027027,0.37973837348837347
16289,1.0,0.0,1.0,0.2
16291,3.0,0.0,0.0,0.7928921568627452
16298,16.0,0.0,0.0625,0.5991936100703263
16307,54.0,0.12962962962962962,0.2037037037037037,0.6499040568485014
16309,2.0,0.0,0.0,0.6527777777777778
16319,62.0,0.04838709677419355,0.1935483870967742,0.5096265294307838
16340,3.0,0.0,0.0,0.4978354978354978
16342,54.0,0.12962962962962962,0.46296296296296297,0.35240807685125003
16364,36.0,0.027777777777777776,0.3055555555555556,0.6292649094732429
16375,2.0,0.0,0.0,0.55
16386,18.0,0.1111111111111111,0.2777777777777778,0.6515873015873016
16406,181.0,0.06629834254143646,0.2265193370165746,0.595621375248447
16410,19.0,0.10526315789473684,0.3684210526315789,0.6281328320802005
16428,1.0,0.0,0.0,0.7272727272727273
16434,4.0,0.0,0.5,0.3878787878787879
16437,16.0,0.0,0.0625,0.733634768009768
16442,1.0,0.0,0.0,0.6666666666666666
16458,4.0,0.25,0.75,0.2982142857142857
16459,43.0,0.09302325581395349,0.46511627906976744,0.33546842464421117
16469,6.0,0.0,0.5,0.26666666666666666
16488,5.0,0.2,0.2,0.704040404040404
16503,6.0,0.0,0.0,0.7664682539682538
16539,1.0,0.0,0.0,0.36363636363636365
16540,1.0,0.0,0.0,0.9166666666666666
16548,29.0,0.10344827586206896,0.27586206896551724,0.6132988658850728
16553,1.0,0.0,0.0,0.7142857142857143
16559,6.0,0.16666666666666666,0.16666666666666666,0.6663410663410664
16575,44.0,0.045454545454545456,0.36363636363636365,0.5145670042227529
16591,3.0,0.0,0.3333333333333333,0.4728535353535353
16596,62.0,0.06451612903225806,0.46774193548387094,0.38489471746604326
16621,2.0,0.0,0.0,0.6515151515151515
16635,5.0,0.0,0.0,0.7895658263305323
16638,1.0,0.0,0.0,1.0
16817,32.0,0.125,0.34375,0.4513075055427029
16882,2.0,0.5,1.0,0.2375
16946,20.0,0.1,0.3,0.5591711760461762
17000,1.0,0.0,0.0,0.6666666666666666
17063,41.0,0.07317073170731707,0.36585365853658536,0.5317832852624818
17105,20.0,0.05,0.35,0.5149748168498169
17107,9.0,0.0,0.1111111111111111,0.656425364758698
17204,2.0,0.0,0.0,0.9
17212,1.0,0.0,0.0,0.3125
17215,18.0,0.0,0.05555555555555555,0.7289504477004477
17308,180.0,0.08888888888888889,0.3055555555555556,0.5148134534613292
17311,3.0,0.3333333333333333,1.0,0.21314102564102563
17398,51.0,0.058823529411764705,0.3137254901960784,0.5938107099871806
17409,19.0,0.0,0.2631578947368421,0.5835152721375632
17484,10.0,0.0,0.2,0.4936824286824287
17495,9.0,0.0,0.1111111111111111,0.7111111111111111
17631,1.0,0.0,0.0,0.875
17643,2.0,0.0,0.0,0.5718954248366013
17702,2.0,0.0,0.5,0.5416666666666667
17724,2.0,0.0,0.0,0.5
17733,36.0,0.0,0.19444444444444445,0.5548243808660476
17737,4.0,0.25,0.5,0.22146464646464645
17740,42.0,0.0,0.33333333333333337,0.5505962291676578
17764,122.0,0.07377049180327869,0.3442622950819672,0.4704754666352933
17803,54.0,0.037037037037037035,0.24074074074074073,0.6330316681623871
17805,11.0,0.09090909090909091,0.18181818181818182,0.500571398298671
17832,1.0,0.0,1.0,0.6
17834,1.0,0.0,0.0,0.5555555555555556
17836,606.0,0.08085808580858085,0.3448844884488449,0.4415564953393793
17851,177.0,0.15254237288135594,0.4067796610169492,0.4953485546900914
17862,77.0,0.06493506493506493,0.23376623376623376,0.625983990756718
17873,1.0,0.0,0.0,1.0
17875,1.0,0.0,0.0,0.9375
17890,38.0,0.15789473684210525,0.39473684210526316,0.29738112334861566
17934,123.0,0.06504065040650407,0.2764227642276423,0.604576682682852
17936,10.0,0.1,0.2,0.5303991596638655
17940,186.0,0.0913978494623656,0.26881720430107525,0.5166745426250569
17947,2.0,0.0,0.0,0.7982954545454546
17948,1.0,0.0,0.0,0.875
17950,1.0,1.0,1.0,0.0625
17956,62.0,0.03225806451612903,0.20967741935483872,0.5521897242055602
17961,19.0,0.15789473684210525,0.3157894736842105,0.4309913856353484
17964,18.0,0.05555555555555555,0.16666666666666666,0.6179076596968753
17966,201.0,0.13432835820895522,0.43781094527363185,0.48079098194363507
17980,16.0,0.0,0.375,0.46090029761904766
17998,195.0,0.046153846153846156,0.1641025641025641,0.5973193615501309
18014,6.0,0.0,0.3333333333333333,0.3891504329004329
18031,10.0,0.0,0.6,0.5905555555555555
18041,12.0,0.4166666666666667,0.5,0.4291366041366041
18119,6.0,0.0,0.0,0.7932983682983683
18145,756.0,0.10714285714285714,0.4576719576719577,0.4018471311266336
18150,6.0,0.0,0.5,0.5064814814814816
18167,3.0,0.0,0.0,0.7015250544662308
18199,4.0,0.25,0.25,0.690625
18225,22.0,0.09090909090909091,0.36363636363636365,0.46569900687547744
18233,5.0,0.0,0.0,0.8761904761904763
18256,2.0,0.0,0.0,0.875
18258,4.0,0.25,0.5,0.3772875816993464
18268,4.0,0.0,0.25,0.6507936507936508
18299,18.0,0.05555555555555555,0.4444444444444444,0.42310564798309896
18310,3.0,0.3333333333333333,0.3333333333333333,0.4444444444444444
18362,96.0,0.23958333333333334,0.5520833333333334,0.4661516724016723
18383,1.0,0.0,0.0,0.5625
18388,4.0,0.0,0.0,0.45713141025641024
18396,1.0,0.0,0.0,0.6666666666666666
18403,26.0,0.23076923076923078,0.5,0.44390086409317175
18442,5.0,0.0,0.2,0.4575477154424522
18484,1.0,0.0,0.0,1.0
18523,1.0,0.0,0.0,0.8461538461538461
18524,12.0,0.0,0.0,0.7784902597402596
18531,1.0,0.0,0.0,1.0
18545,2.0,0.0,0.0,0.7976190476190477
18548,1.0,0.0,0.0,1.0
18551,1.0,0.0,0.0,0.9230769230769231
18557,2.0,0.0,0.0,0.8333333333333333
18610,1.0,0.0,0.0,1.0
18623,1.0,0.0,0.0,0.8571428571428571
18637,6.0,0.0,0.5,0.5671296296296295
18639,117.0,0.15384615384615385,0.5384615384615384,0.44830819772373315
18644,6.0,0.16666666666666666,0.3333333333333333,0.505654761904762
18650,1.0,0.0,1.0,0.0
18660,100.0,0.09,0.56,0.47096156198873595
18682,1.0,0.0,1.0,0.2857142857142857
18688,19.0,0.15789473684210525,0.3684210526315789,0.4299009555975499
18702,1.0,0.0,0.0,0.6111111111111112
18737,1.0,0.0,0.0,0.9230769230769231
18749,2.0,0.0,0.5,0.19230769230769232
18774,16.0,0.0625,0.3125,0.5763640873015873
18790,6.0,0.0,0.0,0.749537037037037
18821,1.0,0.0,0.0,0.45454545454545453
18823,1.0,0.0,1.0,0.3333333333333333
18845,256.0,0.03125,0.34765625,0.48471553713915133
18864,2.0,0.0,0.0,0.4285714285714286
18872,1.0,0.0,0.0,1.0
18875,247.0,0.06072874493927125,0.32388663967611336,0.5768149355195455
18903,8.0,0.25,0.75,0.2677083333333333
18909,26.0,0.0,0.23076923076923078,0.4447915332530717
18912,19.0,0.10526315789473684,0.3157894736842105,0.5484828037459616
18920,393.0,0.11450381679389313,0.3384223918575064,0.5402449483444095
18935,22.0,0.045454545454545456,0.18181818181818182,0.6325121515910989
18939,3.0,0.0,0.3333333333333333,0.5777777777777778
18948,1.0,0.0,1.0,0.0
18952,1.0,0.0,0.0,0.23529411764705882
18978,3.0,0.0,0.0,0.8022486772486772
18984,3.0,0.0,0.0,0.8888888888888888
19008,3.0,0.3333333333333333,1.0,0.33174603174603173
19030,23.0,0.08695652173913043,0.391304347826087,0.403865433373106
19045,1.0,0.0,0.0,1.0
19049,3.0,0.0,0.3333333333333333,0.4055555555555556
19056,151.0,0.059602649006622516,0.23178807947019867,0.5997169888331493
19084,220.0,0.07272727272727272,0.2590909090909091,0.5504175183019071
19097,10.0,0.0,0.0,0.6125345487845488
19116,91.0,0.08791208791208792,0.2087912087912088,0.5968850504160783
19122,14.0,0.0,0.21428571428571427,0.49713471052756775
19128,1.0,0.0,1.0,0.375
19168,5.0,0.0,0.4,0.5282539682539682
19172,9.0,0.0,0.2222222222222222,0.6045414462081129
19203,164.0,0.11585365853658537,0.40853658536585363,0.5148134470543007
19205,1.0,0.0,0.0,0.45
19237,2.0,0.0,0.5,0.28125
19250,26.0,0.0,0.11538461538461539,0.592436409744102
19271,7.0,0.14285714285714285,0.42857142857142855,0.4737494997999199
19280,1.0,0.0,0.0,1.0
19281,1.0,0.0,0.0,0.7142857142857143
19282,69.0,0.028985507246376812,0.36231884057971014,0.3978748868501864
19326,2.0,0.0,0.0,0.5793650793650793
19365,2.0,0.0,0.0,0.5
19385,1.0,0.0,1.0,0.25
19400,3.0,0.0,1.0,0.13333333333333333
19405,1.0,0.0,0.0,0.8571428571428571
19408,1.0,0.0,0.0,1.0
19430,3.0,0.3333333333333333,1.0,0.2253968253968254
19431,4.0,0.25,0.25,0.5482142857142858
19438,1.0,0.0,1.0,0.5
19476,5.0,0.0,0.0,0.8614285714285714
19495,1.0,0.0,1.0,0.3333333333333333
19514,2.0,0.5,0.5,0.3222222222222222
19576,36.0,0.16666666666666666,0.4722222222222222,0.4173798151739328
19585,1.0,0.0,1.0,0.6
19629,78.0,0.05128205128205128,0.32051282051282054,0.4681537038769481
19647,1.0,0.0,0.0,0.8333333333333334
19694,51.0,0.0392156862745098,0.3137254901960784,0.5137383041794806
19705,1.0,0.0,0.0,0.5833333333333334
19724,1.0,0.0,0.0,0.5
19737,1.0,0.0,0.0,0.8888888888888888
19750,5.0,0.0,0.0,0.5922385620915034
19755,25.0,0.08,0.36,0.487051837051837
19762,4.0,0.0,0.0,0.5523897058823529
19777,1.0,0.0,1.0,0.2222222222222222
19818,8.0,0.125,0.125,0.5301053113553114
19823,2.0,0.0,0.0,0.7215909090909092
19825,10.0,0.0,0.0,0.6886603021161845
19836,102.0,0.0784313725490196,0.28431372549019607,0.5534348685083978
19837,105.0,0.18095238095238095,0.47619047619047616,0.48223139450030206
19840,5.0,0.0,0.2,0.5569444444444445
19845,145.0,0.10344827586206896,0.3586206896551724,0.48844068766482557
19865,20.0,0.1,0.25,0.47603708791208793
19871,6.0,0.0,0.16666666666666666,0.5174125710890417
19872,5.0,0.0,0.2,0.3819444444444445
19884,2.0,0.0,0.5,0.5
19885,43.0,0.046511627906976744,0.13953488372093023,0.6076326128651709
19891,1.0,0.0,0.0,0.42857142857142855
19906,1.0,0.0,0.0,0.875
19928,1.0,0.0,0.0,0.7
19932,1.0,0.0,0.0,0.8
19951,4.0,0.0,0.5,0.513888888888889
19966,97.0,0.18556701030927836,0.5154639175257731,0.43168140565047786
19968,15.0,0.06666666666666667,0.26666666666666666,0.494504107004107
19994,4.0,0.0,0.0,0.7444444444444445
20005,147.0,0.10204081632653061,0.30612244897959184,0.551652904625311
20006,2.0,0.0,0.0,0.6647727272727273
20007,3.0,0.0,0.6666666666666666,0.42424242424242425
20009,28.0,0.14285714285714285,0.32142857142857145,0.5334624554950185
20011,191.0,0.02617801047120419,0.14659685863874344,0.6340322562835653
20038,21.0,0.14285714285714285,0.38095238095238093,0.3631554337270834
20045,398.0,0.10301507537688442,0.3241206030150754,0.5443982201453094
20052,35.0,0.05714285714285714,0.5714285714285714,0.4462905348619634
20084,1.0,0.0,0.0,0.3125
20146,2.0,0.5,1.0,0.17482517482517482
20149,5.0,0.0,0.4,0.25
20156,1.0,0.0,1.0,0.0
20189,2.0,0.0,0.0,0.6865079365079365
20220,3.0,0.0,0.0,0.8065476190476191
20250,13.0,0.0,0.07692307692307693,0.6440017472406137
20251,44.0,0.15909090909090912,0.5681818181818182,0.3737489486152588
20257,9.0,0.2222222222222222,0.3333333333333333,0.4319083694083694
20289,1.0,1.0,1.0,0.25
20306,40.0,0.2,0.425,0.39151133588633585
20336,11.0,0.18181818181818182,0.36363636363636365,0.5642857142857142
20356,4.0,0.0,0.5,0.38576388888888885
20358,2.0,0.0,0.0,0.8
20359,2.0,0.0,0.0,0.8973214285714286
20360,1.0,0.0,0.0,1.0
20389,29.0,0.13793103448275862,0.3448275862068966,0.48214170886584684
20390,1.0,0.0,1.0,0.0
20391,120.0,0.16666666666666666,0.48333333333333334,0.49544376919376915
20406,11.0,0.09090909090909091,0.09090909090909091,0.5490967365967365
20409,217.0,0.11059907834101383,0.31797235023041476,0.4640857548219934
20421,1.0,0.0,0.0,0.9230769230769231
20422,54.0,0.07407407407407407,0.25925925925925924,0.5263981902870791
20428,9.0,0.0,0.2222222222222222,0.7634310134310134
20429,3.0,0.0,0.3333333333333333,0.5777777777777778
20430,1.0,0.0,0.0,0.5625
20451,223.0,0.10762331838565023,0.48878923766816146,0.4830878264734767
20456,18.0,0.1111111111111111,0.3888888888888889,0.47372134038800706
20492,45.0,0.13333333333333333,0.4,0.4794333444333445
20536,28.0,0.10714285714285714,0.32142857142857145,0.46495972223388193
20558,1.0,1.0,1.0,0.08333333333333333
20607,1.0,0.0,0.0,0.9375
20662,1.0,0.0,0.0,0.8
20679,44.0,0.045454545454545456,0.20454545454545456,0.588401044982631
20681,85.0,0.23529411764705882,0.6235294117647059,0.44523917259211376
20700,30.0,0.0,0.2,0.5606910953969778
20704,2.0,0.0,0.5,0.625
20744,4.0,0.0,0.0,0.6988095238095238
20756,4.0,0.0,0.0,0.8023538961038961
20759,2.0,0.0,0.0,0.9285714285714286
20774,6.0,0.0,0.0,0.7339743589743589
20786,1.0,0.0,0.0,1.0
20805,15.0,0.06666666666666667,0.13333333333333333,0.5913517038517038
20814,164.0,0.22560975609756098,0.628048780487805,0.4352116275044898
20848,3.0,0.0,0.0,0.7070707070707071
20860,5.0,0.0,0.2,0.6557575757575758
20870,10.0,0.3,0.9,0.29396825396825393
20943,148.0,0.0945945945945946,0.31756756756756754,0.48964840527340536
20946,10.0,0.2,0.3,0.4259501527883881
20972,4.0,0.0,0.0,0.8309523809523809
20999,9.0,0.1111111111111111,0.2222222222222222,0.6876262626262626
21012,31.0,0.06451612903225806,0.3225806451612903,0.5610797383093398
21037,4.0,0.25,0.25,0.6607142857142857
21071,2.0,0.0,0.5,0.5446428571428572
21093,27.0,0.0,0.037037037037037035,0.6415167137389359
21101,3.0,0.0,0.0,0.5336700336700336
21109,3.0,0.0,0.0,0.4375
21111,2.0,0.0,0.5,0.3020833333333333
21118,11.0,0.0,0.36363636363636365,0.4539447183832211
21119,37.0,0.16216216216216217,0.40540540540540543,0.35318393638827067
21124,9.0,0.0,0.1111111111111111,0.5282869545124448
21141,10.0,0.1,0.2,0.49725274725274715
21142,11.0,0.0,0.09090909090909091,0.5737155001860885
21186,30.0,0.03333333333333333,0.26666666666666666,0.5458786583786585
21226,5.0,0.0,0.4,0.5142857142857142
21244,1.0,0.0,0.0,0.2857142857142857
21291,42.0,0.047619047619047616,0.14285714285714285,0.672883928241071
21346,81.0,0.06172839506172839,0.2222222222222222,0.5405947394050822
21362,57.0,0.05263157894736842,0.14035087719298245,0.6012365973666282
21466,12.0,0.08333333333333333,0.25,0.5044973544973547
21478,1.0,1.0,1.0,0.0625
21511,2.0,0.0,0.0,0.4375
21516,399.0,0.12030075187969924,0.38596491228070173,0.5222677376622612
21534,9.0,0.0,0.0,0.6594576719576719
21549,95.0,0.042105263157894736,0.2842105263157895,0.6198417767303217
21550,41.0,0.0975609756097561,0.21951219512195122,0.6843676648554697
21551,28.0,0.0,0.42857142857142855,0.35334492188483785
21570,3.0,0.0,0.0,0.7555555555555555
21578,3.0,0.3333333333333333,0.6666666666666666,0.20833333333333334
21590,2.0,0.0,0.5,0.5
21641,29.0,0.06896551724137931,0.27586206896551724,0.46925632683746277
21647,3.0,0.0,1.0,0.335978835978836
21676,1.0,0.0,0.0,1.0
21707,1.0,0.0,0.0,0.6428571428571429
21721,23.0,0.043478260869565216,0.13043478260869565,0.629004964203174
21722,2.0,0.5,0.5,0.43333333333333335
21732,51.0,0.0392156862745098,0.5098039215686274,0.3745577679401208
21768,53.0,0.07547169811320754,0.2641509433962264,0.5550354781486858
21781,5.0,0.0,0.0,0.7857142857142858
21806,1.0,0.0,0.0,0.8571428571428571
21814,3.0,0.0,0.0,0.8083333333333332
21823,3.0,0.3333333333333333,0.3333333333333333,0.6474747474747474
21827,12.0,0.08333333333333333,0.3333333333333333,0.6391407203907203
21879,361.0,0.0664819944598338,0.21606648199445982,0.5683197379517912
21909,17.0,0.0,0.29411764705882354,0.48648026329687233
21910,3.0,0.0,0.3333333333333333,0.669047619047619
21924,1.0,0.0,1.0,0.2222222222222222
21935,1.0,0.0,0.0,1.0
21961,1.0,0.0,0.0,0.875
21975,30.0,0.06666666666666667,0.26666666666666666,0.4674708162208162
21997,2.0,0.0,0.0,0.5555555555555556
22011,174.0,0.08045977011494253,0.42528735632183906,0.5190203667615697
22018,1.0,1.0,1.0,0.125
22022,3.0,0.0,0.3333333333333333,0.611111111111111
22045,7.0,0.0,0.0,0.7777777777777777
22070,8.0,0.25,0.5,0.3777800324675325
22097,32.0,0.125,0.5625,0.5026067682317683
22113,12.0,0.08333333333333333,0.25,0.5420083184789066
22131,7.0,0.0,0.2857142857142857,0.6089004249718536
22133,1.0,0.0,0.0,1.0
22146,1.0,0.0,0.0,0.625
22150,204.0,0.17647058823529413,0.4166666666666667,0.4651661757465574
22159,2.0,0.0,0.5,0.5525210084033614
22165,10.0,0.0,0.0,0.4734126984126984
22171,1.0,0.0,0.0,0.7692307692307693
22193,4.0,0.0,0.0,0.7342261904761905
22206,5.0,0.0,0.0,0.8767857142857143
22208,1.0,0.0,1.0,0.3
22226,3.0,0.0,0.0,0.6277777777777778
22235,3.0,0.0,0.0,0.7172619047619048
22247,3.0,0.0,0.0,0.7840608465608465
22248,5.0,0.0,0.2,0.5844444444444444
22252,11.0,0.0,0.0,0.6166104320516085
22253,2.0,0.0,0.0,0.7067307692307692
22273,21.0,0.047619047619047616,0.2857142857142857,0.6158558372844087
22281,2.0,0.0,0.0,0.36666666666666664
22285,3.0,0.3333333333333333,0.6666666666666666,0.21296296296296294
22301,2.0,0.0,0.0,1.0
22309,3.0,0.0,0.3333333333333333,0.4507936507936508
22361,34.0,0.08823529411764706,0.38235294117647056,0.4241985139043963
22367,189.0,0.12169312169312169,0.3439153439153439,0.5756552361944519
22374,10.0,0.0,0.2,0.618970588235294
22389,1.0,0.0,0.0,0.5833333333333334
22401,129.0,0.20930232558139536,0.46511627906976744,0.5044233999774355
22407,2.0,0.0,0.0,0.5833333333333333
22408,4.0,0.0,0.25,0.6619047619047619
22415,3.0,0.0,0.3333333333333333,0.5170454545454546
22421,85.0,0.11764705882352941,0.38823529411764707,0.41399983980512994
22437,3.0,0.0,0.3333333333333333,0.6259259259259259
22465,2.0,0.0,0.5,0.3088235294117647
22468,1.0,0.0,0.0,0.3333333333333333
22507,42.0,0.047619047619047616,0.16666666666666666,0.5447935001506431
22525,418.0,0.0861244019138756,0.3157894736842105,0.5655877271363821
22558,5.0,0.0,0.0,0.5831746031746032
22587,1.0,0.0,0.0,1.0
22625,2.0,0.0,0.0,0.4598214285714286
22654,8.0,0.25,0.375,0.5090638528138528
22679,33.0,0.06060606060606061,0.6060606060606061,0.4366600571146026
22686,4.0,0.0,0.25,0.7083333333333334
22687,2.0,0.0,0.0,0.6565934065934066
22691,24.0,0.041666666666666664,0.4166666666666667,0.530448717948718
22725,274.0,0.10583941605839416,0.4562043795620438,0.3871395266629273
22735,54.0,0.07407407407407407,0.24074074074074073,0.5267676828134346
22771,3.0,0.0,0.0,0.7037037037037037
22801,9.0,0.1111111111111111,0.4444444444444444,0.5374939874939875
22821,17.0,0.058823529411764705,0.35294117647058826,0.3665005745888099
22839,663.0,0.10558069381598793,0.34087481146304677,0.5282345688790551
22847,3.0,0.0,0.0,1.0
22869,7.0,0.14285714285714285,0.5714285714285714,0.338134484563056
22875,1.0,0.0,0.0,1.0
22893,7.0,0.0,0.0,0.8761904761904761
22899,2.0,0.0,0.0,0.9285714285714286
22918,5.0,0.0,0.2,0.7714285714285715
22926,3.0,0.0,0.0,0.753968253968254
22958,12.0,0.08333333333333333,0.4166666666666667,0.4518816212180057
22959,113.0,0.05309734513274336,0.336283185840708,0.4100669088302311
22962,2.0,0.0,0.0,0.7307692307692308
22989,1.0,0.0,0.0,0.625
23007,130.0,0.06153846153846154,0.35384615384615387,0.4534683449505431
23193,1.0,0.0,1.0,0.16666666666666666
23206,2.0,0.5,1.0,0.1125
23210,3.0,0.0,0.0,0.611111111111111
23232,4.0,0.0,1.0,0.041666666666666664
23255,4.0,0.0,0.75,0.12873931623931623
23385,4.0,0.0,0.0,0.5406454248366014
23445,201.0,0.08955223880597014,0.21890547263681592,0.5337237665595874
23450,1.0,0.0,0.0,0.7777777777777778
23510,2.0,0.0,0.0,0.6011904761904762
23569,1.0,0.0,0.0,0.8571428571428571
23623,2.0,0.0,0.0,0.7444444444444445
23712,8.0,0.0,0.0,0.7840354090354089
23717,7.0,0.0,0.5714285714285714,0.4847093382807669
23847,91.0,0.08791208791208792,0.32967032967032966,0.5177788234948955
23926,467.0,0.15417558886509636,0.3875802997858672,0.5185886565945369
24010,6.0,0.0,0.16666666666666666,0.5802577052577053
24013,6.0,0.0,0.0,0.8611111111111112
24034,7.0,0.0,0.0,0.7290249433106576
24069,6.0,0.16666666666666666,0.3333333333333333,0.5310821123321123
24072,9.0,0.0,0.3333333333333333,0.36610010360010364
24073,14.0,0.0,0.2857142857142857,0.5298660951154557
24074,2.0,0.5,1.0,0.038461538461538464
24118,1.0,0.0,0.0,1.0
24121,1.0,0.0,0.0,0.9
24131,2.0,0.0,0.0,0.5384615384615385
24140,3.0,0.0,0.3333333333333333,0.4615384615384615
24142,14.0,0.0,0.0,0.6109417368345941
24176,5.0,0.2,0.6,0.3165151515151515
24210,70.0,0.14285714285714285,0.4142857142857143,0.49834883278547587
24261,1.0,0.0,0.0,0.3333333333333333
24312,1.0,1.0,1.0,0.08333333333333333
24330,1.0,0.0,1.0,0.25
24429,1.0,0.0,0.0,0.5
24435,1.0,0.0,0.0,1.0
24446,1.0,0.0,0.0,0.38461538461538464
24451,1.0,0.0,1.0,0.375
24460,1.0,0.0,0.0,0.6153846153846154
24467,1.0,0.0,0.0,0.8
24505,1.0,0.0,0.0,0.36363636363636365
24512,2.0,0.0,0.0,0.6746323529411764
24547,1.0,0.0,0.0,0.6153846153846154
24584,1.0,0.0,0.0,0.9
24588,2.0,0.5,0.5,0.2722222222222222
24596,11.0,0.09090909090909091,0.8181818181818182,0.41103896103896104
24649,6.0,0.0,0.16666666666666666,0.6254960317460317
24654,1.0,0.0,1.0,0.375
24718,14.0,0.0,0.5,0.32015415140415143
24762,5.0,0.2,0.2,0.5017460317460317
24768,4.0,0.0,0.5,0.5194444444444445
24777,1.0,0.0,1.0,0.3333333333333333
24821,9.0,0.2222222222222222,0.2222222222222222,0.4577621452621453
24822,5.0,0.0,0.2,0.5144444444444444
24880,9.0,0.0,0.2222222222222222,0.5885802469135802
24885,1.0,0.0,0.0,0.8571428571428571
24890,313.0,0.2268370607028754,0.5239616613418531,0.43794015610304593
24938,1.0,0.0,0.0,0.875
24960,9.0,0.0,0.6666666666666666,0.29177489177489174
24982,41.0,0.07317073170731707,0.4878048780487805,0.4529558517363395
24990,3.0,0.0,0.0,0.5045454545454545
24993,4.0,0.0,0.25,0.413474025974026
24997,1.0,1.0,1.0,0.1111111111111111
25009,429.0,0.10722610722610723,0.35664335664335667,0.531230493717532
25051,1.0,0.0,0.0,1.0
25119,167.0,0.08982035928143713,0.2155688622754491,0.5801169150015574
25124,43.0,0.11627906976744186,0.3953488372093023,0.5536929364904742
25133,7.0,0.0,0.2857142857142857,0.47206087563230426
25159,7.0,0.0,0.14285714285714285,0.41918640365845344
25160,9.0,0.2222222222222222,0.6666666666666666,0.4192546583850932
25173,16.0,0.0625,0.4375,0.5395957341269841
25205,228.0,0.11403508771929824,0.4298245614035088,0.5348846270329366
25212,5.0,0.0,0.6,0.2777777777777778
25213,1.0,0.0,0.0,1.0
25218,1.0,0.0,1.0,0.2222222222222222
25225,266.0,0.10150375939849623,0.3458646616541353,0.45325662960559027
25265,68.0,0.19117647058823528,0.42647058823529405,0.4952394590473799
25272,75.0,0.06666666666666667,0.21333333333333335,0.4979684296001431
25286,4.0,0.0,0.5,0.41689976689976693
25290,2.0,0.0,0.0,0.8571428571428572
25299,1.0,0.0,0.0,0.5
25303,17.0,0.0,0.23529411764705882,0.6062194341606106
25367,1.0,0.0,0.0,0.9285714285714286
25426,12.0,0.0,0.25,0.5825414230019493
25439,7.0,0.0,0.42857142857142855,0.6143063285920428
25480,4.0,0.0,0.25,0.7104166666666667
25504,3.0,0.0,0.6666666666666666,0.19675925925925927
25512,2.0,0.0,0.0,0.7063492063492063
25521,1.0,0.0,1.0,0.0
25551,2.0,0.0,0.5,0.0
25555,79.0,0.02531645569620253,0.5063291139240507,0.36187114573190515
25561,2.0,0.0,0.0,0.7410714285714286
25569,1.0,0.0,0.0,0.7857142857142857
25579,1.0,0.0,0.0,0.46153846153846156
25607,1.0,0.0,0.0,0.6666666666666666
25618,7.0,0.14285714285714285,0.5714285714285714,0.517063492063492
25625,1.0,0.0,1.0,0.25
25628,228.0,0.12719298245614036,0.3684210526315789,0.5257283604692763
25635,26.0,0.038461538461538464,0.38461538461538464,0.5144851942928865
25681,1.0,0.0,0.0,1.0
25708,1.0,0.0,1.0,0.375
25715,35.0,0.05714285714285714,0.37142857142857144,0.4580607487750345
25721,17.0,0.0,0.47058823529411764,0.421249257278669
25726,4.0,0.25,0.25,0.6041666666666666
25735,17.0,0.23529411764705882,0.35294117647058826,0.4457091927680163
25759,1.0,0.0,0.0,0.5333333333333333
25778,3.0,0.0,0.0,0.6113289760348584
25780,9.0,0.0,0.1111111111111111,0.5670194003527337
25847,3.0,0.0,0.3333333333333333,0.529656862745098
25856,4.0,0.0,0.0,0.8854166666666666
25857,76.0,0.09210526315789473,0.27631578947368424,0.6174273825589615
25914,214.0,0.14018691588785046,0.411214953271028,0.5237685972960199
25920,2.0,0.0,1.0,0.0
25921,3.0,0.0,0.0,0.8571428571428572
25930,2.0,0.0,0.0,0.719047619047619
25931,94.0,0.2127659574468085,0.425531914893617,0.5387812246854801
25959,3.0,0.0,0.0,0.49702380952380953
25963,19.0,0.05263157894736842,0.3684210526315789,0.5855680868838763
25988,122.0,0.16393442622950818,0.3114754098360656,0.4743638422858262
26061,20.0,0.05,0.2,0.6163834776334777
26099,301.0,0.046511627906976744,0.2724252491694352,0.6153460165639639
26102,57.0,0.12280701754385964,0.40350877192982454,0.44048737926446907
26108,2.0,0.0,0.5,0.29963235294117646
26111,1.0,0.0,0.0,0.4166666666666667
26118,346.0,0.2398843930635838,0.5202312138728323,0.40263831854310844
26123,55.0,0.07272727272727272,0.2545454545454545,0.5205805879863015
26124,135.0,0.06666666666666667,0.2962962962962963,0.45096237884814183
26146,1.0,0.0,0.0,1.0
26153,4.0,0.0,0.0,0.516500350140056
26177,260.0,0.19230769230769232,0.47692307692307695,0.46338765047368285
26181,87.0,0.08045977011494254,0.3563218390804597,0.5714184921081473
26238,219.0,0.0547945205479452,0.2237442922374429,0.5300538629305753
26259,90.0,0.06666666666666667,0.43333333333333335,0.4776800668467335
26273,32.0,0.03125,0.125,0.6398944728678185
26274,10.0,0.0,0.2,0.5828787878787878
26363,3.0,0.3333333333333333,0.3333333333333333,0.38928571428571423
26366,5.0,0.0,0.2,0.5033766233766234
26386,1.0,0.0,0.0,0.26666666666666666
26429,1.0,0.0,1.0,0.1875
26474,35.0,0.05714285714285714,0.5714285714285714,0.41932020360591793
26482,11.0,0.0,0.36363636363636365,0.4272727272727273
26516,1.0,0.0,1.0,0.25
26517,1.0,0.0,0.0,0.5
26546,4.0,0.0,0.25,0.5416666666666667
26547,154.0,0.18831168831168832,0.512987012987013,0.42021108588797873
26592,5.0,0.0,0.4,0.6116666666666667
26615,1.0,0.0,1.0,0.3333333333333333
26625,6.0,0.0,0.0,0.6666666666666666
26631,3.0,0.0,0.0,0.5042735042735043
26678,14.0,0.0,0.35714285714285715,0.46920480313337454
26683,1.0,0.0,0.0,0.8571428571428571
26727,171.0,0.1111111111111111,0.2982456140350877,0.517256787895755
26729,12.0,0.08333333333333333,0.3333333333333333,0.5662728475228475
26732,3.0,0.0,0.0,0.8289760348583878
26745,23.0,0.0,0.08695652173913043,0.6783156763369445
26761,46.0,0.06521739130434782,0.17391304347826086,0.6497583973287299
26764,104.0,0.09615384615384616,0.375,0.4068310790337807
26772,47.0,0.06382978723404255,0.40425531914893614,0.4363224541416031
26798,28.0,0.0,0.39285714285714285,0.4632111935683364
26840,25.0,0.12,0.16,0.6169680319680321
26851,1.0,0.0,1.0,0.0
26855,1.0,0.0,0.0,0.5
26881,28.0,0.07142857142857142,0.2857142857142857,0.5188344889237747
26911,1.0,0.0,0.0,0.9230769230769231
26921,6.0,0.16666666666666666,0.16666666666666666,0.7074758574758575
26922,8.0,0.0,0.25,0.5165518101179866
26938,2.0,0.0,0.0,0.9230769230769231
27035,6.0,0.0,0.5,0.45416666666666666
27038,1.0,0.0,0.0,0.9333333333333333
27045,30.0,0.06666666666666667,0.36666666666666664,0.621537503890445
27054,1.0,0.0,0.0,0.75
27078,53.0,0.11320754716981132,0.49056603773584906,0.47859302647038493
27170,41.0,0.34146341463414637,0.6097560975609756,0.3407055343030953
27172,1.0,0.0,0.0,0.6
27218,1.0,0.0,0.0,0.9
27222,2.0,0.0,0.0,0.6923076923076923
27232,20.0,0.1,0.55,0.47365440115440116
27235,1.0,0.0,0.0,0.6923076923076923
27282,22.0,0.0,0.13636363636363635,0.717827626918536
27290,75.0,0.08,0.5066666666666667,0.49690330040330033
27291,1.0,0.0,0.0,0.875
27314,3.0,0.0,0.0,0.6027777777777777
27395,74.0,0.06756756756756757,0.21621621621621623,0.5647015548718335
27397,8.0,0.0,0.25,0.5600378787878787
27429,12.0,0.0,0.0,0.6473897780962998
27444,12.0,0.08333333333333333,0.5,0.36748806748806745
27494,82.0,0.13414634146341464,0.2804878048780488,0.5123557894361338
27500,27.0,0.2962962962962963,0.4444444444444444,0.5408609908609909
27516,65.0,0.03076923076923077,0.2,0.5544313830965415
27520,3.0,0.0,0.0,0.898148148148148
27629,5.0,0.0,0.2,0.6913636363636363
27635,3.0,0.0,0.0,0.6666666666666666
27641,18.0,0.16666666666666666,0.5555555555555556,0.40343714927048263
27667,2.0,0.0,0.5,0.625
27681,77.0,0.09090909090909091,0.22077922077922077,0.5129900258694841
27683,56.0,0.08928571428571429,0.4107142857142857,0.5114272136593565
27702,1.0,0.0,1.0,0.2857142857142857
27713,21.0,0.0,0.38095238095238093,0.3897117432831719
27715,1.0,0.0,0.0,1.0
27741,91.0,0.12087912087912088,0.5054945054945055,0.4727188343588248
27759,4.0,0.0,1.0,0.25
27779,1.0,0.0,0.0,0.8235294117647058
27788,81.0,0.04938271604938271,0.18518518518518517,0.5377755481695206
27805,48.0,0.1875,0.5416666666666666,0.4443377224627225
27837,8.0,0.0,0.375,0.6276605339105339
27862,12.0,0.0,0.3333333333333333,0.5116137334887334
27909,14.0,0.0,0.5,0.3340561224489796
27911,2.0,0.0,0.0,0.6
27914,3.0,0.3333333333333333,0.3333333333333333,0.6303030303030304
27950,21.0,0.19047619047619047,0.7142857142857143,0.24916201523344378
27957,5.0,0.0,0.4,0.5177489177489176
28017,1.0,0.0,0.0,0.9230769230769231
28032,16.0,0.0,0.3125,0.6423611111111112
28057,1.0,0.0,0.0,0.6
28064,55.0,0.09090909090909091,0.2545454545454545,0.583038073038073
28075,1.0,0.0,0.0,1.0
28083,86.0,0.11627906976744186,0.38372093023255816,0.5028266630010816
28115,7.0,0.0,0.14285714285714285,0.7249518999518999
28138,1.0,0.0,0.0,0.75
28146,40.0,0.1,0.525,0.4716210872460872
28153,7.0,0.0,0.5714285714285714,0.5578231292517006
28180,385.0,0.10649350649350649,0.33766233766233766,0.49539135630074005
28193,120.0,0.08333333333333333,0.3416666666666667,0.49306679585088803
28201,2.0,0.0,0.0,0.5192307692307692
28214,1.0,0.0,0.0,0.23529411764705882
28217,25.0,0.04,0.12,0.5413453692849979
28227,16.0,0.0625,0.25,0.4770832466144965
28235,1.0,1.0,1.0,0.14285714285714285
28247,97.0,0.020618556701030927,0.24742268041237114,0.4721997459116204
28259,4.0,0.0,0.5,0.6805555555555556
28264,1.0,0.0,0.0,0.5555555555555556
28265,60.0,0.1,0.4,0.5698742923742925
28278,2.0,0.0,0.0,1.0
28292,3.0,0.0,0.0,0.6746031746031745
28294,3.0,0.0,0.3333333333333333,0.5427350427350427
28311,2.0,1.0,1.0,0.1125
28327,1.0,0.0,0.0,1.0
28338,271.0,0.2952029520295203,0.6494464944649446,0.4246794606129086
28339,2.0,0.0,0.0,0.5793650793650793
28362,1.0,0.0,0.0,0.625
28392,1.0,0.0,0.0,1.0
28411,3.0,0.0,0.0,0.576388888888889
28412,33.0,0.15151515151515152,0.45454545454545453,0.45826177189813555
28480,178.0,0.17415730337078653,0.5505617977528089,0.3718244919132517
28488,5.0,0.0,0.6,0.38857142857142857
28493,3.0,0.3333333333333333,1.0,0.22747252747252744
28495,1.0,0.0,1.0,0.0
28511,260.0,0.06923076923076923,0.34615384615384615,0.5494751706940623
28539,5.0,0.0,0.4,0.6529220779220779
28570,73.0,0.0958904109589041,0.3287671232876712,0.5813797626851616
28583,12.0,0.08333333333333333,0.75,0.295734126984127
28636,2.0,0.0,0.5,0.4166666666666667
28638,4.0,0.0,0.0,0.4375
28673,197.0,0.06091370558375635,0.19289340101522842,0.6023246775784846
28686,2.0,0.0,0.0,0.96875
28693,1.0,0.0,0.0,0.75
28694,7.0,0.2857142857142857,0.7142857142857143,0.2188208616780045
28705,12.0,0.16666666666666666,0.5,0.5278635716135716
28711,31.0,0.03225806451612903,0.22580645161290322,0.5574952377371731
28723,1.0,0.0,1.0,0.23076923076923078
28730,1.0,0.0,0.0,0.6666666666666666
28737,7.0,0.0,0.14285714285714285,0.41581632653061223
28758,1.0,1.0,1.0,0.07692307692307693
28759,2.0,1.0,1.0,0.08846153846153847
28761,1.0,0.0,0.0,0.75
28762,123.0,0.056910569105691054,0.2845528455284553,0.6020936831912442
28787,713.0,0.1150070126227209,0.37868162692847124,0.5208859085734149
28792,66.0,0.07575757575757576,0.2727272727272727,0.5253453515555965
28793,4.0,0.0,0.5,0.26785714285714285
28804,1.0,0.0,0.0,0.9375
28805,1.0,0.0,0.0,0.8181818181818182
28822,2.0,0.0,0.0,0.5965909090909092
28855,2.0,0.0,0.5,0.6333333333333333
28860,20.0,0.1,0.15,0.47831972099967457
28861,52.0,0.057692307692307696,0.36538461538461536,0.3919283384743911
28862,1.0,0.0,0.0,0.35714285714285715
28863,29.0,0.034482758620689655,0.27586206896551724,0.5199046136419361
28876,241.0,0.08298755186721991,0.2946058091286307,0.5709961350884426
28892,1.0,0.0,0.0,0.5625
28900,25.0,0.2,0.76,0.2949224109224109
28905,230.0,0.16521739130434782,0.591304347826087,0.43909023084604093
28913,183.0,0.1092896174863388,0.41530054644808745,0.48963477918797754
28977,4.0,0.0,0.25,0.6626984126984128
29026,19.0,0.10526315789473684,0.5789473684210527,0.4412831320726057
29031,3.0,0.0,0.0,0.5625
29037,1.0,0.0,0.0,1.0
29175,16.0,0.0,0.375,0.3594284188034188
29212,8.0,0.0,0.25,0.41430613912231556
29216,5.0,0.0,0.0,0.7297619047619047
29232,6.0,0.0,0.0,0.8462962962962962
29286,122.0,0.13114754098360656,0.4344262295081967,0.4955301910400753
29292,17.0,0.11764705882352941,0.6470588235294118,0.3154815772462831
29340,2.0,0.0,0.5,0.55
29361,1.0,0.0,0.0,0.8461538461538461
29370,89.0,0.10112359550561797,0.4606741573033708,0.39526996466851055
29394,1.0,0.0,0.0,0.8571428571428571
29411,173.0,0.08670520231213873,0.2947976878612717,0.6001342447010767
29426,24.0,0.041666666666666664,0.4583333333333333,0.5624993402566931
29427,9.0,0.1111111111111111,0.3333333333333333,0.6359467692801026
29430,22.0,0.045454545454545456,0.2727272727272727,0.5717056932966024
29463,1.0,0.0,0.0,1.0
29472,10.0,0.0,0.3,0.6153400765900766
29473,11.0,0.09090909090909091,0.5454545454545454,0.3643880183987136
29495,2.0,0.0,0.0,0.5793650793650793
29500,19.0,0.0,0.3684210526315789,0.5044903926482874
29513,198.0,0.14646464646464646,0.41919191919191917,0.48808544586755087
29530,1.0,0.0,0.0,0.7692307692307693
29547,4.0,0.0,0.0,0.7599264705882353
29551,37.0,0.10810810810810811,0.35135135135135137,0.5333157833157833
29574,81.0,0.04938271604938271,0.2222222222222222,0.5366533158199827
29580,1.0,0.0,1.0,0.2
29581,16.0,0.0,0.0625,0.6391024518781871
29585,15.0,0.0,0.3333333333333333,0.4313034188034189
29598,5.0,0.0,0.6,0.21738095238095237
29663,1.0,0.0,0.0,0.4375
29681,16.0,0.0,0.25,0.6207656926406926
29732,38.0,0.13157894736842105,0.34210526315789475,0.526758658008658
29735,84.0,0.20238095238095238,0.40476190476190477,0.46807031752299333
29743,2.0,0.0,0.0,0.8333333333333333
29761,1.0,0.0,0.0,1.0
29771,3.0,0.0,0.0,0.7708333333333334
29785,8.0,0.0,0.75,0.2331349206349206
29802,5.0,0.2,0.2,0.48960483960483964
29816,81.0,0.08641975308641975,0.37037037037037035,0.45873377483571276
29858,8.0,0.125,0.375,0.4106971153846154
29878,1.0,0.0,0.0,0.875
29911,1.0,0.0,0.0,0.4444444444444444
29914,1.0,0.0,0.0,0.5555555555555556
29987,14.0,0.0,0.07142857142857142,0.6840818903318905
30036,21.0,0.14285714285714285,0.2857142857142857,0.6148321255464112
30066,4.0,0.0,0.0,0.7383928571428572
30107,4.0,0.25,0.75,0.35833333333333334
30112,42.0,0.047619047619047616,0.16666666666666669,0.5847184561470277
30119,1.0,0.0,0.0,1.0
30148,7.0,0.0,0.14285714285714285,0.5520691609977323
30177,60.0,0.13333333333333333,0.5833333333333334,0.4070054237701297
30178,44.0,0.09090909090909091,0.2727272727272727,0.6196067821067821
30179,19.0,0.05263157894736842,0.47368421052631576,0.5344081357239253
30210,14.0,0.07142857142857142,0.5,0.4994872191300762
30242,1.0,0.0,0.0,0.7142857142857143
30256,6.0,0.0,0.0,0.5850351037851038
30257,1.0,0.0,0.0,0.5625
30336,3.0,0.3333333333333333,1.0,0.20370370370370372
30338,15.0,0.2,0.4,0.3325441225441226
30373,7.0,0.14285714285714285,0.2857142857142857,0.5445578231292517
30383,5.0,0.2,0.6,0.3082031857031857
30404,1.0,0.0,0.0,0.5714285714285714
30405,1.0,0.0,0.0,0.35714285714285715
30409,1.0,0.0,0.0,1.0
30411,1.0,0.0,0.0,0.5
30414,3.0,0.0,0.0,0.8869047619047619
30444,2.0,0.0,0.5,0.5757575757575758
30486,35.0,0.05714285714285714,0.34285714285714286,0.4910128549240716
30519,1.0,1.0,1.0,0.08333333333333333
30586,11.0,0.0,0.18181818181818182,0.5937371971462881
30621,1.0,0.0,0.0,0.6875
30664,1.0,0.0,1.0,0.0
30665,200.0,0.165,0.42,0.4863727605667217
30666,2.0,0.0,0.0,0.8293269230769231
30676,3.0,0.0,0.0,0.8888888888888888
30695,1.0,0.0,0.0,1.0
30709,2.0,0.0,0.5,0.7083333333333333
30754,19.0,0.05263157894736842,0.42105263157894735,0.4746405641142484
30770,3.0,0.0,1.0,0.5119047619047619
30789,2.0,0.0,0.0,0.8186813186813187
30815,9.0,0.0,0.1111111111111111,0.7566137566137566
30845,24.0,0.125,0.25,0.4947244884744886
30848,3.0,0.0,0.0,0.7611111111111111
30867,341.0,0.08504398826979472,0.27565982404692085,0.5694033405267892
30873,3.0,0.0,0.3333333333333333,0.5262237762237763
30879,45.0,0.13333333333333333,0.3333333333333333,0.4592621267621268
30897,2.0,0.0,0.0,0.8
30929,7.0,0.0,0.14285714285714285,0.666000666000666
30936,1.0,0.0,0.0,1.0
30941,162.0,0.06790123456790123,0.2345679012345679,0.5611695414233828
30945,96.0,0.08333333333333333,0.21875,0.5921795410901448
30947,1.0,0.0,1.0,0.42857142857142855
30954,4.0,0.5,0.75,0.2891865079365079
30963,3.0,0.0,0.0,0.6696581196581196
30969,59.0,0.03389830508474576,0.2033898305084746,0.4716376878759867
30970,11.0,0.0,0.18181818181818182,0.4854617604617605
30971,137.0,0.072992700729927,0.38686131386861317,0.44847772146266013
30980,3.0,0.0,0.0,0.6515151515151515
30986,2.0,0.0,0.0,0.9722222222222222
30987,8.0,0.0,0.375,0.4324156746031746
30998,41.0,0.024390243902439025,0.2926829268292683,0.5158145716072545
31027,1.0,0.0,1.0,0.0
31039,32.0,0.125,0.5,0.45612261002886
31040,1.0,0.0,1.0,0.0
31049,2.0,0.5,1.0,0.10416666666666666
31056,1.0,0.0,0.0,1.0
31068,14.0,0.0,0.5714285714285714,0.5243480725623583
31089,1.0,0.0,0.0,0.6666666666666666
31090,14.0,0.0,0.2857142857142857,0.5144527682868019
31105,33.0,0.030303030303030304,0.30303030303030304,0.5880541175995722
31123,37.0,0.13513513513513514,0.3783783783783784,0.3830140955140955
31127,1.0,1.0,1.0,0.08333333333333333
31153,3.0,0.0,0.3333333333333333,0.4246031746031746
31188,407.0,0.11547911547911548,0.36855036855036855,0.5406396500450821
31202,9.0,0.2222222222222222,0.4444444444444444,0.3596119929453263
31213,3.0,0.0,0.0,0.7823529411764706
31251,6.0,0.16666666666666666,0.16666666666666666,0.8238324175824175
31270,2.0,0.0,0.0,0.7666666666666666
31271,13.0,0.0,0.07692307692307693,0.61150388073465
31299,6.0,0.16666666666666666,0.16666666666666666,0.6438492063492063
31301,8.0,0.0,0.125,0.6425595238095237
31313,19.0,0.10526315789473684,0.7368421052631579,0.44074770258980783
31369,59.0,0.05084745762711865,0.3389830508474576,0.48160302503522845
31425,1.0,0.0,0.0,0.9375
31438,26.0,0.11538461538461539,0.5384615384615385,0.4374555183378712
31461,239.0,0.18410041841004185,0.4309623430962343,0.5035228557755663
31462,4.0,0.0,0.25,0.5583333333333333
31465,1.0,0.0,0.0,0.625
31467,140.0,0.1357142857142857,0.5142857142857142,0.3706166849023992
31471,4.0,0.0,0.0,0.9392361111111112
31499,13.0,0.23076923076923078,0.3076923076923077,0.49044011544011545
31501,1.0,0.0,0.0,0.9375
31549,110.0,0.05454545454545454,0.4090909090909091,0.5406314392678029
31553,8.0,0.0,0.125,0.6000048562548562
31606,23.0,0.17391304347826086,0.30434782608695654,0.5561204559488312
31630,1.0,0.0,0.0,0.75
31632,2.0,0.0,0.0,0.5079365079365079
31635,13.0,0.07692307692307693,0.6153846153846154,0.3929181929181929
31648,4.0,0.25,0.75,0.1439950980392157
31667,212.0,0.1509433962264151,0.47641509433962265,0.46518141890888326
31698,217.0,0.08755760368663594,0.2857142857142857,0.5716731203346817
31715,82.0,0.0975609756097561,0.4024390243902439,0.4520128810461439
31779,123.0,0.17073170731707318,0.4634146341463415,0.4668894743349172
31785,21.0,0.0,0.23809523809523808,0.6694094265522837
31814,3.0,0.3333333333333333,0.3333333333333333,0.5277777777777778
31845,1.0,0.0,0.0,1.0
31868,6.0,0.0,0.3333333333333333,0.6376803751803751
31875,3.0,0.0,0.0,0.923076923076923
31881,38.0,0.05263157894736842,0.15789473684210525,0.5556656063235013
31882,30.0,0.06666666666666667,0.3,0.4506299899217855
31898,10.0,0.0,0.1,0.43684990662931844
31899,14.0,0.0,0.14285714285714285,0.48425562532705385
31958,13.0,0.07692307692307693,0.3076923076923077,0.5826923076923077
31978,1.0,1.0,1.0,0.09090909090909091
31982,27.0,0.14814814814814814,0.5925925925925926,0.5782186948853616
32003,14.0,0.07142857142857142,0.5,0.45058205100221904
32008,20.0,0.05,0.3,0.6278174603174604
32014,1.0,0.0,0.0,0.6363636363636364
32015,74.0,0.02702702702702703,0.28378378378378377,0.6026653151653151
32029,21.0,0.23809523809523808,0.47619047619047616,0.45440115440115436
32053,13.0,0.23076923076923078,0.7692307692307693,0.2281068604598016
32061,5.0,0.0,0.2,0.7205555555555556
32077,2.0,0.0,0.0,0.9615384615384616
32108,13.0,0.07692307692307693,0.07692307692307693,0.6840131022823329
32118,6.0,0.16666666666666666,0.5,0.40447700447700446
32125,9.0,0.1111111111111111,0.2222222222222222,0.46334752204317425
32135,7.0,0.0,0.14285714285714285,0.6069902319902319
32145,873.0,0.16838487972508592,0.43184421534937,0.4587499897645789
32146,4.0,0.0,0.0,0.5295284780578897
32148,2.0,0.0,0.5,0.375
32153,7.0,0.2857142857142857,0.2857142857142857,0.4754971219256934
32154,7.0,0.0,0.2857142857142857,0.5539138184918235
32159,4.0,0.0,0.25,0.6106060606060606
32160,10.0,0.0,0.1,0.6856709883683567
32169,3.0,0.3333333333333333,0.6666666666666666,0.5666666666666667
32179,1.0,0.0,0.0,0.7272727272727273
32188,1.0,0.0,0.0,0.5
32197,1.0,0.0,0.0,0.875
32220,2.0,1.0,1.0,0.1625
32235,28.0,0.0,0.0,0.8350504654076083
32239,70.0,0.11428571428571428,0.34285714285714286,0.5165404973178083
32241,1.0,0.0,0.0,0.9166666666666666
32247,273.0,0.10622710622710622,0.27106227106227104,0.4788354807585577
32261,47.0,0.10638297872340426,0.574468085106383,0.376131669748691
32276,320.0,0.115625,0.346875,0.5835907647116528
32284,1.0,0.0,0.0,0.9
32289,2.0,0.0,0.0,0.9333333333333333
32292,2.0,0.0,0.0,0.75
32295,1.0,0.0,0.0,0.7142857142857143
32301,1.0,0.0,1.0,0.3333333333333333
32315,2.0,0.0,0.0,0.8541666666666667
32325,74.0,0.17567567567567569,0.44594594594594594,0.4624748749748749
32328,6.0,0.0,0.0,0.7126984126984127
32370,1.0,1.0,1.0,0.1
32371,2.0,0.0,0.5,0.37987012987012986
32375,5.0,0.0,0.0,0.8119480519480519
32385,206.0,0.10679611650485436,0.3155339805825243,0.5102251068755173
32406,1.0,0.0,0.0,0.5
32411,7.0,0.0,0.0,0.5901538937253222
32412,14.0,0.07142857142857142,0.21428571428571427,0.5445578231292517
32415,2.0,0.0,0.0,0.648989898989899
32440,7.0,0.42857142857142855,0.5714285714285714,0.3943500943500943
32445,33.0,0.030303030303030304,0.21212121212121213,0.6380078764050054
32479,19.0,0.05263157894736842,0.47368421052631576,0.39869409915849546
32487,20.0,0.1,0.5,0.33230457042957046
32505,8.0,0.0,0.125,0.5312838203463204
32506,1.0,0.0,0.0,0.9285714285714286
32510,18.0,0.16666666666666666,0.3888888888888889,0.39085875090777056
32536,4.0,0.25,0.25,0.4707341269841269
32551,2.0,0.0,0.5,0.8
32634,3.0,0.0,0.0,0.8571428571428571
32733,37.0,0.08108108108108109,0.5945945945945946,0.4940602940602941
32765,197.0,0.16751269035532995,0.4873096446700508,0.48920049681470995
32769,47.0,0.0425531914893617,0.3617021276595745,0.5319811724223488
32785,10.0,0.0,0.0,0.5831829281829282
32789,3.0,0.0,0.0,0.5185185185185185
32799,54.0,0.05555555555555555,0.2037037037037037,0.5425304052131537
32802,1.0,0.0,0.0,0.4444444444444444
32807,5.0,0.0,0.0,0.7363095238095239
32825,1.0,0.0,0.0,0.8333333333333334
32830,23.0,0.043478260869565216,0.391304347826087,0.5236701704093008
32837,21.0,0.0,0.14285714285714285,0.5559790233109559
32850,2.0,0.0,0.0,0.7571428571428571
32925,1.0,1.0,1.0,0.16666666666666666
32972,3.0,0.0,0.3333333333333333,0.6220238095238095
32976,1.0,0.0,0.0,0.7857142857142857
33012,16.0,0.0625,0.4375,0.3710842109279609
33014,2.0,0.0,0.0,0.9444444444444444
33040,8.0,0.125,0.375,0.5398809523809524
33059,114.0,0.12280701754385964,0.2982456140350877,0.5018622654191567
33071,3.0,0.0,1.0,0.47222222222222215
33072,2.0,0.0,0.0,0.9375
33084,3.0,0.0,0.3333333333333333,0.5138888888888888
33092,40.0,0.125,0.375,0.5029735195360194
33120,2.0,0.0,0.0,0.6401098901098902
33125,1.0,0.0,0.0,0.5714285714285714
33164,2.0,0.0,1.0,0.125
33186,121.0,0.09917355371900827,0.3884297520661157,0.513268569574714
33197,1.0,1.0,1.0,0.25
33228,51.0,0.0392156862745098,0.2549019607843137,0.5367087705322999
33232,47.0,0.0851063829787234,0.2978723404255319,0.5128165569654931
33273,23.0,0.043478260869565216,0.30434782608695654,0.4919304125825864
33287,1.0,0.0,1.0,0.2857142857142857
33302,1.0,0.0,0.0,0.5
33303,1.0,0.0,0.0,0.7692307692307693
33316,2.0,0.0,0.0,0.41208791208791207
33327,2.0,0.0,0.5,0.37916666666666665
33362,12.0,0.08333333333333333,0.3333333333333333,0.5764728327228327
33553,308.0,0.19480519480519481,0.577922077922078,0.40112548988672064
33570,6.0,0.16666666666666666,0.16666666666666666,0.7058302808302809
33577,31.0,0.03225806451612903,0.1935483870967742,0.575181981123507
33606,2.0,0.0,0.0,0.8516483516483516
33620,5.0,0.0,0.0,0.9777777777777779
33630,6.0,0.0,0.3333333333333333,0.4715909090909091
33638,90.0,0.1,0.34444444444444444,0.5775249949759753
33640,1.0,0.0,0.0,1.0
33642,67.0,0.07462686567164178,0.19402985074626866,0.5220707534178541
33689,260.0,0.05384615384615385,0.28076923076923077,0.514305939786709
33695,96.0,0.041666666666666664,0.46875,0.4137515117983868
33722,37.0,0.02702702702702703,0.05405405405405406,0.7305449608081187
33729,1.0,0.0,0.0,0.75
33742,7.0,0.0,0.2857142857142857,0.660374149659864
33743,37.0,0.02702702702702703,0.35135135135135137,0.46868694368694364
33756,1.0,0.0,0.0,0.8571428571428571
33764,9.0,0.2222222222222222,0.4444444444444444,0.516620108286775
33770,2.0,0.0,0.0,0.9285714285714286
33885,8.0,0.25,0.625,0.46770833333333334
33911,4.0,0.25,1.0,0.23611111111111108
33946,1.0,0.0,1.0,0.5
33957,22.0,0.22727272727272727,0.45454545454545453,0.3268179792578188
33968,8.0,0.0,0.125,0.6364690864690865
34035,77.0,0.11688311688311688,0.38961038961038963,0.3747543560759756
34102,56.0,0.07142857142857142,0.3392857142857143,0.4510618250796822
34132,1.0,0.0,0.0,0.6111111111111112
34143,47.0,0.0425531914893617,0.2553191489361702,0.48314177649551815
34145,91.0,0.04395604395604396,0.26373626373626374,0.6042499651824151
34150,4.0,0.0,0.0,0.5572916666666666
34153,29.0,0.10344827586206896,0.1724137931034483,0.5807038595604839
34154,31.0,0.03225806451612903,0.0967741935483871,0.6077215794957731
34164,2.0,0.0,0.0,0.8452380952380952
34216,89.0,0.11235955056179775,0.42696629213483145,0.42938093429666463
34225,2.0,0.0,0.5,0.4
34251,36.0,0.05555555555555555,0.5833333333333334,0.41462349379016045
34355,4.0,0.0,0.25,0.5706845238095238
34365,60.0,0.11666666666666667,0.3333333333333333,0.5569536944536945
34374,2.0,0.0,0.5,0.6875
34424,3.0,0.0,0.3333333333333333,0.5833333333333334
34429,20.0,0.0,0.15,0.6496749084249085
34439,7.0,0.2857142857142857,0.2857142857142857,0.40467687074829933
34440,15.0,0.06666666666666667,0.4,0.5743131868131868
34442,5.0,0.0,0.2,0.5297619047619048
34451,9.0,0.0,0.2222222222222222,0.4668701668701669
34459,6.0,0.16666666666666666,0.3333333333333333,0.5518518518518519
34460,4.0,0.0,0.0,0.6155024509803921
34461,12.0,0.16666666666666666,0.25,0.5134130167218403
34477,1.0,0.0,0.0,0.7222222222222222
34480,4.0,0.0,1.0,0.5904761904761905
34485,1.0,0.0,0.0,0.8125
34487,1.0,0.0,0.0,0.8461538461538461
34491,77.0,0.03896103896103896,0.37662337662337664,0.5561838535728809
34492,7.0,0.0,0.14285714285714285,0.6143707482993197
34500,33.0,0.09090909090909091,0.21212121212121213,0.5828658269834739
34505,3.0,0.0,0.3333333333333333,0.5819444444444445
34512,39.0,0.15384615384615385,0.48717948717948717,0.521153134614673
34521,56.0,0.017857142857142856,0.4107142857142857,0.4745660297918701
34523,9.0,0.0,0.1111111111111111,0.5625501042167709
34524,8.0,0.125,0.5,0.39450983044733046
34525,8.0,0.25,0.375,0.4300820707070707
34528,21.0,0.047619047619047616,0.14285714285714285,0.5981571999429143
34530,2.0,0.0,1.0,0.10714285714285714
34531,2.0,0.0,0.0,0.5
34566,2.0,0.5,0.5,0.5208333333333334
34588,7.0,0.0,0.5714285714285714,0.3702380952380952
34592,1.0,0.0,0.0,0.6666666666666666
34593,2.0,0.0,1.0,0.15
34631,3.0,0.3333333333333333,0.6666666666666666,0.16506410256410256
34649,2.0,0.0,0.5,0.65
34668,144.0,0.05555555555555555,0.16666666666666666,0.5944285378113746
34675,1.0,0.0,1.0,0.2857142857142857
34676,2.0,0.0,0.0,0.55
34677,2.0,0.0,0.0,0.8
34679,44.0,0.0,0.20454545454545456,0.7196058360831089
34719,5.0,0.0,0.0,0.7988816738816739
34724,4.0,0.0,0.0,0.7555555555555555
34755,4.0,0.0,0.0,0.6213369963369964
34768,1.0,0.0,0.0,0.5
34770,4.0,0.0,0.75,0.15625
34791,5.0,0.0,0.0,0.8061813186813186
34808,2.0,0.0,0.5,0.30833333333333335
34825,8.0,0.125,0.25,0.5077245670995671
34831,37.0,0.02702702702702703,0.21621621621621623,0.5299722918143972
34838,5.0,0.0,0.2,0.7053571428571429
34841,12.0,0.08333333333333333,0.25,0.5603098290598291
34849,24.0,0.0,0.20833333333333334,0.5962568681318682
34858,4.0,0.0,0.0,0.7361111111111112
34860,36.0,0.16666666666666666,0.5,0.3483865671365672
34864,9.0,0.0,0.4444444444444444,0.6413500080166747
34881,21.0,0.0,0.14285714285714285,0.4991258741258741
34888,74.0,0.0945945945945946,0.25675675675675674,0.6098335223335223
34903,1.0,0.0,0.0,0.75
34920,4.0,0.0,0.0,0.713095238095238
34934,3.0,0.0,0.0,0.7622895622895624
34955,1.0,0.0,0.0,0.9166666666666666
34962,23.0,0.2608695652173913,0.4782608695652174,0.47242865829822356
34983,3.0,0.0,0.6666666666666666,0.45396825396825397
35001,62.0,0.0967741935483871,0.22580645161290322,0.516934417574835
35027,6.0,0.0,0.3333333333333333,0.46558048433048443
35035,144.0,0.04861111111111111,0.19444444444444445,0.6055916305916306
35036,6.0,0.16666666666666666,0.3333333333333333,0.5251322751322752
35043,211.0,0.07582938388625593,0.23696682464454977,0.547460280635636
35082,45.0,0.08888888888888889,0.35555555555555557,0.4209758183184396
35085,2.0,0.0,0.0,0.7867132867132867
35099,10.0,0.0,0.4,0.5317016317016316
35101,7.0,0.0,0.0,0.6589285714285714
35102,1.0,0.0,0.0,1.0
35106,3.0,0.0,0.6666666666666666,0.6333333333333333
35123,1.0,0.0,0.0,0.7
35138,6.0,0.0,0.3333333333333333,0.8388888888888889
35160,1.0,0.0,0.0,0.35714285714285715
35176,2.0,0.0,0.0,0.9444444444444444
35186,1.0,0.0,0.0,1.0
35224,16.0,0.125,0.25,0.5090258699633701
35229,3.0,0.0,0.0,0.6148809523809524
35240,2.0,0.0,0.0,0.7152777777777778
35257,1.0,0.0,0.0,0.5625
35261,11.0,0.09090909090909091,0.2727272727272727,0.5634660793751703
35284,12.0,0.25,0.4166666666666667,0.552746558996559
35318,67.0,0.14925373134328357,0.4626865671641791,0.38230895274701016
35319,17.0,0.0,0.23529411764705882,0.5863074940120976
35323,3.0,0.3333333333333333,0.6666666666666666,0.39444444444444443
35329,5.0,0.2,0.6,0.27999999999999997
35335,1.0,0.0,1.0,0.0
35347,3.0,0.0,0.0,0.3958333333333333
35360,2.0,0.0,0.0,1.0
35382,62.0,0.03225806451612903,0.25806451612903225,0.5017694670920477
35399,26.0,0.038461538461538464,0.2692307692307692,0.44982135217459096
35411,73.0,0.1917808219178082,0.5068493150684932,0.4587550957413971
35414,1.0,0.0,0.0,0.5555555555555556
35476,1.0,0.0,0.0,1.0
35514,2.0,0.0,0.0,0.6777777777777778
35526,14.0,0.14285714285714285,0.2857142857142857,0.3592513928648383
35528,5.0,0.2,0.4,0.4673076923076923
35529,6.0,0.0,0.16666666666666666,0.5208333333333334
35532,31.0,0.12903225806451613,0.2903225806451613,0.568895665266633
35537,1.0,0.0,1.0,0.14285714285714285
35538,39.0,0.02564102564102564,0.20512820512820512,0.5039717049332433
35548,85.0,0.10588235294117647,0.4588235294117647,0.47973983532807074
35564,2.0,0.0,0.0,0.7
35594,2.0,0.0,0.0,0.65625
35616,2.0,0.0,0.0,0.8333333333333333
35628,10.0,0.0,0.2,0.5901984126984127
35648,1.0,0.0,0.0,1.0
35655,2.0,0.0,0.0,0.45535714285714285
35669,7.0,0.2857142857142857,0.7142857142857143,0.18957431457431456
35673,2.0,0.0,0.0,0.6727272727272727
35710,117.0,0.09401709401709402,0.3333333333333333,0.6017105994670097
35711,3.0,0.0,0.0,0.48148148148148145
35758,71.0,0.04225352112676056,0.19718309859154928,0.57888625459048
35761,5.0,0.0,0.0,0.6569444444444444
35762,2.0,0.0,0.0,0.90625
35763,10.0,0.0,0.0,0.502638888888889
35791,95.0,0.15789473684210525,0.43157894736842106,0.49986373189933564
35795,7.0,0.14285714285714285,0.2857142857142857,0.40595238095238095
35812,3.0,0.0,0.0,0.6148148148148148
35813,1.0,0.0,0.0,0.7857142857142857
35814,6.0,0.0,0.0,0.6648536648536648
35842,4.0,0.25,0.5,0.30357142857142855
35875,5.0,0.0,0.2,0.7146825396825397
35882,13.0,0.0,0.23076923076923078,0.44978739209508445
35896,16.0,0.0,0.5625,0.4635912698412698
35899,1.0,0.0,0.0,0.5
35900,5.0,0.0,0.2,0.7771978021978022
35907,1.0,0.0,0.0,1.0
35914,9.0,0.0,0.0,0.8595077761744429
35916,2.0,0.0,0.0,0.3333333333333333
35926,1.0,0.0,0.0,0.9230769230769231
35958,61.0,0.06557377049180328,0.3442622950819672,0.5256386145730407
35970,6.0,0.16666666666666666,0.16666666666666666,0.8277777777777778
35979,1.0,0.0,0.0,0.8888888888888888
36008,5.0,0.0,0.2,0.46348901098901096
36026,44.0,0.11363636363636363,0.25,0.5277918624008197
36067,9.0,0.1111111111111111,0.3333333333333333,0.6395502645502646
36129,1.0,0.0,1.0,0.23076923076923078
36141,3.0,0.0,0.0,0.45496632996632996
36174,3.0,0.3333333333333333,0.3333333333333333,0.4920634920634921
36181,1.0,0.0,0.0,1.0
36184,18.0,0.05555555555555555,0.16666666666666666,0.6221511178032917
36185,1.0,0.0,0.0,0.6153846153846154
36208,3.0,0.0,0.0,0.8974358974358975
36211,378.0,0.17195767195767195,0.47619047619047616,0.47174932835299027
36241,9.0,0.2222222222222222,0.3333333333333333,0.5734907068240401
36272,62.0,0.16129032258064516,0.2903225806451613,0.6300126844481683
36293,3.0,0.0,0.0,0.9555555555555556
36340,1.0,0.0,0.0,0.9375
36341,137.0,0.072992700729927,0.32116788321167883,0.584838652404922
36353,225.0,0.07111111111111111,0.2311111111111111,0.5238096718096718
36355,1.0,0.0,0.0,0.7
36369,21.0,0.09523809523809523,0.23809523809523808,0.5944756962614106
36394,1.0,1.0,1.0,0.125
36463,1.0,0.0,1.0,0.3333333333333333
36464,26.0,0.07692307692307693,0.19230769230769232,0.5720763211147827
36497,1.0,0.0,0.0,0.7777777777777778
36546,1.0,0.0,0.0,0.8
36549,11.0,0.09090909090909091,0.6363636363636364,0.49004329004329
36558,1.0,0.0,0.0,1.0
36570,18.0,0.1111111111111111,0.7222222222222222,0.33532994782994785
36580,11.0,0.0,0.5454545454545454,0.39864226682408505
36586,3.0,0.0,0.0,0.48888888888888893
36623,5.0,0.0,0.2,0.5095238095238096
36633,1.0,0.0,0.0,0.7
36639,4.0,0.25,0.75,0.31420454545454546
36672,60.0,0.16666666666666666,0.4,0.48899498649498657
36682,34.0,0.08823529411764706,0.5294117647058824,0.3680251313469306
36683,26.0,0.0,0.11538461538461539,0.7518910419645715
36714,4.0,0.25,0.25,0.609508547008547
36718,2.0,0.0,0.0,0.8571428571428572
36731,1.0,0.0,0.0,0.7857142857142857
36776,1.0,0.0,0.0,0.9
36780,28.0,0.07142857142857142,0.14285714285714285,0.5360136886922602
36806,200.0,0.12,0.35,0.482107669484798
36851,110.0,0.10909090909090909,0.22727272727272727,0.4862282499874278
36854,2.0,0.0,0.0,0.8875
36868,20.0,0.05,0.2,0.7404365079365078
36884,5.0,0.0,0.2,0.726984126984127
36890,4.0,0.0,0.25,0.36513486513486515
36928,33.0,0.09090909090909091,0.18181818181818182,0.5137305455487274
36939,3.0,0.0,0.3333333333333333,0.5166666666666667
36990,151.0,0.09933774834437085,0.31125827814569534,0.5058697400292648
36992,74.0,0.05405405405405406,0.20270270270270271,0.6045973435679318
37023,15.0,0.0,0.5333333333333333,0.4083164983164983
37042,2.0,0.0,0.0,0.5166666666666666
37115,3.0,0.0,0.0,0.6234848484848484
37134,5.0,0.0,0.0,0.6837662337662338
37204,2.0,0.0,0.0,0.7571428571428571
37215,1.0,0.0,0.0,0.8125
37228,7.0,0.0,0.14285714285714285,0.6341991341991342
37236,1.0,0.0,1.0,0.2857142857142857
37258,9.0,0.1111111111111111,0.3333333333333333,0.4817408444859425
37263,4.0,0.0,0.0,0.6177083333333333
37307,1.0,0.0,0.0,0.9
37411,4.0,0.0,0.25,0.5819711538461538
37428,37.0,0.08108108108108109,0.2702702702702703,0.5720751095751094
37438,1.0,0.0,0.0,1.0
37444,5.0,0.0,0.2,0.45353535353535357
37463,7.0,0.0,0.5714285714285714,0.20555555555555555
37467,6.0,0.0,0.0,0.4946144133644134
37468,5.0,0.2,0.4,0.5051068376068375
37472,3.0,0.0,0.0,0.5656565656565656
37475,15.0,0.13333333333333333,0.4,0.4635762385762386
37478,286.0,0.17132867132867133,0.42657342657342656,0.5165960344742971
37518,94.0,0.2127659574468085,0.40425531914893614,0.44656421401571583
37534,98.0,0.10204081632653061,0.4489795918367347,0.38503356054376464
37539,58.0,0.1206896551724138,0.3448275862068966,0.5216655480347163
37548,106.0,0.07547169811320754,0.20754716981132076,0.6204438381325174
37554,4.0,0.0,0.5,0.35598290598290594
37555,2.0,0.5,1.0,0.2698412698412698
37556,7.0,0.0,0.14285714285714285,0.6666208791208791
37580,5.0,0.0,0.6,0.30615384615384617
37590,1.0,0.0,0.0,0.2777777777777778
37596,4.0,0.0,0.5,0.555128205128205
37599,8.0,0.0,0.25,0.4253697691197691
37618,20.0,0.35,0.55,0.43872835497835494
37630,37.0,0.10810810810810811,0.1891891891891892,0.6049114924114923
37635,46.0,0.15217391304347827,0.3695652173913043,0.3935944990831247
37637,130.0,0.17692307692307693,0.4846153846153846,0.4579732340309264
37639,3.0,0.0,0.3333333333333333,0.5652173913043478
37651,3.0,0.0,0.0,0.9791666666666666
37652,3.0,0.0,0.6666666666666666,0.3333333333333333
37653,4.0,0.25,0.5,0.3683035714285714
37654,72.0,0.09722222222222221,0.375,0.4680670346258049
37660,3.0,0.0,0.3333333333333333,0.625
37678,40.0,0.075,0.225,0.5879518194224077
37679,1.0,0.0,0.0,0.9230769230769231
37688,4.0,0.25,0.25,0.6591880341880343
37689,21.0,0.38095238095238093,0.5714285714285714,0.34388085459514034
37698,14.0,0.0,0.14285714285714285,0.6718198468198467
37699,3.0,0.0,0.0,0.6632478632478632
37709,10.0,0.1,0.2,0.5787193362193361
37756,47.0,0.06382978723404255,0.574468085106383,0.44457876638727706
37766,3.0,0.0,0.0,0.9347222222222222
37768,1.0,0.0,0.0,0.6
37769,4.0,0.0,0.5,0.35550595238095234
37783,1.0,0.0,1.0,0.5
37808,22.0,0.045454545454545456,0.22727272727272727,0.5929145349599895
37813,126.0,0.031746031746031744,0.23809523809523808,0.5639183813903702
37819,1.0,0.0,0.0,0.7142857142857143
37848,2.0,0.0,0.0,0.7916666666666667
37851,1.0,0.0,0.0,0.5555555555555556
37924,40.0,0.125,0.3,0.4161235337589826
37929,29.0,0.10344827586206896,0.3793103448275862,0.40723729877941467
37939,64.0,0.078125,0.375,0.4276515585109335
37944,1.0,0.0,0.0,0.8125
37948,27.0,0.1111111111111111,0.25925925925925924,0.5896244539519393
37949,209.0,0.1339712918660287,0.42105263157894735,0.5087759552920574
37950,7.0,0.14285714285714285,0.14285714285714285,0.572278911564626
37951,2.0,0.5,0.5,0.3125
37956,18.0,0.05555555555555555,0.1111111111111111,0.6612720612720613
37977,1.0,0.0,0.0,0.8125
37984,89.0,0.14606741573033707,0.4606741573033708,0.47386658285534694
38010,2.0,0.0,0.0,0.8333333333333333
38035,3.0,0.0,0.0,0.8412698412698413
38040,1.0,0.0,0.0,0.6428571428571429
38052,8.0,0.0,0.125,0.6324612887112888
38054,4.0,0.0,0.75,0.1346153846153846
38062,1.0,0.0,0.0,1.0
38066,2.0,0.0,0.5,0.5
38073,367.0,0.1634877384196185,0.4713896457765668,0.4848847380670759
38076,27.0,0.037037037037037035,0.4074074074074074,0.5718534551867884
38077,192.0,0.09895833333333333,0.3177083333333333,0.4758624581707896
38083,55.0,0.05454545454545454,0.14545454545454545,0.577229613820523
38089,55.0,0.0,0.2909090909090909,0.4209976573711751
38092,33.0,0.0,0.18181818181818182,0.6845950766405312
38093,52.0,0.09615384615384616,0.4807692307692308,0.445614481672174
38096,47.0,0.0851063829787234,0.425531914893617,0.4404424181019925
38097,1.0,0.0,1.0,0.42857142857142855
38110,96.0,0.08333333333333333,0.4479166666666667,0.42142148683968533
38113,1.0,0.0,0.0,0.9444444444444444
38120,4.0,0.25,0.75,0.3318452380952381
38136,5.0,0.0,0.4,0.309090909090909
38142,2.0,1.0,1.0,0.17142857142857143
38153,3.0,0.0,0.6666666666666666,0.35185185185185186
38168,19.0,0.05263157894736842,0.10526315789473684,0.5720400213821266
38207,8.0,0.25,0.375,0.47256944444444443
38216,1.0,0.0,0.0,0.6875
38217,5.0,0.0,0.0,0.4533333333333333
38219,7.0,0.0,0.5714285714285714,0.33766233766233766
38220,96.0,0.09375,0.3854166666666667,0.4218956536102077
38228,38.0,0.07894736842105263,0.3157894736842105,0.44859619783577986
38235,50.0,0.07999999999999999,0.3,0.5491818181818181
38236,46.0,0.043478260869565216,0.2826086956521739,0.5281195857282814
38237,15.0,0.0,0.2,0.5448520705873645
38240,170.0,0.07647058823529412,0.38235294117647056,0.4353536925245175
38243,5.0,0.2,0.4,0.23777777777777773
38244,8.0,0.0,0.125,0.6298115079365079
38246,4.0,0.0,0.0,0.5454861111111111
38247,3.0,0.0,0.0,0.36607142857142855
38249,3.0,0.0,0.3333333333333333,0.4278846153846154
38255,10.0,0.1,0.5,0.4045937395937396
38263,23.0,0.08695652173913043,0.5217391304347826,0.28708027606769015
38265,5.0,0.4,0.8,0.2788247863247863
38272,23.0,0.043478260869565216,0.30434782608695654,0.3764068447891977
38274,4.0,0.0,0.5,0.3321428571428572
38276,2.0,0.0,0.5,0.3
38279,2.0,0.0,0.0,0.6383928571428572
38282,2.0,0.0,0.0,0.8776223776223776
38291,364.0,0.24725274725274726,0.5329670329670328,0.4449661118399211
38294,1.0,0.0,1.0,0.5
38301,26.0,0.038461538461538464,0.15384615384615385,0.6373917748917748
38304,183.0,0.12568306010928962,0.37158469945355194,0.5186198807470948
38305,2.0,0.0,0.5,0.44047619047619047
38311,13.0,0.23076923076923078,0.46153846153846156,0.36533765379919225
38344,72.0,0.041666666666666664,0.19444444444444442,0.6517524558368856
38347,28.0,0.07142857142857142,0.17857142857142858,0.5148244385473487
38350,179.0,0.0782122905027933,0.329608938547486,0.5793497006987416
38367,4.0,0.0,0.5,0.44886363636363635
38369,3.0,0.0,0.3333333333333333,0.36274509803921573
38376,2.0,0.0,0.5,0.5
38401,7.0,0.0,0.5714285714285714,0.29203637976929897
38402,1.0,0.0,0.0,0.2857142857142857
38405,3.0,0.0,0.0,0.7863247863247863
38406,46.0,0.0,0.21739130434782608,0.6544442875964613
38407,2.0,0.0,0.0,0.5095238095238095
38409,6.0,0.3333333333333333,0.8333333333333334,0.1891187516187516
38451,2.0,0.0,0.0,0.7857142857142857
38456,2.0,0.0,0.0,0.5089285714285714
38457,4.0,0.0,0.25,0.49269480519480524
38463,1.0,0.0,0.0,0.4444444444444444
38483,33.0,0.030303030303030304,0.18181818181818182,0.5902903073357618
38489,3.0,0.0,0.0,0.6828449328449328
38490,18.0,0.16666666666666666,0.2777777777777778,0.6135134019937941
38501,1.0,0.0,1.0,0.0
38503,6.0,0.0,0.16666666666666666,0.4993055555555556
38506,59.0,0.0847457627118644,0.3220338983050847,0.46361989345538696
38507,84.0,0.05952380952380952,0.14285714285714285,0.5666396437766599
38516,1.0,0.0,0.0,1.0
38543,449.0,0.09131403118040089,0.27839643652561247,0.5687121509399429
38551,34.0,0.0,0.11764705882352941,0.6593477268547838
38552,7.0,0.14285714285714285,0.42857142857142855,0.550097521526093
38558,1.0,0.0,0.0,0.6875
38589,3.0,0.0,0.3333333333333333,0.5364672364672365
38601,1.0,0.0,0.0,0.75
38604,17.0,0.11764705882352941,0.47058823529411764,0.43631094138060084
38616,6.0,0.0,0.16666666666666666,0.49201909201909205
38620,39.0,0.05128205128205128,0.20512820512820512,0.5621308846848657
38632,2.0,0.0,0.0,0.6458333333333333
38644,2.0,0.0,0.0,0.7222222222222222
38647,11.0,0.0,0.0,0.8956043956043956
38655,3.0,0.0,0.0,0.5595959595959595
38671,1.0,0.0,0.0,0.5714285714285714
38700,17.0,0.058823529411764705,0.35294117647058826,0.4490912553219055
38707,56.0,0.12499999999999999,0.2857142857142857,0.5141757052471339
38714,156.0,0.10256410256410256,0.391025641025641,0.5125617262052439
38723,1.0,0.0,0.0,0.5
38725,3.0,0.0,0.0,0.6304675716440422
38727,8.0,0.25,0.375,0.3801129426129426
38736,1.0,0.0,0.0,0.7333333333333333
38759,3.0,0.3333333333333333,0.6666666666666666,0.344988344988345
38806,5.0,0.0,0.2,0.4544563769563769
38881,3.0,0.3333333333333333,1.0,0.06613756613756613
38882,72.0,0.05555555555555555,0.20833333333333334,0.5681326125953318
38915,27.0,0.07407407407407407,0.2222222222222222,0.5378084486701616
38917,1.0,0.0,0.0,0.8888888888888888
38921,2.0,0.0,0.0,0.6111111111111112
38954,3.0,0.0,0.0,0.849002849002849
38966,37.0,0.05405405405405406,0.35135135135135137,0.49003599956285376
38967,1.0,0.0,0.0,0.3125
38970,3.0,0.0,0.3333333333333333,0.6085470085470085
38971,2.0,0.0,0.5,0.5694444444444444
38975,102.0,0.10784313725490197,0.27450980392156865,0.5151763541469424
38977,5.0,0.0,0.0,0.7676282051282051
38979,1.0,0.0,0.0,0.8823529411764706
38983,1.0,0.0,0.0,0.8571428571428571
38990,1.0,0.0,1.0,0.0
39011,130.0,0.038461538461538464,0.2230769230769231,0.5842977830364708
39026,3.0,0.0,0.0,0.762962962962963
39028,1.0,0.0,0.0,0.6875
39037,16.0,0.1875,0.25,0.5073946886446886
39038,31.0,0.03225806451612903,0.12903225806451613,0.5930337583563389
39039,2.0,0.0,0.0,0.6285714285714286
39042,8.0,0.0,0.25,0.3710069444444445
39043,28.0,0.03571428571428571,0.32142857142857145,0.5867449019234733
39054,1.0,0.0,0.0,0.5454545454545454
39061,7.0,0.0,0.14285714285714285,0.4972431077694236
39079,54.0,0.1111111111111111,0.2777777777777778,0.5738664113664114
39113,1.0,0.0,0.0,0.8888888888888888
39120,1.0,0.0,0.0,0.6428571428571429
39122,5.0,0.0,0.0,0.6293040293040293
39142,23.0,0.043478260869565216,0.08695652173913043,0.7418706521022211
39191,1.0,0.0,0.0,0.9090909090909091
39229,4.0,0.0,0.0,0.671875
39258,1.0,0.0,0.0,0.7272727272727273
39273,1.0,0.0,1.0,0.14285714285714285
39275,1.0,0.0,0.0,0.7142857142857143
39284,2.0,0.0,0.5,0.2857142857142857
39321,60.0,0.08333333333333333,0.4666666666666667,0.4775400987900988
39326,111.0,0.0990990990990991,0.2972972972972973,0.5802550010883345
39329,3.0,0.0,0.3333333333333333,0.2708333333333333
39330,2.0,0.0,0.0,0.625
39333,2.0,0.0,0.0,0.5944444444444444
39334,48.0,0.1875,0.625,0.4047803180615681
39339,3.0,0.0,0.3333333333333333,0.5292929292929293
39352,3.0,0.0,0.0,0.37121212121212127
39353,9.0,0.2222222222222222,0.2222222222222222,0.5807198973865639
39367,1.0,0.0,0.0,0.7142857142857143
39375,4.0,0.0,0.25,0.543154761904762
39379,3.0,0.0,0.0,0.8513888888888889
39381,178.0,0.09550561797752809,0.29213483146067415,0.5492248878215241
39384,3.0,0.0,0.0,0.6476190476190476
39387,149.0,0.0738255033557047,0.2751677852348993,0.5478886967669252
39410,4.0,0.0,0.0,0.7237293956043955
39412,5.0,0.0,0.0,0.8637878787878789
39413,342.0,0.10526315789473684,0.30116959064327486,0.5795434075289416
39427,2.0,0.5,0.5,0.3571428571428571
39429,5.0,0.0,0.4,0.5249358974358974
39430,50.0,0.07999999999999999,0.28,0.4878014485514485
39436,44.0,0.045454545454545456,0.13636363636363635,0.706284708557436
39446,7.0,0.0,0.7142857142857143,0.30248917748917753
39447,55.0,0.09090909090909091,0.2545454545454545,0.5413810179719268
39448,22.0,0.13636363636363635,0.5454545454545454,0.5021825396825397
39458,1.0,0.0,0.0,1.0
39465,1.0,0.0,0.0,0.7142857142857143
39471,1.0,1.0,1.0,0.16666666666666666
39475,137.0,0.0948905109489051,0.5328467153284672,0.43728554733277786
39482,206.0,0.1359223300970874,0.5339805825242718,0.44214587525552684
39483,185.0,0.10270270270270271,0.3837837837837838,0.5685937517516465
39487,3.0,0.0,0.3333333333333333,0.4444444444444445
39495,3.0,0.0,0.3333333333333333,0.6161616161616161
39500,5.0,0.0,0.0,0.7090382819794584
39501,62.0,0.03225806451612903,0.3709677419354839,0.5220082337017821
39505,17.0,0.11764705882352941,0.5294117647058824,0.3207304133774722
39518,2.0,0.0,0.0,0.4732142857142857
39540,176.0,0.06818181818181818,0.375,0.41762597062321766
39542,2.0,0.0,0.0,0.7666666666666666
39543,3.0,0.0,0.0,0.5393518518518519
39555,21.0,0.0,0.19047619047619047,0.54255698005698
39600,192.0,0.078125,0.3541666666666667,0.4914507656695157
39608,11.0,0.09090909090909091,0.18181818181818182,0.6014665889665889
39609,3.0,0.3333333333333333,1.0,0.2043771043771044
39613,21.0,0.0,0.2857142857142857,0.43747973937049567
39614,2.0,0.0,0.0,0.5279720279720279
39618,2.0,0.0,0.0,0.7393162393162394
39620,23.0,0.0,0.21739130434782608,0.5657816217598828
39637,1.0,0.0,0.0,0.6666666666666666
39639,65.0,0.06153846153846154,0.3076923076923077,0.5291684873698449
39643,1.0,0.0,0.0,0.6153846153846154
39644,2.0,0.0,0.5,0.6875
39653,13.0,0.0,0.15384615384615385,0.6290154112724445
39662,22.0,0.2727272727272727,0.8181818181818182,0.2585348994439904
39687,1.0,0.0,0.0,1.0
39699,1.0,0.0,0.0,0.6875
39709,1.0,0.0,0.0,0.6875
39731,46.0,0.10869565217391304,0.2391304347826087,0.5568737501374802
39741,13.0,0.07692307692307693,0.3076923076923077,0.4455738705738706
39753,1.0,0.0,1.0,0.25
39754,89.0,0.0449438202247191,0.2696629213483146,0.5314449347744126
39762,247.0,0.07692307692307693,0.16194331983805668,0.5871997211066037
39775,16.0,0.0625,0.25,0.5331676136363638
39789,2.0,0.0,0.0,0.4732142857142857
39824,3.0,0.0,0.0,0.5319444444444444
39830,64.0,0.109375,0.28125,0.4694399567446443
39840,105.0,0.06666666666666667,0.20952380952380953,0.6868066589495161
39853,104.0,0.04807692307692308,0.3173076923076923,0.5221440285142207
39855,1.0,1.0,1.0,0.16666666666666666
39866,38.0,0.13157894736842105,0.3157894736842105,0.5344019630723231
39888,8.0,0.0,0.0,0.6658482142857143
39889,10.0,0.0,0.2,0.6696428571428571
39908,3.0,0.0,0.0,0.5633116883116883
39910,3.0,0.3333333333333333,0.6666666666666666,0.1923076923076923
39919,1.0,0.0,0.0,0.875
39929,1.0,0.0,0.0,1.0
39931,52.0,0.07692307692307693,0.2692307692307693,0.5302811237907392
39933,11.0,0.09090909090909091,0.18181818181818182,0.5608293221929586
39960,1.0,0.0,1.0,0.16666666666666666
39968,15.0,0.06666666666666667,0.2,0.5941414141414142
39972,1.0,0.0,0.0,1.0
39973,1.0,0.0,0.0,1.0
39980,35.0,0.05714285714285714,0.2857142857142857,0.4462799898514184
40007,24.0,0.0,0.041666666666666664,0.5699238261738263
40029,9.0,0.0,0.3333333333333333,0.535016835016835
40030,8.0,0.25,0.5,0.4356150793650794
40033,8.0,0.0,0.125,0.5243303571428573
40050,1.0,0.0,0.0,0.9444444444444444
40059,2.0,0.0,0.5,0.25
40072,715.0,0.16083916083916086,0.4643356643356643,0.47561191851384227
40073,24.0,0.08333333333333333,0.20833333333333334,0.674250228937729
40078,3.0,0.3333333333333333,0.3333333333333333,0.6691919191919191
40084,8.0,0.0,0.625,0.43162393162393164
40085,94.0,0.2127659574468085,0.574468085106383,0.44802700254827915
40087,42.0,0.023809523809523808,0.2857142857142857,0.4677562831864026
40091,2.0,0.0,0.0,0.6666666666666666
40097,1.0,0.0,1.0,0.0
40113,14.0,0.07142857142857142,0.14285714285714285,0.5475919913419914
40115,3.0,0.0,0.3333333333333333,0.5260683760683761
40116,3.0,0.3333333333333333,0.3333333333333333,0.5333333333333333
40131,650.0,0.11846153846153847,0.38153846153846155,0.5900156832067405
40133,3.0,0.0,0.0,0.44940476190476186
40147,1.0,0.0,0.0,0.9
40148,2.0,0.0,0.0,0.6357142857142857
40154,1.0,0.0,0.0,0.35714285714285715
40161,253.0,0.11857707509881422,0.391304347826087,0.5213331002141743
40164,2.0,0.0,0.0,0.8125
40171,30.0,0.13333333333333333,0.23333333333333334,0.6308151108151108
40172,8.0,0.125,0.125,0.5907738095238094
40173,4.0,0.0,0.0,0.8145604395604396
40176,1.0,0.0,0.0,1.0
40192,2.0,0.0,0.5,0.45
40198,6.0,0.0,0.3333333333333333,0.5753968253968255
40217,9.0,0.1111111111111111,0.4444444444444444,0.5356701940035273
40231,4.0,0.0,0.5,0.3869047619047619
40236,1.0,0.0,0.0,1.0
40239,19.0,0.05263157894736842,0.21052631578947367,0.6065694539378749
40244,215.0,0.19534883720930232,0.5348837209302325,0.3494622409054694
40263,16.0,0.0625,0.1875,0.5249349608724608
40266,1.0,0.0,0.0,0.7777777777777778
40278,69.0,0.08695652173913043,0.2463768115942029,0.4936536229408755
40288,16.0,0.0625,0.1875,0.4509977002164503
40306,1.0,0.0,0.0,0.75
40310,1.0,0.0,0.0,0.5
40311,5.0,0.0,0.2,0.5180555555555555
40315,65.0,0.13846153846153847,0.5692307692307692,0.43409603091729787
40316,51.0,0.0196078431372549,0.43137254901960786,0.46160130718954245
40320,74.0,0.08108108108108109,0.28378378378378377,0.49915080375606685
40328,12.0,0.16666666666666666,0.3333333333333333,0.5319245569245569
40329,1.0,0.0,1.0,0.0
40331,1.0,0.0,0.0,1.0
40336,6.0,0.0,0.16666666666666666,0.6069604007104007
40346,297.0,0.13804713804713806,0.39057239057239057,0.5716927776393693
40353,82.0,0.07317073170731707,0.35365853658536583,0.477628103802781
40363,1.0,0.0,0.0,0.35714285714285715
40373,1.0,0.0,0.0,0.8461538461538461
40374,4.0,0.0,0.75,0.2619047619047619
40375,33.0,0.030303030303030304,0.06060606060606061,0.7419085112877254
40376,2.0,0.0,0.0,0.9
40382,1.0,0.0,1.0,0.5
40415,93.0,0.0967741935483871,0.3118279569892473,0.6028787046813612
40416,2.0,0.0,0.5,0.375
40430,5.0,0.0,0.0,0.7878282828282828
40434,1.0,0.0,0.0,1.0
40438,12.0,0.08333333333333333,0.25,0.5028362840862841
40439,1.0,0.0,0.0,0.9285714285714286
40445,28.0,0.07142857142857142,0.32142857142857145,0.4511383778453106
40458,3.0,0.0,0.0,0.8028846153846154
40467,8.0,0.0,0.25,0.33159722222222215
40473,1.0,0.0,0.0,0.7
40485,44.0,0.06818181818181818,0.2727272727272727,0.5451927540226008
40500,3.0,0.0,0.3333333333333333,0.6666666666666666
40501,37.0,0.05405405405405406,0.1891891891891892,0.5697999822999823
40512,3.0,0.0,0.3333333333333333,0.46296296296296297
40513,28.0,0.0,0.17857142857142858,0.5333167328703042
40523,7.0,0.0,0.42857142857142855,0.4820191713048856
40560,11.0,0.09090909090909091,0.45454545454545453,0.5159468057195329
40576,105.0,0.1619047619047619,0.4095238095238095,0.4802213659356516
40582,15.0,0.0,0.13333333333333333,0.6106024531024532
40585,2.0,0.0,0.5,0.5625
40589,61.0,0.11475409836065574,0.26229508196721313,0.612537318033943
40620,51.0,0.09803921568627451,0.2549019607843137,0.5829545470548931
40621,64.0,0.078125,0.3125,0.5378405448717948
40643,2.0,0.0,0.0,0.7467532467532467
40646,10.0,0.0,0.4,0.4377256077256077
40659,3.0,0.0,0.0,0.6994047619047619
40660,3.0,0.3333333333333333,0.3333333333333333,0.45367647058823524
40697,1.0,0.0,1.0,0.2857142857142857
40709,2.0,0.0,0.0,0.9642857142857143
40728,1.0,0.0,0.0,0.4375
40731,280.0,0.1,0.2785714285714285,0.48600522493379633
40735,23.0,0.0,0.043478260869565216,0.8656734569778048
40736,23.0,0.13043478260869565,0.30434782608695654,0.5594850801372541
40743,7.0,0.0,0.14285714285714285,0.5398648970077542
40747,106.0,0.04716981132075472,0.24528301886792453,0.5076053000079064
40774,1.0,0.0,1.0,0.0
40794,9.0,0.1111111111111111,0.3333333333333333,0.4016694725028058
40811,1.0,0.0,0.0,0.8
40816,2.0,0.0,0.5,0.375
40835,5.0,0.0,0.4,0.41410256410256413
40859,8.0,0.0,0.625,0.4318181818181818
40874,2.0,0.0,0.5,0.5230769230769231
40877,1.0,0.0,0.0,0.6470588235294118
40885,10.0,0.0,0.2,0.6490196078431373
40888,1.0,0.0,0.0,0.6
40895,36.0,0.1388888888888889,0.3888888888888889,0.6240662886496221
40913,1.0,0.0,0.0,1.0
40927,2.0,0.0,0.0,0.6215277777777778
40965,226.0,0.09734513274336283,0.39823008849557523,0.5406847044044296
40976,1.0,0.0,0.0,0.2222222222222222
40977,3.0,0.0,0.0,0.5182692307692308
41024,171.0,0.16374269005847952,0.4502923976608187,0.47922254267283504
41053,4.0,0.5,1.0,0.24107142857142855
41072,2.0,0.0,0.0,0.9230769230769231
41073,1.0,0.0,0.0,0.75
41091,38.0,0.18421052631578946,0.39473684210526316,0.4391278312330944
41095,217.0,0.1152073732718894,0.31336405529953915,0.583426191022209
41114,2.0,0.0,1.0,0.16666666666666666
41115,12.0,0.25,0.4166666666666667,0.3628383190883191
41116,47.0,0.0425531914893617,0.276595744680851,0.4711376861360393
41117,135.0,0.05925925925925926,0.24444444444444444,0.5666213077650986
41137,4.0,0.0,0.5,0.6041666666666666
41180,1.0,0.0,1.0,0.5
41184,1.0,0.0,1.0,0.25
41207,94.0,0.07446808510638298,0.26595744680851063,0.6112708710972988
41216,4.0,0.0,0.75,0.18443223443223444
41217,1.0,0.0,0.0,0.6428571428571429
41218,69.0,0.057971014492753624,0.15942028985507245,0.6500294793773055
41219,20.0,0.0,0.2,0.4703388000888
41234,2.0,1.0,1.0,0.26666666666666666
41259,14.0,0.0,0.2857142857142857,0.5385428063999492
41262,63.0,0.07936507936507936,0.4126984126984127,0.5829809960762343
41270,1.0,0.0,0.0,0.2857142857142857
41271,1.0,0.0,0.0,0.5294117647058824
41273,136.0,0.04411764705882353,0.19117647058823528,0.5618988104920198
41280,1.0,0.0,0.0,0.6111111111111112
41281,1.0,0.0,0.0,0.3125
41293,1.0,0.0,1.0,0.1875
41294,2.0,0.0,0.0,0.5
41295,4.0,0.5,0.75,0.25763888888888886
41297,1.0,1.0,1.0,0.07142857142857142
41298,1.0,0.0,0.0,0.7857142857142857
41308,1.0,0.0,1.0,0.3
41318,2.0,0.0,0.5,0.5946969696969697
41322,2.0,0.0,0.0,0.707516339869281
41324,3.0,0.0,0.0,0.507070707070707
41345,8.0,0.0,0.625,0.4666666666666667
41350,9.0,0.0,0.3333333333333333,0.6303591470258136
41353,1.0,0.0,1.0,0.6
41367,14.0,0.07142857142857142,0.21428571428571427,0.5308402906617192
41368,3.0,0.0,0.0,0.7218137254901961
41370,39.0,0.10256410256410256,0.23076923076923078,0.5859080378311149
41373,2.0,0.0,0.0,0.8571428571428572
41384,277.0,0.1371841155234657,0.5054151624548736,0.42407668607783
41396,397.0,0.10831234256926953,0.4005037783375315,0.5319159804373988
41404,1.0,0.0,1.0,0.42857142857142855
41407,2.0,0.0,1.0,0.21428571428571427
41408,2.0,0.0,1.0,0.42857142857142855
41410,20.0,0.05,0.3,0.5187895437895438
41414,2.0,0.0,0.0,0.9615384615384616
41419,5.0,0.0,0.4,0.36349206349206353
41424,8.0,0.0,0.25,0.6350715256965257
41438,2.0,0.0,0.0,0.5491071428571428
41439,3.0,0.0,0.3333333333333333,0.5268065268065268
41456,3.0,0.0,0.3333333333333333,0.4973544973544974
41460,2.0,0.0,1.0,0.0
41468,33.0,0.06060606060606061,0.15151515151515152,0.567554553263813
41473,13.0,0.0,0.5384615384615384,0.3903846153846154
41495,44.0,0.13636363636363635,0.34090909090909094,0.4098881848442079
41500,3.0,0.0,0.6666666666666666,0.19999999999999998
41503,1.0,0.0,0.0,0.8571428571428571
41519,4.0,0.0,0.0,0.7616071428571428
41528,1.0,0.0,0.0,0.8
41537,1.0,0.0,0.0,0.9166666666666666
41538,16.0,0.0625,0.25,0.49580289502164504
41541,35.0,0.22857142857142856,0.42857142857142855,0.41140460603010837
41549,1.0,0.0,0.0,0.7142857142857143
41554,31.0,0.0967741935483871,0.3548387096774194,0.4518502107211784
41555,3.0,0.0,0.0,0.7748015873015873
41563,4.0,0.0,0.25,0.6964285714285714
41569,3.0,0.0,0.0,0.7083333333333334
41570,1.0,0.0,0.0,0.8571428571428571
41577,1.0,0.0,0.0,0.7857142857142857
41583,19.0,0.10526315789473684,0.3684210526315789,0.48659928912902667
41596,3.0,0.0,0.3333333333333333,0.48888888888888893
41607,47.0,0.06382978723404255,0.14893617021276595,0.597495195320602
41633,92.0,0.14130434782608695,0.40217391304347827,0.5060981102940821
41662,3.0,0.0,0.0,0.7777777777777778
41666,14.0,0.07142857142857142,0.35714285714285715,0.37783985389027414
41675,1.0,0.0,0.0,0.5555555555555556
41677,1.0,0.0,0.0,0.7142857142857143
41679,1.0,0.0,0.0,0.6875
41690,6.0,0.0,0.16666666666666666,0.6115319865319865
41693,48.0,0.10416666666666667,0.22916666666666666,0.46806078759203756
41724,1.0,0.0,0.0,0.75
41744,2.0,0.0,0.5,0.4
41758,24.0,0.0,0.08333333333333333,0.7743212805712805
41759,3.0,0.0,0.0,0.8523809523809524
41761,248.0,0.08870967741935484,0.21774193548387097,0.5244091929575802
41763,1.0,0.0,0.0,1.0
41774,2.0,0.0,0.0,0.675
41784,6.0,0.3333333333333333,0.8333333333333334,0.23765540015540018
41787,88.0,0.056818181818181816,0.2727272727272727,0.47776746723270774
41800,1.0,0.0,0.0,0.5555555555555556
41805,131.0,0.09923664122137404,0.3511450381679389,0.49697802696231075
41822,90.0,0.12222222222222222,0.43333333333333335,0.45118964368964365
41824,1.0,0.0,0.0,0.6
41827,2.0,0.0,0.0,0.35317460317460314
41832,1.0,0.0,1.0,0.2
41835,1.0,0.0,1.0,0.0
41836,109.0,0.07339449541284404,0.23853211009174313,0.6308194863240733
41842,7.0,0.14285714285714285,0.42857142857142855,0.673469387755102
41850,7.0,0.14285714285714285,0.42857142857142855,0.40251831501831503
41854,1.0,0.0,0.0,1.0
41898,41.0,0.024390243902439025,0.07317073170731707,0.6908005074927961
41903,2.0,0.5,1.0,0.12006578947368421
41928,93.0,0.22580645161290322,0.5268817204301075,0.41831767396283526
41947,1.0,0.0,0.0,0.8125
41950,30.0,0.06666666666666667,0.16666666666666666,0.5353637566137567
41963,19.0,0.10526315789473684,0.3684210526315789,0.44048489734696344
41983,120.0,0.05,0.275,0.6216460730961504
41984,9.0,0.2222222222222222,0.3333333333333333,0.5185185185185186
41999,14.0,0.0,0.14285714285714285,0.48482578004504623
42002,8.0,0.25,0.375,0.4321442446442446
42007,2.0,0.0,0.0,0.4666666666666667
42008,14.0,0.0,0.35714285714285715,0.5356985101733002
42010,1.0,0.0,0.0,0.8461538461538461
42019,3.0,0.3333333333333333,0.3333333333333333,0.4969696969696969
42023,70.0,0.1571428571428571,0.6571428571428571,0.3623381054053322
42025,1.0,0.0,1.0,0.1875
42026,90.0,0.1111111111111111,0.32222222222222224,0.5903706115961017
42027,1.0,0.0,0.0,1.0
42047,13.0,0.15384615384615385,0.46153846153846156,0.45670440670440665
42048,1.0,0.0,1.0,0.0
42056,3.0,0.0,0.3333333333333333,0.5833333333333334
42075,1.0,0.0,0.0,0.7058823529411765
42089,5.0,0.2,0.2,0.6576623376623376
42090,8.0,0.0,0.125,0.6146520146520147
42091,7.0,0.0,0.14285714285714285,0.6368589743589744
42092,2.0,0.0,0.5,0.5194805194805194
42110,17.0,0.11764705882352941,0.5882352941176471,0.31573720397249805
42111,6.0,0.0,0.16666666666666666,0.5848063973063974
42113,2.0,0.5,1.0,0.03571428571428571
42121,23.0,0.043478260869565216,0.21739130434782608,0.5236763236763238
42134,96.0,0.15625,0.375,0.5436115047811153
42136,16.0,0.0,0.4375,0.3972255854632982
42138,2.0,1.0,1.0,0.19642857142857142
42139,5.0,0.0,0.2,0.5537529137529137
42156,1.0,0.0,0.0,0.8666666666666667
42160,88.0,0.15909090909090912,0.5454545454545454,0.3532117819049638
42166,2.0,0.0,0.0,0.5590277777777778
42182,2.0,0.0,0.5,0.16666666666666666
42184,2.0,0.0,1.0,0.0
42191,8.0,0.0,0.375,0.6017794705294706
42196,12.0,0.16666666666666666,0.25,0.5390701890701891
42200,67.0,0.14925373134328357,0.373134328358209,0.4468977746962821
42228,127.0,0.14173228346456693,0.36220472440944884,0.5217155277947312
42241,1.0,0.0,0.0,0.7142857142857143
42247,1.0,0.0,0.0,0.9
42248,2.0,0.0,0.5,0.40476190476190477
42259,1.0,0.0,1.0,0.21428571428571427
42262,39.0,0.1282051282051282,0.358974358974359,0.5328016001092926
42265,3.0,0.0,1.0,0.17857142857142858
42266,1.0,0.0,1.0,0.2222222222222222
42272,10.0,0.3,0.5,0.4779050116550117
42290,1.0,0.0,0.0,1.0
42292,1.0,0.0,0.0,0.9230769230769231
42295,84.0,0.08333333333333333,0.3452380952380952,0.5336320347874969
42301,1.0,0.0,0.0,0.375
42302,10.0,0.0,0.5,0.3736355311355311
42305,1.0,0.0,1.0,0.0
42306,8.0,0.0,0.375,0.5861426767676767
42312,7.0,0.0,0.14285714285714285,0.3572802197802198
42316,1.0,0.0,1.0,0.0
42318,10.0,0.3,0.4,0.5803571428571429
42337,3.0,0.0,0.0,0.6559912854030501
42339,45.0,0.13333333333333333,0.3111111111111111,0.4332307743249772
42340,166.0,0.1144578313253012,0.5301204819277108,0.4777854857364071
42349,2.0,0.0,0.5,0.3333333333333333
42355,3.0,0.0,0.6666666666666666,0.24074074074074073
42356,3.0,0.0,0.0,0.7389277389277389
42357,2.0,0.0,0.0,0.5772727272727273
42376,1.0,0.0,1.0,0.3333333333333333
42377,1.0,0.0,0.0,0.5
42378,67.0,0.08955223880597014,0.3283582089552239,0.5938577542835664
42380,43.0,0.06976744186046512,0.3023255813953488,0.5197025902980256
42406,12.0,0.0,0.08333333333333333,0.8262921922848395
42407,44.0,0.045454545454545456,0.2727272727272727,0.5499207473305066
42409,34.0,0.20588235294117646,0.47058823529411764,0.5119344707580002
42412,3.0,0.3333333333333333,1.0,0.14825174825174825
42415,1.0,0.0,0.0,0.9230769230769231
42416,1.0,0.0,1.0,0.3333333333333333
42422,3.0,0.0,0.3333333333333333,0.4296296296296296
42423,12.0,0.08333333333333333,0.3333333333333333,0.41186278998779
42433,19.0,0.0,0.15789473684210525,0.6451222369504919
42435,25.0,0.12,0.32,0.5513781773781773
42459,130.0,0.1076923076923077,0.3076923076923077,0.5922575316840022
42476,3.0,0.0,0.0,0.8111111111111112
42488,28.0,0.10714285714285714,0.21428571428571427,0.542105364873222
42490,267.0,0.08614232209737828,0.4756554307116105,0.4513566786203931
42495,51.0,0.11764705882352941,0.29411764705882354,0.5484550868201388
42502,37.0,0.21621621621621623,0.4594594594594595,0.5099830270882904
42510,1.0,0.0,1.0,0.42857142857142855
42515,23.0,0.2608695652173913,0.5652173913043478,0.39928465254552215
42516,3.0,0.0,0.3333333333333333,0.49907407407407406
42520,1.0,0.0,1.0,0.125
42531,1.0,0.0,0.0,0.25
42540,8.0,0.0,0.25,0.479237521057374
42542,1.0,0.0,0.0,0.8
42543,1.0,1.0,1.0,0.1111111111111111
42544,5.0,0.0,0.2,0.6342712842712843
42547,4.0,0.0,0.5,0.34659090909090906
42561,3.0,0.0,0.0,0.6666666666666666
42563,7.0,0.14285714285714285,0.14285714285714285,0.6460984393757503
42565,1.0,0.0,0.0,0.7
42573,1.0,0.0,1.0,0.0
42575,4.0,0.0,0.5,0.3841346153846154
42579,3.0,0.0,0.0,0.5212789661319074
42593,2.0,0.0,0.0,0.9285714285714286
42599,9.0,0.1111111111111111,0.3333333333333333,0.3875559625559626
42608,1.0,0.0,1.0,0.25
42617,154.0,0.14285714285714288,0.5519480519480521,0.4816030290056264
42620,1.0,0.0,0.0,0.6666666666666666
42621,1.0,0.0,0.0,0.7777777777777778
42626,1.0,0.0,0.0,0.4
42639,194.0,0.10309278350515463,0.31958762886597936,0.5850037302446258
42643,2.0,0.0,0.0,0.7142857142857143
42648,1.0,0.0,0.0,0.75
42651,11.0,0.09090909090909091,0.2727272727272727,0.43464868464868456
42658,5.0,0.0,0.0,0.7805194805194805
42659,1.0,0.0,1.0,0.1875
42671,55.0,0.10909090909090909,0.34545454545454546,0.5020623010434437
42675,1.0,0.0,0.0,0.6923076923076923
42681,16.0,0.0,0.25,0.6037382501077354
42683,3.0,0.0,0.3333333333333333,0.6444444444444445
42690,1.0,0.0,0.0,0.46153846153846156
42699,2.0,0.5,1.0,0.2125
42700,1.0,0.0,0.0,0.9090909090909091
42702,1.0,0.0,1.0,0.23076923076923078
42710,1.0,0.0,0.0,1.0
42717,19.0,0.05263157894736842,0.3684210526315789,0.4742324926535453
42718,36.0,0.0,0.4722222222222222,0.3932508585469112
42720,2.0,0.0,0.0,0.6294642857142857
42721,2.0,0.0,0.5,0.6111111111111112
42726,113.0,0.07964601769911504,0.20353982300884957,0.6207642866128029
42739,29.0,0.06896551724137931,0.27586206896551724,0.4630852863611484
42742,64.0,0.125,0.328125,0.5390904234654235
42753,1.0,0.0,0.0,0.6666666666666666
42760,6.0,0.0,0.3333333333333333,0.4922318422318422
42761,1.0,0.0,0.0,0.8888888888888888
42764,1.0,0.0,0.0,0.7142857142857143
42775,6.0,0.16666666666666666,0.16666666666666666,0.6043512043512044
42779,3.0,0.0,0.0,0.8046296296296296
42784,1.0,0.0,0.0,0.6875
42786,3.0,0.0,0.0,0.7675070028011204
42791,3.0,0.0,0.0,0.5384615384615384
42794,46.0,0.021739130434782608,0.30434782608695654,0.5107214041996652
42797,1.0,0.0,0.0,0.5714285714285714
42809,5.0,0.0,0.4,0.41428571428571426
42819,1.0,0.0,0.0,0.5555555555555556
42859,1.0,0.0,0.0,0.8571428571428571
42864,1.0,0.0,0.0,0.6
42865,30.0,0.1,0.3,0.5452947904921589
42867,25.0,0.2,0.48,0.45499589299589305
42872,1.0,0.0,0.0,1.0
42879,1.0,0.0,0.0,0.5
42881,1.0,0.0,0.0,0.9285714285714286
42890,8.0,0.0,0.0,0.7587301587301587
42896,2.0,0.0,0.0,0.7857142857142857
42913,1.0,0.0,0.0,0.5714285714285714
42914,17.0,0.11764705882352941,0.35294117647058826,0.4528920425979249
42920,2.0,0.0,1.0,0.375
42921,163.0,0.11042944785276074,0.3312883435582822,0.560470187617427
42924,2.0,0.0,0.5,0.4583333333333333
42927,3.0,0.0,0.6666666666666666,0.48809523809523814
42931,1.0,0.0,0.0,0.8333333333333334
42933,1.0,0.0,1.0,0.0
42934,1.0,0.0,1.0,0.0
42945,1.0,0.0,0.0,0.25
42956,1.0,0.0,0.0,0.875
42967,2.0,0.0,0.5,0.42857142857142855
42969,4.0,0.25,0.25,0.5270337301587302
42971,2.0,0.0,0.0,0.6875
42975,2.0,1.0,1.0,0.18055555555555555
42976,2.0,0.0,0.5,0.4732142857142857
42987,3.0,0.3333333333333333,0.6666666666666666,0.2779761904761905
42988,37.0,0.02702702702702703,0.08108108108108109,0.535712900418783
42991,1.0,1.0,1.0,0.0625
42992,1.0,0.0,0.0,1.0
42996,621.0,0.09822866344605476,0.3268921095008051,0.5444365660956663
43002,1.0,0.0,0.0,1.0
43005,1.0,0.0,0.0,0.2857142857142857
43006,1.0,0.0,0.0,0.8571428571428571
43013,6.0,0.16666666666666666,0.3333333333333333,0.5026455026455027
43030,1.0,0.0,0.0,0.8888888888888888
43035,42.0,0.07142857142857142,0.2857142857142857,0.5278384314098601
43037,2.0,0.0,0.0,0.3173076923076923
43039,2.0,0.0,0.0,0.7698863636363636
43042,1.0,0.0,0.0,0.8333333333333334
43049,1.0,0.0,1.0,0.0
43062,6.0,0.5,0.6666666666666666,0.4126984126984126
43063,2.0,0.0,1.0,0.5
43065,8.0,0.0,0.125,0.5244498556998557
43077,1.0,0.0,0.0,0.9444444444444444
43079,1.0,0.0,0.0,1.0
43080,1.0,0.0,1.0,0.0
43085,5.0,0.0,0.4,0.4844444444444444
43094,1.0,0.0,0.0,0.36363636363636365
43101,1.0,0.0,0.0,0.7
43121,1.0,0.0,0.0,0.9166666666666666
43134,1.0,0.0,0.0,0.5555555555555556
43141,1.0,0.0,0.0,0.9285714285714286
43142,1.0,0.0,0.0,0.7142857142857143
43143,1.0,0.0,0.0,1.0
43147,18.0,0.2222222222222222,0.3888888888888889,0.4685835769169102
43148,12.0,0.0,0.16666666666666666,0.4630774318274318
43154,2.0,0.0,0.0,0.9166666666666667
43166,1.0,0.0,0.0,1.0
43172,6.0,0.3333333333333333,0.3333333333333333,0.43257113257113256
43173,117.0,0.1111111111111111,0.39316239316239315,0.5030427563610067
43174,47.0,0.1276595744680851,0.46808510638297873,0.46600424328834844
43187,17.0,0.0,0.17647058823529413,0.44586100098529524
43193,3.0,0.3333333333333333,0.3333333333333333,0.5333710407239819
43194,9.0,0.2222222222222222,0.6666666666666666,0.4077881994548661
43209,9.0,0.1111111111111111,0.2222222222222222,0.45221984805318133
43215,1.0,0.0,1.0,0.0
43218,59.0,0.03389830508474576,0.2711864406779661,0.604103450830769
43228,3.0,0.0,0.0,0.9444444444444445
43246,31.0,0.16129032258064516,0.3870967741935484,0.48621906767068046
43248,1.0,0.0,0.0,0.8333333333333334
43259,1.0,0.0,0.0,0.875
43260,103.0,0.1941747572815534,0.5242718446601943,0.4956700931215494
43261,1.0,0.0,0.0,1.0
43266,1.0,0.0,0.0,0.7142857142857143
43267,1.0,0.0,0.0,1.0
43286,1.0,0.0,1.0,0.13333333333333333
43291,11.0,0.0,0.18181818181818182,0.6991806173624355
43307,47.0,0.1276595744680851,0.40425531914893614,0.5330021338000059
43318,1.0,0.0,0.0,0.38461538461538464
43326,1.0,0.0,0.0,0.3125
43327,1.0,0.0,0.0,0.7142857142857143
43329,1.0,0.0,0.0,0.5
43330,1.0,0.0,1.0,0.375
43331,1.0,0.0,0.0,0.875
43332,1.0,0.0,0.0,1.0
43333,1.0,0.0,0.0,0.625
43352,1.0,0.0,0.0,0.4166666666666667
43360,6.0,0.0,0.16666666666666666,0.5766236078736079
43361,1.0,0.0,1.0,0.15384615384615385
43364,1.0,0.0,0.0,0.5
43367,1.0,0.0,0.0,0.2857142857142857
43373,1.0,0.0,0.0,0.6428571428571429
43374,1.0,0.0,1.0,0.4
43379,3.0,0.0,0.3333333333333333,0.6428571428571429
43398,1.0,0.0,0.0,0.6666666666666666
43404,1.0,0.0,0.0,0.875
43407,2.0,0.5,1.0,0.4642857142857143
43411,1.0,0.0,0.0,1.0
43413,4.0,0.0,0.5,0.48547979797979796
43423,1.0,0.0,0.0,0.9166666666666666
43437,1.0,0.0,1.0,0.375
43439,1.0,0.0,0.0,0.625
43440,1.0,0.0,0.0,0.5
43441,1.0,0.0,0.0,0.4444444444444444
43443,1.0,0.0,0.0,0.7777777777777778
43444,1.0,1.0,1.0,0.1111111111111111
43461,1.0,0.0,1.0,0.5
43462,1.0,1.0,1.0,0.16666666666666666
43465,1.0,0.0,0.0,0.4444444444444444
43476,6.0,0.16666666666666666,0.5,0.5232142857142857
43483,1.0,0.0,0.0,0.8571428571428571
43487,1.0,0.0,0.0,0.9375
654265,13.0,0.0,0.3076923076923077,0.5087360289283367
